seed,training_seed,scenario_seed,episode,timestamp,method,hub_id,hub_index,hub,period,price,arrivals,outside_share,wait_min,wait_excess_min,requested_energy_kwh,served_energy_kwh,unmet_energy_kwh,pv_used_kwh,pv_to_ev_kwh,battery_charge_kwh,battery_discharge_kwh,soc,grid_import_kwh,grid_limit_kwh,grid_utilization,grid_price_gbp_per_kwh,revenue_gbp,energy_cost_gbp,operating_cost_gbp,profit_gbp,access_mean_min,route_mean_min,detour_mean_min,outside_cost_estimate,outside_nll,reward,welfare,energy_balance_error_kwh,outside_cost_error_for_evaluation_only,requested_energy,served_energy,unmet_energy,pv_used,pv_to_ev,battery_charge,battery_discharge,grid_import,grid_limit,grid_limit_utilization,grid_price,revenue,energy_cost,operating_cost,profit,energy_balance,wait_violation,unmet,realized_demand,weighted_hub_profit_welfare,historical_equivalent_vehicles,pending_vehicles,admission_ratio,admission_pressure,admitted_vehicles,queued_energy_start_kwh,pending_energy_kwh,admitted_energy_kwh,queued_energy_next_kwh,queue_vehicle_conservation_error,queue_energy_conservation_error_kwh,admitted_full_service_ratio,pending_full_service_ratio,training_update,episode_index
,5,,1,2024-09-20T16:00:00,ippo,H01,0,0,0,0.6688939332962036,0.18912984468546418,0.01351409269569681,0.0,0.0,4.728246117136603,4.728246117136603,0.0,44.0,4.728246117136603,84.21052631578947,0.0,0.95,44.93877243292607,250.0,0.1797550897317043,0.16,3.162695142884005,7.410203589268171,0.2836947670281963,-4.531203213412363,9.924273559716916,9.924273559716916,1.5839616000802184,13.5,0.10446560552427016,-4.810389327618505,14.583419344345263,0.0,-3.0,4.728246117136603,4.728246117136603,0.0,44.0,4.728246117136603,84.21052631578947,0.0,44.93877243292607,250.0,0.1797550897317043,0.16,3.162695142884005,7.410203589268171,0.2836947670281963,-4.531203213412363,0.0,0.0,0.0,0.18912984468546418,14.583419344345263,0.0,0.18912984468546418,1.0,0.023641230585683022,0.18912984468546418,0.0,4.728246117136603,4.728246117136603,0.0,0.0,0.0,1.0,1.0,0,1
,5,,1,2024-09-20T16:00:00,ippo,H02,1,1,0,0.6479294300079346,0.256565205041336,0.01351409269569681,0.0,0.0,6.4141301260334,6.4141301260334,0.0,33.0,6.4141301260334,94.73684210526316,0.0,0.95,68.15097223129656,250.0,0.2726038889251863,0.16,4.155903676557542,11.06915555700745,0.384847807562004,-7.298099688011912,9.899003245821792,9.899003245821792,1.4218362749469042,13.5,0.10446560552427016,-4.810389327618505,14.583419344345263,0.0,-3.0,6.4141301260334,6.4141301260334,0.0,33.0,6.4141301260334,94.73684210526316,0.0,68.15097223129656,250.0,0.2726038889251863,0.16,4.155903676557542,11.06915555700745,0.384847807562004,-7.298099688011912,0.0,0.0,0.0,0.256565205041336,14.583419344345263,0.0,0.256565205041336,1.0,0.032070650630167,0.256565205041336,0.0,6.4141301260334,6.4141301260334,0.0,0.0,0.0,1.0,1.0,0,1
,5,,1,2024-09-20T16:00:00,ippo,H03,2,2,0,0.5990039706230164,0.47204366082356697,0.01351409269569681,0.0,0.0,11.801091520589175,11.801091520589175,0.0,33.0,0.0,110.5263157894737,0.0,0.95,89.32740731006288,350.0,0.2552211637430368,0.16,7.068900678518525,14.45738516961006,0.7080654912353505,-8.096549982326884,10.551847793095575,10.551847793095575,1.9035595595659547,13.5,0.10446560552427016,-4.810389327618505,14.583419344345263,1.4210854715202004e-14,-3.0,11.801091520589175,11.801091520589175,0.0,33.0,0.0,110.5263157894737,0.0,89.32740731006288,350.0,0.2552211637430368,0.16,7.068900678518525,14.45738516961006,0.7080654912353505,-8.096549982326884,1.4210854715202004e-14,0.0,0.0,0.47204366082356697,14.583419344345263,0.0,0.47204366082356697,1.0,0.039336971735297245,0.47204366082356697,0.0,11.801091520589175,11.801091520589175,0.0,0.0,0.0,1.0,1.0,0,1
,5,,1,2024-09-20T16:00:00,ippo,H04,3,3,0,0.25829023122787476,30.298553378949673,0.01351409269569681,167.23915034212254,152.23915034212254,757.4638344737418,200.0,0.0,44.0,44.0,78.94736842105263,0.0,0.95,234.94736842105263,250.0,0.9397894736842105,0.16,51.65804624557495,37.81157894736842,12.0,1.8464672982065338,13.56010575650367,13.56010575650367,4.6303923442794295,13.5,0.10446560552427016,-4.810389327618505,14.583419344345263,0.0,-3.0,757.4638344737418,200.0,0.0,44.0,44.0,78.94736842105263,0.0,234.94736842105263,250.0,0.9397894736842105,0.16,51.65804624557495,37.81157894736842,12.0,1.8464672982065338,0.0,2.537319172368709,0.0,30.298553378949673,14.583419344345263,0.0,30.298553378949673,0.26403900872568087,3.787319172368709,8.0,0.0,757.4638344737418,200.0,557.4638344737418,0.0,0.0,1.0,0.26403900872568087,0,1
,5,,1,2024-09-20T16:00:00,ippo,H05,4,4,0,0.7210895419120789,0.03392909802421793,0.01351409269569681,0.0,0.0,0.8482274506054484,0.8482274506054484,0.0,82.5,0.0,131.57894736842104,0.0,0.95,49.927174819026504,500.0,0.09985434963805301,0.16,0.6116479437943333,8.400847971044241,0.0508936470363269,-7.840093674286235,15.91605478400793,15.91605478400793,6.846212737878246,13.5,0.10446560552427016,-4.810389327618505,14.583419344345263,1.4210854715202004e-14,-3.0,0.8482274506054484,0.8482274506054484,0.0,82.5,0.0,131.57894736842104,0.0,49.927174819026504,500.0,0.09985434963805301,0.16,0.6116479437943333,8.400847971044241,0.0508936470363269,-7.840093674286235,1.4210854715202004e-14,0.0,0.0,0.03392909802421793,14.583419344345263,0.0,0.03392909802421793,1.0,0.0021205686265136207,0.03392909802421793,0.0,0.8482274506054484,0.8482274506054484,0.0,0.0,0.0,1.0,1.0,0,1
,5,,1,2024-09-20T16:00:00,ippo,H06,5,5,0,0.29037535190582275,20.648456257851908,0.01351409269569681,17.431710966944657,2.4317109669446557,516.2114064462977,400.0,0.0,110.0,110.0,126.31578947368422,0.0,0.95,416.3157894736842,700.0,0.5947368421052631,0.16,116.1501407623291,67.16052631578947,24.0,24.989614446539633,13.252539519438928,13.252539519438928,4.697289745777313,13.5,0.10446560552427016,-4.810389327618505,14.583419344345263,0.0,-3.0,516.2114064462977,400.0,0.0,110.0,110.0,126.31578947368422,0.0,416.3157894736842,700.0,0.5947368421052631,0.16,116.1501407623291,67.16052631578947,24.0,24.989614446539633,0.0,0.04052851611574426,0.0,20.648456257851908,14.583419344345263,0.0,20.648456257851908,0.7748763297457524,1.2905285161157443,16.0,0.0,516.2114064462977,400.0,116.2114064462977,0.0,0.0,1.0,0.7748763297457524,0,1
,5,,1,2024-09-20T16:00:00,ippo,H07,6,6,0,0.2931411862373352,33.62806294880613,0.01351409269569681,108.14031474403065,93.14031474403065,840.7015737201532,299.99999999999994,0.0,27.5,27.5,77.50000000000006,0.0,0.7954166666666669,350.0,350.0,1.0,0.16,87.94235587120055,56.1375,18.0,13.804855871200544,10.233543667208957,10.233543667208957,1.5283875724716345,13.5,0.10446560552427016,-4.810389327618505,14.583419344345263,0.0,-3.0,840.7015737201532,299.99999999999994,0.0,27.5,27.5,77.50000000000006,0.0,350.0,350.0,1.0,0.16,87.94235587120055,56.1375,18.0,13.804855871200544,0.0,1.5523385790671775,0.0,33.62806294880613,14.583419344345263,0.0,33.62806294880613,0.35684481792092115,2.8023385790671775,12.0,0.0,840.7015737201532,299.99999999999994,540.7015737201532,0.0,0.0,1.0,0.35684481792092115,0,1
,5,,1,2024-09-20T16:00:00,ippo,H08,7,7,0,0.5650010108947754,0.8598305084555476,0.01351409269569681,0.0,0.0,21.495762711388693,21.495762711388693,0.0,99.0,0.0,131.57894736842104,0.0,0.95,54.07471007980975,500.0,0.1081494201596195,0.16,12.145127661888829,9.14695361276956,1.2897457626833215,1.7084282864359477,9.698081290728478,9.698081290728478,1.2631624717258705,13.5,0.10446560552427016,-4.810389327618505,14.583419344345263,1.4210854715202004e-14,-3.0,21.495762711388693,21.495762711388693,0.0,99.0,0.0,131.57894736842104,0.0,54.07471007980975,500.0,0.1081494201596195,0.16,12.145127661888829,9.14695361276956,1.2897457626833215,1.7084282864359477,1.4210854715202004e-14,0.0,0.0,0.8598305084555476,14.583419344345263,0.0,0.8598305084555476,1.0,0.05373940677847173,0.8598305084555476,0.0,21.495762711388693,21.495762711388693,0.0,0.0,0.0,1.0,1.0,0,1
,5,,1,2024-09-20T17:00:00,ippo,H01,0,0,1,0.31466445326805115,88.87634450741764,0.04520901732134081,606.5725838056323,591.5725838056323,2221.9086126854413,200.00000000000003,0.0,28.0,28.0,0.0,0.0,0.95,172.00000000000003,250.0,0.6880000000000002,0.22,62.93289065361024,37.980000000000004,12.0,12.952890653610233,10.38881231905364,10.38881231905364,1.942424303186617,13.5,0.2777635115623862,-11.820719342208683,251.83216382360123,0.0,-3.0,2221.9086126854413,200.00000000000003,0.0,28.0,28.0,0.0,0.0,172.00000000000003,250.0,0.6880000000000002,0.22,62.93289065361024,37.980000000000004,12.0,12.952890653610233,0.0,9.859543063427205,0.0,88.87634450741764,251.83216382360123,0.0,88.87634450741764,0.09001270297893854,11.109543063427205,8.0,0.0,2221.9086126854413,200.00000000000003,2021.9086126854413,0.0,0.0,1.0,0.09001270297893854,0,1
,5,,1,2024-09-20T17:00:00,ippo,H02,1,1,1,0.5369685292243958,4.2679390209150645,0.04520901732134081,0.0,0.0,106.69847552287659,106.69847552287659,0.0,21.0,21.0,0.0,0.0,0.95,85.69847552287659,250.0,0.34279390209150634,0.22,57.29372347200423,18.958664615032852,6.401908531372596,31.93315032559878,10.40010018879015,10.40010018879015,1.7952024049756767,13.5,0.2777635115623862,-11.820719342208683,251.83216382360123,0.0,-3.0,106.69847552287659,106.69847552287659,0.0,21.0,21.0,0.0,0.0,85.69847552287659,250.0,0.34279390209150634,0.22,57.29372347200423,18.958664615032852,6.401908531372596,31.93315032559878,0.0,0.0,0.0,4.2679390209150645,251.83216382360123,0.0,4.2679390209150645,1.0,0.5334923776143831,4.2679390209150645,0.0,106.69847552287659,106.69847552287659,0.0,0.0,0.0,1.0,1.0,0,1
,5,,1,2024-09-20T17:00:00,ippo,H03,2,2,1,0.6666423678398132,0.7621941961132253,0.04520901732134081,0.0,0.0,19.05485490283063,19.05485490283063,0.0,19.05485490283063,19.05485490283063,0.0,0.0,0.95,0.0,350.0,0.0,0.22,12.702773591267086,0.09527427451415316,1.1432912941698379,11.464208022583094,10.33495373690779,10.33495373690779,1.5940670150937413,13.5,0.2777635115623862,-11.820719342208683,251.83216382360123,0.0,-3.0,19.05485490283063,19.05485490283063,0.0,19.05485490283063,19.05485490283063,0.0,0.0,0.0,350.0,0.0,0.22,12.702773591267086,0.09527427451415316,1.1432912941698379,11.464208022583094,0.0,0.0,0.0,0.7621941961132253,251.83216382360123,0.0,0.7621941961132253,1.0,0.06351618300943544,0.7621941961132253,0.0,19.05485490283063,19.05485490283063,0.0,0.0,0.0,1.0,1.0,0,1
,5,,1,2024-09-20T17:00:00,ippo,H04,3,3,1,0.2585187554359436,1.3483313146434127e-10,0.04520901732134081,107.2391503431338,92.2391503431338,3.3708282866085314e-09,200.0,0.0,28.0,28.0,0.0,0.0,0.95,172.0,250.0,0.688,0.22,51.70375108718872,37.980000000000004,12.0,1.7237510871887167,13.05155815610312,13.05155815610312,4.107541119652832,13.5,0.2777635115623862,-11.820719342208683,251.83216382360123,0.0,-3.0,3.3708282866085314e-09,200.0,0.0,28.0,28.0,0.0,0.0,172.0,250.0,0.688,0.22,51.70375108718872,37.980000000000004,12.0,1.7237510871887167,0.0,1.5373191723855633,0.0,1.3483313146434127e-10,251.83216382360123,22.298553378949673,22.298553379084506,0.35876766819787526,2.7873191723855633,8.0,557.4638344737418,557.4638344771126,200.0,357.46383447711264,0.0,0.0,1.0,0.35876766819787526,0,1
,5,,1,2024-09-20T17:00:00,ippo,H05,4,4,1,0.6217378973960876,0.5434358793321046,0.04520901732134081,0.0,0.0,13.585896983302614,13.585896983302614,0.0,13.585896983302614,13.585896983302614,0.0,0.0,0.95,0.0,500.0,0.0,0.22,8.446867024638417,0.06792948491651307,0.8151538189981569,7.563783720723746,15.848021096028656,15.848021096028656,6.776797391949762,13.5,0.2777635115623862,-11.820719342208683,251.83216382360123,0.0,-3.0,13.585896983302614,13.585896983302614,0.0,13.585896983302614,13.585896983302614,0.0,0.0,0.0,500.0,0.0,0.22,8.446867024638417,0.06792948491651307,0.8151538189981569,7.563783720723746,0.0,0.0,0.0,0.5434358793321046,251.83216382360123,0.0,0.5434358793321046,1.0,0.033964742458256536,0.5434358793321046,0.0,13.585896983302614,13.585896983302614,0.0,0.0,0.0,1.0,1.0,0,1
,5,,1,2024-09-20T17:00:00,ippo,H06,5,5,1,0.5481488704681396,0.13578477903185157,0.04520901732134081,0.0,0.0,3.394619475796288,119.60602592209399,0.0,70.0,70.0,0.0,0.0,0.95,49.60602592209399,700.0,0.07086575131727713,0.22,65.56190801037886,11.263325702860678,7.17636155532564,47.12222075219254,13.181060509295554,13.181060509295554,4.568463772578235,13.5,0.2777635115623862,-11.820719342208683,251.83216382360123,0.0,-3.0,3.394619475796288,119.60602592209399,0.0,70.0,70.0,0.0,0.0,49.60602592209399,700.0,0.07086575131727713,0.22,65.56190801037886,11.263325702860678,7.17636155532564,47.12222075219254,0.0,0.0,0.0,0.13578477903185157,251.83216382360123,4.648456257851908,4.78424103688376,1.0,0.299015064805235,4.78424103688376,116.2114064462977,119.60602592209399,119.60602592209399,0.0,0.0,0.0,1.0,1.0,0,1
,5,,1,2024-09-20T17:00:00,ippo,H07,6,6,1,0.6227943897247314,2.5887588412824692e-08,0.04520901732134081,48.14031487346859,33.14031487346859,6.471897103206174e-07,299.99999999999994,0.0,17.5,17.5,48.815789473684156,0.0,0.95,331.3157894736841,350.0,0.9466165413533831,0.22,186.8383169174194,72.9769736842105,18.0,95.8613432332089,10.135977566190759,10.135977566190759,1.3527316618448326,13.5,0.2777635115623862,-11.820719342208683,251.83216382360123,0.0,-3.0,6.471897103206174e-07,299.99999999999994,0.0,17.5,17.5,48.815789473684156,0.0,331.3157894736841,350.0,0.9466165413533831,0.22,186.8383169174194,72.9769736842105,18.0,95.8613432332089,0.0,0.5523385812244765,0.0,2.5887588412824692e-08,251.83216382360123,21.628062948806132,21.62806297469372,0.5548347077609679,1.8023385812244765,12.0,540.7015737201532,540.7015743673429,299.99999999999994,240.70157436734297,0.0,0.0,1.0,0.5548347077609679,0,1
,5,,1,2024-09-20T17:00:00,ippo,H08,7,7,1,0.5424361228942871,4.52160559321249,0.04520901732134081,0.0,0.0,113.04013983031224,113.04013983031224,0.0,63.0,63.0,0.0,0.0,0.95,50.04013983031224,500.0,0.10008027966062448,0.22,61.31705518098265,11.323830762668694,6.782408389818735,43.21081602849522,9.872647873721887,9.872647873721887,1.3431646364038246,13.5,0.2777635115623862,-11.820719342208683,251.83216382360123,0.0,-3.0,113.04013983031224,113.04013983031224,0.0,63.0,63.0,0.0,0.0,50.04013983031224,500.0,0.10008027966062448,0.22,61.31705518098265,11.323830762668694,6.782408389818735,43.21081602849522,0.0,0.0,0.0,4.52160559321249,251.83216382360123,0.0,4.52160559321249,1.0,0.2826003495757806,4.52160559321249,0.0,113.04013983031224,113.04013983031224,0.0,0.0,0.0,1.0,1.0,0,1
,5,,1,2024-09-20T18:00:00,ippo,H01,0,0,2,0.7806031107902527,1.3230902377593121e-45,0.014546531933450723,546.5725838056323,531.5725838056323,3.3077255943982806e-44,200.00000000000003,0.0,12.8,12.8,0.0,0.0,0.95,187.20000000000002,250.0,0.7488,0.3,156.12062215805057,56.224000000000004,12.0,87.89662215805056,9.828683777852914,9.828683777852914,1.544421978649275,13.5,0.11117459667292823,-16.123872008097802,81.36621456443068,0.0,-3.0,3.3077255943982806e-44,200.00000000000003,0.0,12.8,12.8,0.0,0.0,187.20000000000002,250.0,0.7488,0.3,156.12062215805057,56.224000000000004,12.0,87.89662215805056,0.0,8.859543063427205,0.0,1.3230902377593121e-45,81.36621456443068,80.87634450741764,80.87634450741764,0.09891643902459357,10.109543063427205,8.0,2021.9086126854413,2021.9086126854413,200.00000000000003,1821.9086126854413,0.0,0.0,1.0,0.09891643902459357,0,1
,5,,1,2024-09-20T18:00:00,ippo,H02,1,1,2,0.3099190294742584,24.967597040918264,0.014546531933450723,127.25697780688698,112.25697780688698,624.1899260229566,200.0,0.0,9.6,9.6,0.0,0.0,0.95,190.4,250.0,0.7616,0.3,61.983805894851685,57.168,12.0,-7.184194105148315,9.954908297476958,9.954908297476958,1.484738505417146,13.5,0.11117459667292823,-16.123872008097802,81.36621456443068,0.0,-3.0,624.1899260229566,200.0,0.0,9.6,9.6,0.0,0.0,190.4,250.0,0.7616,0.3,61.983805894851685,57.168,12.0,-7.184194105148315,0.0,1.870949630114783,0.0,24.967597040918264,81.36621456443068,0.0,24.967597040918264,0.32041529614921144,3.120949630114783,8.0,0.0,624.1899260229566,200.0,424.18992602295657,0.0,0.0,1.0,0.32041529614921144,0,1
,5,,1,2024-09-20T18:00:00,ippo,H03,2,2,2,0.255042165517807,49.161599129566156,0.014546531933450723,185.80799564783075,170.80799564783075,1229.039978239154,300.0,0.0,9.6,9.6,0.0,0.0,0.95,290.4,350.0,0.8297142857142856,0.3,76.5126496553421,87.16799999999999,18.0,-28.65535034465789,10.638622321938666,10.638622321938666,2.016166611492566,13.5,0.11117459667292823,-16.123872008097802,81.36621456443068,0.0,-3.0,1229.039978239154,300.0,0.0,9.6,9.6,0.0,0.0,290.4,350.0,0.8297142857142856,0.3,76.5126496553421,87.16799999999999,18.0,-28.65535034465789,0.0,2.846799927463846,0.0,49.161599129566156,81.36621456443068,0.0,49.161599129566156,0.2440929549173902,4.096799927463846,12.0,0.0,1229.039978239154,300.0,929.0399782391539,0.0,0.0,1.0,0.2440929549173902,0,1
,5,,1,2024-09-20T18:00:00,ippo,H04,3,3,2,0.5452134609222412,1.114954745579886e-08,0.014546531933450723,47.2391504267554,32.2391504267554,2.787386863949715e-07,199.99999999999997,0.0,12.8,12.8,0.0,0.0,0.95,187.19999999999996,250.0,0.7487999999999998,0.3,109.04269218444823,56.22399999999999,11.999999999999998,40.81869218444824,13.648977157092808,13.648977157092808,4.800910801366031,13.5,0.11117459667292823,-16.123872008097802,81.36621456443068,0.0,-3.0,2.787386863949715e-07,199.99999999999997,0.0,12.8,12.8,0.0,0.0,187.19999999999996,250.0,0.7487999999999998,0.3,109.04269218444823,56.22399999999999,11.999999999999998,40.81869218444824,0.0,0.5373191737792566,0.0,1.114954745579886e-08,81.36621456443068,14.298553379084506,14.298553390234053,0.5594971590247737,1.7873191737792566,7.999999999999999,357.46383447711264,357.46383475585134,199.99999999999997,157.46383475585137,0.0,0.0,1.0,0.5594971590247737,0,1
,5,,1,2024-09-20T18:00:00,ippo,H05,4,4,2,0.6524286270141602,0.07803165689011875,0.014546531933450723,0.0,0.0,1.9507914222529688,1.9507914222529688,0.0,1.9507914222529688,1.9507914222529688,0.0,0.0,0.95,0.0,500.0,0.0,0.3,1.2727521692115051,0.009753957111264843,0.11704748533517811,1.1459507267650622,16.25198695589808,16.25198695589808,7.307325906225899,13.5,0.11117459667292823,-16.123872008097802,81.36621456443068,0.0,-3.0,1.9507914222529688,1.9507914222529688,0.0,1.9507914222529688,1.9507914222529688,0.0,0.0,0.0,500.0,0.0,0.3,1.2727521692115051,0.009753957111264843,0.11704748533517811,1.1459507267650622,0.0,0.0,0.0,0.07803165689011875,81.36621456443068,0.0,0.07803165689011875,1.0,0.004876978555632422,0.07803165689011875,0.0,1.9507914222529688,1.9507914222529688,0.0,0.0,0.0,1.0,1.0,0,1
,5,,1,2024-09-20T18:00:00,ippo,H06,5,5,2,0.5699161291122437,0.4410971678311927,0.014546531933450723,0.0,0.0,11.027429195779815,11.027429195779815,0.0,11.027429195779815,11.027429195779815,0.0,0.0,0.95,0.0,700.0,0.0,0.3,6.284709761318174,0.05513714597889908,0.6616457517467891,5.5679268635924855,12.857642486657431,12.857642486657431,4.429170446507829,13.5,0.11117459667292823,-16.123872008097802,81.36621456443068,0.0,-3.0,11.027429195779815,11.027429195779815,0.0,11.027429195779815,11.027429195779815,0.0,0.0,0.0,700.0,0.0,0.3,6.284709761318174,0.05513714597889908,0.6616457517467891,5.5679268635924855,0.0,0.0,0.0,0.4410971678311927,81.36621456443068,0.0,0.4410971678311927,1.0,0.027568572989449543,0.4410971678311927,0.0,11.027429195779815,11.027429195779815,0.0,0.0,0.0,1.0,1.0,0,1
,5,,1,2024-09-20T18:00:00,ippo,H07,6,6,2,0.2713429927825928,0.014560398251668485,0.014546531933450723,0.0,0.0,0.36400995629171207,241.06558432363468,0.0,8.0,8.0,0.0,0.0,0.95,233.06558432363468,350.0,0.6659016694960991,0.3,65.41145710725951,69.95967529709041,14.463935059418084,-19.01215324924899,10.415124256251497,10.415124256251497,1.7713016672178663,13.5,0.11117459667292823,-16.123872008097802,81.36621456443068,0.0,-3.0,0.36400995629171207,241.06558432363468,0.0,8.0,8.0,0.0,0.0,233.06558432363468,350.0,0.6659016694960991,0.3,65.41145710725951,69.95967529709041,14.463935059418084,-19.01215324924899,0.0,0.0,0.0,0.014560398251668485,81.36621456443068,9.62806297469372,9.642623372945389,1.0,0.803551947745449,9.642623372945389,240.70157436734297,241.06558432363468,241.06558432363468,0.0,0.0,0.0,1.0,1.0,0,1
,5,,1,2024-09-20T18:00:00,ippo,H08,7,7,2,0.7764881253242493,0.04434200951815339,0.014546531933450723,0.0,0.0,1.1085502379538346,1.1085502379538346,0.0,1.1085502379538346,1.1085502379538346,0.0,0.0,0.95,0.0,500.0,0.0,0.3,0.8607760960965234,0.005542751189769173,0.06651301427723008,0.7887203306295241,9.608015656014231,9.608015656014231,1.2531361477923777,13.5,0.11117459667292823,-16.123872008097802,81.36621456443068,0.0,-3.0,1.1085502379538346,1.1085502379538346,0.0,1.1085502379538346,1.1085502379538346,0.0,0.0,0.0,500.0,0.0,0.3,0.8607760960965234,0.005542751189769173,0.06651301427723008,0.7887203306295241,0.0,0.0,0.0,0.04434200951815339,81.36621456443068,0.0,0.04434200951815339,1.0,0.002771375594884587,0.04434200951815339,0.0,1.1085502379538346,1.1085502379538346,0.0,0.0,0.0,1.0,1.0,0,1
,5,,1,2024-09-20T19:00:00,ippo,H01,0,0,3,0.7791074514389038,3.6568076063959877e-41,0.03086702789381696,486.5725838056323,471.5725838056323,9.142019015989968e-40,200.00000000000003,0.0,3.2,3.2,0.0,0.0,0.95,196.80000000000004,250.0,0.7872000000000001,0.34,155.8214902877808,66.92800000000003,12.0,76.89349028778076,10.033153283925614,10.033153283925614,1.5697962379112527,13.5,0.207900373105393,-14.286736847595126,47.791264915655375,0.0,-3.0,9.142019015989968e-40,200.00000000000003,0.0,3.2,3.2,0.0,0.0,196.80000000000004,250.0,0.7872000000000001,0.34,155.8214902877808,66.92800000000003,12.0,76.89349028778076,0.0,7.859543063427205,0.0,3.6568076063959877e-41,47.791264915655375,72.87634450741764,72.87634450741764,0.10977499014355377,9.109543063427205,8.0,1821.9086126854413,1821.9086126854413,200.00000000000003,1621.9086126854413,0.0,0.0,1.0,0.10977499014355377,0,1
,5,,1,2024-09-20T19:00:00,ippo,H02,1,1,3,0.39952147006988525,7.828662170126098e-09,0.03086702789381696,67.25697786560194,52.25697786560195,1.9571655425315245e-07,199.99999999999997,0.0,2.4,2.4,0.0,0.0,0.95,197.59999999999997,250.0,0.7903999999999999,0.34,79.90429401397704,67.196,12.0,0.7082940139770386,9.898460857167104,9.898460857167104,1.2878623771668534,13.5,0.207900373105393,-14.286736847595126,47.791264915655375,0.0,-3.0,1.9571655425315245e-07,199.99999999999997,0.0,2.4,2.4,0.0,0.0,197.59999999999997,250.0,0.7903999999999999,0.34,79.90429401397704,67.196,12.0,0.7082940139770386,0.0,0.8709496310933658,0.0,7.828662170126098e-09,47.791264915655375,16.967597040918264,16.967597048746928,0.471486915738066,2.120949631093366,8.0,424.18992602295657,424.1899262186731,199.99999999999997,224.18992621867315,-2.220446049250313e-16,0.0,1.0,0.471486915738066,0,1
,5,,1,2024-09-20T19:00:00,ippo,H03,2,2,3,0.31132689118385315,1.5763325638305694e-12,0.03086702789381696,125.80799564783865,110.80799564783865,3.9408314095764236e-11,300.0,0.0,2.4,2.4,0.0,0.0,0.95,297.6,350.0,0.8502857142857143,0.34,93.39806735515594,101.19600000000001,18.0,-25.797932644844067,10.521980423121935,10.521980423121935,1.771817060695418,13.5,0.207900373105393,-14.286736847595126,47.791264915655375,0.0,-3.0,3.9408314095764236e-11,300.0,0.0,2.4,2.4,0.0,0.0,297.6,350.0,0.8502857142857143,0.34,93.39806735515594,101.19600000000001,18.0,-25.797932644844067,0.0,1.8467999274639775,0.0,1.5763325638305694e-12,47.791264915655375,37.161599129566156,37.16159912956773,0.32291398328044946,3.096799927463978,12.0,929.0399782391539,929.0399782391934,300.0,629.0399782391934,0.0,0.0,1.0,0.32291398328044946,0,1
,5,,1,2024-09-20T19:00:00,ippo,H04,3,3,3,0.5797508955001831,0.00019830904648482196,0.03086702789381696,0.0,0.0,0.00495772616212055,157.4687924820135,0.0,3.2,3.2,0.0,0.0,0.95,154.2687924820135,250.0,0.617075169928054,0.34,91.29267345477983,52.46738944388459,9.448127548920807,29.37715646197443,13.532080253060165,13.532080253060165,4.5469270240500395,13.5,0.207900373105393,-14.286736847595126,47.791264915655375,0.0,-3.0,0.00495772616212055,157.4687924820135,0.0,3.2,3.2,0.0,0.0,154.2687924820135,250.0,0.617075169928054,0.34,91.29267345477983,52.46738944388459,9.448127548920807,29.37715646197443,0.0,0.0,0.0,0.00019830904648482196,47.791264915655375,6.298553390234053,6.298751699280538,1.0,0.7873439624100672,6.298751699280538,157.46383475585137,157.4687924820135,157.4687924820135,0.0,0.0,0.0,1.0,1.0,0,1
,5,,1,2024-09-20T19:00:00,ippo,H05,4,4,3,0.5247266292572021,0.6393358445875745,0.03086702789381696,0.0,0.0,15.983396114689363,15.983396114689363,0.0,6.0,6.0,0.0,0.0,0.95,9.983396114689363,500.0,0.019966792229378725,0.34,8.38691356734361,3.4243546789943835,0.9590037668813618,4.003555121467865,16.20449751711119,16.20449751711119,7.0991997441808525,13.5,0.207900373105393,-14.286736847595126,47.791264915655375,0.0,-3.0,15.983396114689363,15.983396114689363,0.0,6.0,6.0,0.0,0.0,9.983396114689363,500.0,0.019966792229378725,0.34,8.38691356734361,3.4243546789943835,0.9590037668813618,4.003555121467865,0.0,0.0,0.0,0.6393358445875745,47.791264915655375,0.0,0.6393358445875745,1.0,0.03995849028672341,0.6393358445875745,0.0,15.983396114689363,15.983396114689363,0.0,0.0,0.0,1.0,1.0,0,1
,5,,1,2024-09-20T19:00:00,ippo,H06,5,5,3,0.7746952772140503,0.03534666098639933,0.03086702789381696,0.0,0.0,0.8836665246599833,0.8836665246599833,0.0,0.8836665246599833,0.8836665246599833,0.0,0.0,0.95,0.0,700.0,0.0,0.34,0.6845722832862422,0.0044183326232999165,0.053019991479599,0.6271339591833432,13.175984088019012,13.175984088019012,4.531941151775917,13.5,0.207900373105393,-14.286736847595126,47.791264915655375,0.0,-3.0,0.8836665246599833,0.8836665246599833,0.0,0.8836665246599833,0.8836665246599833,0.0,0.0,0.0,700.0,0.0,0.34,0.6845722832862422,0.0044183326232999165,0.053019991479599,0.6271339591833432,0.0,0.0,0.0,0.03534666098639933,47.791264915655375,0.0,0.03534666098639933,1.0,0.0022091663116499583,0.03534666098639933,0.0,0.8836665246599833,0.8836665246599833,0.0,0.0,0.0,1.0,1.0,0,1
,5,,1,2024-09-20T19:00:00,ippo,H07,6,6,3,0.6311225891113281,0.4132766821969711,0.03086702789381696,0.0,0.0,10.331917054924276,10.331917054924276,0.0,2.0,2.0,0.0,0.0,0.95,8.331917054924276,350.0,0.023805477299783644,0.34,6.5207062421872966,2.842851798674254,0.6199150232954567,3.0579394202175862,10.363699469509047,10.363699469509047,1.5777151631995292,13.5,0.207900373105393,-14.286736847595126,47.791264915655375,0.0,-3.0,10.331917054924276,10.331917054924276,0.0,2.0,2.0,0.0,0.0,8.331917054924276,350.0,0.023805477299783644,0.34,6.5207062421872966,2.842851798674254,0.6199150232954567,3.0579394202175862,0.0,0.0,0.0,0.4132766821969711,47.791264915655375,0.0,0.4132766821969711,1.0,0.03443972351641426,0.4132766821969711,0.0,10.331917054924276,10.331917054924276,0.0,0.0,0.0,1.0,1.0,0,1
,5,,1,2024-09-20T19:00:00,ippo,H08,7,7,3,0.2912740707397461,47.62531133826962,0.03086702789381696,118.59491751851107,103.59491751851107,1190.6327834567405,400.0,0.0,7.2,7.2,0.0,0.0,0.95,392.8,500.0,0.7856000000000001,0.34,116.50962829589844,133.58800000000002,23.999999999999996,-41.078371704101585,9.819585857979913,9.819585857979913,1.2898604640683273,13.5,0.207900373105393,-14.286736847595126,47.791264915655375,0.0,-3.0,1190.6327834567405,400.0,0.0,7.2,7.2,0.0,0.0,392.8,500.0,0.7856000000000001,0.34,116.50962829589844,133.58800000000002,23.999999999999996,-41.078371704101585,0.0,1.7265819586418512,0.0,47.62531133826962,47.791264915655375,0.0,47.62531133826962,0.3359558090099686,2.976581958641851,15.999999999999998,0.0,1190.6327834567405,400.0,790.6327834567405,0.0,0.0,1.0,0.3359558090099686,0,1
,5,,1,2024-09-20T20:00:00,ippo,H01,0,0,4,0.6826651096343994,1.2604009585924501e-36,0.018262893047254772,426.5725838056323,411.5725838056323,3.151002396481125e-35,200.00000000000003,0.0,0.0,0.0,0.0,0.0,0.95,200.00000000000003,250.0,0.8000000000000002,0.27,136.5330219268799,54.000000000000014,12.0,70.5330219268799,9.524003507155244,9.524003507155244,1.311162367908757,13.5,0.13461049661028837,-9.333036705726297,185.3994903490845,0.0,-3.0,3.151002396481125e-35,200.00000000000003,0.0,0.0,0.0,0.0,0.0,200.00000000000003,250.0,0.8000000000000002,0.27,136.5330219268799,54.000000000000014,12.0,70.5330219268799,0.0,6.859543063427205,0.0,1.2604009585924501e-36,185.3994903490845,64.87634450741764,64.87634450741764,0.12331150993079333,8.109543063427205,8.0,1621.9086126854413,1621.9086126854413,200.00000000000003,1421.9086126854413,0.0,0.0,1.0,0.12331150993079333,0,1
,5,,1,2024-09-20T20:00:00,ippo,H02,1,1,4,0.6416265964508057,2.538968817350854e-06,0.018262893047254772,7.256996907868077,0.0,6.347422043377136e-05,200.00000000000003,0.0,0.0,0.0,0.0,0.0,0.95,200.00000000000003,250.0,0.8000000000000002,0.27,128.32531929016116,54.000000000000014,12.0,62.32531929016115,9.423544706789404,9.423544706789404,1.077078728050424,13.5,0.13461049661028837,-9.333036705726297,185.3994903490845,0.0,-3.0,6.347422043377136e-05,200.00000000000003,0.0,0.0,0.0,0.0,0.0,200.00000000000003,250.0,0.8000000000000002,0.27,128.32531929016116,54.000000000000014,12.0,62.32531929016115,0.0,0.0,0.0,2.538968817350854e-06,185.3994903490845,8.967597048746926,8.967599587715743,0.892100491524933,1.1209499484644678,8.0,224.18992621867315,224.1899896928936,200.00000000000003,24.189989692893562,1.1102230246251565e-16,0.0,1.0,0.892100491524933,0,1
,5,,1,2024-09-20T20:00:00,ippo,H03,2,2,4,0.6048202514648438,2.3328155248068485e-10,0.018262893047254772,65.80799564900505,50.80799564900505,5.832038812017121e-09,300.00000000000006,0.0,0.0,0.0,0.0,0.0,0.95,300.00000000000006,350.0,0.8571428571428573,0.27,181.44607543945315,81.00000000000001,18.0,82.44607543945314,10.480428530732363,10.480428530732363,1.9881197270510729,13.5,0.13461049661028837,-9.333036705726297,185.3994903490845,0.0,-3.0,5.832038812017121e-09,300.00000000000006,0.0,0.0,0.0,0.0,0.0,300.00000000000006,350.0,0.8571428571428573,0.27,181.44607543945315,81.00000000000001,18.0,82.44607543945314,0.0,0.8467999274834175,0.0,2.3328155248068485e-10,185.3994903490845,25.16159912956773,25.16159912980101,0.47691722366673367,2.0967999274834175,12.0,629.0399782391934,629.0399782450254,300.00000000000006,329.03997824502534,0.0,0.0,1.0,0.47691722366673367,0,1
,5,,1,2024-09-20T20:00:00,ippo,H04,3,3,4,0.25033167004585266,17.116811119800058,0.018262893047254772,68.37608339850044,53.376083398500434,427.92027799500147,200.0,0.0,0.0,0.0,0.0,0.0,0.95,200.0,250.0,0.8,0.27,50.06633400917053,54.0,12.0,-15.933665990829468,14.032387934844293,14.032387934844293,5.267560698229185,13.5,0.13461049661028837,-9.333036705726297,185.3994903490845,0.0,-3.0,427.92027799500147,200.0,0.0,0.0,0.0,0.0,0.0,200.0,250.0,0.8,0.27,50.06633400917053,54.0,12.0,-15.933665990829468,0.0,0.8896013899750073,0.0,17.116811119800058,185.3994903490845,0.0,17.116811119800058,0.4673767762002066,2.1396013899750073,8.0,0.0,427.92027799500147,200.0,227.92027799500147,0.0,0.0,1.0,0.4673767762002066,0,1
,5,,1,2024-09-20T20:00:00,ippo,H05,4,4,4,0.7992527484893799,0.005588996473030914,0.018262893047254772,0.0,0.0,0.13972491182577285,0.13972491182577285,0.0,0.0,0.0,0.0,0.0,0.95,0.13972491182577285,500.0,0.0002794498236515457,0.27,0.1116755198091852,0.03772572619295867,0.008383494709546371,0.06556629890668016,16.706799830452244,16.706799830452244,7.83081098851299,13.5,0.13461049661028837,-9.333036705726297,185.3994903490845,0.0,-3.0,0.13972491182577285,0.13972491182577285,0.0,0.0,0.0,0.0,0.0,0.13972491182577285,500.0,0.0002794498236515457,0.27,0.1116755198091852,0.03772572619295867,0.008383494709546371,0.06556629890668016,0.0,0.0,0.0,0.005588996473030914,185.3994903490845,0.0,0.005588996473030914,1.0,0.0003493122795644321,0.005588996473030914,0.0,0.13972491182577285,0.13972491182577285,0.0,0.0,0.0,1.0,1.0,0,1
,5,,1,2024-09-20T20:00:00,ippo,H06,5,5,4,0.2578243017196655,17.568348601811238,0.018262893047254772,5.881307256792141,0.0,439.20871504528094,400.0,0.0,0.0,0.0,0.0,0.0,0.95,400.0,700.0,0.5714285714285714,0.27,103.12972068786621,108.0,24.0,-28.87027931213379,13.244678829539968,13.244678829539968,4.835159786503855,13.5,0.13461049661028837,-9.333036705726297,185.3994903490845,0.0,-3.0,439.20871504528094,400.0,0.0,0.0,0.0,0.0,0.0,400.0,700.0,0.5714285714285714,0.27,103.12972068786621,108.0,24.0,-28.87027931213379,0.0,0.0,0.0,17.568348601811238,185.3994903490845,0.0,17.568348601811238,0.9107287407964146,1.0980217876132023,16.0,0.0,439.20871504528094,400.0,39.20871504528094,0.0,0.0,1.0,0.9107287407964146,0,1
,5,,1,2024-09-20T20:00:00,ippo,H07,6,6,4,0.7243971824645996,0.04801624844758977,0.018262893047254772,0.0,0.0,1.200406211189744,1.200406211189744,0.0,0.0,0.0,0.0,0.0,0.95,1.200406211189744,350.0,0.003429732031970697,0.27,0.8695708771988557,0.3241096770212309,0.07202437267138465,0.4734368275062403,10.336830376830472,10.336830376830472,1.8201659879313306,13.5,0.13461049661028837,-9.333036705726297,185.3994903490845,0.0,-3.0,1.200406211189744,1.200406211189744,0.0,0.0,0.0,0.0,0.0,1.200406211189744,350.0,0.003429732031970697,0.27,0.8695708771988557,0.3241096770212309,0.07202437267138465,0.4734368275062403,0.0,0.0,0.0,0.04801624844758977,185.3994903490845,0.0,0.04801624844758977,1.0,0.004001354037299148,0.04801624844758977,0.0,1.200406211189744,1.200406211189744,0.0,0.0,0.0,1.0,1.0,0,1
,5,,1,2024-09-20T20:00:00,ippo,H08,7,7,4,0.36590003967285156,2.3788872101848344e-08,0.018262893047254772,58.59491760771934,43.59491760771934,5.947218025462087e-07,400.00000000000006,0.0,0.0,0.0,0.0,0.0,0.95,400.00000000000006,500.0,0.8000000000000002,0.27,146.36001586914065,108.00000000000003,24.0,14.360015869140625,9.508541248111722,9.508541248111722,1.23178997127533,13.5,0.13461049661028837,-9.333036705726297,185.3994903490845,0.0,-3.0,5.947218025462087e-07,400.00000000000006,0.0,0.0,0.0,0.0,0.0,400.00000000000006,500.0,0.8000000000000002,0.27,146.36001586914065,108.00000000000003,24.0,14.360015869140625,0.0,0.7265819601286556,0.0,2.3788872101848344e-08,185.3994903490845,31.62531133826962,31.62531136205849,0.5059238727115116,1.9765819601286556,16.0,790.6327834567405,790.6327840514623,400.00000000000006,390.63278405146224,0.0,0.0,1.0,0.5059238727115116,0,1
,5,,1,2024-09-20T21:00:00,ippo,H01,0,0,5,0.7354060411453247,4.086887747533156e-31,0.7684639331340869,366.5725838056323,351.5725838056323,1.0217219368832891e-29,200.00000000000006,0.0,0.0,0.0,0.0,100.0,0.42368421052631583,100.00000000000006,250.0,0.40000000000000024,0.2,147.08120822906497,23.000000000000014,12.0,112.08120822906496,9.782433881789949,9.782433881789949,1.5286220417861913,13.5,0.7105121834616618,-2.761522637440732,426.9929038671914,1.4210854715202004e-14,-3.0,1.0217219368832891e-29,200.00000000000006,0.0,0.0,0.0,0.0,100.0,100.00000000000006,250.0,0.40000000000000024,0.2,147.08120822906497,23.000000000000014,12.0,112.08120822906496,1.4210854715202004e-14,5.859543063427205,0.0,4.086887747533156e-31,426.9929038671914,56.87634450741764,56.87634450741764,0.14065601559461446,7.109543063427205,8.0,1421.9086126854413,1421.9086126854413,200.00000000000006,1221.9086126854413,0.0,0.0,1.0,0.14065601559461446,0,1
,5,,1,2024-09-20T21:00:00,ippo,H02,1,1,5,0.5609169006347656,5.116273837443102,0.7684639331340869,0.0,0.0,127.90684593607753,152.0968356289711,0.0,0.0,0.0,0.0,100.0,0.42368421052631583,52.09683562897109,250.0,0.20838734251588437,0.2,85.31368563735786,13.419367125794219,9.125810137738268,62.76850837382537,9.768988047703171,9.768988047703171,1.3617113402595558,13.5,0.7105121834616618,-2.761522637440732,426.9929038671914,1.4210854715202004e-14,-3.0,127.90684593607753,152.0968356289711,0.0,0.0,0.0,0.0,100.0,52.09683562897109,250.0,0.20838734251588437,0.2,85.31368563735786,13.419367125794219,9.125810137738268,62.76850837382537,1.4210854715202004e-14,0.0,0.0,5.116273837443102,426.9929038671914,0.9675995877157435,6.0838734251588455,1.0,0.7604841781448557,6.0838734251588455,24.189989692893562,152.0968356289711,152.0968356289711,0.0,0.0,0.0,1.0,1.0,0,1
,5,,1,2024-09-20T21:00:00,ippo,H03,2,2,5,0.3730733096599579,0.004039304544376224,0.7684639331340869,5.828192171726929,0.0,0.1009826136094056,300.00000000000006,0.0,0.0,0.0,0.0,150.0,0.4236842105263158,150.00000000000006,350.0,0.4285714285714287,0.2,111.92199289798738,34.500000000000014,18.0,59.421992897987366,10.425664693286398,10.425664693286398,1.8514828503946008,13.5,0.7105121834616618,-2.761522637440732,426.9929038671914,0.0,-3.0,0.1009826136094056,300.00000000000006,0.0,0.0,0.0,0.0,150.0,150.00000000000006,350.0,0.4285714285714287,0.2,111.92199289798738,34.500000000000014,18.0,59.421992897987366,0.0,0.0,0.0,0.004039304544376224,426.9929038671914,13.16159912980101,13.165638434345386,0.9114635845304266,1.0971365361954488,12.0,329.03997824502534,329.14096085863474,300.00000000000006,29.140960858634685,0.0,0.0,1.0,0.9114635845304266,0,1
,5,,1,2024-09-20T21:00:00,ippo,H04,3,3,5,0.546881914138794,0.0001386521652599567,0.7684639331340869,8.377123289739888,0.0,0.0034663041314989176,200.00000000000003,0.0,0.0,0.0,0.0,100.0,0.5289473684210527,100.00000000000003,250.0,0.40000000000000013,0.2,109.3763828277588,23.000000000000007,12.0,74.37638282775879,13.62521010092444,13.62521010092444,4.787761392925029,13.5,0.7105121834616618,-2.761522637440732,426.9929038671914,2.842170943040401e-14,-3.0,0.0034663041314989176,200.00000000000003,0.0,0.0,0.0,0.0,100.0,100.00000000000003,250.0,0.40000000000000013,0.2,109.3763828277588,23.000000000000007,12.0,74.37638282775879,2.842170943040401e-14,0.0,0.0,0.0001386521652599567,426.9929038671914,9.116811119800058,9.116949771965318,0.877486462040194,1.1396187214956648,8.0,227.92027799500147,227.92374429913298,200.00000000000003,27.92374429913295,0.0,0.0,1.0,0.877486462040194,0,1
,5,,1,2024-09-20T21:00:00,ippo,H05,4,4,5,0.7914537191390991,0.23577302487531016,0.7684639331340869,0.0,0.0,5.894325621882754,5.894325621882754,0.0,0.0,0.0,0.0,5.894325621882754,0.9375908934276153,0.0,500.0,0.0,0.2,4.6650859352559895,0.17682976865648262,0.35365953731296523,4.134596629286541,16.368528821837376,16.368528821837376,7.415062132842167,13.5,0.7105121834616618,-2.761522637440732,426.9929038671914,5.329070518200751e-15,-3.0,5.894325621882754,5.894325621882754,0.0,0.0,0.0,0.0,5.894325621882754,0.0,500.0,0.0,0.2,4.6650859352559895,0.17682976865648262,0.35365953731296523,4.134596629286541,5.329070518200751e-15,0.0,0.0,0.23577302487531016,426.9929038671914,0.0,0.23577302487531016,1.0,0.014735814054706885,0.23577302487531016,0.0,5.894325621882754,5.894325621882754,0.0,0.0,0.0,1.0,1.0,0,1
,5,,1,2024-09-20T21:00:00,ippo,H06,5,5,5,0.6858260631561279,0.6680710223917061,0.7684639331340869,0.0,0.0,16.70177555979265,55.91049060507359,0.0,0.0,0.0,0.0,55.91049060507359,0.851911419991099,0.0,700.0,0.0,0.2,38.344871660805296,1.6773147181522077,3.354629436304416,33.31292750634867,13.19103475132037,13.19103475132037,4.735821655644049,13.5,0.7105121834616618,-2.761522637440732,426.9929038671914,2.1316282072803006e-14,-3.0,16.70177555979265,55.91049060507359,0.0,0.0,0.0,0.0,55.91049060507359,0.0,700.0,0.0,0.2,38.344871660805296,1.6773147181522077,3.354629436304416,33.31292750634867,2.1316282072803006e-14,0.0,0.0,0.6680710223917061,426.9929038671914,1.5683486018112376,2.2364196242029437,1.0,0.13977622651268398,2.2364196242029437,39.20871504528094,55.91049060507359,55.91049060507359,0.0,0.0,0.0,1.0,1.0,0,1
,5,,1,2024-09-20T21:00:00,ippo,H07,6,6,5,0.772925078868866,0.8903237268944808,0.7684639331340869,0.0,0.0,22.258093172362017,22.258093172362017,0.0,0.0,0.0,0.0,22.258093172362017,0.8719014274653965,0.0,350.0,0.0,0.2,17.20383842071848,0.6677427951708604,1.335485590341721,15.2006100352059,10.253633310496138,10.253633310496138,1.6502315312271036,13.5,0.7105121834616618,-2.761522637440732,426.9929038671914,7.105427357601002e-15,-3.0,22.258093172362017,22.258093172362017,0.0,0.0,0.0,0.0,22.258093172362017,0.0,350.0,0.0,0.2,17.20383842071848,0.6677427951708604,1.335485590341721,15.2006100352059,7.105427357601002e-15,0.0,0.0,0.8903237268944808,426.9929038671914,0.0,0.8903237268944808,1.0,0.0741936439078734,0.8903237268944808,0.0,22.258093172362017,22.258093172362017,0.0,0.0,0.0,1.0,1.0,0,1
,5,,1,2024-09-20T21:00:00,ippo,H08,7,7,5,0.3192629814147949,0.03146243766317409,0.7684639331340869,0.0,0.0,0.7865609415793522,391.4193449930416,0.0,0.0,0.0,0.0,250.0,0.42368421052631583,141.4193449930416,500.0,0.2828386899860832,0.2,124.96570706590464,35.78386899860832,23.485160699582497,65.69667736771383,9.616951550420586,9.616951550420586,1.2851710231228677,13.5,0.7105121834616618,-2.761522637440732,426.9929038671914,5.684341886080802e-14,-3.0,0.7865609415793522,391.4193449930416,0.0,0.0,0.0,0.0,250.0,141.4193449930416,500.0,0.2828386899860832,0.2,124.96570706590464,35.78386899860832,23.485160699582497,65.69667736771383,5.684341886080802e-14,0.0,0.0,0.03146243766317409,426.9929038671914,15.62531136205849,15.656773799721664,1.0,0.978548362482604,15.656773799721664,390.63278405146224,391.4193449930416,391.4193449930416,0.0,0.0,0.0,1.0,1.0,0,1
,5,,2,2024-09-20T16:00:00,ippo,H01,0,0,0,0.4272720217704773,5.698678062128243,0.017051000395875447,0.0,0.0,142.4669515532061,142.4669515532061,0.0,44.0,44.0,84.21052631578947,0.0,0.95,182.67747786899554,250.0,0.7307099114759822,0.16,60.872142425615,29.448396459039287,8.548017093192364,22.875728873383352,10.69968390322191,10.69968390322191,2.134865576423143,13.5,0.1265420061956728,-7.6947721103152364,50.815588915935,0.0,-3.0,142.4669515532061,142.4669515532061,0.0,44.0,44.0,84.21052631578947,0.0,182.67747786899554,250.0,0.7307099114759822,0.16,60.872142425615,29.448396459039287,8.548017093192364,22.875728873383352,0.0,0.0,0.0,5.698678062128243,50.815588915935,0.0,5.698678062128243,1.0,0.7123347577660304,5.698678062128243,0.0,142.4669515532061,142.4669515532061,0.0,0.0,0.0,1.0,1.0,1,2
,5,,2,2024-09-20T16:00:00,ippo,H02,1,1,0,0.25174933671951294,64.68618666316391,0.017051000395875447,425.14639997372933,410.14639997372933,1617.1546665790977,200.0,0.0,33.0,33.0,83.0,0.0,0.89425,250.0,250.0,1.0,0.16,50.34986734390259,40.165,12.0,-1.8151326560974113,10.741972599053183,10.741972599053183,2.031581023877363,13.5,0.1265420061956728,-7.6947721103152364,50.815588915935,0.0,-3.0,1617.1546665790977,200.0,0.0,33.0,33.0,83.0,0.0,250.0,250.0,1.0,0.16,50.34986734390259,40.165,12.0,-1.8151326560974113,0.0,6.835773332895489,0.0,64.68618666316391,50.815588915935,0.0,64.68618666316391,0.12367400851217077,8.085773332895489,8.0,0.0,1617.1546665790977,200.0,1417.1546665790977,0.0,0.0,1.0,0.12367400851217077,1,2
,5,,2,2024-09-20T16:00:00,ippo,H03,2,2,0,0.40258026123046875,8.972050421461875,0.017051000395875447,0.0,0.0,224.3012605365469,224.3012605365469,0.0,33.0,33.0,110.52631578947368,0.0,0.95,301.82757632602056,350.0,0.8623645037886302,0.16,90.29926006112647,48.45741221216329,13.458075632192813,28.38377221677037,10.447028821185503,10.447028821185503,1.5837322078090856,13.5,0.1265420061956728,-7.6947721103152364,50.815588915935,0.0,-3.0,224.3012605365469,224.3012605365469,0.0,33.0,33.0,110.52631578947368,0.0,301.82757632602056,350.0,0.8623645037886302,0.16,90.29926006112647,48.45741221216329,13.458075632192813,28.38377221677037,0.0,0.0,0.0,8.972050421461875,50.815588915935,0.0,8.972050421461875,1.0,0.7476708684551562,8.972050421461875,0.0,224.3012605365469,224.3012605365469,0.0,0.0,0.0,1.0,1.0,1,2
,5,,2,2024-09-20T16:00:00,ippo,H04,3,3,0,0.6714024543762207,0.14623568980700483,0.017051000395875447,0.0,0.0,3.655892245175121,3.655892245175121,0.0,44.0,3.655892245175121,78.94736842105263,0.0,0.95,38.603260666227754,250.0,0.15441304266491102,0.16,2.454575026345568,6.396521706596441,0.21935353471050723,-4.16130021496138,12.884553992353942,12.884553992353942,3.7814423215648336,13.5,0.1265420061956728,-7.6947721103152364,50.815588915935,0.0,-3.0,3.655892245175121,3.655892245175121,0.0,44.0,3.655892245175121,78.94736842105263,0.0,38.603260666227754,250.0,0.15441304266491102,0.16,2.454575026345568,6.396521706596441,0.21935353471050723,-4.16130021496138,0.0,0.0,0.0,0.14623568980700483,50.815588915935,0.0,0.14623568980700483,1.0,0.018279461225875603,0.14623568980700483,0.0,3.655892245175121,3.655892245175121,0.0,0.0,0.0,1.0,1.0,1,2
,5,,2,2024-09-20T16:00:00,ippo,H05,4,4,0,0.40705612301826477,3.6430144847275483,0.017051000395875447,0.0,0.0,91.0753621181887,91.0753621181887,0.0,82.5,82.5,131.57894736842107,0.0,0.95,140.15430948660978,500.0,0.28030861897321957,0.16,37.07278380631443,22.837189517857567,5.464521727091323,8.771072561365543,15.253390857325165,15.253390857325165,5.993470990506136,13.5,0.1265420061956728,-7.6947721103152364,50.815588915935,1.4210854715202004e-14,-3.0,91.0753621181887,91.0753621181887,0.0,82.5,82.5,131.57894736842107,0.0,140.15430948660978,500.0,0.28030861897321957,0.16,37.07278380631443,22.837189517857567,5.464521727091323,8.771072561365543,1.4210854715202004e-14,0.0,0.0,3.6430144847275483,50.815588915935,0.0,3.6430144847275483,1.0,0.22768840529547177,3.6430144847275483,0.0,91.0753621181887,91.0753621181887,0.0,0.0,0.0,1.0,1.0,1,2
,5,,2,2024-09-20T16:00:00,ippo,H06,5,5,0,0.7592883110046387,0.04080089399831558,0.017051000395875447,0.0,0.0,1.0200223499578895,1.0200223499578895,0.0,110.0,0.0,126.31578947368422,0.0,0.95,17.335811823642103,700.0,0.024765445462345863,0.16,0.7744910472865084,3.3237298917827367,0.061201340997473375,-2.610440185493702,13.370164736018742,13.370164736018742,4.598420903009207,13.5,0.1265420061956728,-7.6947721103152364,50.815588915935,0.0,-3.0,1.0200223499578895,1.0200223499578895,0.0,110.0,0.0,126.31578947368422,0.0,17.335811823642103,700.0,0.024765445462345863,0.16,0.7744910472865084,3.3237298917827367,0.061201340997473375,-2.610440185493702,0.0,0.0,0.0,0.04080089399831558,50.815588915935,0.0,0.04080089399831558,1.0,0.002550055874894724,0.04080089399831558,0.0,1.0200223499578895,1.0200223499578895,0.0,0.0,0.0,1.0,1.0,1,2
,5,,2,2024-09-20T16:00:00,ippo,H07,6,6,0,0.6696944832801819,0.2474140327494978,0.017051000395875447,0.0,0.0,6.1853508187374455,6.1853508187374455,0.0,27.5,6.1853508187374455,126.31578947368422,0.0,0.95,105.00114029242167,350.0,0.3000032579783476,0.16,4.142295320461024,16.937682446787466,0.3711210491242467,-13.166508175450689,10.030522978562322,10.030522978562322,1.0921621718924281,13.5,0.1265420061956728,-7.6947721103152364,50.815588915935,0.0,-3.0,6.1853508187374455,6.1853508187374455,0.0,27.5,6.1853508187374455,126.31578947368422,0.0,105.00114029242167,350.0,0.3000032579783476,0.16,4.142295320461024,16.937682446787466,0.3711210491242467,-13.166508175450689,0.0,0.0,0.0,0.2474140327494978,50.815588915935,0.0,0.2474140327494978,1.0,0.02061783606245815,0.2474140327494978,0.0,6.1853508187374455,6.1853508187374455,0.0,0.0,0.0,1.0,1.0,1,2
,5,,2,2024-09-20T16:00:00,ippo,H08,7,7,0,0.4961972236633301,2.6424636472967933,0.017051000395875447,0.0,0.0,66.06159118241985,66.06159118241985,0.0,99.0,0.0,131.57894736842104,0.0,0.95,98.6405385508409,500.0,0.1972810771016818,0.16,32.77957813549865,16.277486168134544,3.96369547094519,12.538396496418919,10.03268908061712,10.03268908061712,1.364941215248287,13.5,0.1265420061956728,-7.6947721103152364,50.815588915935,1.4210854715202004e-14,-3.0,66.06159118241985,66.06159118241985,0.0,99.0,0.0,131.57894736842104,0.0,98.6405385508409,500.0,0.1972810771016818,0.16,32.77957813549865,16.277486168134544,3.96369547094519,12.538396496418919,1.4210854715202004e-14,0.0,0.0,2.6424636472967933,50.815588915935,0.0,2.6424636472967933,1.0,0.16515397795604958,2.6424636472967933,0.0,66.06159118241985,66.06159118241985,0.0,0.0,0.0,1.0,1.0,1,2
,5,,2,2024-09-20T17:00:00,ippo,H01,0,0,1,0.6272021532058716,2.569045660172474,0.08018830229556691,0.0,0.0,64.22614150431185,64.22614150431185,0.0,28.0,28.0,0.0,0.0,0.95,36.226141504311855,250.0,0.1449045660172474,0.22,40.28277424360939,8.109751130948608,3.853568490258711,28.31945462240207,9.50149444019584,9.50149444019584,1.3667068132994684,13.5,0.4362395499606034,-11.08762450195876,235.96709649923477,0.0,-3.0,64.22614150431185,64.22614150431185,0.0,28.0,28.0,0.0,0.0,36.226141504311855,250.0,0.1449045660172474,0.22,40.28277424360939,8.109751130948608,3.853568490258711,28.31945462240207,0.0,0.0,0.0,2.569045660172474,235.96709649923477,0.0,2.569045660172474,1.0,0.32113070752155926,2.569045660172474,0.0,64.22614150431185,64.22614150431185,0.0,0.0,0.0,1.0,1.0,1,2
,5,,2,2024-09-20T17:00:00,ippo,H02,1,1,1,0.3154834806919098,6.36556110010253e-29,0.08018830229556691,365.14639997372933,350.14639997372933,1.591390275025632e-27,199.99999999999997,0.0,21.0,21.0,11.736842105263165,0.0,0.95,190.73684210526312,250.0,0.7629473684210525,0.22,63.09669613838195,42.067105263157885,11.999999999999998,9.029590875224068,9.602540713809999,9.602540713809999,1.30203167867581,13.5,0.4362395499606034,-11.08762450195876,235.96709649923477,0.0,-3.0,1.591390275025632e-27,199.99999999999997,0.0,21.0,21.0,11.736842105263165,0.0,190.73684210526312,250.0,0.7629473684210525,0.22,63.09669613838195,42.067105263157885,11.999999999999998,9.029590875224068,0.0,5.835773332895489,0.0,6.36556110010253e-29,235.96709649923477,56.68618666316391,56.68618666316391,0.14112785620131682,7.085773332895489,7.999999999999999,1417.1546665790977,1417.1546665790977,199.99999999999997,1217.1546665790977,0.0,0.0,1.0,0.14112785620131682,1,2
,5,,2,2024-09-20T17:00:00,ippo,H03,2,2,1,0.6179348826408386,2.552005044668361,0.08018830229556691,0.0,0.0,63.800126116709016,63.800126116709016,0.0,21.0,21.0,0.0,0.0,0.95,42.800126116709016,350.0,0.12228607461916861,0.22,39.42432344439929,9.521027745675983,3.8280075670025413,26.075288131720768,10.58126224840191,10.58126224840191,2.143025993659449,13.5,0.4362395499606034,-11.08762450195876,235.96709649923477,0.0,-3.0,63.800126116709016,63.800126116709016,0.0,21.0,21.0,0.0,0.0,42.800126116709016,350.0,0.12228607461916861,0.22,39.42432344439929,9.521027745675983,3.8280075670025413,26.075288131720768,0.0,0.0,0.0,2.552005044668361,235.96709649923477,0.0,2.552005044668361,1.0,0.21266708705569673,2.552005044668361,0.0,63.800126116709016,63.800126116709016,0.0,0.0,0.0,1.0,1.0,1,2
,5,,2,2024-09-20T17:00:00,ippo,H04,3,3,1,0.3643263876438141,46.28893055371793,0.08018830229556691,287.1669791528845,272.1669791528845,1157.2232638429482,199.99999999999997,0.0,28.0,28.0,0.0,0.0,0.95,171.99999999999997,250.0,0.6879999999999998,0.22,72.8652775287628,37.98,12.0,22.885277528762806,13.991194294757735,13.991194294757735,5.32872205424039,13.5,0.4362395499606034,-11.08762450195876,235.96709649923477,0.0,-3.0,1157.2232638429482,199.99999999999997,0.0,28.0,28.0,0.0,0.0,171.99999999999997,250.0,0.6879999999999998,0.22,72.8652775287628,37.98,12.0,22.885277528762806,0.0,4.536116319214742,0.0,46.28893055371793,235.96709649923477,0.0,46.28893055371793,0.17282749686161067,5.786116319214742,8.0,0.0,1157.2232638429482,199.99999999999997,957.2232638429482,0.0,0.0,1.0,0.17282749686161067,1,2
,5,,2,2024-09-20T17:00:00,ippo,H05,4,4,1,0.6497436165809631,0.5672272465336257,0.08018830229556691,0.0,0.0,14.18068116334064,14.18068116334064,0.0,14.18068116334064,14.18068116334064,0.0,0.0,0.95,0.0,500.0,0.0,0.22,9.213807064650487,0.07090340581670321,0.8508408698004385,8.292062789033347,16.69581555682006,16.69581555682006,7.954438835713912,13.5,0.4362395499606034,-11.08762450195876,235.96709649923477,0.0,-3.0,14.18068116334064,14.18068116334064,0.0,14.18068116334064,14.18068116334064,0.0,0.0,0.0,500.0,0.0,0.22,9.213807064650487,0.07090340581670321,0.8508408698004385,8.292062789033347,0.0,0.0,0.0,0.5672272465336257,235.96709649923477,0.0,0.5672272465336257,1.0,0.035451702908351604,0.5672272465336257,0.0,14.18068116334064,14.18068116334064,0.0,0.0,0.0,1.0,1.0,1,2
,5,,2,2024-09-20T17:00:00,ippo,H06,5,5,1,0.401680052280426,33.347038458917744,0.08018830229556691,65.05139422094155,50.05139422094154,833.6759614729435,400.0,0.0,70.0,70.0,0.0,0.0,0.95,330.0,700.0,0.4714285714285714,0.22,160.6720209121704,72.94999999999999,24.0,63.72202091217042,12.87386868131234,12.87386868131234,4.603245310966441,13.5,0.4362395499606034,-11.08762450195876,235.96709649923477,0.0,-3.0,833.6759614729435,400.0,0.0,70.0,70.0,0.0,0.0,330.0,700.0,0.4714285714285714,0.22,160.6720209121704,72.94999999999999,24.0,63.72202091217042,0.0,0.834189903682359,0.0,33.347038458917744,235.96709649923477,0.0,33.347038458917744,0.47980272730099793,2.084189903682359,16.0,0.0,833.6759614729435,400.0,433.6759614729435,0.0,0.0,1.0,0.47980272730099793,1,2
,5,,2,2024-09-20T17:00:00,ippo,H07,6,6,1,0.5286309719085693,9.005631319173073,0.08018830229556691,0.0,0.0,225.14078297932687,225.14078297932687,0.0,17.5,17.5,0.0,0.0,0.95,207.64078297932687,350.0,0.5932593799409339,0.22,119.01639092261784,45.76847225545191,13.50844697875961,59.739471688406326,10.413396321755583,10.413396321755583,1.9674956181598005,13.5,0.4362395499606034,-11.08762450195876,235.96709649923477,0.0,-3.0,225.14078297932687,225.14078297932687,0.0,17.5,17.5,0.0,0.0,207.64078297932687,350.0,0.5932593799409339,0.22,119.01639092261784,45.76847225545191,13.50844697875961,59.739471688406326,0.0,0.0,0.0,9.005631319173073,235.96709649923477,0.0,9.005631319173073,1.0,0.7504692765977561,9.005631319173073,0.0,225.14078297932687,225.14078297932687,0.0,0.0,0.0,1.0,1.0,1,2
,5,,2,2024-09-20T17:00:00,ippo,H08,7,7,1,0.6896051168441772,1.146575938536957,0.08018830229556691,0.0,0.0,28.664398463423925,28.664398463423925,0.0,28.664398463423925,28.664398463423925,0.0,0.0,0.95,0.0,500.0,0.0,0.22,19.76711585163751,0.14332199231711962,1.7198639078054354,17.903929951514954,9.406163986434082,9.406163986434082,1.2099321751745526,13.5,0.4362395499606034,-11.08762450195876,235.96709649923477,0.0,-3.0,28.664398463423925,28.664398463423925,0.0,28.664398463423925,28.664398463423925,0.0,0.0,0.0,500.0,0.0,0.22,19.76711585163751,0.14332199231711962,1.7198639078054354,17.903929951514954,0.0,0.0,0.0,1.146575938536957,235.96709649923477,0.0,1.146575938536957,1.0,0.07166099615855981,1.146575938536957,0.0,28.664398463423925,28.664398463423925,0.0,0.0,0.0,1.0,1.0,1,2
,5,,2,2024-09-20T18:00:00,ippo,H01,0,0,2,0.2774091362953186,29.080557611239573,0.011047706921573338,158.1041820842968,143.1041820842968,727.0139402809892,200.0,0.0,12.8,12.8,0.0,0.0,0.95,187.2,250.0,0.7487999999999999,0.3,55.48182725906372,56.224,12.0,-12.742172740936276,9.955586440507048,9.955586440507048,1.5660022024453788,13.5,0.087860553686514,-12.937135345136937,129.62252733257077,0.0,-3.0,727.0139402809892,200.0,0.0,12.8,12.8,0.0,0.0,187.2,250.0,0.7487999999999999,0.3,55.48182725906372,56.224,12.0,-12.742172740936276,0.0,2.3850697014049467,0.0,29.080557611239573,129.62252733257077,0.0,29.080557611239573,0.27509788866318086,3.6350697014049467,8.0,0.0,727.0139402809892,200.0,527.0139402809892,0.0,0.0,1.0,0.27509788866318086,1,2
,5,,2,2024-09-20T18:00:00,ippo,H02,1,1,2,0.6743005514144897,8.65073191783219e-28,0.011047706921573338,305.14639997372933,290.14639997372933,2.1626829794580474e-26,200.0,0.0,9.6,9.6,0.0,0.0,0.95,190.4,250.0,0.7616,0.3,134.86011028289795,57.168,12.0,65.69211028289794,9.923242271244971,9.923242271244971,1.3701958478017497,13.5,0.087860553686514,-12.937135345136937,129.62252733257077,0.0,-3.0,2.1626829794580474e-26,200.0,0.0,9.6,9.6,0.0,0.0,190.4,250.0,0.7616,0.3,134.86011028289795,57.168,12.0,65.69211028289794,0.0,4.835773332895489,0.0,8.65073191783219e-28,129.62252733257077,48.68618666316391,48.68618666316391,0.16431765451971247,6.085773332895489,8.0,1217.1546665790977,1217.1546665790977,200.0,1017.1546665790977,0.0,0.0,1.0,0.16431765451971247,1,2
,5,,2,2024-09-20T18:00:00,ippo,H03,2,2,2,0.3252766728401184,14.437336556061297,0.011047706921573338,12.186682780306484,0.0,360.93341390153245,300.0,0.0,9.6,9.6,0.0,0.0,0.95,290.4,350.0,0.8297142857142856,0.3,97.58300185203552,87.16799999999999,18.0,-7.58499814796447,10.543144591895008,10.543144591895008,1.8577135155780908,13.5,0.087860553686514,-12.937135345136937,129.62252733257077,0.0,-3.0,360.93341390153245,300.0,0.0,9.6,9.6,0.0,0.0,290.4,350.0,0.8297142857142856,0.3,97.58300185203552,87.16799999999999,18.0,-7.58499814796447,0.0,0.0,0.0,14.437336556061297,129.62252733257077,0.0,14.437336556061297,0.8311782407650518,1.2031113796717747,12.0,0.0,360.93341390153245,300.0,60.93341390153245,0.0,0.0,1.0,0.8311782407650518,1,2
,5,,2,2024-09-20T18:00:00,ippo,H04,3,3,2,0.43168431520462036,5.227446656664289e-21,0.011047706921573338,227.1669791528845,212.1669791528845,1.3068616641660725e-19,199.99999999999997,0.0,12.8,12.8,0.0,0.0,0.95,187.19999999999996,250.0,0.7487999999999998,0.3,86.33686304092406,56.22399999999999,12.0,18.11286304092407,13.564520751647139,13.564520751647139,4.668613374598295,13.5,0.087860553686514,-12.937135345136937,129.62252733257077,0.0,-3.0,1.3068616641660725e-19,199.99999999999997,0.0,12.8,12.8,0.0,0.0,187.19999999999996,250.0,0.7487999999999998,0.3,86.33686304092406,56.22399999999999,12.0,18.11286304092407,0.0,3.5361163192147416,0.0,5.227446656664289e-21,129.62252733257077,38.28893055371793,38.28893055371793,0.2089376716535945,4.786116319214742,8.0,957.2232638429482,957.2232638429482,199.99999999999997,757.2232638429482,0.0,0.0,1.0,0.2089376716535945,1,2
,5,,2,2024-09-20T18:00:00,ippo,H05,4,4,2,0.6732150316238403,0.04424560856192801,0.011047706921573338,0.0,0.0,1.1061402140482,1.1061402140482,0.0,1.1061402140482,1.1061402140482,0.0,0.0,0.95,0.0,500.0,0.0,0.3,0.7446702191808604,0.0055307010702409995,0.06636841284289202,0.6727711052677274,16.295405982529736,16.295405982529736,7.297377283038135,13.5,0.087860553686514,-12.937135345136937,129.62252733257077,0.0,-3.0,1.1061402140482,1.1061402140482,0.0,1.1061402140482,1.1061402140482,0.0,0.0,0.0,500.0,0.0,0.3,0.7446702191808604,0.0055307010702409995,0.06636841284289202,0.6727711052677274,0.0,0.0,0.0,0.04424560856192801,129.62252733257077,0.0,0.04424560856192801,1.0,0.0027653505351205006,0.04424560856192801,0.0,1.1061402140482,1.1061402140482,0.0,0.0,0.0,1.0,1.0,1,2
,5,,2,2024-09-20T18:00:00,ippo,H06,5,5,2,0.5171793699264526,1.4757299452141338e-05,0.011047706921573338,5.0514495608144845,0.0,0.00036893248630353345,399.99999999999994,0.0,32.0,32.0,0.0,0.0,0.95,367.99999999999994,700.0,0.5257142857142856,0.3,206.87174797058103,110.55999999999997,24.0,72.31174797058105,13.005964222812901,13.005964222812901,4.468755112303076,13.5,0.087860553686514,-12.937135345136937,129.62252733257077,0.0,-3.0,0.00036893248630353345,399.99999999999994,0.0,32.0,32.0,0.0,0.0,367.99999999999994,700.0,0.5257142857142856,0.3,206.87174797058103,110.55999999999997,24.0,72.31174797058105,0.0,0.0,0.0,1.4757299452141338e-05,129.62252733257077,17.347038458917744,17.347053216217198,0.9223468562973058,1.0841908260135749,16.0,433.6759614729435,433.67633040542984,399.99999999999994,33.676330405429894,-1.1102230246251565e-16,0.0,1.0,0.9223468562973058,1,2
,5,,2,2024-09-20T18:00:00,ippo,H07,6,6,2,0.27863436937332153,28.250093942444337,0.011047706921573338,81.2504697122217,66.2504697122217,706.2523485611085,300.00000000000006,0.0,8.0,8.0,0.0,0.0,0.95,292.00000000000006,350.0,0.8342857142857144,0.3,83.59031081199647,87.64000000000001,18.0,-22.04968918800354,10.393382068321564,10.393382068321564,1.6838129358779055,13.5,0.087860553686514,-12.937135345136937,129.62252733257077,0.0,-3.0,706.2523485611085,300.00000000000006,0.0,8.0,8.0,0.0,0.0,292.00000000000006,350.0,0.8342857142857144,0.3,83.59031081199647,87.64000000000001,18.0,-22.04968918800354,0.0,1.104174495203695,0.0,28.250093942444337,129.62252733257077,0.0,28.250093942444337,0.42477734850894094,2.354174495203695,12.0,0.0,706.2523485611085,300.00000000000006,406.2523485611085,2.220446049250313e-16,0.0,1.0,0.42477734850894094,1,2
,5,,2,2024-09-20T18:00:00,ippo,H08,7,7,2,0.4449799656867981,3.1602248626689216,0.011047706921573338,0.0,0.0,79.00562156672302,79.00562156672302,0.0,28.8,28.8,0.0,0.0,0.95,50.205621566723025,500.0,0.10041124313344604,0.3,35.15591877382457,15.205686470016907,4.740337294003382,15.209895009804278,9.721301319431005,9.721301319431005,1.2675643403119525,13.5,0.087860553686514,-12.937135345136937,129.62252733257077,0.0,-3.0,79.00562156672302,79.00562156672302,0.0,28.8,28.8,0.0,0.0,50.205621566723025,500.0,0.10041124313344604,0.3,35.15591877382457,15.205686470016907,4.740337294003382,15.209895009804278,0.0,0.0,0.0,3.1602248626689216,129.62252733257077,0.0,3.1602248626689216,1.0,0.1975140539168076,3.1602248626689216,0.0,79.00562156672302,79.00562156672302,0.0,0.0,0.0,1.0,1.0,1,2
,5,,2,2024-09-20T19:00:00,ippo,H01,0,0,3,0.5379033088684082,4.513873141752086e-12,0.02018200852657709,98.10418208433066,83.10418208433066,1.1284682854380214e-10,199.99999999999997,0.0,3.2,3.2,0.0,0.0,0.95,196.79999999999998,250.0,0.7871999999999999,0.34,107.58066177368163,66.928,12.0,28.65266177368163,10.051727814186442,10.051727814186442,1.5786764959393007,13.5,0.14628288574623063,-11.16523725456019,42.61295002040738,0.0,-3.0,1.1284682854380214e-10,199.99999999999997,0.0,3.2,3.2,0.0,0.0,196.79999999999998,250.0,0.7871999999999999,0.34,107.58066177368163,66.928,12.0,28.65266177368163,0.0,1.385069701405511,0.0,4.513873141752086e-12,42.61295002040738,21.080557611239573,21.08055761124409,0.379496602866563,2.635069701405511,8.0,527.0139402809892,527.0139402811021,199.99999999999997,327.0139402811021,-2.220446049250313e-16,0.0,1.0,0.379496602866563,1,2
,5,,2,2024-09-20T19:00:00,ippo,H02,1,1,3,0.2831026017665863,4.527217768291501e-21,0.02018200852657709,245.14639997372933,230.14639997372933,1.1318044420728753e-19,200.0,0.0,2.4,2.4,0.0,0.0,0.95,197.6,250.0,0.7904,0.34,56.62052035331726,67.196,12.0,-22.575479646682737,9.914015218071897,9.914015218071897,1.29400628944538,13.5,0.14628288574623063,-11.16523725456019,42.61295002040738,0.0,-3.0,1.1318044420728753e-19,200.0,0.0,2.4,2.4,0.0,0.0,197.6,250.0,0.7904,0.34,56.62052035331726,67.196,12.0,-22.575479646682737,0.0,3.835773332895489,0.0,4.527217768291501e-21,42.61295002040738,40.68618666316391,40.68618666316391,0.19662693056567446,5.085773332895489,8.0,1017.1546665790977,1017.1546665790977,200.0,817.1546665790977,0.0,0.0,1.0,0.19662693056567446,1,2
,5,,2,2024-09-20T19:00:00,ippo,H03,2,2,3,0.4561249911785126,0.3887518038155956,0.02018200852657709,0.0,0.0,9.71879509538989,70.65220899692234,0.0,2.4,2.4,0.0,0.0,0.95,68.25220899692233,350.0,0.1950063114197781,0.34,32.22623820546363,23.217751058953596,4.239132539815339,4.769354606694696,10.52513936791399,10.52513936791399,1.7648727837081926,13.5,0.14628288574623063,-11.16523725456019,42.61295002040738,0.0,-3.0,9.71879509538989,70.65220899692234,0.0,2.4,2.4,0.0,0.0,68.25220899692233,350.0,0.1950063114197781,0.34,32.22623820546363,23.217751058953596,4.239132539815339,4.769354606694696,0.0,0.0,0.0,0.3887518038155956,42.61295002040738,2.4373365560612967,2.826088359876892,1.0,0.23550736332307434,2.826088359876892,60.93341390153245,70.65220899692234,70.65220899692234,0.0,0.0,0.0,1.0,1.0,1,2
,5,,2,2024-09-20T19:00:00,ippo,H04,3,3,3,0.782306432723999,1.0255008148435368e-18,0.02018200852657709,167.1669791528845,152.1669791528845,2.5637520371088415e-17,199.99999999999997,0.0,3.2,3.2,0.0,0.0,0.95,196.79999999999998,250.0,0.7871999999999999,0.34,156.46128654479978,66.928,12.0,77.53328654479978,13.517928752567073,13.517928752567073,4.521568343476291,13.5,0.14628288574623063,-11.16523725456019,42.61295002040738,0.0,-3.0,2.5637520371088415e-17,199.99999999999997,0.0,3.2,3.2,0.0,0.0,196.79999999999998,250.0,0.7871999999999999,0.34,156.46128654479978,66.928,12.0,77.53328654479978,0.0,2.5361163192147416,0.0,1.0255008148435368e-18,42.61295002040738,30.288930553717933,30.288930553717933,0.2641228941976629,3.7861163192147416,8.0,757.2232638429482,757.2232638429482,199.99999999999997,557.2232638429482,0.0,0.0,1.0,0.2641228941976629,1,2
,5,,2,2024-09-20T19:00:00,ippo,H05,4,4,3,0.7916186451911926,0.010699162469585318,0.02018200852657709,0.0,0.0,0.267479061739633,0.267479061739633,0.0,0.267479061739633,0.267479061739633,0.0,0.0,0.95,0.0,500.0,0.0,0.34,0.21174141247133962,0.001337395308698165,0.016048743704377977,0.19435527345826348,16.17710256451168,16.17710256451168,7.059039867607961,13.5,0.14628288574623063,-11.16523725456019,42.61295002040738,0.0,-3.0,0.267479061739633,0.267479061739633,0.0,0.267479061739633,0.267479061739633,0.0,0.0,0.0,500.0,0.0,0.34,0.21174141247133962,0.001337395308698165,0.016048743704377977,0.19435527345826348,0.0,0.0,0.0,0.010699162469585318,42.61295002040738,0.0,0.010699162469585318,1.0,0.0006686976543490824,0.010699162469585318,0.0,0.267479061739633,0.267479061739633,0.0,0.0,0.0,1.0,1.0,1,2
,5,,2,2024-09-20T19:00:00,ippo,H06,5,5,3,0.6258257627487183,0.07768898703773716,0.02018200852657709,0.0,0.0,1.942224675943429,35.61855508137332,0.0,8.0,8.0,0.0,0.0,0.95,27.618555081373323,700.0,0.03945507868767618,0.34,22.291009401807695,9.43030872766693,2.1371133048823996,10.723587369258366,13.183675953602263,13.183675953602263,4.528415204544001,13.5,0.14628288574623063,-11.16523725456019,42.61295002040738,0.0,-3.0,1.942224675943429,35.61855508137332,0.0,8.0,8.0,0.0,0.0,27.618555081373323,700.0,0.03945507868767618,0.34,22.291009401807695,9.43030872766693,2.1371133048823996,10.723587369258366,0.0,0.0,0.0,0.07768898703773716,42.61295002040738,1.347053216217196,1.424742203254933,1.0,0.08904638770343332,1.424742203254933,33.676330405429894,35.61855508137332,35.61855508137332,0.0,0.0,0.0,1.0,1.0,1,2
,5,,2,2024-09-20T19:00:00,ippo,H07,6,6,3,0.38947802782058716,1.1287785017168827e-05,0.02018200852657709,21.250526151146783,6.250526151146783,0.0002821946254292206,300.00000000000006,0.0,2.0,2.0,0.0,0.0,0.95,298.00000000000006,350.0,0.8514285714285716,0.34,116.84340834617618,101.33000000000003,18.000000000000004,-2.4865916538238544,10.361124365413918,10.361124365413918,1.5636444126838676,13.5,0.14628288574623063,-11.16523725456019,42.61295002040738,0.0,-3.0,0.0002821946254292206,300.00000000000006,0.0,2.0,2.0,0.0,0.0,298.00000000000006,350.0,0.8514285714285716,0.34,116.84340834617618,101.33000000000003,18.000000000000004,-2.4865916538238544,0.0,0.10417543585244639,0.0,1.1287785017168827e-05,42.61295002040738,16.250093942444337,16.250105230229355,0.7384567564323786,1.3541754358524463,12.000000000000002,406.2523485611085,406.2526307557339,300.00000000000006,106.25263075573383,1.1102230246251565e-16,0.0,1.0,0.7384567564323786,1,2
,5,,2,2024-09-20T19:00:00,ippo,H08,7,7,3,0.2584744393825531,48.77340010029916,0.02018200852657709,122.90025037612186,107.90025037612186,1219.3350025074792,400.00000000000006,0.0,7.2,7.2,0.0,0.0,0.95,392.80000000000007,500.0,0.7856000000000002,0.34,103.38977575302125,133.58800000000002,24.0,-54.19822424697877,9.832551715064165,9.832551715064165,1.2926249378939323,13.5,0.14628288574623063,-11.16523725456019,42.61295002040738,0.0,-3.0,1219.3350025074792,400.00000000000006,0.0,7.2,7.2,0.0,0.0,392.80000000000007,500.0,0.7856000000000002,0.34,103.38977575302125,133.58800000000002,24.0,-54.19822424697877,0.0,1.7983375062686977,0.0,48.77340010029916,42.61295002040738,0.0,48.77340010029916,0.32804766465116425,3.0483375062686977,16.0,0.0,1219.3350025074792,400.00000000000006,819.3350025074792,0.0,0.0,1.0,0.32804766465116425,1,2
,5,,2,2024-09-20T20:00:00,ippo,H01,0,0,4,0.7687754034996033,9.285657515994711e-08,0.6637699714014463,38.10418278075497,23.104182780754964,2.321414378998678e-06,199.99999999999997,0.0,0.0,0.0,0.0,0.0,0.95,199.99999999999997,250.0,0.7999999999999999,0.27,153.75508069992063,53.99999999999999,12.0,87.75508069992063,9.701370072284135,9.701370072284135,1.4351432060709886,13.5,0.8750011337663709,-2.6911932273253845,397.51630186256284,0.0,-3.0,2.321414378998678e-06,199.99999999999997,0.0,0.0,0.0,0.0,0.0,199.99999999999997,250.0,0.7999999999999999,0.27,153.75508069992063,53.99999999999999,12.0,87.75508069992063,0.0,0.38506971301258275,0.0,9.285657515994711e-08,397.51630186256284,13.080557611244087,13.080557704100663,0.6115947179753701,1.6350697130125829,8.0,327.0139402811021,327.0139426025165,199.99999999999997,127.01394260251655,-1.1102230246251565e-16,0.0,1.0,0.6115947179753701,1,2
,5,,2,2024-09-20T20:00:00,ippo,H02,1,1,4,0.4400271773338318,2.5159342168589943e-16,0.6637699714014463,185.14639997372933,170.14639997372933,6.289835542147485e-15,200.0,0.0,0.0,0.0,0.0,0.0,0.95,200.0,250.0,0.8,0.27,88.00543546676636,54.0,12.0,22.005435466766357,9.696795334847572,9.696795334847572,1.2713373370496455,13.5,0.8750011337663709,-2.6911932273253845,397.51630186256284,0.0,-3.0,6.289835542147485e-15,200.0,0.0,0.0,0.0,0.0,0.0,200.0,250.0,0.8,0.27,88.00543546676636,54.0,12.0,22.005435466766357,0.0,2.835773332895489,0.0,2.5159342168589943e-16,397.51630186256284,32.68618666316391,32.68618666316391,0.24475170757730808,4.085773332895489,8.0,817.1546665790977,817.1546665790977,200.0,617.1546665790977,0.0,0.0,1.0,0.24475170757730808,1,2
,5,,2,2024-09-20T20:00:00,ippo,H03,2,2,4,0.6281473636627197,6.279403956500606,0.6637699714014463,0.0,0.0,156.98509891251513,156.98509891251513,0.0,0.0,0.0,0.0,0.0,0.95,156.98509891251513,350.0,0.4485288540357575,0.27,98.60977601622767,42.38597670637909,9.41910593475091,46.80469337509767,10.563252866756418,10.563252866756418,1.9782000299270075,13.5,0.8750011337663709,-2.6911932273253845,397.51630186256284,0.0,-3.0,156.98509891251513,156.98509891251513,0.0,0.0,0.0,0.0,0.0,156.98509891251513,350.0,0.4485288540357575,0.27,98.60977601622767,42.38597670637909,9.41910593475091,46.80469337509767,0.0,0.0,0.0,6.279403956500606,397.51630186256284,0.0,6.279403956500606,1.0,0.5232836630417171,6.279403956500606,0.0,156.98509891251513,156.98509891251513,0.0,0.0,0.0,1.0,1.0,1,2
,5,,2,2024-09-20T20:00:00,ippo,H04,3,3,4,0.3942899703979492,9.354450851251963e-11,0.6637699714014463,107.16697915358608,92.16697915358608,2.3386127128129906e-09,200.0,0.0,0.0,0.0,0.0,0.0,0.95,200.0,250.0,0.8,0.27,78.85799407958984,54.0,12.0,12.857994079589844,13.808228513619312,13.808228513619312,4.957725282133242,13.5,0.8750011337663709,-2.6911932273253845,397.51630186256284,0.0,-3.0,2.3386127128129906e-09,200.0,0.0,0.0,0.0,0.0,0.0,200.0,250.0,0.8,0.27,78.85799407958984,54.0,12.0,12.857994079589844,0.0,1.5361163192264347,0.0,9.354450851251963e-11,397.51630186256284,22.288930553717933,22.288930553811475,0.35892255937025996,2.7861163192264344,8.0,557.2232638429482,557.2232638452869,200.0,357.22326384528685,2.220446049250313e-16,0.0,1.0,0.35892255937025996,1,2
,5,,2,2024-09-20T20:00:00,ippo,H05,4,4,4,0.7881414294242859,0.2493324250399949,0.6637699714014463,0.0,0.0,6.233310625999873,6.233310625999873,0.0,0.0,0.0,0.0,0.0,0.95,6.233310625999873,500.0,0.012466621251999745,0.27,4.91273034682113,1.6829938690199657,0.37399863755999235,2.8557378402411717,16.40837148483335,16.40837148483335,7.447035283568618,13.5,0.8750011337663709,-2.6911932273253845,397.51630186256284,0.0,-3.0,6.233310625999873,6.233310625999873,0.0,0.0,0.0,0.0,0.0,6.233310625999873,500.0,0.012466621251999745,0.27,4.91273034682113,1.6829938690199657,0.37399863755999235,2.8557378402411717,0.0,0.0,0.0,0.2493324250399949,397.51630186256284,0.0,0.2493324250399949,1.0,0.01558327656499968,0.2493324250399949,0.0,6.233310625999873,6.233310625999873,0.0,0.0,0.0,1.0,1.0,1,2
,5,,2,2024-09-20T20:00:00,ippo,H06,5,5,4,0.6093614101409912,5.2347107263284505,0.6637699714014463,0.0,0.0,130.86776815821128,130.86776815821128,0.0,0.0,0.0,0.0,0.0,0.95,130.86776815821128,700.0,0.18695395451173039,0.27,79.74576774689193,35.33429740271705,7.852066089492675,36.55940425468221,13.084911926376662,13.084911926376662,4.632973909711942,13.5,0.8750011337663709,-2.6911932273253845,397.51630186256284,0.0,-3.0,130.86776815821128,130.86776815821128,0.0,0.0,0.0,0.0,0.0,130.86776815821128,700.0,0.18695395451173039,0.27,79.74576774689193,35.33429740271705,7.852066089492675,36.55940425468221,0.0,0.0,0.0,5.2347107263284505,397.51630186256284,0.0,5.2347107263284505,1.0,0.32716942039552815,5.2347107263284505,0.0,130.86776815821128,130.86776815821128,0.0,0.0,0.0,1.0,1.0,1,2
,5,,2,2024-09-20T20:00:00,ippo,H07,6,6,4,0.6556570529937744,0.13405235757841746,0.6637699714014463,0.0,0.0,3.351308939460437,109.60393969519427,0.0,0.0,0.0,0.0,0.0,0.95,109.60393969519427,350.0,0.3131541134148408,0.27,71.86259609705844,29.593063717702456,6.576236381711661,35.69329599764433,10.367054854826545,10.367054854826545,1.7545515063171302,13.5,0.8750011337663709,-2.6911932273253845,397.51630186256284,0.0,-3.0,3.351308939460437,109.60393969519427,0.0,0.0,0.0,0.0,0.0,109.60393969519427,350.0,0.3131541134148408,0.27,71.86259609705844,29.593063717702456,6.576236381711661,35.69329599764433,0.0,0.0,0.0,0.13405235757841746,397.51630186256284,4.250105230229357,4.384157587807774,1.0,0.3653464656506478,4.384157587807774,106.25263075573383,109.60393969519427,109.60393969519427,0.0,0.0,0.0,1.0,1.0,1,2
,5,,2,2024-09-20T20:00:00,ippo,H08,7,7,4,0.7124616503715515,3.5622453119660075e-09,0.6637699714014463,62.900250389480284,47.900250389480284,8.905613279915019e-08,400.0000000000001,0.0,0.0,0.0,0.0,0.0,0.95,400.0000000000001,500.0,0.8000000000000003,0.27,284.98466014862066,108.00000000000004,24.0,152.9846601486206,9.591120583613007,9.591120583613007,1.2549828701516401,13.5,0.8750011337663709,-2.6911932273253845,397.51630186256284,0.0,-3.0,8.905613279915019e-08,400.0000000000001,0.0,0.0,0.0,0.0,0.0,400.0000000000001,500.0,0.8000000000000003,0.27,284.98466014862066,108.00000000000004,24.0,152.9846601486206,0.0,0.7983375064913381,0.0,3.5622453119660075e-09,397.51630186256284,32.77340010029916,32.773400103861405,0.48820079544065553,2.048337506491338,16.0,819.3350025074792,819.3350025965353,400.0000000000001,419.3350025965352,2.220446049250313e-16,0.0,1.0,0.48820079544065553,1,2
,5,,2,2024-09-20T21:00:00,ippo,H01,0,0,5,0.4194906949996948,0.011756026787054376,0.0404724804310148,0.0,0.0,0.29390066967635936,127.30784327219291,0.0,0.0,0.0,0.0,100.0,0.42368421052631583,27.307843272192912,250.0,0.10923137308877165,0.2,53.404455653164426,8.461568654438583,7.638470596331574,37.30441640239427,9.65514731827622,9.65514731827622,1.4114867209197577,13.5,0.25949437180739604,0.009592396400228154,400.25882271090427,1.4210854715202004e-14,-3.0,0.29390066967635936,127.30784327219291,0.0,0.0,0.0,0.0,100.0,27.307843272192912,250.0,0.10923137308877165,0.2,53.404455653164426,8.461568654438583,7.638470596331574,37.30441640239427,1.4210854715202004e-14,0.0,0.0,0.011756026787054376,400.25882271090427,5.080557704100662,5.092313730887716,1.0,0.6365392163609646,5.092313730887716,127.01394260251655,127.30784327219291,127.30784327219291,0.0,0.0,0.0,1.0,1.0,1,2
,5,,2,2024-09-20T21:00:00,ippo,H02,1,1,5,0.28060802817344666,2.344703787813703e-12,0.0404724804310148,125.1463999737469,110.1463999737469,5.861759469534258e-11,200.0,0.0,0.0,0.0,0.0,100.0,0.42368421052631583,100.0,250.0,0.4,0.2,56.12160563468933,23.0,12.0,21.12160563468933,9.638818584967757,9.638818584967757,1.2375753821460438,13.5,0.25949437180739604,0.009592396400228154,400.25882271090427,1.4210854715202004e-14,-3.0,5.861759469534258e-11,200.0,0.0,0.0,0.0,0.0,100.0,100.0,250.0,0.4,0.2,56.12160563468933,23.0,12.0,21.12160563468933,1.4210854715202004e-14,1.8357733328957815,0.0,2.344703787813703e-12,400.25882271090427,24.68618666316391,24.686186663166254,0.32406787282122573,3.0857733328957817,8.0,617.1546665790977,617.1546665791564,200.0,417.15466657915636,0.0,0.0,1.0,0.32406787282122573,1,2
,5,,2,2024-09-20T21:00:00,ippo,H03,2,2,5,0.5658489465713501,0.7694295817369072,0.0404724804310148,0.0,0.0,19.23573954342268,19.23573954342268,0.0,0.0,0.0,0.0,19.23573954342268,0.8825061770406222,0.0,350.0,0.0,0.2,10.884522957166586,0.5770721863026804,1.1541443726053608,9.153306398258545,10.524456312943787,10.524456312943787,1.9694043525449472,13.5,0.25949437180739604,0.009592396400228154,400.25882271090427,1.4210854715202004e-14,-3.0,19.23573954342268,19.23573954342268,0.0,0.0,0.0,0.0,19.23573954342268,0.0,350.0,0.0,0.2,10.884522957166586,0.5770721863026804,1.1541443726053608,9.153306398258545,1.4210854715202004e-14,0.0,0.0,0.7694295817369072,400.25882271090427,0.0,0.7694295817369072,1.0,0.06411913181140894,0.7694295817369072,0.0,19.23573954342268,19.23573954342268,0.0,0.0,0.0,1.0,1.0,1,2
,5,,2,2024-09-20T21:00:00,ippo,H04,3,3,5,0.3636530339717865,1.458782954008159e-07,0.0404724804310148,47.166980247673294,32.166980247673294,3.6469573850203973e-06,199.99999999999997,0.0,0.0,0.0,0.0,100.0,0.5289473684210527,99.99999999999997,250.0,0.3999999999999999,0.2,72.73060679435729,22.999999999999996,12.0,37.730606794357286,13.845651388287985,13.845651388287985,5.033139324359424,13.5,0.25949437180739604,0.009592396400228154,400.25882271090427,2.842170943040401e-14,-3.0,3.6469573850203973e-06,199.99999999999997,0.0,0.0,0.0,0.0,100.0,99.99999999999997,250.0,0.3999999999999999,0.2,72.73060679435729,22.999999999999996,12.0,37.730606794357286,2.842170943040401e-14,0.5361163374612216,0.0,1.458782954008159e-07,400.25882271090427,14.288930553811477,14.288930699689773,0.5598739449533259,1.7861163374612217,8.0,357.22326384528685,357.22326749224425,199.99999999999997,157.22326749224428,-1.1102230246251565e-16,0.0,1.0,0.5598739449533259,1,2
,5,,2,2024-09-20T21:00:00,ippo,H05,4,4,5,0.7264631986618042,0.02949682286180086,0.0404724804310148,0.0,0.0,0.7374205715450215,0.7374205715450215,0.0,0.0,0.0,0.0,0.7374205715450215,0.9484475356388526,0.0,500.0,0.0,0.2,0.5357089071636122,0.022122617146350644,0.04424523429270129,0.46934105572456025,16.545527492968553,16.545527492968553,7.629331769222068,13.5,0.25949437180739604,0.009592396400228154,400.25882271090427,2.0872192862952943e-14,-3.0,0.7374205715450215,0.7374205715450215,0.0,0.0,0.0,0.0,0.7374205715450215,0.0,500.0,0.0,0.2,0.5357089071636122,0.022122617146350644,0.04424523429270129,0.46934105572456025,2.0872192862952943e-14,0.0,0.0,0.02949682286180086,400.25882271090427,0.0,0.02949682286180086,1.0,0.0018435514288625537,0.02949682286180086,0.0,0.7374205715450215,0.7374205715450215,0.0,0.0,0.0,1.0,1.0,1,2
,5,,2,2024-09-20T21:00:00,ippo,H06,5,5,5,0.48436421155929565,1.5078585727307896,0.0404724804310148,0.0,0.0,37.69646431826975,37.69646431826975,0.0,0.0,0.0,0.0,37.69646431826975,0.883865852073211,0.0,700.0,0.0,0.2,18.258818218091847,1.1308939295480924,2.2617878590961844,14.866136429447568,13.086653689426411,13.086653689426411,4.66224082698278,13.5,0.25949437180739604,0.009592396400228154,400.25882271090427,4.973799150320701e-14,-3.0,37.69646431826975,37.69646431826975,0.0,0.0,0.0,0.0,37.69646431826975,0.0,700.0,0.0,0.2,18.258818218091847,1.1308939295480924,2.2617878590961844,14.866136429447568,4.973799150320701e-14,0.0,0.0,1.5078585727307896,400.25882271090427,0.0,1.5078585727307896,1.0,0.09424116079567435,1.5078585727307896,0.0,37.69646431826975,37.69646431826975,0.0,0.0,0.0,1.0,1.0,1,2
,5,,2,2024-09-20T21:00:00,ippo,H07,6,6,5,0.3108065128326416,26.467282262804112,0.0404724804310148,72.33641131402055,57.33641131402055,661.6820565701028,299.99999999999994,0.0,0.0,0.0,0.0,150.0,0.4236842105263158,149.99999999999994,350.0,0.42857142857142844,0.2,93.24195384979247,34.499999999999986,18.0,40.74195384979248,10.366865222116745,10.366865222116745,1.791021530977046,13.5,0.25949437180739604,0.009592396400228154,400.25882271090427,0.0,-3.0,661.6820565701028,299.99999999999994,0.0,0.0,0.0,0.0,150.0,149.99999999999994,350.0,0.42857142857142844,0.2,93.24195384979247,34.499999999999986,18.0,40.74195384979248,0.0,0.9556068552336758,0.0,26.467282262804112,400.25882271090427,0.0,26.467282262804112,0.45338995824532546,2.205606855233676,12.0,0.0,661.6820565701028,299.99999999999994,361.6820565701028,0.0,0.0,1.0,0.45338995824532546,1,2
,5,,2,2024-09-20T21:00:00,ippo,H08,7,7,5,0.7509286403656006,2.174268248423604e-06,0.0404724804310148,2.9002585429862138,0.0,5.43567062105901e-05,399.99999999999994,0.0,0.0,0.0,0.0,250.0,0.42368421052631583,149.99999999999994,500.0,0.2999999999999999,0.2,300.3714561462402,37.499999999999986,24.0,238.87145614624018,9.56224999544171,9.56224999544171,1.2530041377464838,13.5,0.25949437180739604,0.009592396400228154,400.25882271090427,5.684341886080802e-14,-3.0,5.43567062105901e-05,399.99999999999994,0.0,0.0,0.0,0.0,250.0,149.99999999999994,500.0,0.2999999999999999,0.2,300.3714561462402,37.499999999999986,24.0,238.87145614624018,5.684341886080802e-14,0.0,0.0,2.174268248423604e-06,400.25882271090427,16.77340010386141,16.77340227812966,0.9538911506857451,1.0483376423831037,16.0,419.3350025965352,419.3350569532414,399.99999999999994,19.335056953241462,-1.1102230246251565e-16,0.0,1.0,0.9538911506857451,1,2
,5,,3,2024-09-20T16:00:00,ippo,H01,0,0,0,0.7657789587974548,0.04092729695779652,0.011881516364577198,0.0,0.0,1.023182423944913,1.023182423944913,0.0,44.0,1.023182423944913,84.21052631578947,0.0,0.95,41.233708739734375,250.0,0.1649348349589375,0.16,0.7835315712683915,6.8173933983575,0.06139094543669478,-6.095252772525803,10.309058020526434,10.309058020526434,1.7828316406763187,13.5,0.09352680154735403,-2.409174753882395,49.301988855132095,0.0,-3.0,1.023182423944913,1.023182423944913,0.0,44.0,1.023182423944913,84.21052631578947,0.0,41.233708739734375,250.0,0.1649348349589375,0.16,0.7835315712683915,6.8173933983575,0.06139094543669478,-6.095252772525803,0.0,0.0,0.0,0.04092729695779652,49.301988855132095,0.0,0.04092729695779652,1.0,0.005115912119724565,0.04092729695779652,0.0,1.023182423944913,1.023182423944913,0.0,0.0,0.0,1.0,1.0,2,3
,5,,3,2024-09-20T16:00:00,ippo,H02,1,1,0,0.5465770959854126,0.8549862609753656,0.011881516364577198,0.0,0.0,21.374656524384143,21.374656524384143,0.0,33.0,21.374656524384143,94.73684210526315,0.0,0.95,83.1114986296473,250.0,0.3324459945185892,0.16,11.682897690783538,13.462839780743568,1.2824793914630483,-3.062421481423079,10.248051896568283,10.248051896568283,1.5850954260239543,13.5,0.09352680154735403,-2.409174753882395,49.301988855132095,1.4210854715202004e-14,-3.0,21.374656524384143,21.374656524384143,0.0,33.0,21.374656524384143,94.73684210526315,0.0,83.1114986296473,250.0,0.3324459945185892,0.16,11.682897690783538,13.462839780743568,1.2824793914630483,-3.062421481423079,1.4210854715202004e-14,0.0,0.0,0.8549862609753656,49.301988855132095,0.0,0.8549862609753656,1.0,0.1068732826219207,0.8549862609753656,0.0,21.374656524384143,21.374656524384143,0.0,0.0,0.0,1.0,1.0,2,3
,5,,3,2024-09-20T16:00:00,ippo,H03,2,2,0,0.3546460270881653,11.847890709455497,0.011881516364577198,0.0,0.0,296.1972677363874,296.1972677363874,0.0,33.0,0.0,86.8027322636126,0.0,0.8748753188347732,350.0,350.0,1.0,0.16,105.0451842370794,56.165,17.771836064183244,31.108348172896154,10.596793319963451,10.596793319963451,1.7663707036895167,13.5,0.09352680154735403,-2.409174753882395,49.301988855132095,1.4210854715202004e-14,-3.0,296.1972677363874,296.1972677363874,0.0,33.0,0.0,86.8027322636126,0.0,350.0,350.0,1.0,0.16,105.0451842370794,56.165,17.771836064183244,31.108348172896154,1.4210854715202004e-14,0.0,0.0,11.847890709455497,49.301988855132095,0.0,11.847890709455497,1.0,0.9873242257879581,11.847890709455497,0.0,296.1972677363874,296.1972677363874,0.0,0.0,0.0,1.0,1.0,2,3
,5,,3,2024-09-20T16:00:00,ippo,H04,3,3,0,0.4275822043418884,2.7317683119397826,0.011881516364577198,0.0,0.0,68.29420779849457,68.29420779849457,0.0,44.0,44.0,78.94736842105263,0.0,0.95,103.2415762195472,250.0,0.4129663048781888,0.16,29.201387914263293,16.73865219512755,4.097652467909674,8.36508325122607,13.272969041297843,13.272969041297843,4.172662462128138,13.5,0.09352680154735403,-2.409174753882395,49.301988855132095,0.0,-3.0,68.29420779849457,68.29420779849457,0.0,44.0,44.0,78.94736842105263,0.0,103.2415762195472,250.0,0.4129663048781888,0.16,29.201387914263293,16.73865219512755,4.097652467909674,8.36508325122607,0.0,0.0,0.0,2.7317683119397826,49.301988855132095,0.0,2.7317683119397826,1.0,0.34147103899247283,2.7317683119397826,0.0,68.29420779849457,68.29420779849457,0.0,0.0,0.0,1.0,1.0,2,3
,5,,3,2024-09-20T16:00:00,ippo,H05,4,4,0,0.7754154801368713,0.015180261281852132,0.011881516364577198,0.0,0.0,0.3795065320463033,0.3795065320463033,0.0,82.5,0.0,131.57894736842104,0.0,0.95,49.45845390046736,500.0,0.09891690780093472,0.16,0.29427523976176323,8.325852624074779,0.0227703919227782,-8.054347776235794,15.517468360367442,15.517468360367442,6.268776945029651,13.5,0.09352680154735403,-2.409174753882395,49.301988855132095,1.4210854715202004e-14,-3.0,0.3795065320463033,0.3795065320463033,0.0,82.5,0.0,131.57894736842104,0.0,49.45845390046736,500.0,0.09891690780093472,0.16,0.29427523976176323,8.325852624074779,0.0227703919227782,-8.054347776235794,1.4210854715202004e-14,0.0,0.0,0.015180261281852132,49.301988855132095,0.0,0.015180261281852132,1.0,0.0009487663301157583,0.015180261281852132,0.0,0.3795065320463033,0.3795065320463033,0.0,0.0,0.0,1.0,1.0,2,3
,5,,3,2024-09-20T16:00:00,ippo,H06,5,5,0,0.748315155506134,0.03322444317976994,0.011881516364577198,0.0,0.0,0.8306110794942485,0.8306110794942485,0.0,110.0,0.0,126.31578947368422,0.0,0.95,17.14640055317846,700.0,0.024494857933112086,0.16,0.6215588591168564,3.2934240885085533,0.04983666476965491,-2.721701894161352,13.328349248308434,13.328349248308434,4.581393943945893,13.5,0.09352680154735403,-2.409174753882395,49.301988855132095,0.0,-3.0,0.8306110794942485,0.8306110794942485,0.0,110.0,0.0,126.31578947368422,0.0,17.14640055317846,700.0,0.024494857933112086,0.16,0.6215588591168564,3.2934240885085533,0.04983666476965491,-2.721701894161352,0.0,0.0,0.0,0.03322444317976994,49.301988855132095,0.0,0.03322444317976994,1.0,0.0020765276987356213,0.03322444317976994,0.0,0.8306110794942485,0.8306110794942485,0.0,0.0,0.0,1.0,1.0,2,3
,5,,3,2024-09-20T16:00:00,ippo,H07,6,6,0,0.3115623891353607,23.071110712856896,0.011881516364577198,55.35555356428448,40.35555356428448,576.7777678214223,299.99999999999994,0.0,27.5,27.5,77.50000000000006,0.0,0.7954166666666669,350.0,350.0,1.0,0.16,93.4687167406082,56.1375,18.0,19.3312167406082,10.20188288148792,10.20188288148792,1.3011324135437459,13.5,0.09352680154735403,-2.409174753882395,49.301988855132095,0.0,-3.0,576.7777678214223,299.99999999999994,0.0,27.5,27.5,77.50000000000006,0.0,350.0,350.0,1.0,0.16,93.4687167406082,56.1375,18.0,19.3312167406082,0.0,0.6725925594047413,0.0,23.071110712856896,49.301988855132095,0.0,23.071110712856896,0.5201310049330538,1.9225925594047413,12.0,0.0,576.7777678214223,299.99999999999994,276.7777678214224,0.0,0.0,1.0,0.5201310049330538,2,3
,5,,3,2024-09-20T16:00:00,ippo,H08,7,7,0,0.26034674048423767,47.934447615307015,0.011881516364577198,119.7541785574013,104.7541785574013,1198.3611903826757,400.00000000000006,0.0,99.0,0.0,131.57894736842104,0.0,0.95,432.5789473684211,500.0,0.8651578947368422,0.16,104.13869619369508,69.70763157894739,23.999999999999996,10.4310646147477,9.93073176844496,9.93073176844496,1.3067164985717774,13.5,0.09352680154735403,-2.409174753882395,49.301988855132095,1.4210854715202004e-14,-3.0,1198.3611903826757,400.00000000000006,0.0,99.0,0.0,131.57894736842104,0.0,432.5789473684211,500.0,0.8651578947368422,0.16,104.13869619369508,69.70763157894739,23.999999999999996,10.4310646147477,1.4210854715202004e-14,1.7459029759566884,0.0,47.934447615307015,49.301988855132095,0.0,47.934447615307015,0.3337891807663323,2.9959029759566884,15.999999999999998,0.0,1198.3611903826757,400.00000000000006,798.3611903826757,0.0,0.0,1.0,0.3337891807663323,2,3
,5,,3,2024-09-20T17:00:00,ippo,H01,0,0,1,0.27036190032958984,88.92466925491861,0.02420163548719153,606.9350194118896,591.9350194118896,2223.116731372965,200.0,0.0,28.0,28.0,0.0,0.0,0.95,172.0,250.0,0.688,0.22,54.07238006591797,37.980000000000004,12.0,4.092380065917965,10.31106290823302,10.31106290823302,1.878237352485899,13.5,0.16883755431039751,-10.99902547469131,173.47584853685612,0.0,-3.0,2223.116731372965,200.0,0.0,28.0,28.0,0.0,0.0,172.0,250.0,0.688,0.22,54.07238006591797,37.980000000000004,12.0,4.092380065917965,0.0,9.865583656864827,0.0,88.92466925491861,173.47584853685612,0.0,88.92466925491861,0.08996378695619948,11.115583656864827,8.0,0.0,2223.116731372965,200.0,2023.1167313729652,0.0,0.0,1.0,0.08996378695619948,2,3
,5,,3,2024-09-20T17:00:00,ippo,H02,1,1,1,0.7114226818084717,0.21033695242172623,0.02420163548719153,0.0,0.0,5.258423810543156,5.258423810543156,0.0,5.258423810543156,5.258423810543156,0.0,0.0,0.95,0.0,250.0,0.0,0.22,3.7409619693821345,0.02629211905271578,0.31550542863258935,3.3991644216968293,10.334380609790319,10.334380609790319,1.7401901196180338,13.5,0.16883755431039751,-10.99902547469131,173.47584853685612,0.0,-3.0,5.258423810543156,5.258423810543156,0.0,5.258423810543156,5.258423810543156,0.0,0.0,0.0,250.0,0.0,0.22,3.7409619693821345,0.02629211905271578,0.31550542863258935,3.3991644216968293,0.0,0.0,0.0,0.21033695242172623,173.47584853685612,0.0,0.21033695242172623,1.0,0.02629211905271578,0.21033695242172623,0.0,5.258423810543156,5.258423810543156,0.0,0.0,0.0,1.0,1.0,2,3
,5,,3,2024-09-20T17:00:00,ippo,H03,2,2,1,0.42712414264678955,10.894599988224043,0.02420163548719153,0.0,0.0,272.36499970560106,272.36499970560106,0.0,21.0,21.0,23.723583525861077,0.0,0.95,275.08858323146217,350.0,0.7859673806613204,0.22,116.33366698624795,60.62448831092168,16.341899982336063,39.36727869299021,10.391978258976303,10.391978258976303,1.6566687954986572,13.5,0.16883755431039751,-10.99902547469131,173.47584853685612,0.0,-3.0,272.36499970560106,272.36499970560106,0.0,21.0,21.0,23.723583525861077,0.0,275.08858323146217,350.0,0.7859673806613204,0.22,116.33366698624795,60.62448831092168,16.341899982336063,39.36727869299021,0.0,0.0,0.0,10.894599988224043,173.47584853685612,0.0,10.894599988224043,1.0,0.9078833323520036,10.894599988224043,0.0,272.36499970560106,272.36499970560106,0.0,0.0,0.0,1.0,1.0,2,3
,5,,3,2024-09-20T17:00:00,ippo,H04,3,3,1,0.6160368919372559,0.5033951684763479,0.02420163548719153,0.0,0.0,12.5848792119087,12.5848792119087,0.0,12.5848792119087,12.5848792119087,0.0,0.0,0.95,0.0,250.0,0.0,0.22,7.752749875110017,0.0629243960595435,0.7550927527145219,6.934732726335952,13.1336364914797,13.1336364914797,4.1881359052826665,13.5,0.16883755431039751,-10.99902547469131,173.47584853685612,0.0,-3.0,12.5848792119087,12.5848792119087,0.0,12.5848792119087,12.5848792119087,0.0,0.0,0.0,250.0,0.0,0.22,7.752749875110017,0.0629243960595435,0.7550927527145219,6.934732726335952,0.0,0.0,0.0,0.5033951684763479,173.47584853685612,0.0,0.5033951684763479,1.0,0.06292439605954349,0.5033951684763479,0.0,12.5848792119087,12.5848792119087,0.0,0.0,0.0,1.0,1.0,2,3
,5,,3,2024-09-20T17:00:00,ippo,H05,4,4,1,0.7374626994132996,0.05897248715107892,0.02420163548719153,0.0,0.0,1.474312178776973,1.474312178776973,0.0,1.474312178776973,1.474312178776973,0.0,0.0,0.95,0.0,500.0,0.0,0.22,1.0872502391387697,0.0073715608938848655,0.08845873072661838,0.9914199475182665,15.866476807744633,15.866476807744633,6.795297344376301,13.5,0.16883755431039751,-10.99902547469131,173.47584853685612,0.0,-3.0,1.474312178776973,1.474312178776973,0.0,1.474312178776973,1.474312178776973,0.0,0.0,0.0,500.0,0.0,0.22,1.0872502391387697,0.0073715608938848655,0.08845873072661838,0.9914199475182665,0.0,0.0,0.0,0.05897248715107892,173.47584853685612,0.0,0.05897248715107892,1.0,0.0036857804469424323,0.05897248715107892,0.0,1.474312178776973,1.474312178776973,0.0,0.0,0.0,1.0,1.0,2,3
,5,,3,2024-09-20T17:00:00,ippo,H06,5,5,1,0.5940690040588379,0.6896547848047311,0.02420163548719153,0.0,0.0,17.241369620118277,17.241369620118277,0.0,17.241369620118277,17.241369620118277,0.0,0.0,0.95,0.0,700.0,0.0,0.22,10.24256327883397,0.08620684810059139,1.0344821772070967,9.121874253526283,13.146042963252029,13.146042963252029,4.546330540228772,13.5,0.16883755431039751,-10.99902547469131,173.47584853685612,0.0,-3.0,17.241369620118277,17.241369620118277,0.0,17.241369620118277,17.241369620118277,0.0,0.0,0.0,700.0,0.0,0.22,10.24256327883397,0.08620684810059139,1.0344821772070967,9.121874253526283,0.0,0.0,0.0,0.6896547848047311,173.47584853685612,0.0,0.6896547848047311,1.0,0.04310342405029569,0.6896547848047311,0.0,17.241369620118277,17.241369620118277,0.0,0.0,0.0,1.0,1.0,2,3
,5,,3,2024-09-20T17:00:00,ippo,H07,6,6,1,0.30899909138679504,0.006241591445592481,0.02420163548719153,0.0,0.0,0.156039786139812,276.9338076075622,0.0,17.5,17.5,48.815789473684156,0.0,0.95,308.24959708124635,350.0,0.8807131345178467,0.22,85.57229492502222,67.9024113578742,16.616028456453733,1.0538551106942862,10.175979310608549,10.175979310608549,1.3985886784374515,13.5,0.16883755431039751,-10.99902547469131,173.47584853685612,0.0,-3.0,0.156039786139812,276.9338076075622,0.0,17.5,17.5,48.815789473684156,0.0,308.24959708124635,350.0,0.8807131345178467,0.22,85.57229492502222,67.9024113578742,16.616028456453733,1.0538551106942862,0.0,0.0,0.0,0.006241591445592481,173.47584853685612,11.071110712856896,11.077352304302488,1.0,0.9231126920252074,11.077352304302488,276.7777678214224,276.9338076075622,276.9338076075622,0.0,0.0,0.0,1.0,1.0,2,3
,5,,3,2024-09-20T17:00:00,ippo,H08,7,7,1,0.5174253582954407,8.987378694797179e-09,0.02420163548719153,59.75417859110397,44.75417859110397,2.2468446736992947e-07,400.00000000000017,0.0,63.0,63.0,0.0,0.0,0.95,337.00000000000017,500.0,0.6740000000000004,0.22,206.97014331817635,74.45500000000004,24.0,108.51514331817631,9.845031174589689,9.845031174589689,1.3288202485760447,13.5,0.16883755431039751,-10.99902547469131,173.47584853685612,0.0,-3.0,2.2468446736992947e-07,400.00000000000017,0.0,63.0,63.0,0.0,0.0,337.00000000000017,500.0,0.6740000000000004,0.22,206.97014331817635,74.45500000000004,24.0,108.51514331817631,0.0,0.7459029765183995,0.0,8.987378694797179e-09,173.47584853685612,31.934447615307015,31.934447624294393,0.5010263583775869,1.9959029765183995,16.0,798.3611903826757,798.3611906073601,400.00000000000017,398.3611906073599,0.0,0.0,1.0,0.5010263583775869,2,3
,5,,3,2024-09-20T18:00:00,ippo,H01,0,0,2,0.5265697240829468,2.6008136434415967e-43,0.09058672120251528,546.9350194118896,531.9350194118896,6.502034108603993e-42,200.0,0.0,12.8,12.8,0.0,0.0,0.95,187.2,250.0,0.7487999999999999,0.3,105.31394481658936,56.224,12.0,37.08994481658936,9.742509983389175,9.742509983389175,1.4790029333737778,13.5,0.47595764585390726,-11.959007117009618,274.162741280392,0.0,-3.0,6.502034108603993e-42,200.0,0.0,12.8,12.8,0.0,0.0,187.2,250.0,0.7487999999999999,0.3,105.31394481658936,56.224,12.0,37.08994481658936,0.0,8.865583656864827,0.0,2.6008136434415967e-43,274.162741280392,80.92466925491861,80.92466925491861,0.09885737036254565,10.115583656864827,8.0,2023.1167313729652,2023.1167313729652,200.0,1823.1167313729652,0.0,0.0,1.0,0.09885737036254565,2,3
,5,,3,2024-09-20T18:00:00,ippo,H02,1,1,2,0.5183041095733643,9.035246426675853,0.09058672120251528,7.764348200068896,0.0,225.88116066689633,200.00000000000003,0.0,9.6,9.6,0.0,0.0,0.95,190.40000000000003,250.0,0.7616000000000002,0.3,103.66082191467287,57.16800000000001,12.0,34.49282191467285,9.851890785645898,9.851890785645898,1.405314308577122,13.5,0.47595764585390726,-11.959007117009618,274.162741280392,0.0,-3.0,225.88116066689633,200.00000000000003,0.0,9.6,9.6,0.0,0.0,190.40000000000003,250.0,0.7616000000000002,0.3,103.66082191467287,57.16800000000001,12.0,34.49282191467285,0.0,0.0,0.0,9.035246426675853,274.162741280392,0.0,9.035246426675853,0.8854213401839967,1.1294058033344816,8.0,0.0,225.88116066689633,200.00000000000003,25.881160666896307,0.0,0.0,1.0,0.8854213401839967,2,3
,5,,3,2024-09-20T18:00:00,ippo,H03,2,2,2,0.37894392013549805,55.61934141575745,0.09058672120251528,218.0967070787872,203.0967070787872,1390.4835353939359,299.99999999999994,0.0,9.6,9.6,0.0,0.0,0.95,290.3999999999999,350.0,0.8297142857142855,0.3,113.68317604064939,87.16799999999998,18.0,8.515176040649408,10.655553617445461,10.655553617445461,2.06265366357644,13.5,0.47595764585390726,-11.959007117009618,274.162741280392,0.0,-3.0,1390.4835353939359,299.99999999999994,0.0,9.6,9.6,0.0,0.0,290.3999999999999,350.0,0.8297142857142855,0.3,113.68317604064939,87.16799999999998,18.0,8.515176040649408,0.0,3.384945117979787,0.0,55.61934141575745,274.162741280392,0.0,55.61934141575745,0.21575228498840684,4.634945117979787,12.0,0.0,1390.4835353939359,299.99999999999994,1090.4835353939359,0.0,0.0,1.0,0.21575228498840684,2,3
,5,,3,2024-09-20T18:00:00,ippo,H04,3,3,2,0.6786817312240601,0.5266236828340439,0.09058672120251528,0.0,0.0,13.1655920708511,13.1655920708511,0.0,12.8,12.8,0.0,0.0,0.95,0.3655920708510987,250.0,0.0014623682834043947,0.3,8.935246819234981,0.1736776212553296,0.789935524251066,7.9716336737285864,13.762857119132635,13.762857119132635,4.9461104532396405,13.5,0.47595764585390726,-11.959007117009618,274.162741280392,0.0,-3.0,13.1655920708511,13.1655920708511,0.0,12.8,12.8,0.0,0.0,0.3655920708510987,250.0,0.0014623682834043947,0.3,8.935246819234981,0.1736776212553296,0.789935524251066,7.9716336737285864,0.0,0.0,0.0,0.5266236828340439,274.162741280392,0.0,0.5266236828340439,1.0,0.06582796035425549,0.5266236828340439,0.0,13.1655920708511,13.1655920708511,0.0,0.0,0.0,1.0,1.0,2,3
,5,,3,2024-09-20T18:00:00,ippo,H05,4,4,2,0.6519323587417603,0.47904082594161085,0.09058672120251528,0.0,0.0,11.97602064854027,11.97602064854027,0.0,11.97602064854027,11.97602064854027,0.0,0.0,0.95,0.0,500.0,0.0,0.3,7.807555389742884,0.059880103242701356,0.7185612389124163,7.0291140475877665,16.37954500759711,16.37954500759711,7.47244517395443,13.5,0.47595764585390726,-11.959007117009618,274.162741280392,0.0,-3.0,11.97602064854027,11.97602064854027,0.0,11.97602064854027,11.97602064854027,0.0,0.0,0.0,500.0,0.0,0.3,7.807555389742884,0.059880103242701356,0.7185612389124163,7.0291140475877665,0.0,0.0,0.0,0.47904082594161085,274.162741280392,0.0,0.47904082594161085,1.0,0.029940051621350678,0.47904082594161085,0.0,11.97602064854027,11.97602064854027,0.0,0.0,0.0,1.0,1.0,2,3
,5,,3,2024-09-20T18:00:00,ippo,H06,5,5,2,0.5614755153656006,3.093406448405896,0.09058672120251528,0.0,0.0,77.33516121014739,77.33516121014739,0.0,32.0,32.0,0.0,0.0,0.95,45.33516121014739,700.0,0.06476451601449627,0.3,43.42179949634931,13.760548363044217,4.640109672608844,25.02114146069625,12.837832659793548,12.837832659793548,4.435518429045494,13.5,0.47595764585390726,-11.959007117009618,274.162741280392,0.0,-3.0,77.33516121014739,77.33516121014739,0.0,32.0,32.0,0.0,0.0,45.33516121014739,700.0,0.06476451601449627,0.3,43.42179949634931,13.760548363044217,4.640109672608844,25.02114146069625,0.0,0.0,0.0,3.093406448405896,274.162741280392,0.0,3.093406448405896,1.0,0.1933379030253685,3.093406448405896,0.0,77.33516121014739,77.33516121014739,0.0,0.0,0.0,1.0,1.0,2,3
,5,,3,2024-09-20T18:00:00,ippo,H07,6,6,2,0.795204222202301,0.18892879254046968,0.09058672120251528,0.0,0.0,4.723219813511742,4.723219813511742,0.0,4.723219813511742,4.723219813511742,0.0,0.0,0.95,0.0,350.0,0.0,0.3,3.755924338094102,0.02361609906755871,0.2833931888107045,3.4489150502158386,10.452687632257462,10.452687632257462,1.84341086988753,13.5,0.47595764585390726,-11.959007117009618,274.162741280392,0.0,-3.0,4.723219813511742,4.723219813511742,0.0,4.723219813511742,4.723219813511742,0.0,0.0,0.0,350.0,0.0,0.3,3.755924338094102,0.02361609906755871,0.2833931888107045,3.4489150502158386,0.0,0.0,0.0,0.18892879254046968,274.162741280392,0.0,0.18892879254046968,1.0,0.01574406604503914,0.18892879254046968,0.0,4.723219813511742,4.723219813511742,0.0,0.0,0.0,1.0,1.0,2,3
,5,,3,2024-09-20T18:00:00,ippo,H08,7,7,2,0.7167056798934937,3.307348199573311e-05,0.09058672120251528,0.0,0.0,0.0008268370498933277,398.3620174444098,0.0,28.8,28.8,0.0,0.0,0.95,369.5620174444098,500.0,0.7391240348888195,0.3,285.5083205562395,111.01260523332293,23.901721046664584,150.59399427625198,9.5666828060951,9.5666828060951,1.237980719077968,13.5,0.47595764585390726,-11.959007117009618,274.162741280392,0.0,-3.0,0.0008268370498933277,398.3620174444098,0.0,28.8,28.8,0.0,0.0,369.5620174444098,500.0,0.7391240348888195,0.3,285.5083205562395,111.01260523332293,23.901721046664584,150.59399427625198,0.0,0.0,0.0,3.307348199573311e-05,274.162741280392,15.934447624294393,15.934480697776388,1.0,0.9959050436110243,15.934480697776388,398.3611906073599,398.3620174444098,398.3620174444098,0.0,0.0,0.0,1.0,1.0,2,3
,5,,3,2024-09-20T19:00:00,ippo,H01,0,0,3,0.6837592124938965,8.902000040616981e-41,0.020367944244459115,486.9350194118896,471.9350194118896,2.225500010154245e-39,199.99999999999997,0.0,3.2,3.2,0.0,0.0,0.95,196.79999999999998,250.0,0.7871999999999999,0.34,136.75184249877927,66.928,12.0,57.82384249877927,9.736117495125264,9.736117495125264,1.432623004303155,13.5,0.1478180512386788,-12.83773971541723,-27.02262088293152,0.0,-3.0,2.225500010154245e-39,199.99999999999997,0.0,3.2,3.2,0.0,0.0,196.79999999999998,250.0,0.7871999999999999,0.34,136.75184249877927,66.928,12.0,57.82384249877927,0.0,7.8655836568648265,0.0,8.902000040616981e-41,-27.02262088293152,72.92466925491861,72.92466925491861,0.10970224591673985,9.115583656864827,8.0,1823.1167313729652,1823.1167313729652,199.99999999999997,1623.1167313729652,0.0,0.0,1.0,0.10970224591673985,2,3
,5,,3,2024-09-20T19:00:00,ippo,H02,1,1,3,0.36732691526412964,3.088533273097764,0.020367944244459115,0.0,0.0,77.21333182744411,103.09449249434041,0.0,2.4,2.4,0.0,0.0,0.95,100.69449249434041,250.0,0.40277796997736165,0.34,37.86938190866703,34.24812744807574,6.185669549660425,-2.5644150890691364,9.608521954217927,9.608521954217927,1.1679600896935978,13.5,0.1478180512386788,-12.83773971541723,-27.02262088293152,0.0,-3.0,77.21333182744411,103.09449249434041,0.0,2.4,2.4,0.0,0.0,100.69449249434041,250.0,0.40277796997736165,0.34,37.86938190866703,34.24812744807574,6.185669549660425,-2.5644150890691364,0.0,0.0,0.0,3.088533273097764,-27.02262088293152,1.0352464266758528,4.123779699773617,1.0,0.5154724624717021,4.123779699773617,25.881160666896307,103.09449249434041,103.09449249434041,0.0,0.0,0.0,1.0,1.0,2,3
,5,,3,2024-09-20T19:00:00,ippo,H03,2,2,3,0.3673991560935974,2.376122471207406e-15,0.020367944244459115,158.0967070787872,143.0967070787872,5.940306178018514e-14,299.9999999999999,0.0,2.4,2.4,0.0,0.0,0.95,297.5999999999999,350.0,0.850285714285714,0.34,110.21974682807918,101.19599999999998,18.0,-8.976253171920803,10.419848436976583,10.419848436976583,1.8478215768811694,13.5,0.1478180512386788,-12.83773971541723,-27.02262088293152,0.0,-3.0,5.940306178018514e-14,299.9999999999999,0.0,2.4,2.4,0.0,0.0,297.5999999999999,350.0,0.850285714285714,0.34,110.21974682807918,101.19599999999998,18.0,-8.976253171920803,0.0,2.384945117979787,0.0,2.376122471207406e-15,-27.02262088293152,43.61934141575745,43.61934141575745,0.2751073173164648,3.6349451179797874,12.0,1090.4835353939359,1090.4835353939359,299.9999999999999,790.483535393936,0.0,0.0,1.0,0.2751073173164648,2,3
,5,,3,2024-09-20T19:00:00,ippo,H04,3,3,3,0.7272666096687317,0.04010222015138628,0.020367944244459115,0.0,0.0,1.0025555037846572,1.0025555037846572,0.0,1.0025555037846572,1.0025555037846572,0.0,0.0,0.95,0.0,250.0,0.0,0.34,0.7291251422421949,0.005012777518923286,0.060153330227079416,0.6639590344961923,13.764013151656238,13.764013151656238,4.963697365117603,13.5,0.1478180512386788,-12.83773971541723,-27.02262088293152,0.0,-3.0,1.0025555037846572,1.0025555037846572,0.0,1.0025555037846572,1.0025555037846572,0.0,0.0,0.0,250.0,0.0,0.34,0.7291251422421949,0.005012777518923286,0.060153330227079416,0.6639590344961923,0.0,0.0,0.0,0.04010222015138628,-27.02262088293152,0.0,0.04010222015138628,1.0,0.005012777518923285,0.04010222015138628,0.0,1.0025555037846572,1.0025555037846572,0.0,0.0,0.0,1.0,1.0,2,3
,5,,3,2024-09-20T19:00:00,ippo,H05,4,4,3,0.2881275415420532,10.163777181326354,0.020367944244459115,0.0,0.0,254.09442953315886,254.09442953315886,0.0,6.0,6.0,0.0,0.0,0.95,248.09442953315886,500.0,0.4961888590663177,0.34,73.21160330091955,84.38210604127401,15.245665771989533,-26.416168512343997,16.641203156299298,16.641203156299298,7.741131593361929,13.5,0.1478180512386788,-12.83773971541723,-27.02262088293152,0.0,-3.0,254.09442953315886,254.09442953315886,0.0,6.0,6.0,0.0,0.0,248.09442953315886,500.0,0.4961888590663177,0.34,73.21160330091955,84.38210604127401,15.245665771989533,-26.416168512343997,0.0,0.0,0.0,10.163777181326354,-27.02262088293152,0.0,10.163777181326354,1.0,0.6352360738328972,10.163777181326354,0.0,254.09442953315886,254.09442953315886,0.0,0.0,0.0,1.0,1.0,2,3
,5,,3,2024-09-20T19:00:00,ippo,H06,5,5,3,0.27107641100883484,23.558386356991726,0.020367944244459115,28.343948838718973,13.34394883871897,588.9596589247932,400.00000000000006,0.0,8.0,8.0,0.0,0.0,0.95,392.00000000000006,700.0,0.56,0.34,108.43056440353395,133.32000000000002,24.0,-48.88943559646607,13.186930090663505,13.186930090663505,4.707451771618207,13.5,0.1478180512386788,-12.83773971541723,-27.02262088293152,0.0,-3.0,588.9596589247932,400.00000000000006,0.0,8.0,8.0,0.0,0.0,392.00000000000006,700.0,0.56,0.34,108.43056440353395,133.32000000000002,24.0,-48.88943559646607,0.0,0.22239914731198285,0.0,23.558386356991726,-27.02262088293152,0.0,23.558386356991726,0.6791636641637586,1.4723991473119828,16.0,0.0,588.9596589247932,400.00000000000006,188.95965892479313,0.0,0.0,1.0,0.6791636641637586,2,3
,5,,3,2024-09-20T19:00:00,ippo,H07,6,6,3,0.4789797067642212,2.2181600037915774,0.020367944244459115,0.0,0.0,55.45400009478944,55.45400009478944,0.0,2.0,2.0,0.0,0.0,0.95,53.45400009478944,350.0,0.15272571455654127,0.34,26.56134070430534,18.184360032228412,3.327240005687366,5.049740666389563,10.337040925901867,10.337040925901867,1.746607989925724,13.5,0.1478180512386788,-12.83773971541723,-27.02262088293152,0.0,-3.0,55.45400009478944,55.45400009478944,0.0,2.0,2.0,0.0,0.0,53.45400009478944,350.0,0.15272571455654127,0.34,26.56134070430534,18.184360032228412,3.327240005687366,5.049740666389563,0.0,0.0,0.0,2.2181600037915774,-27.02262088293152,0.0,2.2181600037915774,1.0,0.18484666698263144,2.2181600037915774,0.0,55.45400009478944,55.45400009478944,0.0,0.0,0.0,1.0,1.0,2,3
,5,,3,2024-09-20T19:00:00,ippo,H08,7,7,3,0.3759113550186157,10.172246247193453,0.020367944244459115,0.0,0.0,254.3061561798363,254.3061561798363,0.0,7.2,7.2,0.0,0.0,0.95,247.10615617983632,500.0,0.4942123123596726,0.34,95.59657175913799,84.05209310114435,15.258369370790179,-3.713890712796543,9.619300010602428,9.619300010602428,1.2535076917442187,13.5,0.1478180512386788,-12.83773971541723,-27.02262088293152,0.0,-3.0,254.3061561798363,254.3061561798363,0.0,7.2,7.2,0.0,0.0,247.10615617983632,500.0,0.4942123123596726,0.34,95.59657175913799,84.05209310114435,15.258369370790179,-3.713890712796543,0.0,0.0,0.0,10.172246247193453,-27.02262088293152,0.0,10.172246247193453,1.0,0.6357653904495908,10.172246247193453,0.0,254.3061561798363,254.3061561798363,0.0,0.0,0.0,1.0,1.0,2,3
,5,,3,2024-09-20T20:00:00,ippo,H01,0,0,4,0.7051011323928833,2.63969195032796e-36,0.058883679587640424,426.9350194118896,411.9350194118896,6.5992298758199e-35,200.0,0.0,0.0,0.0,0.0,0.0,0.95,200.0,250.0,0.8,0.27,141.02022647857666,54.0,12.0,75.02022647857666,9.80882647787857,9.80882647787857,1.5514913951624878,13.5,0.3472869927635278,-9.94856185917437,180.933615128621,0.0,-3.0,6.5992298758199e-35,200.0,0.0,0.0,0.0,0.0,0.0,200.0,250.0,0.8,0.27,141.02022647857666,54.0,12.0,75.02022647857666,0.0,6.8655836568648265,0.0,2.63969195032796e-36,180.933615128621,64.92466925491861,64.92466925491861,0.12321972667413982,8.115583656864827,8.0,1623.1167313729652,1623.1167313729652,200.0,1423.1167313729652,0.0,0.0,1.0,0.12321972667413982,2,3
,5,,3,2024-09-20T20:00:00,ippo,H02,1,1,4,0.3645155727863312,22.381756537550896,0.058883679587640424,107.86317403163171,92.86317403163171,559.5439134387725,200.00000000000006,0.0,0.0,0.0,0.0,0.0,0.95,200.00000000000006,250.0,0.8000000000000003,0.27,72.90311455726625,54.00000000000002,12.0,6.903114557266228,9.902760122068267,9.902760122068267,1.4683351957835948,13.5,0.3472869927635278,-9.94856185917437,180.933615128621,0.0,-3.0,559.5439134387725,200.00000000000006,0.0,0.0,0.0,0.0,0.0,200.00000000000006,250.0,0.8000000000000003,0.27,72.90311455726625,54.00000000000002,12.0,6.903114557266228,0.0,1.547719567193862,0.0,22.381756537550896,180.933615128621,0.0,22.381756537550896,0.3574339657648422,2.797719567193862,8.0,0.0,559.5439134387725,200.00000000000006,359.54391343877245,0.0,0.0,1.0,0.3574339657648422,2,3
,5,,3,2024-09-20T20:00:00,ippo,H03,2,2,4,0.3364679217338562,1.4412030676829515e-10,0.058883679587640424,98.09670707950781,83.09670707950781,3.6030076692073787e-09,300.0,0.0,0.0,0.0,0.0,0.0,0.95,300.0,350.0,0.8571428571428571,0.27,100.94037652015686,81.0,18.0,1.9403765201568604,10.552091311247448,10.552091311247448,1.9474759773043973,13.5,0.3472869927635278,-9.94856185917437,180.933615128621,0.0,-3.0,3.6030076692073787e-09,300.0,0.0,0.0,0.0,0.0,0.0,300.0,350.0,0.8571428571428571,0.27,100.94037652015686,81.0,18.0,1.9403765201568604,0.0,1.3849451179917969,0.0,1.4412030676829515e-10,180.933615128621,31.619341415757443,31.619341415901562,0.3795145459280542,2.634945117991797,12.0,790.483535393936,790.483535397539,300.0,490.48353539753896,0.0,0.0,1.0,0.3795145459280542,2,3
,5,,3,2024-09-20T20:00:00,ippo,H04,3,3,4,0.40639495849609375,6.88665827910607,0.058883679587640424,0.0,0.0,172.16645697765176,172.16645697765176,0.0,0.0,0.0,0.0,0.0,0.95,172.16645697765176,250.0,0.688665827910607,0.27,69.9675801378523,46.48494338396598,10.329987418659105,13.152649335227213,13.621416967023691,13.621416967023691,4.7610513061726945,13.5,0.3472869927635278,-9.94856185917437,180.933615128621,0.0,-3.0,172.16645697765176,172.16645697765176,0.0,0.0,0.0,0.0,0.0,172.16645697765176,250.0,0.688665827910607,0.27,69.9675801378523,46.48494338396598,10.329987418659105,13.152649335227213,0.0,0.0,0.0,6.88665827910607,180.933615128621,0.0,6.88665827910607,1.0,0.8608322848882588,6.88665827910607,0.0,172.16645697765176,172.16645697765176,0.0,0.0,0.0,1.0,1.0,2,3
,5,,3,2024-09-20T20:00:00,ippo,H05,4,4,4,0.42008131742477417,3.593638638624049,0.058883679587640424,0.0,0.0,89.84096596560124,89.84096596560124,0.0,0.0,0.0,0.0,0.0,0.95,89.84096596560124,500.0,0.1796819319312025,0.27,37.74051134154407,24.257060810712336,5.390457957936073,8.092992572895662,16.25106471598687,16.25106471598687,7.2817601023197005,13.5,0.3472869927635278,-9.94856185917437,180.933615128621,0.0,-3.0,89.84096596560124,89.84096596560124,0.0,0.0,0.0,0.0,0.0,89.84096596560124,500.0,0.1796819319312025,0.27,37.74051134154407,24.257060810712336,5.390457957936073,8.092992572895662,0.0,0.0,0.0,3.593638638624049,180.933615128621,0.0,3.593638638624049,1.0,0.22460241491400307,3.593638638624049,0.0,89.84096596560124,89.84096596560124,0.0,0.0,0.0,1.0,1.0,2,3
,5,,3,2024-09-20T20:00:00,ippo,H06,5,5,4,0.7100174427032471,0.001099032820909948,0.058883679587640424,0.0,0.0,0.0274758205227487,188.98713474531587,0.0,0.0,0.0,0.0,0.0,0.95,188.98713474531587,700.0,0.26998162106473694,0.27,134.18416211568314,51.026526381235286,11.339228084718952,71.8184076497289,13.002578638952993,13.002578638952993,4.566449684571717,13.5,0.3472869927635278,-9.94856185917437,180.933615128621,0.0,-3.0,0.0274758205227487,188.98713474531587,0.0,0.0,0.0,0.0,0.0,188.98713474531587,700.0,0.26998162106473694,0.27,134.18416211568314,51.026526381235286,11.339228084718952,71.8184076497289,0.0,0.0,0.0,0.001099032820909948,180.933615128621,7.558386356991726,7.559485389812635,1.0,0.4724678368632897,7.559485389812635,188.95965892479313,188.98713474531587,188.98713474531587,0.0,0.0,0.0,1.0,1.0,2,3
,5,,3,2024-09-20T20:00:00,ippo,H07,6,6,4,0.6751142740249634,0.3050372885795626,0.058883679587640424,0.0,0.0,7.625932214489064,7.625932214489064,0.0,0.0,0.0,0.0,0.0,0.95,7.625932214489064,350.0,0.02178837775568304,0.27,5.148375690748366,2.0590016979120476,0.4575559328693439,2.6318180599669745,10.329170183146305,10.329170183146305,1.697351857396541,13.5,0.3472869927635278,-9.94856185917437,180.933615128621,0.0,-3.0,7.625932214489064,7.625932214489064,0.0,0.0,0.0,0.0,0.0,7.625932214489064,350.0,0.02178837775568304,0.27,5.148375690748366,2.0590016979120476,0.4575559328693439,2.6318180599669745,0.0,0.0,0.0,0.3050372885795626,180.933615128621,0.0,0.3050372885795626,1.0,0.025419774048296883,0.3050372885795626,0.0,7.625932214489064,7.625932214489064,0.0,0.0,0.0,1.0,1.0,2,3
,5,,3,2024-09-20T20:00:00,ippo,H08,7,7,4,0.7425868511199951,0.13321122096572685,0.058883679587640424,0.0,0.0,3.3302805241431717,3.3302805241431717,0.0,0.0,0.0,0.0,0.0,0.95,3.3302805241431717,500.0,0.006660561048286343,0.27,2.4730225277697246,0.8991757415186564,0.19981683144859028,1.3740299548024781,9.611887809417627,9.611887809417627,1.2775021343818445,13.5,0.3472869927635278,-9.94856185917437,180.933615128621,0.0,-3.0,3.3302805241431717,3.3302805241431717,0.0,0.0,0.0,0.0,0.0,3.3302805241431717,500.0,0.006660561048286343,0.27,2.4730225277697246,0.8991757415186564,0.19981683144859028,1.3740299548024781,0.0,0.0,0.0,0.13321122096572685,180.933615128621,0.0,0.13321122096572685,1.0,0.008325701310357928,0.13321122096572685,0.0,3.3302805241431717,3.3302805241431717,0.0,0.0,0.0,1.0,1.0,2,3
,5,,3,2024-09-20T21:00:00,ippo,H01,0,0,5,0.6730499863624573,8.083566842201486e-32,0.06787917313827796,366.9350194118896,351.9350194118896,2.020891710550372e-30,199.99999999999997,0.0,0.0,0.0,0.0,100.0,0.42368421052631583,99.99999999999997,250.0,0.3999999999999999,0.2,134.60999727249143,22.999999999999996,11.999999999999998,99.60999727249143,9.751293378234793,9.751293378234793,1.453116753179759,13.5,0.3852322772283118,-4.924592098727132,337.5642490275753,1.4210854715202004e-14,-3.0,2.020891710550372e-30,199.99999999999997,0.0,0.0,0.0,0.0,100.0,99.99999999999997,250.0,0.3999999999999999,0.2,134.60999727249143,22.999999999999996,11.999999999999998,99.60999727249143,1.4210854715202004e-14,5.8655836568648265,0.0,8.083566842201486e-32,337.5642490275753,56.92466925491861,56.92466925491861,0.14053660925414607,7.1155836568648265,7.999999999999999,1423.1167313729652,1423.1167313729652,199.99999999999997,1223.1167313729652,0.0,0.0,1.0,0.14053660925414607,2,3
,5,,3,2024-09-20T21:00:00,ippo,H02,1,1,5,0.526729941368103,4.6245029107801004e-08,0.06787917313827796,47.86317437846944,32.86317437846944,1.156125727695025e-06,200.00000000000003,0.0,0.0,0.0,0.0,100.0,0.42368421052631583,100.00000000000003,250.0,0.40000000000000013,0.2,105.34598827362062,23.000000000000007,12.0,70.3459882736206,9.549200308352354,9.549200308352354,1.1373417034945523,13.5,0.3852322772283118,-4.924592098727132,337.5642490275753,1.4210854715202004e-14,-3.0,1.156125727695025e-06,200.00000000000003,0.0,0.0,0.0,0.0,100.0,100.00000000000003,250.0,0.40000000000000013,0.2,105.34598827362062,23.000000000000007,12.0,70.3459882736206,1.4210854715202004e-14,0.5477195729744906,0.0,4.6245029107801004e-08,337.5642490275753,14.381756537550896,14.381756583795925,0.5562602838803212,1.7977195729744906,8.0,359.54391343877245,359.5439145948982,200.00000000000003,159.54391459489815,0.0,0.0,1.0,0.5562602838803212,2,3
,5,,3,2024-09-20T21:00:00,ippo,H03,2,2,5,0.2849648892879486,5.923524824520149e-06,0.06787917313827796,38.09673669713193,23.09673669713193,0.00014808812061300374,299.99999999999994,0.0,0.0,0.0,0.0,150.0,0.4236842105263158,149.99999999999994,350.0,0.42857142857142844,0.2,85.48946678638457,34.499999999999986,18.0,32.98946678638458,10.324500593464325,10.324500593464325,1.7526914640305402,13.5,0.3852322772283118,-4.924592098727132,337.5642490275753,0.0,-3.0,0.00014808812061300374,299.99999999999994,0.0,0.0,0.0,0.0,150.0,149.99999999999994,350.0,0.42857142857142844,0.2,85.48946678638457,34.499999999999986,18.0,32.98946678638458,0.0,0.38494561161886554,0.0,5.923524824520149e-06,337.5642490275753,19.619341415901562,19.619347339426387,0.611641141389306,1.6349456116188656,12.0,490.48353539753896,490.4836834856596,299.99999999999994,190.48368348565964,0.0,0.0,1.0,0.611641141389306,2,3
,5,,3,2024-09-20T21:00:00,ippo,H04,3,3,5,0.6152304410934448,0.37474740278068486,0.06787917313827796,0.0,0.0,9.368685069517122,9.368685069517122,0.0,0.0,0.0,0.0,9.368685069517122,0.9105529049704543,0.0,250.0,0.0,0.2,5.76390024778459,0.28106055208551367,0.5621211041710272,4.920718591528049,13.704167543430081,13.704167543430081,4.84569692018509,13.5,0.3852322772283118,-4.924592098727132,337.5642490275753,1.4210854715202004e-14,-3.0,9.368685069517122,9.368685069517122,0.0,0.0,0.0,0.0,9.368685069517122,0.0,250.0,0.0,0.2,5.76390024778459,0.28106055208551367,0.5621211041710272,4.920718591528049,1.4210854715202004e-14,0.0,0.0,0.37474740278068486,337.5642490275753,0.0,0.37474740278068486,1.0,0.04684342534758561,0.37474740278068486,0.0,9.368685069517122,9.368685069517122,0.0,0.0,0.0,1.0,1.0,2,3
,5,,3,2024-09-20T21:00:00,ippo,H05,4,4,5,0.7804714441299438,0.02368242095540664,0.06787917313827796,0.0,0.0,0.5920605238851661,0.5920605238851661,0.0,0.0,0.0,0.0,0.5920605238851661,0.9487535567918207,0.0,500.0,0.0,0.2,0.46208633208898664,0.017761815716554982,0.03552363143310996,0.4088008849393217,16.461985208101204,16.461985208101204,7.467320375076846,13.5,0.3852322772283118,-4.924592098727132,337.5642490275753,2.6645352591003757e-14,-3.0,0.5920605238851661,0.5920605238851661,0.0,0.0,0.0,0.0,0.5920605238851661,0.0,500.0,0.0,0.2,0.46208633208898664,0.017761815716554982,0.03552363143310996,0.4088008849393217,2.6645352591003757e-14,0.0,0.0,0.02368242095540664,337.5642490275753,0.0,0.02368242095540664,1.0,0.001480151309712915,0.02368242095540664,0.0,0.5920605238851661,0.5920605238851661,0.0,0.0,0.0,1.0,1.0,2,3
,5,,3,2024-09-20T21:00:00,ippo,H06,5,5,5,0.3222232460975647,21.897813056707527,0.06787917313827796,22.116798962653228,7.116798962653226,547.4453264176882,400.00000000000006,0.0,0.0,0.0,0.0,300.0,0.4236842105263158,100.00000000000006,700.0,0.14285714285714293,0.2,128.8892984390259,29.000000000000014,24.0,75.8892984390259,13.520765398125652,13.520765398125652,4.974819103859531,13.5,0.3852322772283118,-4.924592098727132,337.5642490275753,0.0,-3.0,547.4453264176882,400.00000000000006,0.0,0.0,0.0,0.0,300.0,100.00000000000006,700.0,0.14285714285714293,0.2,128.8892984390259,29.000000000000014,24.0,75.8892984390259,0.0,0.11861331604422043,0.0,21.897813056707527,337.5642490275753,0.0,21.897813056707527,0.730666571979846,1.3686133160442204,16.0,0.0,547.4453264176882,400.00000000000006,147.44532641768814,0.0,0.0,1.0,0.730666571979846,2,3
,5,,3,2024-09-20T21:00:00,ippo,H07,6,6,5,0.46339693665504456,5.6084909571298995,0.06787917313827796,0.0,0.0,140.2122739282475,140.2122739282475,0.0,0.0,0.0,0.0,140.2122739282475,0.45802710902369304,0.0,350.0,0.0,0.2,64.97393821978785,4.206368217847425,8.41273643569485,52.354833566245574,10.189143210720182,10.189143210720182,1.5775843358570978,13.5,0.3852322772283118,-4.924592098727132,337.5642490275753,2.842170943040401e-14,-3.0,140.2122739282475,140.2122739282475,0.0,0.0,0.0,0.0,140.2122739282475,0.0,350.0,0.0,0.2,64.97393821978785,4.206368217847425,8.41273643569485,52.354833566245574,2.842170943040401e-14,0.0,0.0,5.6084909571298995,337.5642490275753,0.0,5.6084909571298995,1.0,0.46737424642749165,5.6084909571298995,0.0,140.2122739282475,140.2122739282475,0.0,0.0,0.0,1.0,1.0,2,3
,5,,3,2024-09-20T21:00:00,ippo,H08,7,7,5,0.7999568581581116,0.05888499850829261,0.06787917313827796,0.0,0.0,1.4721249627073152,1.4721249627073152,0.0,0.0,0.0,0.0,1.4721249627073152,0.946900789552195,0.0,500.0,0.0,0.2,1.177636459983471,0.044163748881219454,0.08832749776243892,1.0451452133398127,9.660889977823098,9.660889977823098,1.2839013230831904,13.5,0.3852322772283118,-4.924592098727132,337.5642490275753,2.353672812205332e-14,-3.0,1.4721249627073152,1.4721249627073152,0.0,0.0,0.0,0.0,1.4721249627073152,0.0,500.0,0.0,0.2,1.177636459983471,0.044163748881219454,0.08832749776243892,1.0451452133398127,2.353672812205332e-14,0.0,0.0,0.05888499850829261,337.5642490275753,0.0,0.05888499850829261,1.0,0.003680312406768288,0.05888499850829261,0.0,1.4721249627073152,1.4721249627073152,0.0,0.0,0.0,1.0,1.0,2,3
