seed,training_seed,scenario_seed,episode,timestamp,method,hub_id,hub_index,hub,period,price,arrivals,outside_share,wait_min,wait_excess_min,requested_energy_kwh,served_energy_kwh,unmet_energy_kwh,pv_used_kwh,pv_to_ev_kwh,battery_charge_kwh,battery_discharge_kwh,soc,grid_import_kwh,grid_limit_kwh,grid_utilization,grid_price_gbp_per_kwh,revenue_gbp,energy_cost_gbp,operating_cost_gbp,profit_gbp,access_mean_min,route_mean_min,detour_mean_min,outside_cost_estimate,outside_nll,reward,welfare,energy_balance_error_kwh,outside_cost_error_for_evaluation_only,requested_energy,served_energy,unmet_energy,pv_used,pv_to_ev,battery_charge,battery_discharge,grid_import,grid_limit,grid_limit_utilization,grid_price,revenue,energy_cost,operating_cost,profit,energy_balance,wait_violation,unmet,realized_demand,weighted_hub_profit_welfare,historical_equivalent_vehicles,pending_vehicles,admission_ratio,admission_pressure,admitted_vehicles,queued_energy_start_kwh,pending_energy_kwh,admitted_energy_kwh,queued_energy_next_kwh,queue_vehicle_conservation_error,queue_energy_conservation_error_kwh,admitted_full_service_ratio,pending_full_service_ratio,axis,level
5,5,5,0,2024-09-20T16:00:00,proposed,H01,0,0,0,0.46856242418289185,13.401729197024205,0.07875436541553546,40.51296897768153,25.512968977681535,335.04322992560515,200.00000000000003,0.0,44.0,44.0,84.21052631578947,0.0,0.95,240.21052631578948,250.0,0.9608421052631579,0.16,93.71248483657838,38.653684210526315,12.0,43.05880062605207,10.42664609380766,10.42664609380766,1.8766891932775056,13.538897993555434,0.42546696771347164,1.9831307910861384,290.38093325300076,0.0,-2.961102006444566,335.04322992560515,200.00000000000003,0.0,44.0,44.0,84.21052631578947,0.0,240.21052631578948,250.0,0.9608421052631579,0.16,93.71248483657838,38.653684210526315,12.0,43.05880062605207,0.0,0.42521614962802556,0.0,13.401729197024205,290.38093325300076,0.0,13.401729197024205,0.5969378937888378,1.6752161496280256,8.0,0.0,335.04322992560515,200.00000000000003,135.04322992560512,0.0,0.0,1.0,0.5969378937888378,demand_multiplier,0.85
5,5,5,0,2024-09-20T16:00:00,proposed,H02,1,1,0,0.5294427871704102,5.969782044563478,0.07875436541553546,0.0,0.0,149.24455111408696,149.24455111408696,0.0,33.0,33.0,94.73684210526316,0.0,0.95,210.98139321935014,250.0,0.8439255728774006,0.16,79.01645111183895,33.92202291509602,8.954673066845217,36.13975512989771,10.350403269747982,10.350403269747982,1.6703588060311936,13.538897993555434,0.42546696771347164,1.9831307910861384,290.38093325300076,0.0,-2.961102006444566,149.24455111408696,149.24455111408696,0.0,33.0,33.0,94.73684210526316,0.0,210.98139321935014,250.0,0.8439255728774006,0.16,79.01645111183895,33.92202291509602,8.954673066845217,36.13975512989771,0.0,0.0,0.0,5.969782044563478,290.38093325300076,0.0,5.969782044563478,1.0,0.7462227555704347,5.969782044563478,0.0,149.24455111408696,149.24455111408696,0.0,0.0,0.0,1.0,1.0,demand_multiplier,0.85
5,5,5,0,2024-09-20T16:00:00,proposed,H03,2,2,0,0.5401561260223389,5.262775596629607,0.07875436541553546,0.0,0.0,131.56938991574015,131.56938991574015,0.0,33.0,33.0,110.52631578947368,0.0,0.95,209.09570570521385,350.0,0.5974163020148967,0.16,71.06801196000877,33.620312912834216,7.89416339494441,29.55353565223015,10.524391604555804,10.524391604555804,1.6825276633007913,13.538897993555434,0.42546696771347164,1.9831307910861384,290.38093325300076,0.0,-2.961102006444566,131.56938991574015,131.56938991574015,0.0,33.0,33.0,110.52631578947368,0.0,209.09570570521385,350.0,0.5974163020148967,0.16,71.06801196000877,33.620312912834216,7.89416339494441,29.55353565223015,0.0,0.0,0.0,5.262775596629607,290.38093325300076,0.0,5.262775596629607,1.0,0.43856463305246723,5.262775596629607,0.0,131.56938991574015,131.56938991574015,0.0,0.0,0.0,1.0,1.0,demand_multiplier,0.85
5,5,5,0,2024-09-20T16:00:00,proposed,H04,3,3,0,0.497302770614624,6.017224623822066,0.07875436541553546,0.0,0.0,150.43061559555164,150.43061559555164,0.0,44.0,44.0,78.94736842105263,0.0,0.95,185.37798401660427,250.0,0.7415119360664171,0.16,74.8095619209313,29.880477442656684,9.025836935733098,35.90324754254152,13.1499188398441,13.1499188398441,4.044716950072057,13.538897993555434,0.42546696771347164,1.9831307910861384,290.38093325300076,0.0,-2.961102006444566,150.43061559555164,150.43061559555164,0.0,44.0,44.0,78.94736842105263,0.0,185.37798401660427,250.0,0.7415119360664171,0.16,74.8095619209313,29.880477442656684,9.025836935733098,35.90324754254152,0.0,0.0,0.0,6.017224623822066,290.38093325300076,0.0,6.017224623822066,1.0,0.7521530779777582,6.017224623822066,0.0,150.43061559555164,150.43061559555164,0.0,0.0,0.0,1.0,1.0,demand_multiplier,0.85
5,5,5,0,2024-09-20T16:00:00,proposed,H05,4,4,0,0.5716525912284851,1.4278829482374493,0.07875436541553546,0.0,0.0,35.69707370593623,35.69707370593623,0.0,82.5,0.0,131.57894736842104,0.0,0.95,84.77602107435729,500.0,0.16955204214871458,0.16,20.40632468327267,13.976663371897166,2.1418244223561738,4.287836889019329,15.448516338228483,15.448516338228483,6.189242363849868,13.538897993555434,0.42546696771347164,1.9831307910861384,290.38093325300076,1.4210854715202004e-14,-2.961102006444566,35.69707370593623,35.69707370593623,0.0,82.5,0.0,131.57894736842104,0.0,84.77602107435729,500.0,0.16955204214871458,0.16,20.40632468327267,13.976663371897166,2.1418244223561738,4.287836889019329,1.4210854715202004e-14,0.0,0.0,1.4278829482374493,290.38093325300076,0.0,1.4278829482374493,1.0,0.08924268426484058,1.4278829482374493,0.0,35.69707370593623,35.69707370593623,0.0,0.0,0.0,1.0,1.0,demand_multiplier,0.85
5,5,5,0,2024-09-20T16:00:00,proposed,H06,5,5,0,0.48814189434051514,6.6272964324978645,0.07875436541553546,0.0,0.0,165.68241081244665,165.68241081244665,0.0,110.0,110.0,126.31578947368422,0.0,0.95,181.99820028613087,700.0,0.25999742898018696,0.16,80.87652587289115,29.66971204578094,9.940944648746797,41.26586917836342,13.398224229734367,13.398224229734367,4.623021584831505,13.538897993555434,0.42546696771347164,1.9831307910861384,290.38093325300076,0.0,-2.961102006444566,165.68241081244665,165.68241081244665,0.0,110.0,110.0,126.31578947368422,0.0,181.99820028613087,700.0,0.25999742898018696,0.16,80.87652587289115,29.66971204578094,9.940944648746797,41.26586917836342,0.0,0.0,0.0,6.6272964324978645,290.38093325300076,0.0,6.6272964324978645,1.0,0.41420602703111653,6.6272964324978645,0.0,165.68241081244665,165.68241081244665,0.0,0.0,0.0,1.0,1.0,demand_multiplier,0.85
5,5,5,0,2024-09-20T16:00:00,proposed,H07,6,6,0,0.5586836338043213,4.393511852832803,0.07875436541553546,0.0,0.0,109.83779632082008,109.83779632082008,0.0,27.5,27.5,126.31578947368422,0.0,0.95,208.6535857945043,350.0,0.5961531022700123,0.16,61.36457917757467,33.52207372712069,6.590267779249205,21.252237671204774,10.136226353165803,10.136226353165803,1.2209285190314376,13.538897993555434,0.42546696771347164,1.9831307910861384,290.38093325300076,0.0,-2.961102006444566,109.83779632082008,109.83779632082008,0.0,27.5,27.5,126.31578947368422,0.0,208.6535857945043,350.0,0.5961531022700123,0.16,61.36457917757467,33.52207372712069,6.590267779249205,21.252237671204774,0.0,0.0,0.0,4.393511852832803,290.38093325300076,0.0,4.393511852832803,1.0,0.3661259877360669,4.393511852832803,0.0,109.83779632082008,109.83779632082008,0.0,0.0,0.0,1.0,1.0,demand_multiplier,0.85
5,5,5,0,2024-09-20T16:00:00,proposed,H08,7,7,0,0.4315682053565979,25.47225549186985,0.07875436541553546,35.52095809451193,20.520958094511933,636.8063872967463,400.00000000000006,0.0,99.0,0.0,131.57894736842104,0.0,0.95,432.5789473684211,500.0,0.8651578947368422,0.16,172.6272821426392,69.70763157894739,24.0,78.9196505636918,9.975495370830973,9.975495370830973,1.3263581279802914,13.538897993555434,0.42546696771347164,1.9831307910861384,290.38093325300076,1.4210854715202004e-14,-2.961102006444566,636.8063872967463,400.00000000000006,0.0,99.0,0.0,131.57894736842104,0.0,432.5789473684211,500.0,0.8651578947368422,0.16,172.6272821426392,69.70763157894739,24.0,78.9196505636918,1.4210854715202004e-14,0.34201596824186553,0.0,25.47225549186985,290.38093325300076,0.0,25.47225549186985,0.6281344031394012,1.5920159682418655,16.0,0.0,636.8063872967463,400.00000000000006,236.8063872967462,0.0,0.0,1.0,0.6281344031394012,demand_multiplier,0.85
5,5,5,0,2024-09-20T17:00:00,proposed,H01,0,0,1,0.4587051272392273,0.05534539840653274,0.1656986085145377,0.0,0.0,1.3836349601633184,136.42686488576842,0.0,28.0,28.0,0.0,0.0,0.95,108.42686488576842,250.0,0.4337074595430737,0.22,62.579702416275275,23.993910274869055,8.185611893146106,30.40018024826011,9.652299236310665,9.652299236310665,1.47964611321715,13.538897993555434,0.6970742054258021,3.2636749424796916,474.573146831514,0.0,-2.961102006444566,1.3836349601633184,136.42686488576842,0.0,28.0,28.0,0.0,0.0,108.42686488576842,250.0,0.4337074595430737,0.22,62.579702416275275,23.993910274869055,8.185611893146106,30.40018024826011,0.0,0.0,0.0,0.05534539840653274,474.573146831514,5.4017291970242045,5.457074595430737,1.0,0.6821343244288421,5.457074595430737,135.04322992560512,136.42686488576842,136.42686488576842,0.0,0.0,0.0,1.0,1.0,demand_multiplier,0.85
5,5,5,0,2024-09-20T17:00:00,proposed,H02,1,1,1,0.5237515568733215,17.90442724830495,0.1656986085145377,74.28320436228711,59.28320436228711,447.61068120762377,200.00000000000003,0.0,21.0,21.0,0.0,0.0,0.95,179.00000000000003,250.0,0.7160000000000001,0.22,104.75031137466432,39.48500000000001,12.0,53.26531137466432,9.816518889652643,9.816518889652643,1.4646229531068293,13.538897993555434,0.6970742054258021,3.2636749424796916,474.573146831514,0.0,-2.961102006444566,447.61068120762377,200.00000000000003,0.0,21.0,21.0,0.0,0.0,179.00000000000003,250.0,0.7160000000000001,0.22,104.75031137466432,39.48500000000001,12.0,53.26531137466432,0.0,0.9880534060381184,0.0,17.90442724830495,474.573146831514,0.0,17.90442724830495,0.4468168620561363,2.2380534060381185,8.0,0.0,447.61068120762377,200.00000000000003,247.61068120762374,0.0,0.0,1.0,0.4468168620561363,demand_multiplier,0.85
5,5,5,0,2024-09-20T17:00:00,proposed,H03,2,2,1,0.5422754287719727,12.63166961680861,0.1656986085145377,3.1583480840430544,0.0,315.79174042021526,300.0,0.0,21.0,21.0,0.0,0.0,0.95,279.0,350.0,0.7971428571428572,0.22,162.6826286315918,61.485,18.0,83.1976286315918,10.5995805742678,10.5995805742678,2.0954672287099707,13.538897993555434,0.6970742054258021,3.2636749424796916,474.573146831514,0.0,-2.961102006444566,315.79174042021526,300.0,0.0,21.0,21.0,0.0,0.0,279.0,350.0,0.7971428571428572,0.22,162.6826286315918,61.485,18.0,83.1976286315918,0.0,0.0,0.0,12.63166961680861,474.573146831514,0.0,12.63166961680861,0.9499931809514662,1.052639134734051,12.0,0.0,315.79174042021526,300.0,15.791740420215262,7.632783294297951e-17,0.0,1.0,0.9499931809514662,demand_multiplier,0.85
5,5,5,0,2024-09-20T17:00:00,proposed,H04,3,3,1,0.5060156583786011,11.975949590598045,0.1656986085145377,29.819621929485336,14.819621929485338,299.39873976495113,200.0,0.0,28.0,28.0,0.0,0.0,0.95,172.0,250.0,0.688,0.22,101.20313167572021,37.980000000000004,12.0,51.22313167572021,13.77971164176765,13.77971164176765,5.0490573782699935,13.538897993555434,0.6970742054258021,3.2636749424796916,474.573146831514,0.0,-2.961102006444566,299.39873976495113,200.0,0.0,28.0,28.0,0.0,0.0,172.0,250.0,0.688,0.22,101.20313167572021,37.980000000000004,12.0,51.22313167572021,0.0,0.24699369882475564,0.0,11.975949590598045,474.573146831514,0.0,11.975949590598045,0.6680054837806396,1.4969936988247556,8.0,0.0,299.39873976495113,200.0,99.39873976495113,0.0,0.0,1.0,0.6680054837806396,demand_multiplier,0.85
5,5,5,0,2024-09-20T17:00:00,proposed,H05,4,4,1,0.574876070022583,2.912282278087493,0.1656986085145377,0.0,0.0,72.80705695218731,72.80705695218731,0.0,52.5,52.5,0.0,0.0,0.95,20.30705695218731,500.0,0.04061411390437462,0.22,41.85503477058382,4.730052529481208,4.36842341713124,32.756558823971375,16.43486182182718,16.43486182182718,7.616795227832085,13.538897993555434,0.6970742054258021,3.2636749424796916,474.573146831514,0.0,-2.961102006444566,72.80705695218731,72.80705695218731,0.0,52.5,52.5,0.0,0.0,20.30705695218731,500.0,0.04061411390437462,0.22,41.85503477058382,4.730052529481208,4.36842341713124,32.756558823971375,0.0,0.0,0.0,2.912282278087493,474.573146831514,0.0,2.912282278087493,1.0,0.1820176423804683,2.912282278087493,0.0,72.80705695218731,72.80705695218731,0.0,0.0,0.0,1.0,1.0,demand_multiplier,0.85
5,5,5,0,2024-09-20T17:00:00,proposed,H06,5,5,1,0.48928922414779663,17.724511647788194,0.1656986085145377,6.466918679205729,0.0,443.11279119470487,400.0,0.0,70.0,70.0,0.0,0.0,0.95,330.0,700.0,0.4714285714285714,0.22,195.71568965911865,72.94999999999999,24.0,98.76568965911866,12.832757471529487,12.832757471529487,4.51960791945182,13.538897993555434,0.6970742054258021,3.2636749424796916,474.573146831514,0.0,-2.961102006444566,443.11279119470487,400.0,0.0,70.0,70.0,0.0,0.0,330.0,700.0,0.4714285714285714,0.22,195.71568965911865,72.94999999999999,24.0,98.76568965911866,0.0,0.0,0.0,17.724511647788194,474.573146831514,0.0,17.724511647788194,0.9027047017115762,1.1077819779867621,16.0,0.0,443.11279119470487,400.0,43.11279119470487,0.0,0.0,1.0,0.9027047017115762,demand_multiplier,0.85
5,5,5,0,2024-09-20T17:00:00,proposed,H07,6,6,1,0.5607920289039612,10.202441100728093,0.1656986085145377,0.0,0.0,255.0610275182023,255.0610275182023,0.0,17.5,17.5,0.0,0.0,0.95,237.5610275182023,350.0,0.6787457929091495,0.22,143.03619111626176,52.3509260540045,15.303661651092138,75.38160341116512,10.388868343241594,10.388868343241594,1.870082981728981,13.538897993555434,0.6970742054258021,3.2636749424796916,474.573146831514,0.0,-2.961102006444566,255.0610275182023,255.0610275182023,0.0,17.5,17.5,0.0,0.0,237.5610275182023,350.0,0.6787457929091495,0.22,143.03619111626176,52.3509260540045,15.303661651092138,75.38160341116512,0.0,0.0,0.0,10.202441100728093,474.573146831514,0.0,10.202441100728093,1.0,0.8502034250606744,10.202441100728093,0.0,255.0610275182023,255.0610275182023,0.0,0.0,0.0,1.0,1.0,demand_multiplier,0.85
5,5,5,0,2024-09-20T17:00:00,proposed,H08,7,7,1,0.42897847294807434,0.20378489004043399,0.1656986085145377,0.0,0.0,5.09462225101085,241.90100954775707,0.0,63.0,63.0,0.0,0.0,0.95,178.90100954775707,500.0,0.3578020190955141,0.22,103.77032568039438,39.67322210050656,14.514060572865425,49.583043007022404,9.476146015093803,9.476146015093803,1.2322881457629693,13.538897993555434,0.6970742054258021,3.2636749424796916,474.573146831514,0.0,-2.961102006444566,5.09462225101085,241.90100954775707,0.0,63.0,63.0,0.0,0.0,178.90100954775707,500.0,0.3578020190955141,0.22,103.77032568039438,39.67322210050656,14.514060572865425,49.583043007022404,0.0,0.0,0.0,0.20378489004043399,474.573146831514,9.472255491869848,9.676040381910283,1.0,0.6047525238693927,9.676040381910283,236.8063872967462,241.90100954775707,241.90100954775707,0.0,0.0,0.0,1.0,1.0,demand_multiplier,0.85
5,5,5,0,2024-09-20T18:00:00,proposed,H01,0,0,2,0.43124836683273315,27.013679309358835,0.10410657599741788,142.60259482019126,127.60259482019126,675.3419827339708,199.99999999999997,0.0,12.8,12.8,0.0,0.0,0.95,187.19999999999996,250.0,0.7487999999999998,0.3,86.24967336654662,56.22399999999999,12.0,18.025673366546627,10.14940874520726,10.14940874520726,1.6831954441959565,13.538897993555434,0.515141539354549,-0.4444026301524224,210.76492662514028,0.0,-2.961102006444566,675.3419827339708,199.99999999999997,0.0,12.8,12.8,0.0,0.0,187.19999999999996,250.0,0.7487999999999998,0.3,86.24967336654662,56.22399999999999,12.0,18.025673366546627,0.0,2.1267099136698544,0.0,27.013679309358835,210.76492662514028,0.0,27.013679309358835,0.29614625643491727,3.3767099136698544,8.0,0.0,675.3419827339708,199.99999999999997,475.3419827339708,0.0,0.0,1.0,0.29614625643491727,demand_multiplier,0.85
5,5,5,0,2024-09-20T18:00:00,proposed,H02,1,1,2,0.5490695238113403,2.6278272583077405e-05,0.10410657599741788,14.283401449331484,0.0,0.0006569568145769352,200.0,0.0,9.6,9.6,0.0,0.0,0.95,190.4,250.0,0.7616,0.3,109.81390476226807,57.168,12.0,40.64590476226807,10.047103559721084,10.047103559721084,1.4311159055469553,13.538897993555434,0.515141539354549,-0.4444026301524224,210.76492662514028,0.0,-2.961102006444566,0.0006569568145769352,200.0,0.0,9.6,9.6,0.0,0.0,190.4,250.0,0.7616,0.3,109.81390476226807,57.168,12.0,40.64590476226807,0.0,0.0,0.0,2.6278272583077405e-05,210.76492662514028,9.904427248304948,9.904453526577532,0.8077174554388956,1.2380566908221915,8.0,247.61068120762374,247.6113381644383,200.0,47.61133816443831,-1.1102230246251565e-16,0.0,1.0,0.8077174554388956,demand_multiplier,0.85
5,5,5,0,2024-09-20T18:00:00,proposed,H03,2,2,2,0.5538620948791504,3.0054198024780705,0.10410657599741788,0.0,0.0,75.13549506195177,90.92723548216703,0.0,9.6,9.6,0.0,0.0,0.95,81.32723548216704,350.0,0.23236352994904869,0.3,50.36114912572285,24.44617064465011,5.455634128930022,20.459344352142715,10.449030297405237,10.449030297405237,1.7057380248449956,13.538897993555434,0.515141539354549,-0.4444026301524224,210.76492662514028,0.0,-2.961102006444566,75.13549506195177,90.92723548216703,0.0,9.6,9.6,0.0,0.0,81.32723548216704,350.0,0.23236352994904869,0.3,50.36114912572285,24.44617064465011,5.455634128930022,20.459344352142715,0.0,0.0,0.0,3.0054198024780705,210.76492662514028,0.6316696168086109,3.6370894192866814,1.0,0.3030907849405568,3.6370894192866814,15.791740420215262,90.92723548216703,90.92723548216703,0.0,0.0,0.0,1.0,1.0,demand_multiplier,0.85
5,5,5,0,2024-09-20T18:00:00,proposed,H04,3,3,2,0.5022008419036865,0.04524702547851057,0.10410657599741788,0.0,0.0,1.1311756369627641,100.5299154019139,0.0,12.8,12.8,0.0,0.0,0.95,87.7299154019139,250.0,0.3509196616076556,0.3,50.48620815134754,26.38297462057417,6.031794924114834,18.071438606658536,13.365897528208075,13.365897528208075,4.414434659773419,13.538897993555434,0.515141539354549,-0.4444026301524224,210.76492662514028,0.0,-2.961102006444566,1.1311756369627641,100.5299154019139,0.0,12.8,12.8,0.0,0.0,87.7299154019139,250.0,0.3509196616076556,0.3,50.48620815134754,26.38297462057417,6.031794924114834,18.071438606658536,0.0,0.0,0.0,0.04524702547851057,210.76492662514028,3.975949590598045,4.021196616076556,1.0,0.5026495770095695,4.021196616076556,99.39873976495113,100.5299154019139,100.5299154019139,0.0,0.0,0.0,1.0,1.0,demand_multiplier,0.85
5,5,5,0,2024-09-20T18:00:00,proposed,H05,4,4,2,0.5850943326950073,1.2212789193584812,0.10410657599741788,0.0,0.0,30.53197298396203,30.53197298396203,0.0,24.0,24.0,0.0,0.0,0.95,6.5319729839620315,500.0,0.013063945967924062,0.3,17.864084358913257,2.079591895188609,1.8319183790377218,13.952574084686924,16.142074067578832,16.142074067578832,7.0739716814493185,13.538897993555434,0.515141539354549,-0.4444026301524224,210.76492662514028,0.0,-2.961102006444566,30.53197298396203,30.53197298396203,0.0,24.0,24.0,0.0,0.0,6.5319729839620315,500.0,0.013063945967924062,0.3,17.864084358913257,2.079591895188609,1.8319183790377218,13.952574084686924,0.0,0.0,0.0,1.2212789193584812,210.76492662514028,0.0,1.2212789193584812,1.0,0.07632993245990508,1.2212789193584812,0.0,30.53197298396203,30.53197298396203,0.0,0.0,0.0,1.0,1.0,demand_multiplier,0.85
5,5,5,0,2024-09-20T18:00:00,proposed,H06,5,5,2,0.4992819130420685,2.3354841118878364,0.10410657599741788,0.0,0.0,58.387102797195915,101.49989399190079,0.0,32.0,32.0,0.0,0.0,0.95,69.49989399190079,700.0,0.09928556284557256,0.3,50.67706124584338,21.009968197570238,6.089993639514047,23.577099408759096,13.14460474670189,13.14460474670189,4.517968518577961,13.538897993555434,0.515141539354549,-0.4444026301524224,210.76492662514028,0.0,-2.961102006444566,58.387102797195915,101.49989399190079,0.0,32.0,32.0,0.0,0.0,69.49989399190079,700.0,0.09928556284557256,0.3,50.67706124584338,21.009968197570238,6.089993639514047,23.577099408759096,0.0,0.0,0.0,2.3354841118878364,210.76492662514028,1.7245116477881943,4.059995759676031,1.0,0.25374973497975195,4.059995759676031,43.11279119470487,101.49989399190079,101.49989399190079,0.0,0.0,0.0,1.0,1.0,demand_multiplier,0.85
5,5,5,0,2024-09-20T18:00:00,proposed,H07,6,6,2,0.5603665113449097,4.768136899699447,0.10410657599741788,0.0,0.0,119.20342249248618,119.20342249248618,0.0,8.0,8.0,0.0,0.0,0.95,111.20342249248618,350.0,0.31772406426424626,0.3,66.79760600248783,33.40102674774585,7.15220534954917,26.244373905192802,10.304817968529605,10.304817968529605,1.527650414811125,13.538897993555434,0.515141539354549,-0.4444026301524224,210.76492662514028,0.0,-2.961102006444566,119.20342249248618,119.20342249248618,0.0,8.0,8.0,0.0,0.0,111.20342249248618,350.0,0.31772406426424626,0.3,66.79760600248783,33.40102674774585,7.15220534954917,26.244373905192802,0.0,0.0,0.0,4.768136899699447,210.76492662514028,0.0,4.768136899699447,1.0,0.39734474164162054,4.768136899699447,0.0,119.20342249248618,119.20342249248618,0.0,0.0,0.0,1.0,1.0,demand_multiplier,0.85
5,5,5,0,2024-09-20T18:00:00,proposed,H08,7,7,2,0.46323129534721375,19.340756056056623,0.10410657599741788,12.527835210212338,0.0,483.51890140141563,400.0,0.0,28.8,28.8,0.0,0.0,0.95,371.2,500.0,0.7424,0.3,185.2925181388855,111.504,23.999999999999996,49.78851813888549,9.833967191665513,9.833967191665513,1.3008500855597205,13.538897993555434,0.515141539354549,-0.4444026301524224,210.76492662514028,0.0,-2.961102006444566,483.51890140141563,400.0,0.0,28.8,28.8,0.0,0.0,371.2,500.0,0.7424,0.3,185.2925181388855,111.504,23.999999999999996,49.78851813888549,0.0,0.0,0.0,19.340756056056623,210.76492662514028,0.0,19.340756056056623,0.8272685904121905,1.208797253503539,15.999999999999998,0.0,483.51890140141563,400.0,83.51890140141563,0.0,0.0,1.0,0.8272685904121905,demand_multiplier,0.85
5,5,5,0,2024-09-20T19:00:00,proposed,H01,0,0,3,0.4913810193538666,1.0278428246757232e-09,0.2043452478665158,82.60259482790008,67.60259482790008,2.5696070616893073e-08,199.99999999999994,0.0,3.2,3.2,0.0,0.0,0.95,196.79999999999995,250.0,0.7871999999999998,0.34,98.27620387077329,66.928,11.999999999999998,19.34820387077329,9.640755124101243,9.640755124101243,1.391962868846211,13.538897993555434,0.7808781400287534,0.11226985363776691,146.43217501957685,0.0,-2.961102006444566,2.5696070616893073e-08,199.99999999999994,0.0,3.2,3.2,0.0,0.0,196.79999999999995,250.0,0.7871999999999998,0.34,98.27620387077329,66.928,11.999999999999998,19.34820387077329,0.0,1.1267099137983345,0.0,1.0278428246757232e-09,146.43217501957685,19.013679309358835,19.013679310386678,0.4207497070611582,2.3767099137983347,7.999999999999999,475.3419827339708,475.34198275966685,199.99999999999994,275.3419827596669,0.0,0.0,1.0,0.4207497070611582,demand_multiplier,0.85
5,5,5,0,2024-09-20T19:00:00,proposed,H02,1,1,3,0.5212827920913696,1.0847356376190054,0.2043452478665158,0.0,0.0,27.118390940475138,74.72972910491345,0.0,2.4,2.4,0.0,0.0,0.95,72.32972910491344,250.0,0.28931891641965374,0.34,38.955321840040966,24.604107895670573,4.4837837462948045,9.867430198075589,9.625861038816995,9.625861038816995,1.217921354497188,13.538897993555434,0.7808781400287534,0.11226985363776691,146.43217501957685,0.0,-2.961102006444566,27.118390940475138,74.72972910491345,0.0,2.4,2.4,0.0,0.0,72.32972910491344,250.0,0.28931891641965374,0.34,38.955321840040966,24.604107895670573,4.4837837462948045,9.867430198075589,0.0,0.0,0.0,1.0847356376190054,146.43217501957685,1.904453526577531,2.9891891641965365,1.0,0.37364864552456706,2.9891891641965365,47.61133816443831,74.72972910491345,74.72972910491345,0.0,0.0,0.0,1.0,1.0,demand_multiplier,0.85
5,5,5,0,2024-09-20T19:00:00,proposed,H03,2,2,3,0.5559050440788269,6.324375725809366,0.2043452478665158,0.0,0.0,158.10939314523415,158.10939314523415,0.0,2.4,2.4,0.0,0.0,0.95,155.70939314523415,350.0,0.4448839804149547,0.34,87.89380916567796,52.953193669379615,9.486563588714048,25.4540519075843,10.543259024738159,10.543259024738159,1.9997300944953271,13.538897993555434,0.7808781400287534,0.11226985363776691,146.43217501957685,0.0,-2.961102006444566,158.10939314523415,158.10939314523415,0.0,2.4,2.4,0.0,0.0,155.70939314523415,350.0,0.4448839804149547,0.34,87.89380916567796,52.953193669379615,9.486563588714048,25.4540519075843,0.0,0.0,0.0,6.324375725809366,146.43217501957685,0.0,6.324375725809366,1.0,0.5270313104841139,6.324375725809366,0.0,158.10939314523415,158.10939314523415,0.0,0.0,0.0,1.0,1.0,demand_multiplier,0.85
5,5,5,0,2024-09-20T19:00:00,proposed,H04,3,3,3,0.5040310621261597,7.2373085537766215,0.2043452478665158,0.0,0.0,180.93271384441556,180.93271384441556,0.0,3.2,3.2,0.0,0.0,0.95,177.73271384441557,250.0,0.7109308553776623,0.34,91.19570793236929,60.4451227071013,10.855962830664932,19.894622394603058,13.885993571594636,13.885993571594636,5.114705416673054,13.538897993555434,0.7808781400287534,0.11226985363776691,146.43217501957685,0.0,-2.961102006444566,180.93271384441556,180.93271384441556,0.0,3.2,3.2,0.0,0.0,177.73271384441557,250.0,0.7109308553776623,0.34,91.19570793236929,60.4451227071013,10.855962830664932,19.894622394603058,0.0,0.0,0.0,7.2373085537766215,146.43217501957685,0.0,7.2373085537766215,1.0,0.9046635692220777,7.2373085537766215,0.0,180.93271384441556,180.93271384441556,0.0,0.0,0.0,1.0,1.0,demand_multiplier,0.85
5,5,5,0,2024-09-20T19:00:00,proposed,H05,4,4,3,0.5891392230987549,1.3802520389567052,0.2043452478665158,0.0,0.0,34.50630097391763,34.50630097391763,0.0,6.0,6.0,0.0,0.0,0.95,28.506300973917632,500.0,0.057012601947835265,0.34,20.329015347785642,9.722142331131995,2.070378058435058,8.53649495821859,16.655520045799175,16.655520045799175,7.795956311172094,13.538897993555434,0.7808781400287534,0.11226985363776691,146.43217501957685,0.0,-2.961102006444566,34.50630097391763,34.50630097391763,0.0,6.0,6.0,0.0,0.0,28.506300973917632,500.0,0.057012601947835265,0.34,20.329015347785642,9.722142331131995,2.070378058435058,8.53649495821859,0.0,0.0,0.0,1.3802520389567052,146.43217501957685,0.0,1.3802520389567052,1.0,0.08626575243479408,1.3802520389567052,0.0,34.50630097391763,34.50630097391763,0.0,0.0,0.0,1.0,1.0,demand_multiplier,0.85
5,5,5,0,2024-09-20T19:00:00,proposed,H06,5,5,3,0.5019322037696838,8.665140980836359,0.2043452478665158,0.0,0.0,216.62852452090894,216.62852452090894,0.0,8.0,8.0,0.0,0.0,0.95,208.62852452090894,700.0,0.2980407493155842,0.34,108.73283271215482,70.97369833710906,12.997711471254538,24.76142290379122,12.994720295107157,12.994720295107157,4.592320831441247,13.538897993555434,0.7808781400287534,0.11226985363776691,146.43217501957685,0.0,-2.961102006444566,216.62852452090894,216.62852452090894,0.0,8.0,8.0,0.0,0.0,208.62852452090894,700.0,0.2980407493155842,0.34,108.73283271215482,70.97369833710906,12.997711471254538,24.76142290379122,0.0,0.0,0.0,8.665140980836359,146.43217501957685,0.0,8.665140980836359,1.0,0.5415713113022724,8.665140980836359,0.0,216.62852452090894,216.62852452090894,0.0,0.0,0.0,1.0,1.0,demand_multiplier,0.85
5,5,5,0,2024-09-20T19:00:00,proposed,H07,6,6,3,0.5598204135894775,6.143327330254877,0.2043452478665158,0.0,0.0,153.58318325637197,153.58318325637197,0.0,2.0,2.0,0.0,0.0,0.95,151.58318325637197,350.0,0.4330948093039199,0.34,85.97900117097068,51.548282307166474,9.214990995382315,25.215727868421887,10.420535724482749,10.420535724482749,1.865229434824562,13.538897993555434,0.7808781400287534,0.11226985363776691,146.43217501957685,0.0,-2.961102006444566,153.58318325637197,153.58318325637197,0.0,2.0,2.0,0.0,0.0,151.58318325637197,350.0,0.4330948093039199,0.34,85.97900117097068,51.548282307166474,9.214990995382315,25.215727868421887,0.0,0.0,0.0,6.143327330254877,146.43217501957685,0.0,6.143327330254877,1.0,0.5119439441879065,6.143327330254877,0.0,153.58318325637197,153.58318325637197,0.0,0.0,0.0,1.0,1.0,demand_multiplier,0.85
5,5,5,0,2024-09-20T19:00:00,proposed,H08,7,7,3,0.467335045337677,3.1594079303103597,0.2043452478665158,0.0,0.0,78.98519825775901,162.50409965917464,0.0,7.2,7.2,0.0,0.0,0.95,155.30409965917465,500.0,0.3106081993183493,0.34,75.94386078177877,52.83939388411939,9.750245979550474,13.354220918108904,9.54151113388786,9.54151113388786,1.234014962323897,13.538897993555434,0.7808781400287534,0.11226985363776691,146.43217501957685,0.0,-2.961102006444566,78.98519825775901,162.50409965917464,0.0,7.2,7.2,0.0,0.0,155.30409965917465,500.0,0.3106081993183493,0.34,75.94386078177877,52.83939388411939,9.750245979550474,13.354220918108904,0.0,0.0,0.0,3.1594079303103597,146.43217501957685,3.340756056056623,6.500163986366983,1.0,0.40626024914793646,6.500163986366983,83.51890140141563,162.50409965917464,162.50409965917464,0.0,0.0,0.0,1.0,1.0,demand_multiplier,0.85
5,5,5,0,2024-09-20T20:00:00,proposed,H01,0,0,4,0.46784669160842896,1.1053781660095407e-05,0.11789660270201754,22.60267773126253,7.602677731262533,0.0002763445415023852,199.99999999999994,0.0,0.0,0.0,0.0,0.0,0.95,199.99999999999994,250.0,0.7999999999999998,0.27,93.56933832168576,53.999999999999986,12.0,27.569338321685777,9.83544106353859,9.83544106353859,1.4942525591984497,13.538897993555434,0.5637381374024926,1.2956375385545562,144.76910931798068,0.0,-2.961102006444566,0.0002763445415023852,199.99999999999994,0.0,0.0,0.0,0.0,0.0,199.99999999999994,250.0,0.7999999999999998,0.27,93.56933832168576,53.999999999999986,12.0,27.569338321685777,0.0,0.1267112955210422,0.0,1.1053781660095407e-05,144.76910931798068,11.013679310386678,11.013690364168339,0.7263687043560801,1.3767112955210423,8.0,275.3419827596669,275.3422591042084,199.99999999999994,75.34225910420844,-1.1102230246251565e-16,0.0,1.0,0.7263687043560801,demand_multiplier,0.85
5,5,5,0,2024-09-20T20:00:00,proposed,H02,1,1,4,0.5125770568847656,5.069967736144117,0.11789660270201754,0.0,0.0,126.74919340360293,126.74919340360293,0.0,0.0,0.0,0.0,0.0,0.95,126.74919340360293,250.0,0.5069967736144118,0.27,64.96872851733674,34.22228221897279,7.6049516042161756,23.141494694147774,9.798081559796401,9.798081559796401,1.2987256283171236,13.538897993555434,0.5637381374024926,1.2956375385545562,144.76910931798068,0.0,-2.961102006444566,126.74919340360293,126.74919340360293,0.0,0.0,0.0,0.0,0.0,126.74919340360293,250.0,0.5069967736144118,0.27,64.96872851733674,34.22228221897279,7.6049516042161756,23.141494694147774,0.0,0.0,0.0,5.069967736144117,144.76910931798068,0.0,5.069967736144117,1.0,0.6337459670180147,5.069967736144117,0.0,126.74919340360293,126.74919340360293,0.0,0.0,0.0,1.0,1.0,demand_multiplier,0.85
5,5,5,0,2024-09-20T20:00:00,proposed,H03,2,2,4,0.5497279167175293,2.783210339210838,0.11789660270201754,0.0,0.0,69.58025848027096,69.58025848027096,0.0,0.0,0.0,0.0,0.0,0.95,69.58025848027096,350.0,0.1988007385150599,0.27,38.250210539026554,18.78666978967316,4.174815508816257,15.288725240537138,10.570085840715768,10.570085840715768,1.9081241308230315,13.538897993555434,0.5637381374024926,1.2956375385545562,144.76910931798068,0.0,-2.961102006444566,69.58025848027096,69.58025848027096,0.0,0.0,0.0,0.0,0.0,69.58025848027096,350.0,0.1988007385150599,0.27,38.250210539026554,18.78666978967316,4.174815508816257,15.288725240537138,0.0,0.0,0.0,2.783210339210838,144.76910931798068,0.0,2.783210339210838,1.0,0.2319341949342365,2.783210339210838,0.0,69.58025848027096,69.58025848027096,0.0,0.0,0.0,1.0,1.0,demand_multiplier,0.85
5,5,5,0,2024-09-20T20:00:00,proposed,H04,3,3,4,0.5095115303993225,2.814862574074361,0.11789660270201754,0.0,0.0,70.37156435185902,70.37156435185902,0.0,0.0,0.0,0.0,0.0,0.95,70.37156435185902,250.0,0.2814862574074361,0.27,35.855123449510096,19.000322375001936,4.222293861111542,12.632507213396618,13.6889374195059,13.6889374195059,4.75937938124215,13.538897993555434,0.5637381374024926,1.2956375385545562,144.76910931798068,0.0,-2.961102006444566,70.37156435185902,70.37156435185902,0.0,0.0,0.0,0.0,0.0,70.37156435185902,250.0,0.2814862574074361,0.27,35.855123449510096,19.000322375001936,4.222293861111542,12.632507213396618,0.0,0.0,0.0,2.814862574074361,144.76910931798068,0.0,2.814862574074361,1.0,0.35185782175929514,2.814862574074361,0.0,70.37156435185902,70.37156435185902,0.0,0.0,0.0,1.0,1.0,demand_multiplier,0.85
5,5,5,0,2024-09-20T20:00:00,proposed,H05,4,4,4,0.5822974443435669,0.6549995535383107,0.11789660270201754,0.0,0.0,16.374988838457767,16.374988838457767,0.0,0.0,0.0,0.0,0.0,0.95,16.374988838457767,500.0,0.03274997767691554,0.27,9.535114151788392,4.421246986383597,0.9824993303074661,4.131367835097329,16.24914728899429,16.24914728899429,7.200274590531685,13.538897993555434,0.5637381374024926,1.2956375385545562,144.76910931798068,0.0,-2.961102006444566,16.374988838457767,16.374988838457767,0.0,0.0,0.0,0.0,0.0,16.374988838457767,500.0,0.03274997767691554,0.27,9.535114151788392,4.421246986383597,0.9824993303074661,4.131367835097329,0.0,0.0,0.0,0.6549995535383107,144.76910931798068,0.0,0.6549995535383107,1.0,0.04093747209614442,0.6549995535383107,0.0,16.374988838457767,16.374988838457767,0.0,0.0,0.0,1.0,1.0,demand_multiplier,0.85
5,5,5,0,2024-09-20T20:00:00,proposed,H06,5,5,4,0.49580055475234985,3.745662369015746,0.11789660270201754,0.0,0.0,93.64155922539365,93.64155922539365,0.0,0.0,0.0,0.0,0.0,0.95,93.64155922539365,700.0,0.13377365603627664,0.27,46.427537011825194,25.283220990856286,5.618493553523619,15.52582246744529,13.132737671082289,13.132737671082289,4.595849336685272,13.538897993555434,0.5637381374024926,1.2956375385545562,144.76910931798068,0.0,-2.961102006444566,93.64155922539365,93.64155922539365,0.0,0.0,0.0,0.0,0.0,93.64155922539365,700.0,0.13377365603627664,0.27,46.427537011825194,25.283220990856286,5.618493553523619,15.52582246744529,0.0,0.0,0.0,3.745662369015746,144.76910931798068,0.0,3.745662369015746,1.0,0.2341038980634841,3.745662369015746,0.0,93.64155922539365,93.64155922539365,0.0,0.0,0.0,1.0,1.0,demand_multiplier,0.85
5,5,5,0,2024-09-20T20:00:00,proposed,H07,6,6,4,0.5639462471008301,2.3836597693957673,0.11789660270201754,0.0,0.0,59.59149423489418,59.59149423489418,0.0,0.0,0.0,0.0,0.0,0.95,59.59149423489418,350.0,0.17026141209969764,0.27,33.606399532899324,16.089703443421428,3.575489654093651,13.941206435384245,10.357942409976637,10.357942409976637,1.6612378356088806,13.538897993555434,0.5637381374024926,1.2956375385545562,144.76910931798068,0.0,-2.961102006444566,59.59149423489418,59.59149423489418,0.0,0.0,0.0,0.0,0.0,59.59149423489418,350.0,0.17026141209969764,0.27,33.606399532899324,16.089703443421428,3.575489654093651,13.941206435384245,0.0,0.0,0.0,2.3836597693957673,144.76910931798068,0.0,2.3836597693957673,1.0,0.19863831411631394,2.3836597693957673,0.0,59.59149423489418,59.59149423489418,0.0,0.0,0.0,1.0,1.0,demand_multiplier,0.85
5,5,5,0,2024-09-20T20:00:00,proposed,H08,7,7,4,0.4733598828315735,9.078871011219945,0.11789660270201754,0.0,0.0,226.97177528049863,226.97177528049863,0.0,0.0,0.0,0.0,0.0,0.95,226.97177528049863,500.0,0.4539435505609973,0.27,107.43933295285106,61.28237932573464,13.618306516829918,32.538647110286504,9.687753446235204,9.687753446235204,1.2734024464100577,13.538897993555434,0.5637381374024926,1.2956375385545562,144.76910931798068,0.0,-2.961102006444566,226.97177528049863,226.97177528049863,0.0,0.0,0.0,0.0,0.0,226.97177528049863,500.0,0.4539435505609973,0.27,107.43933295285106,61.28237932573464,13.618306516829918,32.538647110286504,0.0,0.0,0.0,9.078871011219945,144.76910931798068,0.0,9.078871011219945,1.0,0.5674294382012466,9.078871011219945,0.0,226.97177528049863,226.97177528049863,0.0,0.0,0.0,1.0,1.0,demand_multiplier,0.85
5,5,5,0,2024-09-20T21:00:00,proposed,H01,0,0,5,0.4433708190917969,0.24551629616257017,0.11197711858587171,0.0,0.0,6.137907404064254,81.48016650827269,0.0,0.0,0.0,0.0,81.48016650827269,0.5211570183775122,0.0,250.0,0.0,0.2,36.125928164508856,2.444404995248181,4.8888099904963624,28.792713178764316,9.869985025025086,9.869985025025086,1.5392731637659134,13.538897993555434,0.5447453047711536,2.5940632520899283,259.4063252089928,0.0,-2.961102006444566,6.137907404064254,81.48016650827269,0.0,0.0,0.0,0.0,81.48016650827269,0.0,250.0,0.0,0.2,36.125928164508856,2.444404995248181,4.8888099904963624,28.792713178764316,0.0,0.0,0.0,0.24551629616257017,259.4063252089928,3.0136903641683377,3.259206660330908,1.0,0.4074008325413635,3.259206660330908,75.34225910420844,81.48016650827269,81.48016650827269,0.0,0.0,0.0,1.0,1.0,demand_multiplier,0.85
5,5,5,0,2024-09-20T21:00:00,proposed,H02,1,1,5,0.5115277767181396,4.124290221987326,0.11197711858587171,0.0,0.0,103.10725554968315,103.10725554968315,0.0,0.0,0.0,0.0,100.0,0.42368421052631583,3.1072555496831455,250.0,0.012429022198732582,0.2,52.74222519483848,3.621451109936629,6.186435332980988,42.93433875192086,9.789028755437785,9.789028755437785,1.3127412261626008,13.538897993555434,0.5447453047711536,2.5940632520899283,259.4063252089928,1.4210854715202004e-14,-2.961102006444566,103.10725554968315,103.10725554968315,0.0,0.0,0.0,0.0,100.0,3.1072555496831455,250.0,0.012429022198732582,0.2,52.74222519483848,3.621451109936629,6.186435332980988,42.93433875192086,1.4210854715202004e-14,0.0,0.0,4.124290221987326,259.4063252089928,0.0,4.124290221987326,1.0,0.5155362777484157,4.124290221987326,0.0,103.10725554968315,103.10725554968315,0.0,0.0,0.0,1.0,1.0,demand_multiplier,0.85
5,5,5,0,2024-09-20T21:00:00,proposed,H03,2,2,5,0.5416820049285889,2.5520427318988395,0.11197711858587171,0.0,0.0,63.80106829747099,63.80106829747099,0.0,0.0,0.0,0.0,63.80106829747099,0.7261366024650141,0.0,350.0,0.0,0.2,34.55989059195991,1.9140320489241296,3.828064097848259,28.817794445187527,10.445869298492587,10.445869298492587,1.8036999274503314,13.538897993555434,0.5447453047711536,2.5940632520899283,259.4063252089928,1.4210854715202004e-14,-2.961102006444566,63.80106829747099,63.80106829747099,0.0,0.0,0.0,0.0,63.80106829747099,0.0,350.0,0.0,0.2,34.55989059195991,1.9140320489241296,3.828064097848259,28.817794445187527,1.4210854715202004e-14,0.0,0.0,2.5520427318988395,259.4063252089928,0.0,2.5520427318988395,1.0,0.21267022765823662,2.5520427318988395,0.0,63.80106829747099,63.80106829747099,0.0,0.0,0.0,1.0,1.0,demand_multiplier,0.85
5,5,5,0,2024-09-20T21:00:00,proposed,H04,3,3,5,0.512927770614624,2.189962077321646,0.11197711858587171,0.0,0.0,54.74905193304116,54.74905193304116,0.0,0.0,0.0,0.0,54.74905193304116,0.7194776760714057,0.0,250.0,0.0,0.2,28.082309151279073,1.6424715579912348,3.284943115982469,23.15489447730537,13.591586303789663,13.591586303789663,4.676409753933433,13.538897993555434,0.5447453047711536,2.5940632520899283,259.4063252089928,7.105427357601002e-15,-2.961102006444566,54.74905193304116,54.74905193304116,0.0,0.0,0.0,0.0,54.74905193304116,0.0,250.0,0.0,0.2,28.082309151279073,1.6424715579912348,3.284943115982469,23.15489447730537,7.105427357601002e-15,0.0,0.0,2.189962077321646,259.4063252089928,0.0,2.189962077321646,1.0,0.27374525966520574,2.189962077321646,0.0,54.74905193304116,54.74905193304116,0.0,0.0,0.0,1.0,1.0,demand_multiplier,0.85
5,5,5,0,2024-09-20T21:00:00,proposed,H05,4,4,5,0.5759166479110718,0.5745755005191551,0.11197711858587171,0.0,0.0,14.364387512978876,14.364387512978876,0.0,0.0,0.0,0.0,14.364387512978876,0.9197591841832023,0.0,500.0,0.0,0.2,8.272689905770452,0.43093162538936625,0.8618632507787326,6.979895029602353,16.261072789486104,16.261072789486104,7.21849308573232,13.538897993555434,0.5447453047711536,2.5940632520899283,259.4063252089928,0.0,-2.961102006444566,14.364387512978876,14.364387512978876,0.0,0.0,0.0,0.0,14.364387512978876,0.0,500.0,0.0,0.2,8.272689905770452,0.43093162538936625,0.8618632507787326,6.979895029602353,0.0,0.0,0.0,0.5745755005191551,259.4063252089928,0.0,0.5745755005191551,1.0,0.03591096878244719,0.5745755005191551,0.0,14.364387512978876,14.364387512978876,0.0,0.0,0.0,1.0,1.0,demand_multiplier,0.85
5,5,5,0,2024-09-20T21:00:00,proposed,H06,5,5,5,0.4907280504703522,3.15639916273139,0.11197711858587171,0.0,0.0,78.90997906828476,78.90997906828476,0.0,0.0,0.0,0.0,78.90997906828476,0.8115614402310795,0.0,700.0,0.0,0.2,38.72334019083568,2.3672993720485427,4.734598744097085,31.62144207469005,13.274079183474372,13.274079183474372,4.726007067934724,13.538897993555434,0.5447453047711536,2.5940632520899283,259.4063252089928,2.842170943040401e-14,-2.961102006444566,78.90997906828476,78.90997906828476,0.0,0.0,0.0,0.0,78.90997906828476,0.0,700.0,0.0,0.2,38.72334019083568,2.3672993720485427,4.734598744097085,31.62144207469005,2.842170943040401e-14,0.0,0.0,3.15639916273139,259.4063252089928,0.0,3.15639916273139,1.0,0.19727494767071188,3.15639916273139,0.0,78.90997906828476,78.90997906828476,0.0,0.0,0.0,1.0,1.0,demand_multiplier,0.85
5,5,5,0,2024-09-20T21:00:00,proposed,H07,6,6,5,0.5670300722122192,1.8686565240349888,0.11197711858587171,0.0,0.0,46.71641310087472,46.71641310087472,0.0,0.0,0.0,0.0,46.71641310087472,0.7860827610495623,0.0,350.0,0.0,0.2,26.489611094084857,1.4014923930262415,2.802984786052483,22.28513391500613,10.26144741016332,10.26144741016332,1.5817256034609979,13.538897993555434,0.5447453047711536,2.5940632520899283,259.4063252089928,7.105427357601002e-15,-2.961102006444566,46.71641310087472,46.71641310087472,0.0,0.0,0.0,0.0,46.71641310087472,0.0,350.0,0.0,0.2,26.489611094084857,1.4014923930262415,2.802984786052483,22.28513391500613,7.105427357601002e-15,0.0,0.0,1.8686565240349888,259.4063252089928,0.0,1.8686565240349888,1.0,0.15572137700291575,1.8686565240349888,0.0,46.71641310087472,46.71641310087472,0.0,0.0,0.0,1.0,1.0,demand_multiplier,0.85
5,5,5,0,2024-09-20T21:00:00,proposed,H08,7,7,5,0.4672534167766571,7.933140961404356,0.11197711858587171,0.0,0.0,198.32852403510887,198.32852403510887,0.0,0.0,0.0,0.0,198.32852403510887,0.5324662651892444,0.0,500.0,0.0,0.2,92.66968049967598,5.949855721053266,11.899711442106534,74.82011333651617,9.703458048232541,9.703458048232541,1.2945025066594005,13.538897993555434,0.5447453047711536,2.5940632520899283,259.4063252089928,2.842170943040401e-14,-2.961102006444566,198.32852403510887,198.32852403510887,0.0,0.0,0.0,0.0,198.32852403510887,0.0,500.0,0.0,0.2,92.66968049967598,5.949855721053266,11.899711442106534,74.82011333651617,2.842170943040401e-14,0.0,0.0,7.933140961404356,259.4063252089928,0.0,7.933140961404356,1.0,0.49582131008777225,7.933140961404356,0.0,198.32852403510887,198.32852403510887,0.0,0.0,0.0,1.0,1.0,demand_multiplier,0.85
5,5,5,0,2024-09-20T16:00:00,proposed,H01,0,0,0,0.46856242418289185,15.766740231793182,0.07875436541553546,58.25055173844887,43.25055173844887,394.1685057948296,200.00000000000003,0.0,44.0,44.0,84.21052631578947,0.0,0.95,240.21052631578948,250.0,0.9608421052631579,0.16,93.71248483657838,38.653684210526315,12.0,43.05880062605207,10.426646093807662,10.426646093807662,1.8766891932775056,13.538897993555434,0.4254669677134717,1.6868931375683542,329.9456127502318,0.0,-2.961102006444566,394.1685057948296,200.00000000000003,0.0,44.0,44.0,84.21052631578947,0.0,240.21052631578948,250.0,0.9608421052631579,0.16,93.71248483657838,38.653684210526315,12.0,43.05880062605207,0.0,0.7208425289741478,0.0,15.766740231793182,329.9456127502318,0.0,15.766740231793182,0.507397209720512,1.9708425289741478,8.0,0.0,394.1685057948296,200.00000000000003,194.1685057948296,0.0,0.0,1.0,0.507397209720512,demand_multiplier,1.0
5,5,5,0,2024-09-20T16:00:00,proposed,H02,1,1,0,0.5294427871704102,7.023272993604092,0.07875436541553546,0.0,0.0,175.58182484010229,175.58182484010229,0.0,33.0,33.0,94.73684210526316,0.0,0.95,237.31866694536546,250.0,0.9492746677814619,0.16,92.9605307198105,38.135986711258475,10.534909490406138,44.289634518145895,10.350403269747982,10.350403269747982,1.6703588060311936,13.538897993555434,0.4254669677134717,1.6868931375683542,329.9456127502318,0.0,-2.961102006444566,175.58182484010229,175.58182484010229,0.0,33.0,33.0,94.73684210526316,0.0,237.31866694536546,250.0,0.9492746677814619,0.16,92.9605307198105,38.135986711258475,10.534909490406138,44.289634518145895,0.0,0.0,0.0,7.023272993604092,329.9456127502318,0.0,7.023272993604092,1.0,0.8779091242005115,7.023272993604092,0.0,175.58182484010229,175.58182484010229,0.0,0.0,0.0,1.0,1.0,demand_multiplier,1.0
5,5,5,0,2024-09-20T16:00:00,proposed,H03,2,2,0,0.5401561260223389,6.191500701917184,0.07875436541553546,0.0,0.0,154.78751754792958,154.78751754792958,0.0,33.0,33.0,110.52631578947368,0.0,0.95,232.31383333740325,350.0,0.6637538095354378,0.16,83.60942583530444,37.33521333398452,9.287251052875776,36.98696144844414,10.524391604555804,10.524391604555804,1.6825276633007913,13.538897993555434,0.4254669677134717,1.6868931375683542,329.9456127502318,0.0,-2.961102006444566,154.78751754792958,154.78751754792958,0.0,33.0,33.0,110.52631578947368,0.0,232.31383333740325,350.0,0.6637538095354378,0.16,83.60942583530444,37.33521333398452,9.287251052875776,36.98696144844414,0.0,0.0,0.0,6.191500701917184,329.9456127502318,0.0,6.191500701917184,1.0,0.515958391826432,6.191500701917184,0.0,154.78751754792958,154.78751754792958,0.0,0.0,0.0,1.0,1.0,demand_multiplier,1.0
5,5,5,0,2024-09-20T16:00:00,proposed,H04,3,3,0,0.497302770614624,7.079087792731841,0.07875436541553546,0.0,0.0,176.97719481829603,176.97719481829603,0.0,44.0,44.0,78.94736842105263,0.0,0.95,211.92456323934866,250.0,0.8476982529573946,0.16,88.0112493187427,34.12793011829579,10.618631689097763,43.26468751134915,13.1499188398441,13.1499188398441,4.044716950072058,13.538897993555434,0.4254669677134717,1.6868931375683542,329.9456127502318,0.0,-2.961102006444566,176.97719481829603,176.97719481829603,0.0,44.0,44.0,78.94736842105263,0.0,211.92456323934866,250.0,0.8476982529573946,0.16,88.0112493187427,34.12793011829579,10.618631689097763,43.26468751134915,0.0,0.0,0.0,7.079087792731841,329.9456127502318,0.0,7.079087792731841,1.0,0.8848859740914802,7.079087792731841,0.0,176.97719481829603,176.97719481829603,0.0,0.0,0.0,1.0,1.0,demand_multiplier,1.0
5,5,5,0,2024-09-20T16:00:00,proposed,H05,4,4,0,0.5716525912284851,1.6798622920440582,0.07875436541553546,0.0,0.0,41.996557301101454,41.996557301101454,0.0,82.5,0.0,131.57894736842104,0.0,0.95,91.0755046695225,500.0,0.18215100933904502,0.16,24.0074408038502,14.9845807471236,2.5197934380660874,6.503066618660514,15.448516338228481,15.448516338228481,6.189242363849866,13.538897993555434,0.4254669677134717,1.6868931375683542,329.9456127502318,1.4210854715202004e-14,-2.961102006444566,41.996557301101454,41.996557301101454,0.0,82.5,0.0,131.57894736842104,0.0,91.0755046695225,500.0,0.18215100933904502,0.16,24.0074408038502,14.9845807471236,2.5197934380660874,6.503066618660514,1.4210854715202004e-14,0.0,0.0,1.6798622920440582,329.9456127502318,0.0,1.6798622920440582,1.0,0.10499139325275364,1.6798622920440582,0.0,41.996557301101454,41.996557301101454,0.0,0.0,0.0,1.0,1.0,demand_multiplier,1.0
5,5,5,0,2024-09-20T16:00:00,proposed,H06,5,5,0,0.48814189434051514,7.796819332350432,0.07875436541553546,0.0,0.0,194.92048330876077,194.92048330876077,0.0,110.0,110.0,126.31578947368422,0.0,0.95,211.23627278244498,700.0,0.30176610397492143,0.16,95.14885396810725,34.34780364519119,11.695228998525648,49.105821324390405,13.398224229734364,13.398224229734364,4.623021584831504,13.538897993555434,0.4254669677134717,1.6868931375683542,329.9456127502318,0.0,-2.961102006444566,194.92048330876077,194.92048330876077,0.0,110.0,110.0,126.31578947368422,0.0,211.23627278244498,700.0,0.30176610397492143,0.16,95.14885396810725,34.34780364519119,11.695228998525648,49.105821324390405,0.0,0.0,0.0,7.796819332350432,329.9456127502318,0.0,7.796819332350432,1.0,0.487301208271902,7.796819332350432,0.0,194.92048330876077,194.92048330876077,0.0,0.0,0.0,1.0,1.0,demand_multiplier,1.0
5,5,5,0,2024-09-20T16:00:00,proposed,H07,6,6,0,0.5586836338043213,5.168837473920945,0.07875436541553546,0.0,0.0,129.22093684802363,129.22093684802363,0.0,27.5,27.5,126.31578947368422,0.0,0.95,228.03672632170785,350.0,0.6515335037763081,0.16,72.19362256185256,36.62337621147326,7.753256210881418,27.81699013949789,10.136226353165805,10.136226353165805,1.2209285190314374,13.538897993555434,0.4254669677134717,1.6868931375683542,329.9456127502318,0.0,-2.961102006444566,129.22093684802363,129.22093684802363,0.0,27.5,27.5,126.31578947368422,0.0,228.03672632170785,350.0,0.6515335037763081,0.16,72.19362256185256,36.62337621147326,7.753256210881418,27.81699013949789,0.0,0.0,0.0,5.168837473920945,329.9456127502318,0.0,5.168837473920945,1.0,0.4307364561600788,5.168837473920945,0.0,129.22093684802363,129.22093684802363,0.0,0.0,0.0,1.0,1.0,demand_multiplier,1.0
5,5,5,0,2024-09-20T16:00:00,proposed,H08,7,7,0,0.4315682053565979,29.967359402199822,0.07875436541553546,52.37759775824933,37.37759775824933,749.1839850549954,399.99999999999994,0.0,99.0,0.0,131.57894736842104,0.0,0.95,432.578947368421,500.0,0.865157894736842,0.16,172.62728214263913,69.70763157894736,24.0,78.91965056369177,9.975495370830973,9.975495370830973,1.3263581279802912,13.538897993555434,0.4254669677134717,1.6868931375683542,329.9456127502318,1.4210854715202004e-14,-2.961102006444566,749.1839850549954,399.99999999999994,0.0,99.0,0.0,131.57894736842104,0.0,432.578947368421,500.0,0.865157894736842,0.16,172.62728214263913,69.70763157894736,24.0,78.91965056369177,1.4210854715202004e-14,0.6229599626374889,0.0,29.967359402199822,329.9456127502318,0.0,29.967359402199822,0.533914242668491,1.8729599626374889,16.0,0.0,749.1839850549954,399.99999999999994,349.1839850549955,0.0,0.0,1.0,0.533914242668491,demand_multiplier,1.0
5,5,5,0,2024-09-20T17:00:00,proposed,H01,0,0,1,0.46791282296180725,0.0030885898509454323,0.16646773468034362,0.0,0.0,0.07721474627363581,194.24572054110322,0.0,28.0,28.0,0.0,0.0,0.95,166.24572054110322,250.0,0.6649828821644129,0.22,90.89006344663792,36.71405851904271,11.654743232466192,42.52126169512903,9.65092516094762,9.65092516094762,1.4788960360015504,13.538897993555434,0.6989409117167777,2.8367149276529995,518.1555864090782,0.0,-2.961102006444566,0.07721474627363581,194.24572054110322,0.0,28.0,28.0,0.0,0.0,166.24572054110322,250.0,0.6649828821644129,0.22,90.89006344663792,36.71405851904271,11.654743232466192,42.52126169512903,0.0,0.0,0.0,0.0030885898509454323,518.1555864090782,7.766740231793182,7.769828821644128,1.0,0.971228602705516,7.769828821644128,194.1685057948296,194.24572054110322,194.24572054110322,0.0,0.0,0.0,1.0,1.0,demand_multiplier,1.0
5,5,5,0,2024-09-20T17:00:00,proposed,H02,1,1,1,0.5242934226989746,21.00970119252273,0.16646773468034362,97.57275894392048,82.57275894392048,525.2425298130682,200.0,0.0,21.0,21.0,0.0,0.0,0.95,179.0,250.0,0.716,0.22,104.85868453979492,39.485,12.0,53.37368453979492,9.815275609248651,9.815275609248651,1.4640236742981119,13.538897993555434,0.6989409117167777,2.8367149276529995,518.1555864090782,0.0,-2.961102006444566,525.2425298130682,200.0,0.0,21.0,21.0,0.0,0.0,179.0,250.0,0.716,0.22,104.85868453979492,39.485,12.0,53.37368453979492,0.0,1.3762126490653412,0.0,21.00970119252273,518.1555864090782,0.0,21.00970119252273,0.38077647686142096,2.6262126490653412,8.0,0.0,525.2425298130682,200.0,325.24252981306824,0.0,0.0,1.0,0.38077647686142096,demand_multiplier,1.0
5,5,5,0,2024-09-20T17:00:00,proposed,H03,2,2,1,0.5424904227256775,14.885612990466626,0.16646773468034362,14.428064952333134,0.0,372.1403247616657,300.0,0.0,21.0,21.0,0.0,0.0,0.95,279.0,350.0,0.7971428571428572,0.22,162.74712681770325,61.485,18.0,83.26212681770325,10.599654023980023,10.599654023980023,2.0962388221146195,13.538897993555434,0.6989409117167777,2.8367149276529995,518.1555864090782,0.0,-2.961102006444566,372.1403247616657,300.0,0.0,21.0,21.0,0.0,0.0,279.0,350.0,0.7971428571428572,0.22,162.74712681770325,61.485,18.0,83.26212681770325,0.0,0.0,0.0,14.885612990466626,518.1555864090782,0.0,14.885612990466626,0.8061475202724473,1.2404677492055523,12.0,0.0,372.1403247616657,300.0,72.14032476166568,8.326672684688674e-17,0.0,1.0,0.8061475202724473,demand_multiplier,1.0
5,5,5,0,2024-09-20T17:00:00,proposed,H04,3,3,1,0.5061406493186951,14.127068973108658,0.16646773468034362,45.95301729831493,30.953017298314936,353.17672432771644,200.0,0.0,28.0,28.0,0.0,0.0,0.95,172.0,250.0,0.688,0.22,101.22812986373901,37.980000000000004,12.0,51.24812986373901,13.781200628254513,13.781200628254513,5.051272020250183,13.538897993555434,0.6989409117167777,2.8367149276529995,518.1555864090782,0.0,-2.961102006444566,353.17672432771644,200.0,0.0,28.0,28.0,0.0,0.0,172.0,250.0,0.688,0.22,101.22812986373901,37.980000000000004,12.0,51.24812986373901,0.0,0.5158836216385823,0.0,14.127068973108658,518.1555864090782,0.0,14.127068973108658,0.5662887337230578,1.7658836216385823,8.0,0.0,353.17672432771644,200.0,153.17672432771644,0.0,0.0,1.0,0.5662887337230578,demand_multiplier,1.0
5,5,5,0,2024-09-20T17:00:00,proposed,H05,4,4,1,0.5748951435089111,3.440216641518598,0.16646773468034362,0.0,0.0,86.00541603796495,86.00541603796495,0.0,52.5,52.5,0.0,0.0,0.95,33.50541603796495,500.0,0.0670108320759299,0.22,49.444095995689466,7.633691528352289,5.1603249622778975,36.65007950505928,16.436658434538458,16.436658434538458,7.619422735964697,13.538897993555434,0.6989409117167777,2.8367149276529995,518.1555864090782,0.0,-2.961102006444566,86.00541603796495,86.00541603796495,0.0,52.5,52.5,0.0,0.0,33.50541603796495,500.0,0.0670108320759299,0.22,49.444095995689466,7.633691528352289,5.1603249622778975,36.65007950505928,0.0,0.0,0.0,3.440216641518598,518.1555864090782,0.0,3.440216641518598,1.0,0.2150135400949124,3.440216641518598,0.0,86.00541603796495,86.00541603796495,0.0,0.0,0.0,1.0,1.0,demand_multiplier,1.0
5,5,5,0,2024-09-20T17:00:00,proposed,H06,5,5,1,0.4891475737094879,20.991005487907653,0.16646773468034362,18.7162705796537,3.7162705796537,524.7751371976913,399.99999999999994,0.0,70.0,70.0,0.0,0.0,0.95,329.99999999999994,700.0,0.47142857142857136,0.22,195.65902948379514,72.94999999999999,24.0,98.70902948379515,12.83234663808369,12.83234663808369,4.5199105550687415,13.538897993555434,0.6989409117167777,2.8367149276529995,518.1555864090782,0.0,-2.961102006444566,524.7751371976913,399.99999999999994,0.0,70.0,70.0,0.0,0.0,329.99999999999994,700.0,0.47142857142857136,0.22,195.65902948379514,72.94999999999999,24.0,98.70902948379515,0.0,0.06193784299422833,0.0,20.991005487907653,518.1555864090782,0.0,20.991005487907653,0.7622312332402164,1.3119378429942283,16.0,0.0,524.7751371976913,399.99999999999994,124.77513719769132,0.0,0.0,1.0,0.7622312332402164,demand_multiplier,1.0
5,5,5,0,2024-09-20T17:00:00,proposed,H07,6,6,1,0.5608513951301575,12.048277799781555,0.16646773468034362,0.2413889989077722,0.0,301.2069449945389,300.0,0.0,17.5,17.5,0.0,0.0,0.95,282.5,350.0,0.8071428571428572,0.22,168.25541853904724,62.2375,18.0,88.01791853904724,10.389119306957898,10.389119306957898,1.8711096058741943,13.538897993555434,0.6989409117167777,2.8367149276529995,518.1555864090782,0.0,-2.961102006444566,301.2069449945389,300.0,0.0,17.5,17.5,0.0,0.0,282.5,350.0,0.8071428571428572,0.22,168.25541853904724,62.2375,18.0,88.01791853904724,0.0,0.0,0.0,12.048277799781555,518.1555864090782,0.0,12.048277799781555,0.9959929708972655,1.0040231499817962,12.0,0.0,301.2069449945389,300.0,1.206944994538901,-7.37257477290143e-17,0.0,1.0,0.9959929708972655,demand_multiplier,1.0
5,5,5,0,2024-09-20T17:00:00,proposed,H08,7,7,1,0.425400048494339,0.015677465023571237,0.16646773468034362,0.0,0.0,0.39193662558928094,349.57592168058477,0.0,63.0,63.0,0.0,0.0,0.95,286.57592168058477,500.0,0.5731518433611695,0.22,148.70961403537402,63.361702769728645,20.974555300835092,64.37335596481027,9.475282458358032,9.475282458358032,1.232104954387885,13.538897993555434,0.6989409117167777,2.8367149276529995,518.1555864090782,0.0,-2.961102006444566,0.39193662558928094,349.57592168058477,0.0,63.0,63.0,0.0,0.0,286.57592168058477,500.0,0.5731518433611695,0.22,148.70961403537402,63.361702769728645,20.974555300835092,64.37335596481027,0.0,0.0,0.0,0.015677465023571237,518.1555864090782,13.967359402199822,13.983036867223394,1.0,0.8739398042014621,13.983036867223394,349.1839850549955,349.57592168058477,349.57592168058477,0.0,0.0,0.0,1.0,1.0,demand_multiplier,1.0
5,5,5,0,2024-09-20T18:00:00,proposed,H01,0,0,2,0.43105337023735046,34.31872487715114,0.11286349042827822,197.39043657863357,182.39043657863357,857.9681219287786,200.00000000000003,0.0,12.8,12.8,0.0,0.0,0.95,187.20000000000002,250.0,0.7488,0.3,86.2106740474701,56.224000000000004,12.0,17.986674047470103,10.182211717636033,10.182211717636033,1.705644476972758,13.538897993555434,0.5428962838397727,-2.127572846311297,231.43914898780503,0.0,-2.961102006444566,857.9681219287786,200.00000000000003,0.0,12.8,12.8,0.0,0.0,187.20000000000002,250.0,0.7488,0.3,86.2106740474701,56.224000000000004,12.0,17.986674047470103,0.0,3.039840609643893,0.0,34.31872487715114,231.43914898780503,0.0,34.31872487715114,0.23310889401156837,4.289840609643893,8.0,0.0,857.9681219287786,200.00000000000003,657.9681219287786,0.0,0.0,1.0,0.23310889401156837,demand_multiplier,1.0
5,5,5,0,2024-09-20T18:00:00,proposed,H02,1,1,2,0.5546567440032959,6.616399658927777e-07,0.11286349042827822,37.57276390622022,22.572763906220217,1.6540999147319443e-05,199.99999999999997,0.0,9.6,9.6,0.0,0.0,0.95,190.39999999999998,250.0,0.7615999999999999,0.3,110.93134880065917,57.16799999999999,12.0,41.76334880065917,10.074502033092276,10.074502033092276,1.4490023090832307,13.538897993555434,0.5428962838397727,-2.127572846311297,231.43914898780503,0.0,-2.961102006444566,1.6540999147319443e-05,199.99999999999997,0.0,9.6,9.6,0.0,0.0,190.39999999999998,250.0,0.7615999999999999,0.3,110.93134880065917,57.16799999999999,12.0,41.76334880065917,0.0,0.37621273177033693,0.0,6.616399658927777e-07,231.43914898780503,13.00970119252273,13.009701854162696,0.6149256985040169,1.626212731770337,8.0,325.24252981306824,325.2425463540674,199.99999999999997,125.2425463540674,0.0,0.0,1.0,0.6149256985040169,demand_multiplier,1.0
5,5,5,0,2024-09-20T18:00:00,proposed,H03,2,2,2,0.5555753707885742,0.584359853174969,0.11286349042827822,0.0,0.0,14.608996329374225,86.7493210910399,0.0,9.6,9.6,0.0,0.0,0.95,77.14932109103991,350.0,0.22042663168868545,0.3,48.19578623081158,23.19279632731197,5.204959265462394,19.79803063803721,10.434595168955568,10.434595168955568,1.6834948181799738,13.538897993555434,0.5428962838397727,-2.127572846311297,231.43914898780503,0.0,-2.961102006444566,14.608996329374225,86.7493210910399,0.0,9.6,9.6,0.0,0.0,77.14932109103991,350.0,0.22042663168868545,0.3,48.19578623081158,23.19279632731197,5.204959265462394,19.79803063803721,0.0,0.0,0.0,0.584359853174969,231.43914898780503,2.885612990466627,3.469972843641596,1.0,0.2891644036367997,3.469972843641596,72.14032476166568,86.7493210910399,86.7493210910399,0.0,0.0,0.0,1.0,1.0,demand_multiplier,1.0
5,5,5,0,2024-09-20T18:00:00,proposed,H04,3,3,2,0.5006673336029053,0.004136627350267483,0.11286349042827822,0.0,0.0,0.10341568375668708,153.28014001147312,0.0,12.8,12.8,0.0,0.0,0.95,140.4801400114731,250.0,0.5619205600458924,0.3,76.74235899382424,42.20804200344193,9.196808400688388,25.33750858969392,13.332310368075074,13.332310368075074,4.37530064087237,13.538897993555434,0.5428962838397727,-2.127572846311297,231.43914898780503,0.0,-2.961102006444566,0.10341568375668708,153.28014001147312,0.0,12.8,12.8,0.0,0.0,140.4801400114731,250.0,0.5619205600458924,0.3,76.74235899382424,42.20804200344193,9.196808400688388,25.33750858969392,0.0,0.0,0.0,0.004136627350267483,231.43914898780503,6.127068973108658,6.131205600458926,1.0,0.7664007000573657,6.131205600458926,153.17672432771644,153.28014001147312,153.28014001147312,0.0,0.0,0.0,1.0,1.0,demand_multiplier,1.0
5,5,5,0,2024-09-20T18:00:00,proposed,H05,4,4,2,0.5851355791091919,1.5626409479429373,0.11286349042827822,0.0,0.0,39.06602369857343,39.06602369857343,0.0,24.0,24.0,0.0,0.0,0.95,15.066023698573431,500.0,0.030132047397146863,0.3,22.85892040035818,4.639807109572029,2.343961421914406,15.875151868871745,16.122317000877924,16.122317000877924,7.047465028691638,13.538897993555434,0.5428962838397727,-2.127572846311297,231.43914898780503,0.0,-2.961102006444566,39.06602369857343,39.06602369857343,0.0,24.0,24.0,0.0,0.0,15.066023698573431,500.0,0.030132047397146863,0.3,22.85892040035818,4.639807109572029,2.343961421914406,15.875151868871745,0.0,0.0,0.0,1.5626409479429373,231.43914898780503,0.0,1.5626409479429373,1.0,0.09766505924643358,1.5626409479429373,0.0,39.06602369857343,39.06602369857343,0.0,0.0,0.0,1.0,1.0,demand_multiplier,1.0
5,5,5,0,2024-09-20T18:00:00,proposed,H06,5,5,2,0.5055942535400391,0.3613195413347161,0.11286349042827822,0.0,0.0,9.032988533367902,133.80812573105922,0.0,32.0,32.0,0.0,0.0,0.95,101.80812573105922,700.0,0.1454401796157989,0.3,67.65261944658658,30.702437719317764,8.028487543863553,28.921694183405265,13.15621685244736,13.15621685244736,4.519586075839096,13.538897993555434,0.5428962838397727,-2.127572846311297,231.43914898780503,0.0,-2.961102006444566,9.032988533367902,133.80812573105922,0.0,32.0,32.0,0.0,0.0,101.80812573105922,700.0,0.1454401796157989,0.3,67.65261944658658,30.702437719317764,8.028487543863553,28.921694183405265,0.0,0.0,0.0,0.3613195413347161,231.43914898780503,4.991005487907653,5.352325029242369,1.0,0.33452031432764806,5.352325029242369,124.77513719769132,133.80812573105922,133.80812573105922,0.0,0.0,0.0,1.0,1.0,demand_multiplier,1.0
5,5,5,0,2024-09-20T18:00:00,proposed,H07,6,6,2,0.5603855848312378,5.8532985954746035,0.11286349042827822,0.0,0.0,146.3324648868651,147.539409881404,0.0,8.0,8.0,0.0,0.0,0.95,139.539409881404,350.0,0.39868402823258287,0.3,82.67895849204628,41.9018229644212,8.852364592884237,31.92477093474084,10.292804400082025,10.292804400082025,1.507091756517125,13.538897993555434,0.5428962838397727,-2.127572846311297,231.43914898780503,0.0,-2.961102006444566,146.3324648868651,147.539409881404,0.0,8.0,8.0,0.0,0.0,139.539409881404,350.0,0.39868402823258287,0.3,82.67895849204628,41.9018229644212,8.852364592884237,31.92477093474084,0.0,0.0,0.0,5.8532985954746035,231.43914898780503,0.04827779978155444,5.901576395256158,1.0,0.49179803293801316,5.901576395256158,1.206944994538901,147.539409881404,147.539409881404,0.0,0.0,0.0,1.0,1.0,demand_multiplier,1.0
5,5,5,0,2024-09-20T18:00:00,proposed,H08,7,7,2,0.4633399248123169,24.56933768656362,0.11286349042827822,32.13501632461358,17.13501632461358,614.2334421640905,400.00000000000006,0.0,28.8,28.8,0.0,0.0,0.95,371.20000000000005,500.0,0.7424000000000001,0.3,185.3359699249268,111.50400000000002,24.0,49.83196992492677,9.849638036945763,9.849638036945763,1.3063343428069571,13.538897993555434,0.5428962838397727,-2.127572846311297,231.43914898780503,0.0,-2.961102006444566,614.2334421640905,400.00000000000006,0.0,28.8,28.8,0.0,0.0,371.20000000000005,500.0,0.7424000000000001,0.3,185.3359699249268,111.50400000000002,24.0,49.83196992492677,0.0,0.28558360541022637,0.0,24.56933768656362,231.43914898780503,0.0,24.56933768656362,0.6512182055583051,1.5355836054102263,16.0,0.0,614.2334421640905,400.00000000000006,214.2334421640905,0.0,0.0,1.0,0.6512182055583051,demand_multiplier,1.0
5,5,5,0,2024-09-20T19:00:00,proposed,H01,0,0,3,0.5124228000640869,1.1982829701941868e-13,0.2262804048354281,137.39043657863445,122.39043657863446,2.9957074254854675e-12,200.0,0.0,3.2,3.2,0.0,0.0,0.95,196.8,250.0,0.7872,0.34,102.48456001281738,66.92800000000001,12.0,23.55656001281737,9.601687844437883,9.601687844437883,1.371956796640882,13.538897993555434,0.8206044137063327,-0.5910413848520204,185.67673467206689,0.0,-2.961102006444566,2.9957074254854675e-12,200.0,0.0,3.2,3.2,0.0,0.0,196.8,250.0,0.7872,0.34,102.48456001281738,66.92800000000001,12.0,23.55656001281737,0.0,2.0398406096439077,0.0,1.1982829701941868e-13,185.67673467206689,26.31872487715114,26.31872487715126,0.3039660940012045,3.2898406096439077,8.0,657.9681219287786,657.9681219287816,200.0,457.96812192878156,0.0,0.0,1.0,0.3039660940012045,demand_multiplier,1.0
5,5,5,0,2024-09-20T19:00:00,proposed,H02,1,1,3,0.5289034843444824,0.027451320433050656,0.2262804048354281,0.0,0.0,0.6862830108262665,125.92882936489367,0.0,2.4,2.4,0.0,0.0,0.95,123.52882936489367,250.0,0.49411531745957465,0.34,66.60419663051404,42.01180198406385,7.55572976189362,17.03666488455657,9.593609612849214,9.593609612849214,1.2046794282090252,13.538897993555434,0.8206044137063327,-0.5910413848520204,185.67673467206689,0.0,-2.961102006444566,0.6862830108262665,125.92882936489367,0.0,2.4,2.4,0.0,0.0,123.52882936489367,250.0,0.49411531745957465,0.34,66.60419663051404,42.01180198406385,7.55572976189362,17.03666488455657,0.0,0.0,0.0,0.027451320433050656,185.67673467206689,5.009701854162696,5.037153174595747,1.0,0.6296441468244683,5.037153174595747,125.2425463540674,125.92882936489367,125.92882936489367,0.0,0.0,0.0,1.0,1.0,demand_multiplier,1.0
5,5,5,0,2024-09-20T19:00:00,proposed,H03,2,2,3,0.5553390383720398,8.301605836435975,0.2262804048354281,0.0,0.0,207.5401459108994,207.5401459108994,0.0,2.4,2.4,0.0,0.0,0.95,205.1401459108994,350.0,0.5861147026025697,0.34,115.2551450537517,69.7596496097058,12.452408754653963,33.04308668939194,10.54558237360601,10.54558237360601,2.0228078597673247,13.538897993555434,0.8206044137063327,-0.5910413848520204,185.67673467206689,0.0,-2.961102006444566,207.5401459108994,207.5401459108994,0.0,2.4,2.4,0.0,0.0,205.1401459108994,350.0,0.5861147026025697,0.34,115.2551450537517,69.7596496097058,12.452408754653963,33.04308668939194,0.0,0.0,0.0,8.301605836435975,185.67673467206689,0.0,8.301605836435975,1.0,0.6918004863696646,8.301605836435975,0.0,207.5401459108994,207.5401459108994,0.0,0.0,0.0,1.0,1.0,demand_multiplier,1.0
5,5,5,0,2024-09-20T19:00:00,proposed,H04,3,3,3,0.5040631890296936,9.359040702782044,0.2262804048354281,10.192805270865332,0.0,233.97601756955112,200.0,0.0,3.2,3.2,0.0,0.0,0.95,196.8,250.0,0.7872,0.34,100.81263780593872,66.92800000000001,12.0,21.88463780593871,13.930052853099083,13.930052853099083,5.180869742164916,13.538897993555434,0.8206044137063327,-0.5910413848520204,185.67673467206689,0.0,-2.961102006444566,233.97601756955112,200.0,0.0,3.2,3.2,0.0,0.0,196.8,250.0,0.7872,0.34,100.81263780593872,66.92800000000001,12.0,21.88463780593871,0.0,0.0,0.0,9.359040702782044,185.67673467206689,0.0,9.359040702782044,0.8547884611316992,1.1698800878477555,8.0,0.0,233.97601756955112,200.0,33.97601756955112,0.0,0.0,1.0,0.8547884611316992,demand_multiplier,1.0
5,5,5,0,2024-09-20T19:00:00,proposed,H05,4,4,3,0.5891633033752441,1.782502716994495,0.2262804048354281,0.0,0.0,44.56256792486238,44.56256792486238,0.0,6.0,6.0,0.0,0.0,0.95,38.56256792486238,500.0,0.07712513584972476,0.34,26.25462972549562,13.14127309445321,2.6737540754917424,10.439602555550668,16.709033389286557,16.709033389286557,7.8750791281171955,13.538897993555434,0.8206044137063327,-0.5910413848520204,185.67673467206689,0.0,-2.961102006444566,44.56256792486238,44.56256792486238,0.0,6.0,6.0,0.0,0.0,38.56256792486238,500.0,0.07712513584972476,0.34,26.25462972549562,13.14127309445321,2.6737540754917424,10.439602555550668,0.0,0.0,0.0,1.782502716994495,185.67673467206689,0.0,1.782502716994495,1.0,0.11140641981215593,1.782502716994495,0.0,44.56256792486238,44.56256792486238,0.0,0.0,0.0,1.0,1.0,demand_multiplier,1.0
5,5,5,0,2024-09-20T19:00:00,proposed,H06,5,5,3,0.5022578835487366,11.255480297495092,0.2262804048354281,0.0,0.0,281.3870074373773,281.3870074373773,0.0,8.0,8.0,0.0,0.0,0.95,273.3870074373773,700.0,0.39055286776768183,0.34,141.32884281360973,92.99158252870829,16.88322044624264,31.454039838658794,12.981551136945498,12.981551136945498,4.601322725457986,13.538897993555434,0.8206044137063327,-0.5910413848520204,185.67673467206689,0.0,-2.961102006444566,281.3870074373773,281.3870074373773,0.0,8.0,8.0,0.0,0.0,273.3870074373773,700.0,0.39055286776768183,0.34,141.32884281360973,92.99158252870829,16.88322044624264,31.454039838658794,0.0,0.0,0.0,11.255480297495092,185.67673467206689,0.0,11.255480297495092,1.0,0.7034675185934433,11.255480297495092,0.0,281.3870074373773,281.3870074373773,0.0,0.0,0.0,1.0,1.0,demand_multiplier,1.0
5,5,5,0,2024-09-20T19:00:00,proposed,H07,6,6,3,0.5598999857902527,7.9864400631763015,0.2262804048354281,0.0,0.0,199.66100157940753,199.66100157940753,0.0,2.0,2.0,0.0,0.0,0.95,197.66100157940753,350.0,0.5647457187983073,0.34,111.79019194717789,67.21474053699856,11.979660094764451,32.59579131541487,10.427091710418841,10.427091710418841,1.8949907737534544,13.538897993555434,0.8206044137063327,-0.5910413848520204,185.67673467206689,0.0,-2.961102006444566,199.66100157940753,199.66100157940753,0.0,2.0,2.0,0.0,0.0,197.66100157940753,350.0,0.5647457187983073,0.34,111.79019194717789,67.21474053699856,11.979660094764451,32.59579131541487,0.0,0.0,0.0,7.9864400631763015,185.67673467206689,0.0,7.9864400631763015,1.0,0.6655366719313585,7.9864400631763015,0.0,199.66100157940753,199.66100157940753,0.0,0.0,0.0,1.0,1.0,demand_multiplier,1.0
5,5,5,0,2024-09-20T19:00:00,proposed,H08,7,7,3,0.46060633659362793,0.17849451363012947,0.2262804048354281,0.0,0.0,4.462362840753237,218.69580500484372,0.0,7.2,7.2,0.0,0.0,0.95,211.49580500484373,500.0,0.42299161000968744,0.34,100.73267357167546,71.94457370164687,13.121748300290626,15.666351569737962,9.515247352956827,9.515247352956827,1.2283362417293913,13.538897993555434,0.8206044137063327,-0.5910413848520204,185.67673467206689,0.0,-2.961102006444566,4.462362840753237,218.69580500484372,0.0,7.2,7.2,0.0,0.0,211.49580500484373,500.0,0.42299161000968744,0.34,100.73267357167546,71.94457370164687,13.121748300290626,15.666351569737962,0.0,0.0,0.0,0.17849451363012947,185.67673467206689,8.569337686563621,8.74783220019375,1.0,0.5467395125121094,8.74783220019375,214.2334421640905,218.69580500484372,218.69580500484372,0.0,0.0,0.0,1.0,1.0,demand_multiplier,1.0
5,5,5,0,2024-09-20T20:00:00,proposed,H01,0,0,4,0.49400079250335693,1.1583109619555537e-09,0.12831484643543806,77.39043658732179,62.390436587321794,2.8957774048888844e-08,200.0,0.0,0.0,0.0,0.0,0.0,0.95,200.0,250.0,0.8,0.27,98.80015850067139,54.0,12.0,32.80015850067139,9.891880893993457,9.891880893993457,1.5248993012134384,13.538897993555434,0.5946983991657024,0.504169529712615,175.19782614590508,0.0,-2.961102006444566,2.8957774048888844e-08,200.0,0.0,0.0,0.0,0.0,0.0,200.0,250.0,0.8,0.27,98.80015850067139,54.0,12.0,32.80015850067139,0.0,1.0398406097886965,0.0,1.1583109619555537e-09,175.19782614590508,18.31872487715126,18.318724878309574,0.43671161902062633,2.2898406097886967,8.0,457.96812192878156,457.96812195773936,200.0,257.96812195773936,-2.220446049250313e-16,0.0,1.0,0.43671161902062633,demand_multiplier,1.0
5,5,5,0,2024-09-20T20:00:00,proposed,H02,1,1,4,0.512109637260437,6.47509757571345,0.12831484643543806,0.0,0.0,161.8774393928362,161.8774393928362,0.0,0.0,0.0,0.0,0.0,0.95,161.8774393928362,250.0,0.6475097575713449,0.27,82.89899676811373,43.706908636065776,9.712646363570176,29.47944176847778,9.844486866903097,9.844486866903097,1.320126653654112,13.538897993555434,0.5946983991657024,0.504169529712615,175.19782614590508,0.0,-2.961102006444566,161.8774393928362,161.8774393928362,0.0,0.0,0.0,0.0,0.0,161.8774393928362,250.0,0.6475097575713449,0.27,82.89899676811373,43.706908636065776,9.712646363570176,29.47944176847778,0.0,0.0,0.0,6.47509757571345,175.19782614590508,0.0,6.47509757571345,1.0,0.8093871969641813,6.47509757571345,0.0,161.8774393928362,161.8774393928362,0.0,0.0,0.0,1.0,1.0,demand_multiplier,1.0
5,5,5,0,2024-09-20T20:00:00,proposed,H03,2,2,4,0.5501898527145386,3.5437610917256253,0.12831484643543806,0.0,0.0,88.59402729314061,88.59402729314061,0.0,0.0,0.0,0.0,0.0,0.95,88.59402729314061,350.0,0.25312579226611603,0.27,48.74353482780084,23.920387369147967,5.315641637588438,19.507505821064438,10.564072706902916,10.564072706902916,1.8759913638743757,13.538897993555434,0.5946983991657024,0.504169529712615,175.19782614590508,0.0,-2.961102006444566,88.59402729314061,88.59402729314061,0.0,0.0,0.0,0.0,0.0,88.59402729314061,350.0,0.25312579226611603,0.27,48.74353482780084,23.920387369147967,5.315641637588438,19.507505821064438,0.0,0.0,0.0,3.5437610917256253,175.19782614590508,0.0,3.5437610917256253,1.0,0.29531342431046875,3.5437610917256253,0.0,88.59402729314061,88.59402729314061,0.0,0.0,0.0,1.0,1.0,demand_multiplier,1.0
5,5,5,0,2024-09-20T20:00:00,proposed,H04,3,3,4,0.5087178945541382,0.6840723865337253,0.12831484643543806,0.0,0.0,17.101809663343133,51.07782723289425,0.0,0.0,0.0,0.0,0.0,0.95,51.07782723289425,250.0,0.204311308931577,0.27,25.984204728317984,13.791013352881448,3.0646696339736548,9.128521741462881,13.63272986087304,13.63272986087304,4.676927379637897,13.538897993555434,0.5946983991657024,0.504169529712615,175.19782614590508,0.0,-2.961102006444566,17.101809663343133,51.07782723289425,0.0,0.0,0.0,0.0,0.0,51.07782723289425,250.0,0.204311308931577,0.27,25.984204728317984,13.791013352881448,3.0646696339736548,9.128521741462881,0.0,0.0,0.0,0.6840723865337253,175.19782614590508,1.3590407027820444,2.04311308931577,1.0,0.25538913616447123,2.04311308931577,33.97601756955112,51.07782723289425,51.07782723289425,0.0,0.0,0.0,1.0,1.0,demand_multiplier,1.0
5,5,5,0,2024-09-20T20:00:00,proposed,H05,4,4,4,0.5823302268981934,0.8474052445404012,0.12831484643543806,0.0,0.0,21.18513111351003,21.18513111351003,0.0,0.0,0.0,0.0,0.0,0.95,21.18513111351003,500.0,0.04237026222702006,0.27,12.336742208198272,5.719985400647709,1.2711078668106017,5.345648940739961,16.184576701457928,16.184576701457928,7.106094641239578,13.538897993555434,0.5946983991657024,0.504169529712615,175.19782614590508,0.0,-2.961102006444566,21.18513111351003,21.18513111351003,0.0,0.0,0.0,0.0,0.0,21.18513111351003,500.0,0.04237026222702006,0.27,12.336742208198272,5.719985400647709,1.2711078668106017,5.345648940739961,0.0,0.0,0.0,0.8474052445404012,175.19782614590508,0.0,0.8474052445404012,1.0,0.05296282778377508,0.8474052445404012,0.0,21.18513111351003,21.18513111351003,0.0,0.0,0.0,1.0,1.0,demand_multiplier,1.0
5,5,5,0,2024-09-20T20:00:00,proposed,H06,5,5,4,0.4954594373703003,4.803937451684196,0.12831484643543806,0.0,0.0,120.09843629210488,120.09843629210488,0.0,0.0,0.0,0.0,0.0,0.95,120.09843629210488,700.0,0.17156919470300697,0.27,59.503903674339135,32.42657779886832,7.205906177526295,19.871419697944518,13.155878629211594,13.155878629211594,4.589213319281475,13.538897993555434,0.5946983991657024,0.504169529712615,175.19782614590508,0.0,-2.961102006444566,120.09843629210488,120.09843629210488,0.0,0.0,0.0,0.0,0.0,120.09843629210488,700.0,0.17156919470300697,0.27,59.503903674339135,32.42657779886832,7.205906177526295,19.871419697944518,0.0,0.0,0.0,4.803937451684196,175.19782614590508,0.0,4.803937451684196,1.0,0.30024609073026226,4.803937451684196,0.0,120.09843629210488,120.09843629210488,0.0,0.0,0.0,1.0,1.0,demand_multiplier,1.0
5,5,5,0,2024-09-20T20:00:00,proposed,H07,6,6,4,0.5640804171562195,3.0527142991689127,0.12831484643543806,0.0,0.0,76.31785747922282,76.31785747922282,0.0,0.0,0.0,0.0,0.0,0.95,76.31785747922282,350.0,0.21805102136920806,0.27,43.04940888334892,20.605821519390165,4.5790714487533695,17.86451591520538,10.345182914600475,10.345182914600475,1.6194607628183104,13.538897993555434,0.5946983991657024,0.504169529712615,175.19782614590508,0.0,-2.961102006444566,76.31785747922282,76.31785747922282,0.0,0.0,0.0,0.0,0.0,76.31785747922282,350.0,0.21805102136920806,0.27,43.04940888334892,20.605821519390165,4.5790714487533695,17.86451591520538,0.0,0.0,0.0,3.0527142991689127,175.19782614590508,0.0,3.0527142991689127,1.0,0.25439285826407604,3.0527142991689127,0.0,76.31785747922282,76.31785747922282,0.0,0.0,0.0,1.0,1.0,demand_multiplier,1.0
5,5,5,0,2024-09-20T20:00:00,proposed,H08,7,7,4,0.4740884304046631,11.437591108357411,0.12831484643543806,0.0,0.0,285.9397777089353,285.9397777089353,0.0,0.0,0.0,0.0,0.0,0.95,285.9397777089353,500.0,0.5718795554178706,0.27,135.5607404042874,77.20373998141254,17.156386662536118,41.20061376033874,9.72404579529966,9.72404579529966,1.2822159188371245,13.538897993555434,0.5946983991657024,0.504169529712615,175.19782614590508,0.0,-2.961102006444566,285.9397777089353,285.9397777089353,0.0,0.0,0.0,0.0,0.0,285.9397777089353,500.0,0.5718795554178706,0.27,135.5607404042874,77.20373998141254,17.156386662536118,41.20061376033874,0.0,0.0,0.0,11.437591108357411,175.19782614590508,0.0,11.437591108357411,1.0,0.7148494442723382,11.437591108357411,0.0,285.9397777089353,285.9397777089353,0.0,0.0,0.0,1.0,1.0,demand_multiplier,1.0
5,5,5,0,2024-09-20T21:00:00,proposed,H01,0,0,5,0.4703948199748993,2.385393139254782e-05,0.11296388222848126,17.39061549180724,2.3906154918072375,0.0005963482848136954,200.00000000000009,0.0,0.0,0.0,0.0,100.0,0.42368421052631583,100.00000000000009,250.0,0.40000000000000036,0.2,94.0789639949799,23.000000000000018,12.0,59.07896399497989,9.86461879248292,9.86461879248292,1.5358820845751158,13.538897993555434,0.5479802353662173,3.251675753816552,329.94880636526966,1.4210854715202004e-14,-2.961102006444566,0.0005963482848136954,200.00000000000009,0.0,0.0,0.0,0.0,100.0,100.00000000000009,250.0,0.40000000000000036,0.2,94.0789639949799,23.000000000000018,12.0,59.07896399497989,1.4210854715202004e-14,0.039843591530120626,0.0,2.385393139254782e-05,329.94880636526966,10.318724878309572,10.318748732240964,0.7752877996732273,1.2898435915301205,8.0,257.96812195773936,257.9687183060242,200.00000000000009,57.9687183060241,1.1102230246251565e-16,0.0,1.0,0.7752877996732273,demand_multiplier,1.0
5,5,5,0,2024-09-20T21:00:00,proposed,H02,1,1,5,0.5122603178024292,4.850524544493004,0.11296388222848126,0.0,0.0,121.2631136123251,121.2631136123251,0.0,0.0,0.0,0.0,100.0,0.42368421052631583,21.2631136123251,250.0,0.0850524544493004,0.2,62.118281116761736,7.25262272246502,7.2757868167395054,47.58987157755721,9.784051562873945,9.784051562873945,1.3097491072136092,13.538897993555434,0.5479802353662173,3.251675753816552,329.94880636526966,1.4210854715202004e-14,-2.961102006444566,121.2631136123251,121.2631136123251,0.0,0.0,0.0,0.0,100.0,21.2631136123251,250.0,0.0850524544493004,0.2,62.118281116761736,7.25262272246502,7.2757868167395054,47.58987157755721,1.4210854715202004e-14,0.0,0.0,4.850524544493004,329.94880636526966,0.0,4.850524544493004,1.0,0.6063155680616255,4.850524544493004,0.0,121.2631136123251,121.2631136123251,0.0,0.0,0.0,1.0,1.0,demand_multiplier,1.0
5,5,5,0,2024-09-20T21:00:00,proposed,H03,2,2,5,0.5418503284454346,3.0214641126497526,0.11296388222848126,0.0,0.0,75.53660281624381,75.53660281624381,0.0,0.0,0.0,0.0,75.53660281624381,0.6849592883640568,0.0,350.0,0.0,0.2,40.929533045634045,2.2660980844873144,4.532196168974629,34.131238792172105,10.446869866802848,10.446869866802848,1.8067373705134568,13.538897993555434,0.5479802353662173,3.251675753816552,329.94880636526966,1.4210854715202004e-14,-2.961102006444566,75.53660281624381,75.53660281624381,0.0,0.0,0.0,0.0,75.53660281624381,0.0,350.0,0.0,0.2,40.929533045634045,2.2660980844873144,4.532196168974629,34.131238792172105,1.4210854715202004e-14,0.0,0.0,3.0214641126497526,329.94880636526966,0.0,3.0214641126497526,1.0,0.25178867605414607,3.0214641126497526,0.0,75.53660281624381,75.53660281624381,0.0,0.0,0.0,1.0,1.0,demand_multiplier,1.0
5,5,5,0,2024-09-20T21:00:00,proposed,H04,3,3,5,0.5127102136611938,2.60446834388128,0.11296388222848126,0.0,0.0,65.111708597032,65.111708597032,0.0,0.0,0.0,0.0,65.111708597032,0.675845437486181,0.0,250.0,0.0,0.2,33.38343802662967,1.9533512579109602,3.9067025158219204,27.52338425289679,13.597452716443206,13.597452716443206,4.6841428730470716,13.538897993555434,0.5479802353662173,3.251675753816552,329.94880636526966,0.0,-2.961102006444566,65.111708597032,65.111708597032,0.0,0.0,0.0,0.0,65.111708597032,0.0,250.0,0.0,0.2,33.38343802662967,1.9533512579109602,3.9067025158219204,27.52338425289679,0.0,0.0,0.0,2.60446834388128,329.94880636526966,0.0,2.60446834388128,1.0,0.32555854298516,2.60446834388128,0.0,65.111708597032,65.111708597032,0.0,0.0,0.0,1.0,1.0,demand_multiplier,1.0
5,5,5,0,2024-09-20T21:00:00,proposed,H05,4,4,5,0.5759294033050537,0.6811522788706272,0.11296388222848126,0.0,0.0,17.028806971765682,17.028806971765682,0.0,0.0,0.0,0.0,17.028806971765682,0.9141498800594406,0.0,500.0,0.0,0.2,9.807390638245948,0.5108642091529705,1.021728418305941,8.274798010787038,16.266608572294825,16.266608572294825,7.226134162076775,13.538897993555434,0.5479802353662173,3.251675753816552,329.94880636526966,1.0658141036401503e-14,-2.961102006444566,17.028806971765682,17.028806971765682,0.0,0.0,0.0,0.0,17.028806971765682,0.0,500.0,0.0,0.2,9.807390638245948,0.5108642091529705,1.021728418305941,8.274798010787038,1.0658141036401503e-14,0.0,0.0,0.6811522788706272,329.94880636526966,0.0,0.6811522788706272,1.0,0.0425720174294142,0.6811522788706272,0.0,17.028806971765682,17.028806971765682,0.0,0.0,0.0,1.0,1.0,demand_multiplier,1.0
5,5,5,0,2024-09-20T21:00:00,proposed,H06,5,5,5,0.49058258533477783,3.7541724803888648,0.11296388222848126,0.0,0.0,93.85431200972161,93.85431200972161,0.0,0.0,0.0,0.0,93.85431200972161,0.7853433122636463,0.0,700.0,0.0,0.2,46.043291030546115,2.815629360291648,5.631258720583297,37.59640294967117,13.272745459735196,13.272745459735196,4.7268746514825795,13.538897993555434,0.5479802353662173,3.251675753816552,329.94880636526966,0.0,-2.961102006444566,93.85431200972161,93.85431200972161,0.0,0.0,0.0,0.0,93.85431200972161,0.0,700.0,0.0,0.2,46.043291030546115,2.815629360291648,5.631258720583297,37.59640294967117,0.0,0.0,0.0,3.7541724803888648,329.94880636526966,0.0,3.7541724803888648,1.0,0.23463578002430405,3.7541724803888648,0.0,93.85431200972161,93.85431200972161,0.0,0.0,0.0,1.0,1.0,demand_multiplier,1.0
5,5,5,0,2024-09-20T21:00:00,proposed,H07,6,6,5,0.5670806765556335,2.2157819178578495,0.11296388222848126,0.0,0.0,55.394547946446245,55.394547946446245,0.0,0.0,0.0,0.0,55.394547946446245,0.7556331651001886,0.0,350.0,0.0,0.2,31.413177726964218,1.6618364383933872,3.323672876786774,26.427668411784058,10.262791135512577,10.262791135512577,1.5852989421557457,13.538897993555434,0.5479802353662173,3.251675753816552,329.94880636526966,1.4210854715202004e-14,-2.961102006444566,55.394547946446245,55.394547946446245,0.0,0.0,0.0,0.0,55.394547946446245,0.0,350.0,0.0,0.2,31.413177726964218,1.6618364383933872,3.323672876786774,26.427668411784058,1.4210854715202004e-14,0.0,0.0,2.2157819178578495,329.94880636526966,0.0,2.2157819178578495,1.0,0.1846484931548208,2.2157819178578495,0.0,55.394547946446245,55.394547946446245,0.0,0.0,0.0,1.0,1.0,demand_multiplier,1.0
5,5,5,0,2024-09-20T21:00:00,proposed,H08,7,7,5,0.46676602959632874,9.483496001072792,0.11296388222848126,0.0,0.0,237.08740002681986,237.08740002681986,0.0,0.0,0.0,0.0,237.08740002681986,0.4508686315224845,0.0,500.0,0.0,0.2,110.66434437783523,7.1126220008045955,14.225244001609187,89.32647837542146,9.700470568954142,9.700470568954142,1.2936366260061543,13.538897993555434,0.5479802353662173,3.251675753816552,329.94880636526966,2.842170943040401e-14,-2.961102006444566,237.08740002681986,237.08740002681986,0.0,0.0,0.0,0.0,237.08740002681986,0.0,500.0,0.0,0.2,110.66434437783523,7.1126220008045955,14.225244001609187,89.32647837542146,2.842170943040401e-14,0.0,0.0,9.483496001072792,329.94880636526966,0.0,9.483496001072792,1.0,0.5927185000670495,9.483496001072792,0.0,237.08740002681986,237.08740002681986,0.0,0.0,0.0,1.0,1.0,demand_multiplier,1.0
5,5,5,0,2024-09-20T16:00:00,proposed,H01,0,0,0,0.46856242418289185,18.13175126656216,0.07875436541553545,75.98813449921619,60.98813449921619,453.29378166405405,200.00000000000003,0.0,44.0,44.0,84.21052631578947,0.0,0.95,240.21052631578948,250.0,0.9608421052631579,0.16,93.71248483657838,38.653684210526315,12.0,43.05880062605207,10.42664609380766,10.42664609380766,1.8766891932775056,13.538897993555434,0.4254669677134716,1.393724396281447,369.8171834705505,0.0,-2.961102006444566,453.29378166405405,200.00000000000003,0.0,44.0,44.0,84.21052631578947,0.0,240.21052631578948,250.0,0.9608421052631579,0.16,93.71248483657838,38.653684210526315,12.0,43.05880062605207,0.0,1.0164689083202698,0.0,18.13175126656216,369.8171834705505,0.0,18.13175126656216,0.4412149649743583,2.26646890832027,8.0,0.0,453.29378166405405,200.00000000000003,253.29378166405402,0.0,0.0,1.0,0.4412149649743583,demand_multiplier,1.15
5,5,5,0,2024-09-20T16:00:00,proposed,H02,1,1,0,0.5294427871704102,8.076763942644705,0.07875436541553545,0.5757295698352882,0.0,201.91909856611764,200.0,0.0,33.0,33.0,83.0,0.0,0.89425,250.0,250.0,1.0,0.16,105.88855743408203,40.165,12.0,53.72355743408204,10.350403269747984,10.350403269747984,1.6703588060311938,13.538897993555434,0.4254669677134716,1.393724396281447,369.8171834705505,0.0,-2.961102006444566,201.91909856611764,200.0,0.0,33.0,33.0,83.0,0.0,250.0,250.0,1.0,0.16,105.88855743408203,40.165,12.0,53.72355743408204,0.0,0.0,0.0,8.076763942644705,369.8171834705505,0.0,8.076763942644705,0.9904957055585842,1.0095954928305881,8.0,0.0,201.91909856611764,200.0,1.9190985661176398,0.0,0.0,1.0,0.9904957055585842,demand_multiplier,1.15
5,5,5,0,2024-09-20T16:00:00,proposed,H03,2,2,0,0.5401561260223389,7.120225807204762,0.07875436541553545,0.0,0.0,178.00564518011902,178.00564518011902,0.0,33.0,33.0,110.52631578947368,0.0,0.95,255.53196096959272,350.0,0.7300913170559792,0.16,96.15083971060011,41.05011375513484,10.680338710807144,44.42038724465813,10.524391604555804,10.524391604555804,1.6825276633007908,13.538897993555434,0.4254669677134716,1.393724396281447,369.8171834705505,0.0,-2.961102006444566,178.00564518011902,178.00564518011902,0.0,33.0,33.0,110.52631578947368,0.0,255.53196096959272,350.0,0.7300913170559792,0.16,96.15083971060011,41.05011375513484,10.680338710807144,44.42038724465813,0.0,0.0,0.0,7.120225807204762,369.8171834705505,0.0,7.120225807204762,1.0,0.5933521506003968,7.120225807204762,0.0,178.00564518011902,178.00564518011902,0.0,0.0,0.0,1.0,1.0,demand_multiplier,1.15
5,5,5,0,2024-09-20T16:00:00,proposed,H04,3,3,0,0.497302770614624,8.140950961641618,0.07875436541553545,1.0571322123121352,0.0,203.52377404104044,200.0,0.0,44.0,44.0,78.94736842105263,0.0,0.95,234.94736842105263,250.0,0.9397894736842105,0.16,99.4605541229248,37.81157894736842,12.0,49.64897517555639,13.1499188398441,13.1499188398441,4.044716950072057,13.538897993555434,0.4254669677134716,1.393724396281447,369.8171834705505,0.0,-2.961102006444566,203.52377404104044,200.0,0.0,44.0,44.0,78.94736842105263,0.0,234.94736842105263,250.0,0.9397894736842105,0.16,99.4605541229248,37.81157894736842,12.0,49.64897517555639,0.0,0.0,0.0,8.140950961641618,369.8171834705505,0.0,8.140950961641618,0.9826861797465987,1.0176188702052023,8.0,0.0,203.52377404104044,200.0,3.52377404104044,0.0,0.0,1.0,0.9826861797465987,demand_multiplier,1.15
5,5,5,0,2024-09-20T16:00:00,proposed,H05,4,4,0,0.5716525912284851,1.9318416358506671,0.07875436541553545,0.0,0.0,48.296040896266675,48.296040896266675,0.0,82.5,0.0,131.57894736842104,0.0,0.95,97.37498826468773,500.0,0.19474997652937545,0.16,27.608556924427734,15.992498122350037,2.897762453776001,8.718296348301696,15.448516338228481,15.448516338228481,6.189242363849864,13.538897993555434,0.4254669677134716,1.393724396281447,369.8171834705505,1.4210854715202004e-14,-2.961102006444566,48.296040896266675,48.296040896266675,0.0,82.5,0.0,131.57894736842104,0.0,97.37498826468773,500.0,0.19474997652937545,0.16,27.608556924427734,15.992498122350037,2.897762453776001,8.718296348301696,1.4210854715202004e-14,0.0,0.0,1.9318416358506671,369.8171834705505,0.0,1.9318416358506671,1.0,0.1207401022406667,1.9318416358506671,0.0,48.296040896266675,48.296040896266675,0.0,0.0,0.0,1.0,1.0,demand_multiplier,1.15
5,5,5,0,2024-09-20T16:00:00,proposed,H06,5,5,0,0.48814189434051514,8.966342232202996,0.07875436541553545,0.0,0.0,224.15855580507485,224.15855580507485,0.0,110.0,110.0,126.31578947368422,0.0,0.95,240.47434527875907,700.0,0.34353477896965584,0.16,109.42118206332331,39.02589524460145,13.449513348304492,56.94577347041738,13.398224229734362,13.398224229734362,4.623021584831504,13.538897993555434,0.4254669677134716,1.393724396281447,369.8171834705505,0.0,-2.961102006444566,224.15855580507485,224.15855580507485,0.0,110.0,110.0,126.31578947368422,0.0,240.47434527875907,700.0,0.34353477896965584,0.16,109.42118206332331,39.02589524460145,13.449513348304492,56.94577347041738,0.0,0.0,0.0,8.966342232202996,369.8171834705505,0.0,8.966342232202996,1.0,0.5603963895126872,8.966342232202996,0.0,224.15855580507485,224.15855580507485,0.0,0.0,0.0,1.0,1.0,demand_multiplier,1.15
5,5,5,0,2024-09-20T16:00:00,proposed,H07,6,6,0,0.5586836338043213,5.9441630950090865,0.07875436541553545,0.0,0.0,148.60407737522715,148.60407737522715,0.0,27.5,27.5,126.31578947368422,0.0,0.95,247.41986684891137,350.0,0.7069139052826039,0.16,83.02266594613043,39.72467869582582,8.916244642513629,34.38174260779098,10.136226353165805,10.136226353165805,1.2209285190314374,13.538897993555434,0.4254669677134716,1.393724396281447,369.8171834705505,0.0,-2.961102006444566,148.60407737522715,148.60407737522715,0.0,27.5,27.5,126.31578947368422,0.0,247.41986684891137,350.0,0.7069139052826039,0.16,83.02266594613043,39.72467869582582,8.916244642513629,34.38174260779098,0.0,0.0,0.0,5.9441630950090865,369.8171834705505,0.0,5.9441630950090865,1.0,0.4953469245840905,5.9441630950090865,0.0,148.60407737522715,148.60407737522715,0.0,0.0,0.0,1.0,1.0,demand_multiplier,1.15
5,5,5,0,2024-09-20T16:00:00,proposed,H08,7,7,0,0.4315682053565979,34.46246331252979,0.07875436541553545,69.23423742198672,54.23423742198672,861.5615828132449,400.00000000000006,0.0,99.0,0.0,131.57894736842104,0.0,0.95,432.5789473684211,500.0,0.8651578947368422,0.16,172.6272821426392,69.70763157894739,24.0,78.9196505636918,9.975495370830973,9.975495370830973,1.3263581279802914,13.538897993555434,0.4254669677134716,1.393724396281447,369.8171834705505,1.4210854715202004e-14,-2.961102006444566,861.5615828132449,400.00000000000006,0.0,99.0,0.0,131.57894736842104,0.0,432.5789473684211,500.0,0.8651578947368422,0.16,172.6272821426392,69.70763157894739,24.0,78.9196505636918,1.4210854715202004e-14,0.903903957033112,0.0,34.46246331252979,369.8171834705505,0.0,34.46246331252979,0.46427325449434004,2.153903957033112,16.0,0.0,861.5615828132449,400.00000000000006,461.5615828132448,0.0,0.0,1.0,0.46427325449434004,demand_multiplier,1.15
5,5,5,0,2024-09-20T17:00:00,proposed,H01,0,0,1,0.4772438406944275,0.00017499473450403928,0.1741439048399725,15.989446959724969,0.9894469597249689,0.004374868362600983,200.00000000000003,0.0,28.0,28.0,0.0,0.0,0.95,172.00000000000003,250.0,0.6880000000000002,0.22,95.44876813888551,37.980000000000004,12.0,45.46876813888551,9.654279870968402,9.654279870968402,1.4789126592356276,13.538897993555434,0.7170919107263571,2.0443148112476752,530.1639502455093,0.0,-2.961102006444566,0.004374868362600983,200.00000000000003,0.0,28.0,28.0,0.0,0.0,172.00000000000003,250.0,0.6880000000000002,0.22,95.44876813888551,37.980000000000004,12.0,45.46876813888551,0.0,0.016490782662082815,0.0,0.00017499473450403928,530.1639502455093,10.131751266562159,10.131926261296663,0.7895833224289748,1.2664907826620828,8.0,253.29378166405402,253.2981565324166,200.00000000000003,53.298156532416584,0.0,0.0,1.0,0.7895833224289748,demand_multiplier,1.15
5,5,5,0,2024-09-20T17:00:00,proposed,H02,1,1,1,0.5257372856140137,22.537703920152932,0.1741439048399725,109.60850897098229,94.60850897098229,563.4425980038234,200.00000000000003,0.0,21.0,21.0,11.736842105263165,0.0,0.95,190.73684210526318,250.0,0.7629473684210527,0.22,105.14745712280275,42.0671052631579,12.0,51.08035185964485,9.813543374087416,9.813543374087416,1.4596053910742572,13.538897993555434,0.7170919107263571,2.0443148112476752,530.1639502455093,0.0,-2.961102006444566,563.4425980038234,200.00000000000003,0.0,21.0,21.0,11.736842105263165,0.0,190.73684210526318,250.0,0.7629473684210527,0.22,105.14745712280275,42.0671052631579,12.0,51.08035185964485,0.0,1.5768084828497047,0.0,22.537703920152932,530.1639502455093,0.0767639426447051,22.61446786279764,0.3537558366854412,2.826808482849705,8.0,1.9190985661176398,565.361696569941,200.00000000000003,365.36169656994105,-2.220446049250313e-16,0.0,1.0,0.3537558366854412,demand_multiplier,1.15
5,5,5,0,2024-09-20T17:00:00,proposed,H03,2,2,1,0.5427054762840271,17.86089858226017,0.1741439048399725,29.30449291130085,14.304492911300851,446.5224645565043,300.0,0.0,21.0,21.0,0.0,0.0,0.95,279.0,350.0,0.7971428571428572,0.22,162.81164288520813,61.485,18.0,83.32664288520813,10.597698941813363,10.597698941813363,2.091929527242825,13.538897993555434,0.7170919107263571,2.0443148112476752,530.1639502455093,0.0,-2.961102006444566,446.5224645565043,300.0,0.0,21.0,21.0,0.0,0.0,279.0,350.0,0.7971428571428572,0.22,162.81164288520813,61.485,18.0,83.32664288520813,0.0,0.2384082151883475,0.0,17.86089858226017,530.1639502455093,0.0,17.86089858226017,0.6718586942718917,1.4884082151883475,12.0,0.0,446.5224645565043,300.0,146.5224645565043,1.1102230246251565e-16,0.0,1.0,0.6718586942718917,demand_multiplier,1.15
5,5,5,0,2024-09-20T17:00:00,proposed,H04,3,3,1,0.5061277151107788,14.281573921373205,0.1741439048399725,48.16893662261117,33.16893662261117,357.03934803433015,200.0,0.0,28.0,28.0,0.0,0.0,0.95,172.0,250.0,0.688,0.22,101.22554302215576,37.980000000000004,11.999999999999998,51.24554302215576,13.779563069738652,13.779563069738652,5.047180316808017,13.538897993555434,0.7170919107263571,2.0443148112476752,530.1639502455093,0.0,-2.961102006444566,357.03934803433015,200.0,0.0,28.0,28.0,0.0,0.0,172.0,250.0,0.688,0.22,101.22554302215576,37.980000000000004,11.999999999999998,51.24554302215576,0.0,0.5528156103768528,0.0,14.281573921373205,530.1639502455093,0.14095096164161802,14.422524883014823,0.5546878972225918,1.802815610376853,7.999999999999999,3.52377404104044,360.5631220753706,200.0,160.5631220753706,0.0,0.0,1.0,0.5546878972225918,demand_multiplier,1.15
5,5,5,0,2024-09-20T17:00:00,proposed,H05,4,4,1,0.5749143362045288,4.137868772942431,0.1741439048399725,0.0,0.0,103.44671932356077,103.44671932356077,0.0,52.5,52.5,0.0,0.0,0.95,50.94671932356077,500.0,0.10189343864712154,0.22,59.473001972441146,11.470778251183368,6.206803159413647,41.79542056184413,16.435665098082506,16.435665098082506,7.6155451321683865,13.538897993555434,0.7170919107263571,2.0443148112476752,530.1639502455093,0.0,-2.961102006444566,103.44671932356077,103.44671932356077,0.0,52.5,52.5,0.0,0.0,50.94671932356077,500.0,0.10189343864712154,0.22,59.473001972441146,11.470778251183368,6.206803159413647,41.79542056184413,0.0,0.0,0.0,4.137868772942431,530.1639502455093,0.0,4.137868772942431,1.0,0.25861679830890194,4.137868772942431,0.0,103.44671932356077,103.44671932356077,0.0,0.0,0.0,1.0,1.0,demand_multiplier,1.15
5,5,5,0,2024-09-20T17:00:00,proposed,H06,5,5,1,0.48900628089904785,25.278626425533773,0.1741439048399725,34.794849095751644,19.794849095751648,631.9656606383443,400.0,0.0,70.0,70.0,0.0,0.0,0.95,330.0,700.0,0.4714285714285714,0.22,195.60251235961914,72.94999999999999,24.0,98.65251235961915,12.838168168225563,12.838168168225563,4.521862397727269,13.538897993555434,0.7170919107263571,2.0443148112476752,530.1639502455093,0.0,-2.961102006444566,631.9656606383443,400.0,0.0,70.0,70.0,0.0,0.0,330.0,700.0,0.4714285714285714,0.22,195.60251235961914,72.94999999999999,24.0,98.65251235961915,0.0,0.3299141515958608,0.0,25.278626425533773,530.1639502455093,0.0,25.278626425533773,0.6329457831553105,1.5799141515958608,16.0,0.0,631.9656606383443,400.0,231.96566063834427,0.0,0.0,1.0,0.6329457831553105,demand_multiplier,1.15
5,5,5,0,2024-09-20T17:00:00,proposed,H07,6,6,1,0.5609104633331299,14.484380695909707,0.1741439048399725,12.421903479548533,0.0,362.10951739774265,300.0,0.0,17.5,17.5,0.0,0.0,0.95,282.5,350.0,0.8071428571428572,0.22,168.27313899993896,62.2375,18.0,88.03563899993897,10.38834817806344,10.38834817806344,1.8677164766105727,13.538897993555434,0.7170919107263571,2.0443148112476752,530.1639502455093,0.0,-2.961102006444566,362.10951739774265,300.0,0.0,17.5,17.5,0.0,0.0,282.5,350.0,0.8071428571428572,0.22,168.27313899993896,62.2375,18.0,88.03563899993897,0.0,0.0,0.0,14.484380695909707,530.1639502455093,0.0,14.484380695909707,0.8284786386061174,1.2070317246591422,12.0,0.0,362.10951739774265,300.0,62.10951739774265,0.0,0.0,1.0,0.8284786386061174,demand_multiplier,1.15
5,5,5,0,2024-09-20T17:00:00,proposed,H08,7,7,1,0.4225351810455322,0.0012147663457874438,0.1741439048399725,9.238792795783423,0.0,0.030369158644686086,400.00000000000006,0.0,63.0,63.0,0.0,0.0,0.95,337.00000000000006,500.0,0.6740000000000002,0.22,169.01407241821292,74.45500000000001,24.0,70.5590724182129,9.478877208297087,9.478877208297087,1.232410941233963,13.538897993555434,0.7170919107263571,2.0443148112476752,530.1639502455093,0.0,-2.961102006444566,0.030369158644686086,400.00000000000006,0.0,63.0,63.0,0.0,0.0,337.00000000000006,500.0,0.6740000000000002,0.22,169.01407241821292,74.45500000000001,24.0,70.5590724182129,0.0,0.0,0.0,0.0012147663457874438,530.1639502455093,18.462463312529792,18.463678078875578,0.866566235159056,1.1539798799297236,16.0,461.5615828132448,461.5919519718895,400.00000000000006,61.59195197188944,1.1102230246251565e-16,0.0,1.0,0.866566235159056,demand_multiplier,1.15
5,5,5,0,2024-09-20T18:00:00,proposed,H01,0,0,2,0.43755972385406494,10.85429404177679,0.448910054184957,37.39665227305089,22.39665227305089,271.3573510444197,199.99999999999997,0.0,12.8,12.8,0.0,0.0,0.95,187.19999999999996,250.0,0.7487999999999998,0.3,87.51194477081297,56.22399999999999,11.999999999999998,19.287944770812985,9.894989331708317,9.894989331708317,1.5375938372304545,13.538897993555434,0.9960409893623913,1.142251698729678,293.38416386748565,0.0,-2.961102006444566,271.3573510444197,199.99999999999997,0.0,12.8,12.8,0.0,0.0,187.19999999999996,250.0,0.7487999999999998,0.3,87.51194477081297,56.22399999999999,11.999999999999998,19.287944770812985,0.0,0.3732775378841815,0.0,10.85429404177679,293.38416386748565,2.1319262612966625,12.986220303073452,0.6160376008796522,1.6232775378841815,7.999999999999999,53.298156532416584,324.65550757683627,199.99999999999997,124.6555075768363,0.0,0.0,1.0,0.6160376008796522,demand_multiplier,1.15
5,5,5,0,2024-09-20T18:00:00,proposed,H02,1,1,2,0.5568726062774658,4.215298717166081e-07,0.448910054184957,49.60851213245631,34.60851213245631,1.0538246792915202e-05,200.00000000000006,0.0,9.6,9.6,0.0,0.0,0.95,190.40000000000006,250.0,0.7616000000000003,0.3,111.37452125549319,57.16800000000002,12.0,42.20652125549317,9.843759963741764,9.843759963741764,1.3289524506203245,13.538897993555434,0.9960409893623913,1.142251698729678,293.38416386748565,0.0,-2.961102006444566,1.0538246792915202e-05,200.00000000000006,0.0,9.6,9.6,0.0,0.0,190.40000000000006,250.0,0.7616000000000003,0.3,111.37452125549319,57.16800000000002,12.0,42.20652125549317,0.0,0.5768085355409386,0.0,4.215298717166081e-07,293.38416386748565,14.614467862797637,14.61446828432751,0.5474027411985398,1.8268085355409387,8.0,365.36169656994105,365.36170710818783,200.00000000000006,165.36170710818777,-1.1102230246251565e-16,0.0,1.0,0.5474027411985398,demand_multiplier,1.15
5,5,5,0,2024-09-20T18:00:00,proposed,H03,2,2,2,0.5574338436126709,0.22203149258355623,0.448910054184957,0.0,0.0,5.550787314588906,152.07325187109322,0.0,9.6,9.6,0.0,0.0,0.95,142.47325187109323,350.0,0.4070664339174092,0.3,84.77077730118128,42.78997556132797,9.12439511226559,32.856406627587724,10.492115977255546,10.492115977255546,1.8485880906494252,13.538897993555434,0.9960409893623913,1.142251698729678,293.38416386748565,0.0,-2.961102006444566,5.550787314588906,152.07325187109322,0.0,9.6,9.6,0.0,0.0,142.47325187109323,350.0,0.4070664339174092,0.3,84.77077730118128,42.78997556132797,9.12439511226559,32.856406627587724,0.0,0.0,0.0,0.22203149258355623,293.38416386748565,5.8608985822601705,6.082930074843727,1.0,0.5069108395703106,6.082930074843727,146.5224645565043,152.07325187109322,152.07325187109322,0.0,0.0,0.0,1.0,1.0,demand_multiplier,1.15
5,5,5,0,2024-09-20T18:00:00,proposed,H04,3,3,2,0.5004379749298096,0.012598683122757207,0.448910054184957,0.0,0.0,0.3149670780689302,160.8780891534395,0.0,12.8,12.8,0.0,0.0,0.95,148.0780891534395,250.0,0.5923123566137579,0.3,80.50950514652463,44.48742674603184,9.65268534920637,26.369393051286416,13.602421367384576,13.602421367384576,4.7518371795743235,13.538897993555434,0.9960409893623913,1.142251698729678,293.38416386748565,0.0,-2.961102006444566,0.3149670780689302,160.8780891534395,0.0,12.8,12.8,0.0,0.0,148.0780891534395,250.0,0.5923123566137579,0.3,80.50950514652463,44.48742674603184,9.65268534920637,26.369393051286416,0.0,0.0,0.0,0.012598683122757207,293.38416386748565,6.422524883014823,6.43512356613758,1.0,0.8043904457671975,6.43512356613758,160.5631220753706,160.8780891534395,160.8780891534395,0.0,0.0,0.0,1.0,1.0,demand_multiplier,1.15
5,5,5,0,2024-09-20T18:00:00,proposed,H05,4,4,2,0.5851907730102539,6.796186724488537,0.448910054184957,0.0,0.0,169.90466811221341,169.90466811221341,0.0,24.0,24.0,0.0,0.0,0.95,145.90466811221341,500.0,0.29180933622442684,0.3,99.42664407063681,43.89140043366402,10.194280086732807,45.34096355023999,16.422966674657886,16.422966674657886,7.475592029140605,13.538897993555434,0.9960409893623913,1.142251698729678,293.38416386748565,0.0,-2.961102006444566,169.90466811221341,169.90466811221341,0.0,24.0,24.0,0.0,0.0,145.90466811221341,500.0,0.29180933622442684,0.3,99.42664407063681,43.89140043366402,10.194280086732807,45.34096355023999,0.0,0.0,0.0,6.796186724488537,293.38416386748565,0.0,6.796186724488537,1.0,0.4247616702805336,6.796186724488537,0.0,169.90466811221341,169.90466811221341,0.0,0.0,0.0,1.0,1.0,demand_multiplier,1.15
5,5,5,0,2024-09-20T18:00:00,proposed,H06,5,5,2,0.5141249895095825,0.10537316958687949,0.448910054184957,0.0,0.0,2.6343292396719873,234.59998987801626,0.0,32.0,32.0,0.0,0.0,0.95,202.59998987801626,700.0,0.28942855696859465,0.3,120.61371733498328,60.93999696340487,14.075999392680979,45.59772097889743,13.030469935539656,13.030469935539656,4.524175509361034,13.538897993555434,0.9960409893623913,1.142251698729678,293.38416386748565,0.0,-2.961102006444566,2.6343292396719873,234.59998987801626,0.0,32.0,32.0,0.0,0.0,202.59998987801626,700.0,0.28942855696859465,0.3,120.61371733498328,60.93999696340487,14.075999392680979,45.59772097889743,0.0,0.0,0.0,0.10537316958687949,293.38416386748565,9.278626425533773,9.383999595120653,1.0,0.5864999746950408,9.383999595120653,231.96566063834427,234.59998987801626,234.59998987801626,0.0,0.0,0.0,1.0,1.0,demand_multiplier,1.15
5,5,5,0,2024-09-20T18:00:00,proposed,H07,6,6,2,0.5546362400054932,3.831552965727546,0.448910054184957,0.0,0.0,95.78882414318866,157.8983415409313,0.0,8.0,8.0,0.0,0.0,0.95,149.8983415409313,350.0,0.4282809758312323,0.3,87.57614245536531,45.00950246227939,9.47390049245588,33.092739500630046,10.376943807709457,10.376943807709457,1.7140884283247333,13.538897993555434,0.9960409893623913,1.142251698729678,293.38416386748565,0.0,-2.961102006444566,95.78882414318866,157.8983415409313,0.0,8.0,8.0,0.0,0.0,149.8983415409313,350.0,0.4282809758312323,0.3,87.57614245536531,45.00950246227939,9.47390049245588,33.092739500630046,0.0,0.0,0.0,3.831552965727546,293.38416386748565,2.4843806959097066,6.315933661637253,1.0,0.5263278051364377,6.315933661637253,62.10951739774265,157.8983415409313,157.8983415409313,0.0,0.0,0.0,1.0,1.0,demand_multiplier,1.15
5,5,5,0,2024-09-20T18:00:00,proposed,H08,7,7,2,0.4603411853313446,26.222810612258215,0.448910054184957,47.57433259175173,32.57433259175173,655.5702653064554,400.0,0.0,28.8,28.8,0.0,0.0,0.95,371.2,500.0,0.7424,0.3,184.13647413253784,111.504,24.0,48.63247413253784,9.682984586859767,9.682984586859767,1.2629539683225979,13.538897993555434,0.9960409893623913,1.142251698729678,293.38416386748565,0.0,-2.961102006444566,655.5702653064554,400.0,0.0,28.8,28.8,0.0,0.0,371.2,500.0,0.7424,0.3,184.13647413253784,111.504,24.0,48.63247413253784,0.0,0.5429055431958622,0.0,26.222810612258215,293.38416386748565,2.4636780788755797,28.686488691133796,0.5577538670651302,1.7929055431958623,16.0,61.59195197188944,717.1622172783449,400.0,317.1622172783449,-1.1102230246251565e-16,0.0,1.0,0.5577538670651302,demand_multiplier,1.15
5,5,5,0,2024-09-20T19:00:00,proposed,H01,0,0,3,0.44201308488845825,0.10605033121245024,0.22671727686971468,0.0,0.0,2.651258280311256,127.30676585714755,0.0,3.2,3.2,0.0,0.0,0.95,124.10676585714755,250.0,0.4964270634285902,0.34,56.27125630369044,42.21230039143017,7.638405951428853,6.420549960831421,9.601272974170348,9.601272974170348,1.3718574162365709,13.538897993555434,0.8213536248923852,1.8269250519370566,194.42454134473746,0.0,-2.961102006444566,2.651258280311256,127.30676585714755,0.0,3.2,3.2,0.0,0.0,124.10676585714755,250.0,0.4964270634285902,0.34,56.27125630369044,42.21230039143017,7.638405951428853,6.420549960831421,0.0,0.0,0.0,0.10605033121245024,194.42454134473746,4.986220303073452,5.092270634285902,1.0,0.6365338292857378,5.092270634285902,124.6555075768363,127.30676585714755,127.30676585714755,0.0,0.0,0.0,1.0,1.0,demand_multiplier,1.15
5,5,5,0,2024-09-20T19:00:00,proposed,H02,1,1,3,0.5325453281402588,0.004129487770462617,0.22671727686971468,0.0,0.0,0.10323719426156541,165.46494430244934,0.0,2.4,2.4,0.0,0.0,0.95,163.06494430244933,250.0,0.6522597772097973,0.34,88.11758305925753,55.45408106283278,9.927896658146958,22.735605338277793,9.59352734576042,9.59352734576042,1.2048701514892295,13.538897993555434,0.8213536248923852,1.8269250519370566,194.42454134473746,0.0,-2.961102006444566,0.10323719426156541,165.46494430244934,0.0,2.4,2.4,0.0,0.0,163.06494430244933,250.0,0.6522597772097973,0.34,88.11758305925753,55.45408106283278,9.927896658146958,22.735605338277793,0.0,0.0,0.0,0.004129487770462617,194.42454134473746,6.614468284327509,6.618597772097972,1.0,0.8273247215122465,6.618597772097972,165.36170710818777,165.46494430244934,165.46494430244934,0.0,0.0,0.0,1.0,1.0,demand_multiplier,1.15
5,5,5,0,2024-09-20T19:00:00,proposed,H03,2,2,3,0.555219292640686,9.580879236780717,0.22671727686971468,0.0,0.0,239.52198091951794,239.52198091951794,0.0,2.4,2.4,0.0,0.0,0.95,237.12198091951794,350.0,0.6774913740557655,0.34,132.98722481803065,80.6334735126361,14.371318855171076,37.98243245022348,10.545681401877276,10.545681401877276,2.0231816103129043,13.538897993555434,0.8213536248923852,1.8269250519370566,194.42454134473746,0.0,-2.961102006444566,239.52198091951794,239.52198091951794,0.0,2.4,2.4,0.0,0.0,237.12198091951794,350.0,0.6774913740557655,0.34,132.98722481803065,80.6334735126361,14.371318855171076,37.98243245022348,0.0,0.0,0.0,9.580879236780717,194.42454134473746,0.0,9.580879236780717,1.0,0.7984066030650597,9.580879236780717,0.0,239.52198091951794,239.52198091951794,0.0,0.0,0.0,1.0,1.0,demand_multiplier,1.15
5,5,5,0,2024-09-20T19:00:00,proposed,H04,3,3,3,0.5040696263313293,10.78213574340212,0.22671727686971468,20.866018075515903,5.866018075515904,269.553393585053,200.0,0.0,3.2,3.2,0.0,0.0,0.95,196.8,250.0,0.7872,0.34,100.81392526626587,66.92800000000001,12.0,21.885925266265858,13.930385622908274,13.930385622908274,5.181509560615164,13.538897993555434,0.8213536248923852,1.8269250519370566,194.42454134473746,0.0,-2.961102006444566,269.553393585053,200.0,0.0,3.2,3.2,0.0,0.0,196.8,250.0,0.7872,0.34,100.81392526626587,66.92800000000001,12.0,21.885925266265858,0.0,0.09776696792526507,0.0,10.78213574340212,194.42454134473746,0.0,10.78213574340212,0.7419680284488549,1.347766967925265,8.0,0.0,269.553393585053,200.0,69.55339358505302,0.0,0.0,1.0,0.7419680284488549,demand_multiplier,1.15
5,5,5,0,2024-09-20T19:00:00,proposed,H05,4,4,3,0.589606523513794,2.041240213723874,0.22671727686971468,0.0,0.0,51.03100534309685,51.03100534309685,0.0,6.0,6.0,0.0,0.0,0.95,45.03100534309685,500.0,0.0900620106861937,0.34,30.08821365175718,15.34054181665293,3.0618603205858106,11.685811514518438,16.709440096494696,16.709440096494696,7.875849237019071,13.538897993555434,0.8213536248923852,1.8269250519370566,194.42454134473746,0.0,-2.961102006444566,51.03100534309685,51.03100534309685,0.0,6.0,6.0,0.0,0.0,45.03100534309685,500.0,0.0900620106861937,0.34,30.08821365175718,15.34054181665293,3.0618603205858106,11.685811514518438,0.0,0.0,0.0,2.041240213723874,194.42454134473746,0.0,2.041240213723874,1.0,0.12757751335774212,2.041240213723874,0.0,51.03100534309685,51.03100534309685,0.0,0.0,0.0,1.0,1.0,demand_multiplier,1.15
5,5,5,0,2024-09-20T19:00:00,proposed,H06,5,5,3,0.5023830533027649,12.947362644483343,0.22671727686971468,0.0,0.0,323.6840661120836,323.6840661120836,0.0,8.0,8.0,0.0,0.0,0.95,315.6840661120836,700.0,0.45097723730297656,0.34,162.61338943884257,107.37258247810844,19.421043966725016,35.81976299400912,12.98110055501696,12.98110055501696,4.601256373075824,13.538897993555434,0.8213536248923852,1.8269250519370566,194.42454134473746,0.0,-2.961102006444566,323.6840661120836,323.6840661120836,0.0,8.0,8.0,0.0,0.0,315.6840661120836,700.0,0.45097723730297656,0.34,162.61338943884257,107.37258247810844,19.421043966725016,35.81976299400912,0.0,0.0,0.0,12.947362644483343,194.42454134473746,0.0,12.947362644483343,1.0,0.809210165280209,12.947362644483343,0.0,323.6840661120836,323.6840661120836,0.0,0.0,0.0,1.0,1.0,demand_multiplier,1.15
5,5,5,0,2024-09-20T19:00:00,proposed,H07,6,6,3,0.5597532987594604,9.220613369955151,0.22671727686971468,0.0,0.0,230.5153342488788,230.5153342488788,0.0,2.0,2.0,0.0,0.0,0.95,228.5153342488788,350.0,0.6529009549967966,0.34,129.03171876044954,77.7052136446188,13.830920054932726,37.495585060898016,10.427162849931296,10.427162849931296,1.8953724417119155,13.538897993555434,0.8213536248923852,1.8269250519370566,194.42454134473746,0.0,-2.961102006444566,230.5153342488788,230.5153342488788,0.0,2.0,2.0,0.0,0.0,228.5153342488788,350.0,0.6529009549967966,0.34,129.03171876044954,77.7052136446188,13.830920054932726,37.495585060898016,0.0,0.0,0.0,9.220613369955151,194.42454134473746,0.0,9.220613369955151,1.0,0.7683844474962626,9.220613369955151,0.0,230.5153342488788,230.5153342488788,0.0,0.0,0.0,1.0,1.0,demand_multiplier,1.15
5,5,5,0,2024-09-20T19:00:00,proposed,H08,7,7,3,0.456635981798172,0.01700346253724073,0.22671727686971468,0.0,0.0,0.4250865634310183,317.5873038417759,0.0,7.2,7.2,0.0,0.0,0.95,310.3873038417759,500.0,0.6207746076835519,0.34,145.0217902964237,105.56768330620382,19.055238230506554,20.398868759713316,9.514868096425454,9.514868096425454,1.2282823024688692,13.538897993555434,0.8213536248923852,1.8269250519370566,194.42454134473746,0.0,-2.961102006444566,0.4250865634310183,317.5873038417759,0.0,7.2,7.2,0.0,0.0,310.3873038417759,500.0,0.6207746076835519,0.34,145.0217902964237,105.56768330620382,19.055238230506554,20.398868759713316,0.0,0.0,0.0,0.01700346253724073,194.42454134473746,12.686488691133794,12.703492153671036,1.0,0.7939682596044397,12.703492153671036,317.1622172783449,317.5873038417759,317.5873038417759,0.0,0.0,0.0,1.0,1.0,demand_multiplier,1.15
5,5,5,0,2024-09-20T20:00:00,proposed,H01,0,0,4,0.4299227297306061,14.396125786153291,0.08524712771493315,47.970943396149686,32.970943396149686,359.9031446538322,199.99999999999994,0.0,0.0,0.0,0.0,0.0,0.95,199.99999999999994,250.0,0.7999999999999998,0.27,85.98454594612119,53.999999999999986,11.999999999999998,19.9845459461212,10.084165864414294,10.084165864414294,1.6380930850014053,13.538897993555434,0.44838863403409107,0.6750615423051666,133.44804102281603,0.0,-2.961102006444566,359.9031446538322,199.99999999999994,0.0,0.0,0.0,0.0,0.0,199.99999999999994,250.0,0.7999999999999998,0.27,85.98454594612119,53.999999999999986,11.999999999999998,19.9845459461212,0.0,0.5495157232691614,0.0,14.396125786153291,133.44804102281603,0.0,14.396125786153291,0.5557050639064772,1.7995157232691614,7.999999999999999,0.0,359.9031446538322,199.99999999999994,159.90314465383227,0.0,0.0,1.0,0.5557050639064772,demand_multiplier,1.15
5,5,5,0,2024-09-20T20:00:00,proposed,H02,1,1,4,0.512141764163971,4.79509195812494,0.08524712771493315,0.0,0.0,119.87729895312349,119.87729895312349,0.0,0.0,0.0,0.0,0.0,0.95,119.87729895312349,250.0,0.47950919581249396,0.27,61.39417136906441,32.366870717343346,7.19263793718741,21.834662714533653,10.00151084426895,10.00151084426895,1.4023754184997188,13.538897993555434,0.44838863403409107,0.6750615423051666,133.44804102281603,0.0,-2.961102006444566,119.87729895312349,119.87729895312349,0.0,0.0,0.0,0.0,0.0,119.87729895312349,250.0,0.47950919581249396,0.27,61.39417136906441,32.366870717343346,7.19263793718741,21.834662714533653,0.0,0.0,0.0,4.79509195812494,133.44804102281603,0.0,4.79509195812494,1.0,0.5993864947656175,4.79509195812494,0.0,119.87729895312349,119.87729895312349,0.0,0.0,0.0,1.0,1.0,demand_multiplier,1.15
5,5,5,0,2024-09-20T20:00:00,proposed,H03,2,2,4,0.5504837036132812,2.7132717155675232,0.08524712771493315,0.0,0.0,67.8317928891881,67.8317928891881,0.0,0.0,0.0,0.0,0.0,0.95,67.8317928891881,350.0,0.19380512254053742,0.27,37.3402965723693,18.314584080080788,4.069907573351285,14.955804918937224,10.519464487427381,10.519464487427381,1.7589883902968322,13.538897993555434,0.44838863403409107,0.6750615423051666,133.44804102281603,0.0,-2.961102006444566,67.8317928891881,67.8317928891881,0.0,0.0,0.0,0.0,0.0,67.8317928891881,350.0,0.19380512254053742,0.27,37.3402965723693,18.314584080080788,4.069907573351285,14.955804918937224,0.0,0.0,0.0,2.7132717155675232,133.44804102281603,0.0,2.7132717155675232,1.0,0.2261059762972936,2.7132717155675232,0.0,67.8317928891881,67.8317928891881,0.0,0.0,0.0,1.0,1.0,demand_multiplier,1.15
5,5,5,0,2024-09-20T20:00:00,proposed,H04,3,3,4,0.5077774524688721,0.09383805154903088,0.08524712771493315,0.0,0.0,2.3459512887257725,71.89934487377879,0.0,0.0,0.0,0.0,0.0,0.95,71.89934487377879,250.0,0.28759737949511516,0.27,36.50886617418825,19.412823115920276,4.313960692426727,12.782082365841246,13.441811898509062,13.441811898509062,4.420493531768958,13.538897993555434,0.44838863403409107,0.6750615423051666,133.44804102281603,0.0,-2.961102006444566,2.3459512887257725,71.89934487377879,0.0,0.0,0.0,0.0,0.0,71.89934487377879,250.0,0.28759737949511516,0.27,36.50886617418825,19.412823115920276,4.313960692426727,12.782082365841246,0.0,0.0,0.0,0.09383805154903088,133.44804102281603,2.7821357434021206,2.8759737949511512,1.0,0.3594967243688939,2.8759737949511512,69.55339358505302,71.89934487377879,71.89934487377879,0.0,0.0,0.0,1.0,1.0,demand_multiplier,1.15
5,5,5,0,2024-09-20T20:00:00,proposed,H05,4,4,4,0.5822974443435669,0.6679102643200647,0.08524712771493315,0.0,0.0,16.69775660800162,16.69775660800162,0.0,0.0,0.0,0.0,0.0,0.95,16.69775660800162,500.0,0.03339551321600324,0.27,9.723060999110249,4.508394284160437,1.0018653964800972,4.212801318469714,16.008862453510147,16.008862453510147,6.855753323917398,13.538897993555434,0.44838863403409107,0.6750615423051666,133.44804102281603,0.0,-2.961102006444566,16.69775660800162,16.69775660800162,0.0,0.0,0.0,0.0,0.0,16.69775660800162,500.0,0.03339551321600324,0.27,9.723060999110249,4.508394284160437,1.0018653964800972,4.212801318469714,0.0,0.0,0.0,0.6679102643200647,133.44804102281603,0.0,0.6679102643200647,1.0,0.041744391520004046,0.6679102643200647,0.0,16.69775660800162,16.69775660800162,0.0,0.0,0.0,1.0,1.0,demand_multiplier,1.15
5,5,5,0,2024-09-20T20:00:00,proposed,H06,5,5,4,0.49523597955703735,3.6442112989833584,0.08524712771493315,0.0,0.0,91.10528247458396,91.10528247458396,0.0,0.0,0.0,0.0,0.0,0.95,91.10528247458396,700.0,0.13015040353511995,0.27,45.11861380912117,24.598426268137672,5.466316948475038,15.053870592508462,13.233134533706876,13.233134533706876,4.579705055262993,13.538897993555434,0.44838863403409107,0.6750615423051666,133.44804102281603,0.0,-2.961102006444566,91.10528247458396,91.10528247458396,0.0,0.0,0.0,0.0,0.0,91.10528247458396,700.0,0.13015040353511995,0.27,45.11861380912117,24.598426268137672,5.466316948475038,15.053870592508462,0.0,0.0,0.0,3.6442112989833584,133.44804102281603,0.0,3.6442112989833584,1.0,0.2277632061864599,3.6442112989833584,0.0,91.10528247458396,91.10528247458396,0.0,0.0,0.0,1.0,1.0,demand_multiplier,1.15
5,5,5,0,2024-09-20T20:00:00,proposed,H07,6,6,4,0.5641694068908691,2.349054822433453,0.08524712771493315,0.0,0.0,58.72637056083633,58.72637056083633,0.0,0.0,0.0,0.0,0.0,0.95,58.72637056083633,350.0,0.1677896301738181,0.27,33.13162164816043,15.85612005142581,3.5235822336501794,13.751919363084442,10.291992151530817,10.291992151530817,1.48644799250155,13.538897993555434,0.44838863403409107,0.6750615423051666,133.44804102281603,0.0,-2.961102006444566,58.72637056083633,58.72637056083633,0.0,0.0,0.0,0.0,0.0,58.72637056083633,350.0,0.1677896301738181,0.27,33.13162164816043,15.85612005142581,3.5235822336501794,13.751919363084442,0.0,0.0,0.0,2.349054822433453,133.44804102281603,0.0,2.349054822433453,1.0,0.19575456853612108,2.349054822433453,0.0,58.72637056083633,58.72637056083633,0.0,0.0,0.0,1.0,1.0,demand_multiplier,1.15
5,5,5,0,2024-09-20T20:00:00,proposed,H08,7,7,4,0.4741908013820648,8.564306046546502,0.08524712771493315,0.0,0.0,214.10765116366252,214.10765116366252,0.0,0.0,0.0,0.0,0.0,0.95,214.10765116366252,500.0,0.4282153023273251,0.27,101.52787868732871,57.809065814188884,12.846459069819753,30.872353803320074,9.836720448521868,9.836720448521868,1.3124409170707552,13.538897993555434,0.44838863403409107,0.6750615423051666,133.44804102281603,0.0,-2.961102006444566,214.10765116366252,214.10765116366252,0.0,0.0,0.0,0.0,0.0,214.10765116366252,500.0,0.4282153023273251,0.27,101.52787868732871,57.809065814188884,12.846459069819753,30.872353803320074,0.0,0.0,0.0,8.564306046546502,133.44804102281603,0.0,8.564306046546502,1.0,0.5352691279091564,8.564306046546502,0.0,214.10765116366252,214.10765116366252,0.0,0.0,0.0,1.0,1.0,demand_multiplier,1.15
5,5,5,0,2024-09-20T21:00:00,proposed,H01,0,0,5,0.45553916692733765,0.004317510320763203,0.11299464707795247,0.0,0.0,0.1079377580190801,160.01108241185136,0.0,0.0,0.0,0.0,100.0,0.42368421052631583,60.01108241185136,250.0,0.24004432964740544,0.2,72.89131518103633,15.002216482370272,9.600664944711081,48.288433753954976,9.864650255332641,9.864650255332641,1.536212085158142,13.538897993555434,0.5480816825145894,3.5352623136375976,353.52623136375973,1.4210854715202004e-14,-2.961102006444566,0.1079377580190801,160.01108241185136,0.0,0.0,0.0,0.0,100.0,60.01108241185136,250.0,0.24004432964740544,0.2,72.89131518103633,15.002216482370272,9.600664944711081,48.288433753954976,1.4210854715202004e-14,0.0,0.0,0.004317510320763203,353.52623136375973,6.396125786153291,6.400443296474054,1.0,0.8000554120592568,6.400443296474054,159.90314465383227,160.01108241185136,160.01108241185136,0.0,0.0,0.0,1.0,1.0,demand_multiplier,1.15
5,5,5,0,2024-09-20T21:00:00,proposed,H02,1,1,5,0.5113779306411743,5.647082016667626,0.11299464707795247,0.0,0.0,141.17705041669063,141.17705041669063,0.0,0.0,0.0,0.0,100.0,0.42368421052631583,41.17705041669063,250.0,0.16470820166676253,0.2,72.19482789611199,11.235410083338127,8.470623025001439,52.48879478777243,9.784689550136058,9.784689550136058,1.3105855102435693,13.538897993555434,0.5480816825145894,3.5352623136375976,353.52623136375973,1.4210854715202004e-14,-2.961102006444566,141.17705041669063,141.17705041669063,0.0,0.0,0.0,0.0,100.0,41.17705041669063,250.0,0.16470820166676253,0.2,72.19482789611199,11.235410083338127,8.470623025001439,52.48879478777243,1.4210854715202004e-14,0.0,0.0,5.647082016667626,353.52623136375973,0.0,5.647082016667626,1.0,0.7058852520834532,5.647082016667626,0.0,141.17705041669063,141.17705041669063,0.0,0.0,0.0,1.0,1.0,demand_multiplier,1.15
5,5,5,0,2024-09-20T21:00:00,proposed,H03,2,2,5,0.5416492223739624,3.485215957176487,0.11299464707795247,0.0,0.0,87.13039892941218,87.13039892941218,0.0,0.0,0.0,0.0,87.13039892941218,0.6442793020020626,0.0,350.0,0.0,0.2,47.194112825249235,2.6139119678823652,5.2278239357647305,39.352376921602136,10.446894686810365,10.446894686810365,1.8069143944249015,13.538897993555434,0.5480816825145894,3.5352623136375976,353.52623136375973,1.4210854715202004e-14,-2.961102006444566,87.13039892941218,87.13039892941218,0.0,0.0,0.0,0.0,87.13039892941218,0.0,350.0,0.0,0.2,47.194112825249235,2.6139119678823652,5.2278239357647305,39.352376921602136,1.4210854715202004e-14,0.0,0.0,3.485215957176487,353.52623136375973,0.0,3.485215957176487,1.0,0.2904346630980406,3.485215957176487,0.0,87.13039892941218,87.13039892941218,0.0,0.0,0.0,1.0,1.0,demand_multiplier,1.15
5,5,5,0,2024-09-20T21:00:00,proposed,H04,3,3,5,0.5126684904098511,2.9978458621277975,0.11299464707795247,0.0,0.0,74.94614655319492,74.94614655319492,0.0,0.0,0.0,0.0,74.94614655319492,0.6344372776707583,0.0,250.0,0.0,0.2,38.422527815461905,2.2483843965958474,4.496768793191697,31.67737462567436,13.59705222374561,13.59705222374561,4.6839391408265145,13.538897993555434,0.5480816825145894,3.5352623136375976,353.52623136375973,1.4210854715202004e-14,-2.961102006444566,74.94614655319492,74.94614655319492,0.0,0.0,0.0,0.0,74.94614655319492,0.0,250.0,0.0,0.2,38.422527815461905,2.2483843965958474,4.496768793191697,31.67737462567436,1.4210854715202004e-14,0.0,0.0,2.9978458621277975,353.52623136375973,0.0,2.9978458621277975,1.0,0.3747307327659747,2.9978458621277975,0.0,74.94614655319492,74.94614655319492,0.0,0.0,0.0,1.0,1.0,demand_multiplier,1.15
5,5,5,0,2024-09-20T21:00:00,proposed,H05,4,4,5,0.5759177207946777,0.7837149934033343,0.11299464707795247,0.0,0.0,19.592874835083357,19.592874835083357,0.0,0.0,0.0,0.0,19.592874835083357,0.9087518424524561,0.0,500.0,0.0,0.2,11.283883818836605,0.5877862450525007,1.1755724901050013,9.520525083679104,16.266312208540352,16.266312208540352,7.226073726370019,13.538897993555434,0.5480816825145894,3.5352623136375976,353.52623136375973,1.4210854715202004e-14,-2.961102006444566,19.592874835083357,19.592874835083357,0.0,0.0,0.0,0.0,19.592874835083357,0.0,500.0,0.0,0.2,11.283883818836605,0.5877862450525007,1.1755724901050013,9.520525083679104,1.4210854715202004e-14,0.0,0.0,0.7837149934033343,353.52623136375973,0.0,0.7837149934033343,1.0,0.04898218708770839,0.7837149934033343,0.0,19.592874835083357,19.592874835083357,0.0,0.0,0.0,1.0,1.0,demand_multiplier,1.15
5,5,5,0,2024-09-20T21:00:00,proposed,H06,5,5,5,0.49073630571365356,4.309788233785574,0.11299464707795247,0.0,0.0,107.74470584463936,107.74470584463936,0.0,0.0,0.0,0.0,107.74470584463936,0.7609742002725626,0.0,700.0,0.0,0.2,52.87423890640262,3.2323411753391804,6.464682350678361,43.17721538038508,13.272092362805413,13.272092362805413,4.72660637944298,13.538897993555434,0.5480816825145894,3.5352623136375976,353.52623136375973,2.842170943040401e-14,-2.961102006444566,107.74470584463936,107.74470584463936,0.0,0.0,0.0,0.0,107.74470584463936,0.0,700.0,0.0,0.2,52.87423890640262,3.2323411753391804,6.464682350678361,43.17721538038508,2.842170943040401e-14,0.0,0.0,4.309788233785574,353.52623136375973,0.0,4.309788233785574,1.0,0.2693617646115984,4.309788233785574,0.0,107.74470584463936,107.74470584463936,0.0,0.0,0.0,1.0,1.0,demand_multiplier,1.15
5,5,5,0,2024-09-20T21:00:00,proposed,H07,6,6,5,0.5670272707939148,2.550755521693202,0.11299464707795247,0.0,0.0,63.768888042330055,63.768888042330055,0.0,0.0,0.0,0.0,63.768888042330055,0.7262495156409472,0.0,350.0,0.0,0.2,36.158698548205116,1.9130666412699016,3.826133282539803,30.419498624395413,10.262689443444572,10.262689443444572,1.585372067985689,13.538897993555434,0.5480816825145894,3.5352623136375976,353.52623136375973,0.0,-2.961102006444566,63.768888042330055,63.768888042330055,0.0,0.0,0.0,0.0,63.768888042330055,0.0,350.0,0.0,0.2,36.158698548205116,1.9130666412699016,3.826133282539803,30.419498624395413,0.0,0.0,0.0,2.550755521693202,353.52623136375973,0.0,2.550755521693202,1.0,0.21256296014110018,2.550755521693202,0.0,63.768888042330055,63.768888042330055,0.0,0.0,0.0,1.0,1.0,demand_multiplier,1.15
5,5,5,0,2024-09-20T21:00:00,proposed,H08,7,7,5,0.46734434366226196,10.82296458063585,0.11299464707795247,0.0,0.0,270.57411451589627,270.57411451589627,0.0,0.0,0.0,0.0,250.0,0.42368421052631583,20.57411451589627,500.0,0.04114822903179254,0.2,126.45128196042926,11.614822903179254,16.234446870953775,98.60201218629622,9.700225889727024,9.700225889727024,1.2936679830229778,13.538897993555434,0.5480816825145894,3.5352623136375976,353.52623136375973,5.684341886080802e-14,-2.961102006444566,270.57411451589627,270.57411451589627,0.0,0.0,0.0,0.0,250.0,20.57411451589627,500.0,0.04114822903179254,0.2,126.45128196042926,11.614822903179254,16.234446870953775,98.60201218629622,5.684341886080802e-14,0.0,0.0,10.82296458063585,353.52623136375973,0.0,10.82296458063585,1.0,0.6764352862897406,10.82296458063585,0.0,270.57411451589627,270.57411451589627,0.0,0.0,0.0,1.0,1.0,demand_multiplier,1.15
5,5,5,0,2024-09-20T16:00:00,proposed,H01,0,0,0,0.4684765934944153,15.668370719091964,0.07814341885546963,57.51278039318973,42.51278039318973,391.70926797729913,200.0,0.0,44.0,44.0,56.5,0.0,0.8183750000000001,212.5,212.5,1.0,0.16,93.69531869888306,34.22,11.999999999999998,47.47531869888306,10.424966860074157,10.424966860074157,1.8752855111260527,13.538897993555434,0.423089800845396,1.7676390089769172,338.0780188795884,0.0,-2.961102006444566,391.70926797729913,200.0,0.0,44.0,44.0,56.5,0.0,212.5,212.5,1.0,0.16,93.69531869888306,34.22,11.999999999999998,47.47531869888306,0.0,0.7085463398864955,0.0,15.668370719091964,338.0780188795884,0.0,15.668370719091964,0.5105827621407995,1.9585463398864955,7.999999999999999,0.0,391.70926797729913,200.0,191.70926797729913,0.0,0.0,1.0,0.5105827621407995,grid_cap_multiplier,0.85
5,5,5,0,2024-09-20T16:00:00,proposed,H02,1,1,0,0.5304744243621826,6.8727172474081675,0.07814341885546963,0.0,0.0,171.81793118520417,171.81793118520417,0.0,33.0,33.0,73.68206881479583,0.0,0.8499898268702801,212.5,212.5,1.0,0.16,91.14501814057229,34.165,10.30907587111225,46.67094226946004,10.348946664995205,10.348946664995205,1.6690744765924508,13.538897993555434,0.423089800845396,1.7676390089769172,338.0780188795884,0.0,-2.961102006444566,171.81793118520417,171.81793118520417,0.0,33.0,33.0,73.68206881479583,0.0,212.5,212.5,1.0,0.16,91.14501814057229,34.165,10.30907587111225,46.67094226946004,0.0,0.0,0.0,6.8727172474081675,338.0780188795884,0.0,6.8727172474081675,1.0,0.8590896559260209,6.8727172474081675,0.0,171.81793118520417,171.81793118520417,0.0,0.0,0.0,1.0,1.0,grid_cap_multiplier,0.85
5,5,5,0,2024-09-20T16:00:00,proposed,H03,2,2,0,0.5387668013572693,6.260897272035255,0.07814341885546963,0.0,0.0,156.52243180088135,156.52243180088135,0.0,33.0,33.0,110.52631578947368,0.0,0.95,234.04874759035505,297.5,0.7867184792953111,0.16,84.32908992202218,37.612799614456804,9.391345908052882,37.32494439951249,10.525552140962688,10.525552140962688,1.683772849366583,13.538897993555434,0.423089800845396,1.7676390089769172,338.0780188795884,0.0,-2.961102006444566,156.52243180088135,156.52243180088135,0.0,33.0,33.0,110.52631578947368,0.0,234.04874759035505,297.5,0.7867184792953111,0.16,84.32908992202218,37.612799614456804,9.391345908052882,37.32494439951249,0.0,0.0,0.0,6.260897272035255,338.0780188795884,0.0,6.260897272035255,1.0,0.5217414393362713,6.260897272035255,0.0,156.52243180088135,156.52243180088135,0.0,0.0,0.0,1.0,1.0,grid_cap_multiplier,0.85
5,5,5,0,2024-09-20T16:00:00,proposed,H04,3,3,0,0.4970291256904602,7.048670715236634,0.07814341885546963,0.0,0.0,176.21676788091582,176.21676788091582,0.0,44.0,44.0,78.94736842105263,0.0,0.95,211.16413630196845,212.5,0.9937135825974986,0.16,87.58486607185036,34.00626180831495,10.573006072854952,43.00559819068045,13.151693688053829,13.151693688053829,4.046481569346334,13.538897993555434,0.423089800845396,1.7676390089769172,338.0780188795884,0.0,-2.961102006444566,176.21676788091582,176.21676788091582,0.0,44.0,44.0,78.94736842105263,0.0,211.16413630196845,212.5,0.9937135825974986,0.16,87.58486607185036,34.00626180831495,10.573006072854952,43.00559819068045,0.0,0.0,0.0,7.048670715236634,338.0780188795884,0.0,7.048670715236634,1.0,0.8810838394045792,7.048670715236634,0.0,176.21676788091582,176.21676788091582,0.0,0.0,0.0,1.0,1.0,grid_cap_multiplier,0.85
5,5,5,0,2024-09-20T16:00:00,proposed,H05,4,4,0,0.5725147128105164,1.6469058692178768,0.07814341885546963,0.0,0.0,41.17264673044692,41.17264673044692,0.0,82.5,0.0,131.57894736842104,0.0,0.95,90.25159409886797,425.0,0.2123566919973364,0.16,23.571946018530664,14.852755055818875,2.4703588038268154,6.248832158884973,15.449378348095664,15.449378348095664,6.190179233187745,13.538897993555434,0.423089800845396,1.7676390089769172,338.0780188795884,1.4210854715202004e-14,-2.961102006444566,41.17264673044692,41.17264673044692,0.0,82.5,0.0,131.57894736842104,0.0,90.25159409886797,425.0,0.2123566919973364,0.16,23.571946018530664,14.852755055818875,2.4703588038268154,6.248832158884973,1.4210854715202004e-14,0.0,0.0,1.6469058692178768,338.0780188795884,0.0,1.6469058692178768,1.0,0.1029316168261173,1.6469058692178768,0.0,41.17264673044692,41.17264673044692,0.0,0.0,0.0,1.0,1.0,grid_cap_multiplier,0.85
5,5,5,0,2024-09-20T16:00:00,proposed,H06,5,5,0,0.4892340898513794,7.622245498592367,0.07814341885546963,0.0,0.0,190.55613746480915,190.55613746480915,0.0,110.0,110.0,126.31578947368422,0.0,0.95,206.87192693849337,595.0,0.34768391082099726,0.16,93.22655847819024,33.649508310158936,11.43336824788855,48.143681920142754,13.397168713802007,13.397168713802007,4.622309520174271,13.538897993555434,0.423089800845396,1.7676390089769172,338.0780188795884,0.0,-2.961102006444566,190.55613746480915,190.55613746480915,0.0,110.0,110.0,126.31578947368422,0.0,206.87192693849337,595.0,0.34768391082099726,0.16,93.22655847819024,33.649508310158936,11.43336824788855,48.143681920142754,0.0,0.0,0.0,7.622245498592367,338.0780188795884,0.0,7.622245498592367,1.0,0.47639034366202293,7.622245498592367,0.0,190.55613746480915,190.55613746480915,0.0,0.0,0.0,1.0,1.0,grid_cap_multiplier,0.85
5,5,5,0,2024-09-20T16:00:00,proposed,H07,6,6,0,0.5544487237930298,5.435365863175285,0.07814341885546963,0.0,0.0,135.88414657938213,135.88414657938213,0.0,27.5,27.5,126.31578947368422,0.0,0.95,234.69993605306635,297.5,0.7889073480775339,0.16,75.34079165464341,37.68948976849062,8.153048794762928,29.498253091389866,10.137229687713573,10.137229687713573,1.22205728238304,13.538897993555434,0.423089800845396,1.7676390089769172,338.0780188795884,0.0,-2.961102006444566,135.88414657938213,135.88414657938213,0.0,27.5,27.5,126.31578947368422,0.0,234.69993605306635,297.5,0.7889073480775339,0.16,75.34079165464341,37.68948976849062,8.153048794762928,29.498253091389866,0.0,0.0,0.0,5.435365863175285,338.0780188795884,0.0,5.435365863175285,1.0,0.4529471552646071,5.435365863175285,0.0,135.88414657938213,135.88414657938213,0.0,0.0,0.0,1.0,1.0,grid_cap_multiplier,0.85
5,5,5,0,2024-09-20T16:00:00,proposed,H08,7,7,0,0.4305136203765869,30.171807626068965,0.07814341885546963,53.14427859775862,38.14427859775862,754.2951906517242,400.0,0.0,99.0,0.0,124.0,0.0,0.9356,425.0,425.0,1.0,0.16,172.20544815063477,68.495,24.0,79.71044815063476,9.974911596892671,9.974911596892671,1.3260670662098435,13.538897993555434,0.423089800845396,1.7676390089769172,338.0780188795884,1.4210854715202004e-14,-2.961102006444566,754.2951906517242,400.0,0.0,99.0,0.0,124.0,0.0,425.0,425.0,1.0,0.16,172.20544815063477,68.495,24.0,79.71044815063476,1.4210854715202004e-14,0.6357379766293103,0.0,30.171807626068965,338.0780188795884,0.0,30.171807626068965,0.5302963679967163,1.8857379766293103,16.0,0.0,754.2951906517242,400.0,354.29519065172417,0.0,0.0,1.0,0.5302963679967163,grid_cap_multiplier,0.85
5,5,5,0,2024-09-20T17:00:00,proposed,H01,0,0,1,0.47310343384742737,0.0032491573686672963,0.1663706360183056,0.0,0.0,0.0812289342166824,191.79049691151582,0.0,28.0,0.2894736842105381,27.710526315789462,0.0,0.95,191.50102322730527,212.5,0.9011812857755542,0.22,90.73674266814254,42.27022511000716,11.507429814690948,36.95908774344443,9.64688176907839,9.64688176907839,1.4761287156289347,13.538897993555434,0.698710384651248,2.8065844469418852,505.57271032997824,0.0,-2.961102006444566,0.0812289342166824,191.79049691151582,0.0,28.0,0.2894736842105381,27.710526315789462,0.0,191.50102322730527,212.5,0.9011812857755542,0.22,90.73674266814254,42.27022511000716,11.507429814690948,36.95908774344443,0.0,0.0,0.0,0.0032491573686672963,505.57271032997824,7.668370719091964,7.671619876460632,1.0,0.958952484557579,7.671619876460632,191.70926797729913,191.79049691151582,191.79049691151582,0.0,0.0,0.0,1.0,1.0,grid_cap_multiplier,0.85
5,5,5,0,2024-09-20T17:00:00,proposed,H02,1,1,1,0.5265223979949951,20.378777791487774,0.1663706360183056,92.8408334361583,77.8408334361583,509.46944478719433,200.0,0.0,21.0,0.0,21.05477329046733,0.0,0.95,200.05477329046732,212.5,0.941434227249258,0.22,105.30447959899902,44.11705012390281,12.0,49.187429475096216,9.811891212920697,9.811891212920697,1.4617781775485108,13.538897993555434,0.698710384651248,2.8065844469418852,505.57271032997824,0.0,-2.961102006444566,509.46944478719433,200.0,0.0,21.0,0.0,21.05477329046733,0.0,200.05477329046732,212.5,0.941434227249258,0.22,105.30447959899902,44.11705012390281,12.0,49.187429475096216,0.0,1.2973472239359718,0.0,20.378777791487774,505.57271032997824,0.0,20.378777791487774,0.3925652500780299,2.547347223935972,8.0,0.0,509.46944478719433,200.0,309.46944478719433,0.0,0.0,1.0,0.3925652500780299,grid_cap_multiplier,0.85
5,5,5,0,2024-09-20T17:00:00,proposed,H03,2,2,1,0.5411856174468994,15.141769488057472,0.1663706360183056,15.708847440287359,0.708847440287359,378.54423720143683,300.00000000000006,0.0,21.0,21.0,0.0,0.0,0.95,279.00000000000006,297.5,0.9378151260504204,0.22,162.35568523406985,61.48500000000001,18.0,82.87068523406984,10.60172443541718,10.60172443541718,2.0997085717034527,13.538897993555434,0.698710384651248,2.8065844469418852,505.57271032997824,0.0,-2.961102006444566,378.54423720143683,300.00000000000006,0.0,21.0,21.0,0.0,0.0,279.00000000000006,297.5,0.9378151260504204,0.22,162.35568523406985,61.48500000000001,18.0,82.87068523406984,0.0,0.011814124004789317,0.0,15.141769488057472,505.57271032997824,0.0,15.141769488057472,0.7925097532005471,1.2618141240047893,12.0,0.0,378.54423720143683,300.00000000000006,78.54423720143677,0.0,0.0,1.0,0.7925097532005471,grid_cap_multiplier,0.85
5,5,5,0,2024-09-20T17:00:00,proposed,H04,3,3,1,0.5058223009109497,14.168826968902625,0.1663706360183056,46.26620226676969,31.26620226676969,354.2206742225656,199.99999999999997,0.0,28.0,28.0,0.0,0.0,0.95,171.99999999999997,212.5,0.8094117647058822,0.22,101.16446018218993,37.98,11.999999999999998,51.18446018218993,13.786804199335593,13.786804199335593,5.05842255141152,13.538897993555434,0.698710384651248,2.8065844469418852,505.57271032997824,0.0,-2.961102006444566,354.2206742225656,199.99999999999997,0.0,28.0,28.0,0.0,0.0,171.99999999999997,212.5,0.8094117647058822,0.22,101.16446018218993,37.98,11.999999999999998,51.18446018218993,0.0,0.5211033711128281,0.0,14.168826968902625,505.57271032997824,0.0,14.168826968902625,0.5646197823968203,1.7711033711128281,7.999999999999999,0.0,354.2206742225656,199.99999999999997,154.22067422256563,0.0,0.0,1.0,0.5646197823968203,grid_cap_multiplier,0.85
5,5,5,0,2024-09-20T17:00:00,proposed,H05,4,4,1,0.5755688548088074,3.4037662245149254,0.1663706360183056,0.0,0.0,85.09415561287312,85.09415561287312,0.0,52.5,52.5,0.0,0.0,0.95,32.594155612873124,425.0,0.07669213085381911,0.22,48.977545697023835,7.4332142348320875,5.105649336772388,36.43868212541936,16.441765223360726,16.441765223360726,7.626455877747563,13.538897993555434,0.698710384651248,2.8065844469418852,505.57271032997824,0.0,-2.961102006444566,85.09415561287312,85.09415561287312,0.0,52.5,52.5,0.0,0.0,32.594155612873124,425.0,0.07669213085381911,0.22,48.977545697023835,7.4332142348320875,5.105649336772388,36.43868212541936,0.0,0.0,0.0,3.4037662245149254,505.57271032997824,0.0,3.4037662245149254,1.0,0.21273538903218284,3.4037662245149254,0.0,85.09415561287312,85.09415561287312,0.0,0.0,0.0,1.0,1.0,grid_cap_multiplier,0.85
5,5,5,0,2024-09-20T17:00:00,proposed,H06,5,5,1,0.4901379346847534,20.7043332465812,0.1663706360183056,17.6412496746795,2.6412496746795,517.60833116453,400.0,0.0,70.0,70.0,0.0,0.0,0.95,330.0,595.0,0.5546218487394958,0.22,196.05517387390137,72.94999999999999,24.0,99.10517387390138,12.82953435558242,12.82953435558242,4.518851810815703,13.538897993555434,0.698710384651248,2.8065844469418852,505.57271032997824,0.0,-2.961102006444566,517.60833116453,400.0,0.0,70.0,70.0,0.0,0.0,330.0,595.0,0.5546218487394958,0.22,196.05517387390137,72.94999999999999,24.0,99.10517387390138,0.0,0.044020827911325,0.0,20.7043332465812,505.57271032997824,0.0,20.7043332465812,0.7727850884858607,1.294020827911325,16.0,0.0,517.60833116453,400.0,117.60833116453,0.0,0.0,1.0,0.7727850884858607,grid_cap_multiplier,0.85
5,5,5,0,2024-09-20T17:00:00,proposed,H07,6,6,1,0.5568593740463257,12.715957526329115,0.1663706360183056,3.57978763164557,0.0,317.89893815822785,300.0,0.0,17.5,17.5,0.0,0.0,0.95,282.5,297.5,0.9495798319327731,0.22,167.0578122138977,62.2375,18.0,86.82031221389771,10.391462368779596,10.391462368779596,1.8751267100287095,13.538897993555434,0.698710384651248,2.8065844469418852,505.57271032997824,0.0,-2.961102006444566,317.89893815822785,300.0,0.0,17.5,17.5,0.0,0.0,282.5,297.5,0.9495798319327731,0.22,167.0578122138977,62.2375,18.0,86.82031221389771,0.0,0.0,0.0,12.715957526329115,505.57271032997824,0.0,12.715957526329115,0.9436961373261366,1.0596631271940928,12.0,0.0,317.89893815822785,300.0,17.89893815822785,-6.938893903907228e-17,0.0,1.0,0.9436961373261366,grid_cap_multiplier,0.85
5,5,5,0,2024-09-20T17:00:00,proposed,H08,7,7,1,0.424169659614563,0.014047578058122174,0.1663706360183056,0.0,0.0,0.35118945145305436,354.64638010317725,0.0,63.0,63.0,7.578947368421041,0.0,0.95,299.2253274715983,425.0,0.7040595940508195,0.22,150.43023433190163,66.14457204375162,21.27878280619063,63.00687948195937,9.472987112308624,9.472987112308624,1.231376060154876,13.538897993555434,0.698710384651248,2.8065844469418852,505.57271032997824,0.0,-2.961102006444566,0.35118945145305436,354.64638010317725,0.0,63.0,63.0,7.578947368421041,0.0,299.2253274715983,425.0,0.7040595940508195,0.22,150.43023433190163,66.14457204375162,21.27878280619063,63.00687948195937,0.0,0.0,0.0,0.014047578058122174,505.57271032997824,14.171807626068965,14.185855204127087,1.0,0.8866159502579429,14.185855204127087,354.29519065172417,354.64638010317725,354.64638010317725,0.0,0.0,0.0,1.0,1.0,grid_cap_multiplier,0.85
5,5,5,0,2024-09-20T18:00:00,proposed,H01,0,0,2,0.43086880445480347,35.22184399236528,0.11602449438856374,204.1638299427396,189.1638299427396,880.546099809132,200.0,0.0,12.8,12.8,0.0,0.0,0.95,187.2,212.5,0.8809411764705882,0.3,86.1737608909607,56.224,12.0,17.949760890960697,10.20304482396126,10.20304482396126,1.7197574017843258,13.538897993555434,0.5522654817712184,-2.318705277602407,223.49122737509575,0.0,-2.961102006444566,880.546099809132,200.0,0.0,12.8,12.8,0.0,0.0,187.2,212.5,0.8809411764705882,0.3,86.1737608909607,56.224,12.0,17.949760890960697,0.0,3.15273049904566,0.0,35.22184399236528,223.49122737509575,0.0,35.22184399236528,0.22713177656837297,4.40273049904566,8.0,0.0,880.546099809132,200.0,680.546099809132,0.0,0.0,1.0,0.22713177656837297,grid_cap_multiplier,0.85
5,5,5,0,2024-09-20T18:00:00,proposed,H02,1,1,2,0.5545222759246826,1.4826027983378177e-06,0.11602449438856374,32.8408445556793,17.840844555679297,3.706506995844544e-05,199.99999999999997,0.0,9.6,9.6,0.0,0.0,0.95,190.39999999999998,212.5,0.8959999999999999,0.3,110.90445518493651,57.16799999999999,12.0,41.73645518493652,10.091321274653783,10.091321274653783,1.4599897752863054,13.538897993555434,0.5522654817712184,-2.318705277602407,223.49122737509575,0.0,-2.961102006444566,3.706506995844544e-05,199.99999999999997,0.0,9.6,9.6,0.0,0.0,190.39999999999998,212.5,0.8959999999999999,0.3,110.90445518493651,57.16799999999999,12.0,41.73645518493652,0.0,0.29734740926132164,0.0,1.4826027983378177e-06,223.49122737509575,12.378777791487774,12.378779274090572,0.646267279096285,1.5473474092613215,8.0,309.46944478719433,309.46948185226427,199.99999999999997,109.4694818522643,1.1102230246251565e-16,0.0,1.0,0.646267279096285,grid_cap_multiplier,0.85
5,5,5,0,2024-09-20T18:00:00,proposed,H03,2,2,2,0.5544826984405518,0.49425100440986314,0.11602449438856374,0.0,0.0,12.356275110246575,90.90051231168334,0.0,9.6,9.6,0.0,0.0,0.95,81.30051231168335,297.5,0.27327903298044826,0.3,50.402761356210775,24.438153693505,5.454030738701002,20.510576924004774,10.426325910045065,10.426325910045065,1.6699665519612354,13.538897993555434,0.5522654817712184,-2.318705277602407,223.49122737509575,0.0,-2.961102006444566,12.356275110246575,90.90051231168334,0.0,9.6,9.6,0.0,0.0,81.30051231168335,297.5,0.27327903298044826,0.3,50.402761356210775,24.438153693505,5.454030738701002,20.510576924004774,0.0,0.0,0.0,0.49425100440986314,223.49122737509575,3.141769488057472,3.6360204924673347,1.0,0.30300170770561125,3.6360204924673347,78.54423720143677,90.90051231168334,90.90051231168334,0.0,0.0,0.0,1.0,1.0,grid_cap_multiplier,0.85
5,5,5,0,2024-09-20T18:00:00,proposed,H04,3,3,2,0.5002702474594116,0.004073910933208537,0.11602449438856374,0.0,0.0,0.10184777333021343,154.32252199589584,0.0,12.8,12.8,0.0,0.0,0.95,141.52252199589583,212.5,0.6659883388042157,0.3,77.20296626744731,42.52075659876875,9.259351319753751,25.42285834892481,13.31175039965358,13.31175039965358,4.349881760763498,13.538897993555434,0.5522654817712184,-2.318705277602407,223.49122737509575,0.0,-2.961102006444566,0.10184777333021343,154.32252199589584,0.0,12.8,12.8,0.0,0.0,141.52252199589583,212.5,0.6659883388042157,0.3,77.20296626744731,42.52075659876875,9.259351319753751,25.42285834892481,0.0,0.0,0.0,0.004073910933208537,223.49122737509575,6.168826968902625,6.172900879835834,1.0,0.7716126099794792,6.172900879835834,154.22067422256563,154.32252199589584,154.32252199589584,0.0,0.0,0.0,1.0,1.0,grid_cap_multiplier,0.85
5,5,5,0,2024-09-20T18:00:00,proposed,H05,4,4,2,0.585890531539917,1.5946296364816672,0.11602449438856374,0.0,0.0,39.86574091204169,39.86574091204169,0.0,24.0,24.0,0.0,0.0,0.95,15.865740912041687,425.0,0.03733115508715691,0.3,23.356960133188718,4.879722273612506,2.391944454722501,16.08529340485371,16.10478151513764,16.10478151513764,7.023755489961314,13.538897993555434,0.5522654817712184,-2.318705277602407,223.49122737509575,0.0,-2.961102006444566,39.86574091204169,39.86574091204169,0.0,24.0,24.0,0.0,0.0,15.865740912041687,425.0,0.03733115508715691,0.3,23.356960133188718,4.879722273612506,2.391944454722501,16.08529340485371,0.0,0.0,0.0,1.5946296364816672,223.49122737509575,0.0,1.5946296364816672,1.0,0.0996643522801042,1.5946296364816672,0.0,39.86574091204169,39.86574091204169,0.0,0.0,0.0,1.0,1.0,grid_cap_multiplier,0.85
5,5,5,0,2024-09-20T18:00:00,proposed,H06,5,5,2,0.5058417320251465,0.44129777867548814,0.11602449438856374,0.0,0.0,11.032444466887206,128.6407756314172,0.0,32.0,32.0,0.0,0.0,0.95,96.6407756314172,595.0,0.16242147164944068,0.3,65.07187275445433,29.15223268942516,7.718446537885033,28.201193527144138,13.16719240212472,13.16719240212472,4.523038234772782,13.538897993555434,0.5522654817712184,-2.318705277602407,223.49122737509575,0.0,-2.961102006444566,11.032444466887206,128.6407756314172,0.0,32.0,32.0,0.0,0.0,96.6407756314172,595.0,0.16242147164944068,0.3,65.07187275445433,29.15223268942516,7.718446537885033,28.201193527144138,0.0,0.0,0.0,0.44129777867548814,223.49122737509575,4.7043332465812,5.145631025256688,1.0,0.321601939078543,5.145631025256688,117.60833116453,128.6407756314172,128.6407756314172,0.0,0.0,0.0,1.0,1.0,grid_cap_multiplier,0.85
5,5,5,0,2024-09-20T18:00:00,proposed,H07,6,6,2,0.5549278259277344,3.7444311231348717,0.11602449438856374,0.0,0.0,93.6107780783718,111.50971623659964,0.0,8.0,8.0,0.0,0.0,0.95,103.50971623659964,297.5,0.3479318192826879,0.3,61.87984440099482,31.09291487097989,6.690582974195978,24.096346555818954,10.28384243882646,10.28384243882646,1.4919783302216156,13.538897993555434,0.5522654817712184,-2.318705277602407,223.49122737509575,0.0,-2.961102006444566,93.6107780783718,111.50971623659964,0.0,8.0,8.0,0.0,0.0,103.50971623659964,297.5,0.3479318192826879,0.3,61.87984440099482,31.09291487097989,6.690582974195978,24.096346555818954,0.0,0.0,0.0,3.7444311231348717,223.49122737509575,0.715957526329114,4.460388649463986,1.0,0.37169905412199883,4.460388649463986,17.89893815822785,111.50971623659964,111.50971623659964,0.0,0.0,0.0,1.0,1.0,grid_cap_multiplier,0.85
5,5,5,0,2024-09-20T18:00:00,proposed,H08,7,7,2,0.46248185634613037,25.513654151799816,0.11602449438856374,35.67620306924931,20.67620306924931,637.8413537949955,400.00000000000006,0.0,28.8,28.8,0.0,0.0,0.95,371.20000000000005,425.0,0.8734117647058824,0.3,184.99274253845218,111.50400000000002,24.0,49.48874253845216,9.860109573947536,9.860109573947536,1.309880005453408,13.538897993555434,0.5522654817712184,-2.318705277602407,223.49122737509575,0.0,-2.961102006444566,637.8413537949955,400.00000000000006,0.0,28.8,28.8,0.0,0.0,371.20000000000005,425.0,0.8734117647058824,0.3,184.99274253845218,111.50400000000002,24.0,49.48874253845216,0.0,0.3446033844874885,0.0,25.513654151799816,223.49122737509575,0.0,25.513654151799816,0.6271151872171673,1.5946033844874885,16.0,0.0,637.8413537949955,400.00000000000006,237.84135379499543,0.0,0.0,1.0,0.6271151872171673,grid_cap_multiplier,0.85
5,5,5,0,2024-09-20T19:00:00,proposed,H01,0,0,3,0.5147903561592102,3.7617763931789495e-14,0.22434138594534445,144.16382994273985,129.16382994273985,9.404440982947374e-13,199.99999999999997,0.0,3.2,3.2,0.0,0.0,0.95,196.79999999999998,212.5,0.9261176470588235,0.34,102.95807123184203,66.928,12.0,24.03007123184203,9.600864492291883,9.600864492291883,1.3717719116144143,13.538897993555434,0.8172678656077305,-0.7323344323595342,185.0942166495263,0.0,-2.961102006444566,9.404440982947374e-13,199.99999999999997,0.0,3.2,3.2,0.0,0.0,196.79999999999998,212.5,0.9261176470588235,0.34,102.95807123184203,66.928,12.0,24.03007123184203,0.0,2.1527304990456644,0.0,3.7617763931789495e-14,185.0942166495263,27.22184399236528,27.22184399236532,0.2938816342582704,3.402730499045665,8.0,680.546099809132,680.5460998091329,199.99999999999997,480.5460998091329,-4.440892098500626e-16,0.0,1.0,0.2938816342582704,grid_cap_multiplier,0.85
5,5,5,0,2024-09-20T19:00:00,proposed,H02,1,1,3,0.5283578634262085,0.05985787345308472,0.22434138594534445,0.0,0.0,1.496446836327118,110.96592868859142,0.0,2.4,2.4,0.0,0.0,0.95,108.56592868859141,212.5,0.5108984879463125,0.34,58.62972099500917,36.924415754121085,6.657955721315487,15.0473495195726,9.594718654113302,9.594718654113302,1.2060156100363808,13.538897993555434,0.8172678656077305,-0.7323344323595342,185.0942166495263,0.0,-2.961102006444566,1.496446836327118,110.96592868859142,0.0,2.4,2.4,0.0,0.0,108.56592868859141,212.5,0.5108984879463125,0.34,58.62972099500917,36.924415754121085,6.657955721315487,15.0473495195726,0.0,0.0,0.0,0.05985787345308472,185.0942166495263,4.378779274090573,4.438637147543658,1.0,0.5548296434429573,4.438637147543658,109.4694818522643,110.96592868859142,110.96592868859142,0.0,0.0,0.0,1.0,1.0,grid_cap_multiplier,0.85
5,5,5,0,2024-09-20T19:00:00,proposed,H03,2,2,3,0.5540593862533569,8.373987052736055,0.22434138594534445,0.0,0.0,209.34967631840138,209.34967631840138,0.0,2.4,2.4,0.0,0.0,0.95,206.94967631840137,297.5,0.6956291640954668,0.34,115.9921531733124,70.37488994825647,12.560980579104083,33.05628264595185,10.547509580190843,10.547509580190843,2.024963190753335,13.538897993555434,0.8172678656077305,-0.7323344323595342,185.0942166495263,0.0,-2.961102006444566,209.34967631840138,209.34967631840138,0.0,2.4,2.4,0.0,0.0,206.94967631840137,297.5,0.6956291640954668,0.34,115.9921531733124,70.37488994825647,12.560980579104083,33.05628264595185,0.0,0.0,0.0,8.373987052736055,185.0942166495263,0.0,8.373987052736055,1.0,0.6978322543946712,8.373987052736055,0.0,209.34967631840138,209.34967631840138,0.0,0.0,0.0,1.0,1.0,grid_cap_multiplier,0.85
5,5,5,0,2024-09-20T19:00:00,proposed,H04,3,3,3,0.5037662982940674,9.315500316680161,0.22434138594534445,9.86625237510121,0.0,232.88750791700403,200.0,0.0,3.2,3.2,0.0,0.0,0.95,196.8,212.5,0.9261176470588236,0.34,100.75325965881348,66.92800000000001,12.0,21.825259658813465,13.931151144127268,13.931151144127268,5.1824008069430265,13.538897993555434,0.8172678656077305,-0.7323344323595342,185.0942166495263,0.0,-2.961102006444566,232.88750791700403,200.0,0.0,3.2,3.2,0.0,0.0,196.8,212.5,0.9261176470588236,0.34,100.75325965881348,66.92800000000001,12.0,21.825259658813465,0.0,0.0,0.0,9.315500316680161,185.0942166495263,0.0,9.315500316680161,0.8587837183232498,1.1644375395850202,8.0,0.0,232.88750791700403,200.0,32.88750791700403,0.0,0.0,1.0,0.8587837183232498,grid_cap_multiplier,0.85
5,5,5,0,2024-09-20T19:00:00,proposed,H05,4,4,3,0.589928388595581,1.748787582771797,0.22434138594534445,0.0,0.0,43.71968956929492,43.71968956929492,0.0,6.0,6.0,0.0,0.0,0.95,37.71968956929492,425.0,0.08875221075128217,0.34,25.791486017513186,12.854694453560274,2.6231813741576953,10.313610189795217,16.70924487704624,16.70924487704624,7.875988127148297,13.538897993555434,0.8172678656077305,-0.7323344323595342,185.0942166495263,0.0,-2.961102006444566,43.71968956929492,43.71968956929492,0.0,6.0,6.0,0.0,0.0,37.71968956929492,425.0,0.08875221075128217,0.34,25.791486017513186,12.854694453560274,2.6231813741576953,10.313610189795217,0.0,0.0,0.0,1.748787582771797,185.0942166495263,0.0,1.748787582771797,1.0,0.10929922392323731,1.748787582771797,0.0,43.71968956929492,43.71968956929492,0.0,0.0,0.0,1.0,1.0,grid_cap_multiplier,0.85
5,5,5,0,2024-09-20T19:00:00,proposed,H06,5,5,3,0.5031713247299194,11.026514781965181,0.22434138594534445,0.0,0.0,275.6628695491295,275.6628695491295,0.0,8.0,8.0,0.0,0.0,0.95,267.6628695491295,595.0,0.4498535622674445,0.34,138.70565124988644,91.04537564670403,16.53977217294777,31.120503430234642,12.977939687739685,12.977939687739685,4.5988211939201475,13.538897993555434,0.8172678656077305,-0.7323344323595342,185.0942166495263,0.0,-2.961102006444566,275.6628695491295,275.6628695491295,0.0,8.0,8.0,0.0,0.0,267.6628695491295,595.0,0.4498535622674445,0.34,138.70565124988644,91.04537564670403,16.53977217294777,31.120503430234642,0.0,0.0,0.0,11.026514781965181,185.0942166495263,0.0,11.026514781965181,1.0,0.6891571738728238,11.026514781965181,0.0,275.6628695491295,275.6628695491295,0.0,0.0,0.0,1.0,1.0,grid_cap_multiplier,0.85
5,5,5,0,2024-09-20T19:00:00,proposed,H07,6,6,3,0.555914044380188,8.36204379452583,0.22434138594534445,0.0,0.0,209.05109486314572,209.05109486314572,0.0,2.0,2.0,0.0,0.0,0.95,207.05109486314572,297.5,0.6959700667668763,0.34,116.21443962747767,70.40737225346956,12.543065691788744,33.26400168221937,10.428607784964166,10.428607784964166,1.8968948047749825,13.538897993555434,0.8172678656077305,-0.7323344323595342,185.0942166495263,0.0,-2.961102006444566,209.05109486314572,209.05109486314572,0.0,2.0,2.0,0.0,0.0,207.05109486314572,297.5,0.6959700667668763,0.34,116.21443962747767,70.40737225346956,12.543065691788744,33.26400168221937,0.0,0.0,0.0,8.36204379452583,185.0942166495263,0.0,8.36204379452583,1.0,0.6968369828771525,8.36204379452583,0.0,209.05109486314572,209.05109486314572,0.0,0.0,0.0,1.0,1.0,grid_cap_multiplier,0.85
5,5,5,0,2024-09-20T19:00:00,proposed,H08,7,7,3,0.4583442211151123,0.10178883332512312,0.22434138594534445,0.0,0.0,2.544720833128079,240.3860746281235,0.0,7.2,7.2,0.0,0.0,0.95,233.18607462812352,425.0,0.5486731167720553,0.34,110.17956814234653,79.319265373562,14.42316447768741,16.437138291097114,9.51429095754375,9.51429095754375,1.2281081444519533,13.538897993555434,0.8172678656077305,-0.7323344323595342,185.0942166495263,0.0,-2.961102006444566,2.544720833128079,240.3860746281235,0.0,7.2,7.2,0.0,0.0,233.18607462812352,425.0,0.5486731167720553,0.34,110.17956814234653,79.319265373562,14.42316447768741,16.437138291097114,0.0,0.0,0.0,0.10178883332512312,185.0942166495263,9.513654151799816,9.61544298512494,1.0,0.6009651865703087,9.61544298512494,237.84135379499543,240.3860746281235,240.3860746281235,0.0,0.0,0.0,1.0,1.0,grid_cap_multiplier,0.85
5,5,5,0,2024-09-20T20:00:00,proposed,H01,0,0,4,0.49691706895828247,3.617683516163884e-10,0.12747465091196739,84.16382994545313,69.16382994545313,9.044208790409708e-09,199.99999999999997,0.0,0.0,0.0,0.0,0.0,0.95,199.99999999999997,212.5,0.9411764705882352,0.27,99.38341379165648,53.99999999999999,12.0,33.38341379165649,9.889276585645103,9.889276585645103,1.523071719771435,13.538897993555434,0.5922483348573502,0.37228880477004195,175.55654036791046,0.0,-2.961102006444566,9.044208790409708e-09,199.99999999999997,0.0,0.0,0.0,0.0,0.0,199.99999999999997,212.5,0.9411764705882352,0.27,99.38341379165648,53.99999999999999,12.0,33.38341379165649,0.0,1.1527304990908855,0.0,3.617683516163884e-10,175.55654036791046,19.221843992365315,19.221843992727084,0.4161931603974591,2.4027304990908855,8.0,480.5460998091329,480.5460998181771,199.99999999999997,280.54609981817714,0.0,0.0,1.0,0.4161931603974591,grid_cap_multiplier,0.85
5,5,5,0,2024-09-20T20:00:00,proposed,H02,1,1,4,0.5131057500839233,6.348191890032444,0.12747465091196739,0.0,0.0,158.7047972508111,158.7047972508111,0.0,0.0,0.0,0.0,0.0,0.95,158.7047972508111,212.5,0.7468461047096994,0.27,81.4323440352944,42.850295257719004,9.522287835048665,29.059760942526736,9.842288673309996,9.842288673309996,1.318603274491175,13.538897993555434,0.5922483348573502,0.37228880477004195,175.55654036791046,0.0,-2.961102006444566,158.7047972508111,158.7047972508111,0.0,0.0,0.0,0.0,0.0,158.7047972508111,212.5,0.7468461047096994,0.27,81.4323440352944,42.850295257719004,9.522287835048665,29.059760942526736,0.0,0.0,0.0,6.348191890032444,175.55654036791046,0.0,6.348191890032444,1.0,0.7935239862540555,6.348191890032444,0.0,158.7047972508111,158.7047972508111,0.0,0.0,0.0,1.0,1.0,grid_cap_multiplier,0.85
5,5,5,0,2024-09-20T20:00:00,proposed,H03,2,2,4,0.5489259958267212,3.58164155175796,0.12747465091196739,0.0,0.0,89.54103879394899,89.54103879394899,0.0,0.0,0.0,0.0,0.0,0.95,89.54103879394899,297.5,0.30097828166033275,0.27,49.15140388732752,24.176080474366227,5.37246232763694,19.60286108532435,10.56530462046736,10.56530462046736,1.8779738171849578,13.538897993555434,0.5922483348573502,0.37228880477004195,175.55654036791046,0.0,-2.961102006444566,89.54103879394899,89.54103879394899,0.0,0.0,0.0,0.0,0.0,89.54103879394899,297.5,0.30097828166033275,0.27,49.15140388732752,24.176080474366227,5.37246232763694,19.60286108532435,0.0,0.0,0.0,3.58164155175796,175.55654036791046,0.0,3.58164155175796,1.0,0.29847012931316336,3.58164155175796,0.0,89.54103879394899,89.54103879394899,0.0,0.0,0.0,1.0,1.0,grid_cap_multiplier,0.85
5,5,5,0,2024-09-20T20:00:00,proposed,H04,3,3,4,0.5084357261657715,0.7196423774403615,0.12747465091196739,0.0,0.0,17.99105943600904,50.87856735301307,0.0,0.0,0.0,0.0,0.0,0.95,50.87856735301307,212.5,0.23942855224947326,0.27,25.868481338403313,13.737213185313529,3.052714041180784,9.078554111909,13.636005185481407,13.636005185481407,4.680976762114792,13.538897993555434,0.5922483348573502,0.37228880477004195,175.55654036791046,0.0,-2.961102006444566,17.99105943600904,50.87856735301307,0.0,0.0,0.0,0.0,0.0,50.87856735301307,212.5,0.23942855224947326,0.27,25.868481338403313,13.737213185313529,3.052714041180784,9.078554111909,0.0,0.0,0.0,0.7196423774403615,175.55654036791046,1.3155003166801613,2.035142694120523,1.0,0.25439283676506536,2.035142694120523,32.88750791700403,50.87856735301307,50.87856735301307,0.0,0.0,0.0,1.0,1.0,grid_cap_multiplier,0.85
5,5,5,0,2024-09-20T20:00:00,proposed,H05,4,4,4,0.5829513072967529,0.83429745454103,0.12747465091196739,0.0,0.0,20.857436363525746,20.857436363525746,0.0,0.0,0.0,0.0,0.0,0.95,20.857436363525746,425.0,0.049076320855354696,0.27,12.158869794976166,5.631507818151952,1.251446181811545,5.275915795012669,16.187458990177383,16.187458990177383,7.1099463023488045,13.538897993555434,0.5922483348573502,0.37228880477004195,175.55654036791046,0.0,-2.961102006444566,20.857436363525746,20.857436363525746,0.0,0.0,0.0,0.0,0.0,20.857436363525746,425.0,0.049076320855354696,0.27,12.158869794976166,5.631507818151952,1.251446181811545,5.275915795012669,0.0,0.0,0.0,0.83429745454103,175.55654036791046,0.0,0.83429745454103,1.0,0.052143590908814375,0.83429745454103,0.0,20.857436363525746,20.857436363525746,0.0,0.0,0.0,1.0,1.0,grid_cap_multiplier,0.85
5,5,5,0,2024-09-20T20:00:00,proposed,H06,5,5,4,0.4963797926902771,4.7137501145642196,0.12747465091196739,0.0,0.0,117.84375286410548,117.84375286410548,0.0,0.0,0.0,0.0,0.0,0.95,117.84375286410548,595.0,0.1980567275026983,0.27,58.495257616528924,31.81781327330848,7.070625171846329,19.606819171374113,13.154118684658796,13.154118684658796,4.588516474996521,13.538897993555434,0.5922483348573502,0.37228880477004195,175.55654036791046,0.0,-2.961102006444566,117.84375286410548,117.84375286410548,0.0,0.0,0.0,0.0,0.0,117.84375286410548,595.0,0.1980567275026983,0.27,58.495257616528924,31.81781327330848,7.070625171846329,19.606819171374113,0.0,0.0,0.0,4.7137501145642196,175.55654036791046,0.0,4.7137501145642196,1.0,0.2946093821602637,4.7137501145642196,0.0,117.84375286410548,117.84375286410548,0.0,0.0,0.0,1.0,1.0,grid_cap_multiplier,0.85
5,5,5,0,2024-09-20T20:00:00,proposed,H07,6,6,4,0.5601781606674194,3.199155539757915,0.12747465091196739,0.0,0.0,79.97888849394786,79.97888849394786,0.0,0.0,0.0,0.0,0.0,0.95,79.97888849394786,297.5,0.2688365999796567,0.27,44.80242664876435,21.594299893365925,4.798733309636873,18.409393445761555,10.346623627017681,10.346623627017681,1.6217952703983904,13.538897993555434,0.5922483348573502,0.37228880477004195,175.55654036791046,0.0,-2.961102006444566,79.97888849394786,79.97888849394786,0.0,0.0,0.0,0.0,0.0,79.97888849394786,297.5,0.2688365999796567,0.27,44.80242664876435,21.594299893365925,4.798733309636873,18.409393445761555,0.0,0.0,0.0,3.199155539757915,175.55654036791046,0.0,3.199155539757915,1.0,0.26659629497982623,3.199155539757915,0.0,79.97888849394786,79.97888849394786,0.0,0.0,0.0,1.0,1.0,grid_cap_multiplier,0.85
5,5,5,0,2024-09-20T20:00:00,proposed,H08,7,7,4,0.4733739197254181,11.47763054902434,0.12747465091196739,0.0,0.0,286.9407637256085,286.9407637256085,0.0,0.0,0.0,0.0,0.0,0.95,286.9407637256085,425.0,0.6751547381779024,0.27,135.83027405379636,77.4740062059143,17.21644582353651,41.13982202434554,9.722628771960732,9.722628771960732,1.2817052520518548,13.538897993555434,0.5922483348573502,0.37228880477004195,175.55654036791046,0.0,-2.961102006444566,286.9407637256085,286.9407637256085,0.0,0.0,0.0,0.0,0.0,286.9407637256085,425.0,0.6751547381779024,0.27,135.83027405379636,77.4740062059143,17.21644582353651,41.13982202434554,0.0,0.0,0.0,11.47763054902434,175.55654036791046,0.0,11.47763054902434,1.0,0.7173519093140213,11.47763054902434,0.0,286.9407637256085,286.9407637256085,0.0,0.0,0.0,1.0,1.0,grid_cap_multiplier,0.85
5,5,5,0,2024-09-20T21:00:00,proposed,H01,0,0,5,0.4738014340400696,7.403028723821408e-06,0.11229499743214726,24.163885468168566,9.163885468168564,0.0001850757180955352,200.00000000000003,0.0,0.0,0.0,0.0,100.0,0.42368421052631583,100.00000000000003,212.5,0.4705882352941178,0.2,94.76028680801393,23.000000000000007,11.999999999999998,59.760286808013916,9.863205540012764,9.863205540012764,1.5347196652601156,13.538897993555434,0.5458307773383896,3.1271404452147573,331.04181545781285,1.4210854715202004e-14,-2.961102006444566,0.0001850757180955352,200.00000000000003,0.0,0.0,0.0,0.0,100.0,100.00000000000003,212.5,0.4705882352941178,0.2,94.76028680801393,23.000000000000007,11.999999999999998,59.760286808013916,1.4210854715202004e-14,0.15273142446947607,0.0,7.403028723821408e-06,331.04181545781285,11.221843992727084,11.221851395755808,0.7128948439849829,1.402731424469476,7.999999999999999,280.54609981817714,280.54628489389523,200.00000000000003,80.5462848938952,1.1102230246251565e-16,0.0,1.0,0.7128948439849829,grid_cap_multiplier,0.85
5,5,5,0,2024-09-20T21:00:00,proposed,H02,1,1,5,0.5131996870040894,4.76121115498254,0.11229499743214726,0.0,0.0,119.03027887456352,119.03027887456352,0.0,0.0,0.0,0.0,100.0,0.42368421052631583,19.03027887456352,212.5,0.08955425352735774,0.2,61.08630186243547,6.806055774912704,7.14181673247381,47.138429355048956,9.782921425469517,9.782921425469517,1.3087756313444003,13.538897993555434,0.5458307773383896,3.1271404452147573,331.04181545781285,1.4210854715202004e-14,-2.961102006444566,119.03027887456352,119.03027887456352,0.0,0.0,0.0,0.0,100.0,19.03027887456352,212.5,0.08955425352735774,0.2,61.08630186243547,6.806055774912704,7.14181673247381,47.138429355048956,1.4210854715202004e-14,0.0,0.0,4.76121115498254,331.04181545781285,0.0,4.76121115498254,1.0,0.5951513943728175,4.76121115498254,0.0,119.03027887456352,119.03027887456352,0.0,0.0,0.0,1.0,1.0,grid_cap_multiplier,0.85
5,5,5,0,2024-09-20T21:00:00,proposed,H03,2,2,5,0.5405405163764954,3.0576398693653197,0.11229499743214726,0.0,0.0,76.440996734133,76.440996734133,0.0,0.0,0.0,0.0,76.440996734133,0.6817859763714632,0.0,297.5,0.0,0.2,41.319455847002246,2.29322990202399,4.58645980404798,34.439766140930274,10.448006425402212,10.448006425402212,1.8080825549308694,13.538897993555434,0.5458307773383896,3.1271404452147573,331.04181545781285,1.4210854715202004e-14,-2.961102006444566,76.440996734133,76.440996734133,0.0,0.0,0.0,0.0,76.440996734133,0.0,297.5,0.0,0.2,41.319455847002246,2.29322990202399,4.58645980404798,34.439766140930274,1.4210854715202004e-14,0.0,0.0,3.0576398693653197,331.04181545781285,0.0,3.0576398693653197,1.0,0.25480332244710996,3.0576398693653197,0.0,76.440996734133,76.440996734133,0.0,0.0,0.0,1.0,1.0,grid_cap_multiplier,0.85
5,5,5,0,2024-09-20T21:00:00,proposed,H04,3,3,5,0.512424111366272,2.5984467281927044,0.11229499743214726,0.0,0.0,64.96116820481761,64.96116820481761,0.0,0.0,0.0,0.0,64.96116820481761,0.6764792917691891,0.0,212.5,0.0,0.2,33.287668890668584,1.9488350461445283,3.8976700922890566,27.441163752235,13.599542443593013,13.599542443593013,4.686443786258485,13.538897993555434,0.5458307773383896,3.1271404452147573,331.04181545781285,2.842170943040401e-14,-2.961102006444566,64.96116820481761,64.96116820481761,0.0,0.0,0.0,0.0,64.96116820481761,0.0,212.5,0.0,0.2,33.287668890668584,1.9488350461445283,3.8976700922890566,27.441163752235,2.842170943040401e-14,0.0,0.0,2.5984467281927044,331.04181545781285,0.0,2.5984467281927044,1.0,0.32480584102408805,2.5984467281927044,0.0,64.96116820481761,64.96116820481761,0.0,0.0,0.0,1.0,1.0,grid_cap_multiplier,0.85
5,5,5,0,2024-09-20T21:00:00,proposed,H05,4,4,5,0.5764478445053101,0.672156225204718,0.11229499743214726,0.0,0.0,16.803905630117953,16.803905630117953,0.0,0.0,0.0,0.0,16.803905630117953,0.9146233565681727,0.0,425.0,0.0,0.2,9.686575179752138,0.5041171689035385,1.0082343378070768,8.174223673041523,16.267981098090228,16.267981098090228,7.227835040100862,13.538897993555434,0.5458307773383896,3.1271404452147573,331.04181545781285,1.7763568394002505e-14,-2.961102006444566,16.803905630117953,16.803905630117953,0.0,0.0,0.0,0.0,16.803905630117953,0.0,425.0,0.0,0.2,9.686575179752138,0.5041171689035385,1.0082343378070768,8.174223673041523,1.7763568394002505e-14,0.0,0.0,0.672156225204718,331.04181545781285,0.0,0.672156225204718,1.0,0.04200976407529487,0.672156225204718,0.0,16.803905630117953,16.803905630117953,0.0,0.0,0.0,1.0,1.0,grid_cap_multiplier,0.85
5,5,5,0,2024-09-20T21:00:00,proposed,H06,5,5,5,0.49148914217948914,3.6864904231197984,0.11229499743214726,0.0,0.0,92.16226057799497,92.16226057799497,0.0,0.0,0.0,0.0,92.16226057799497,0.7883118235473773,0.0,595.0,0.0,0.2,45.2967503928013,2.764867817339849,5.529735634679698,37.002146940781756,13.2714147028998,13.2714147028998,4.726001094559661,13.538897993555434,0.5458307773383896,3.1271404452147573,331.04181545781285,1.4210854715202004e-14,-2.961102006444566,92.16226057799497,92.16226057799497,0.0,0.0,0.0,0.0,92.16226057799497,0.0,595.0,0.0,0.2,45.2967503928013,2.764867817339849,5.529735634679698,37.002146940781756,1.4210854715202004e-14,0.0,0.0,3.6864904231197984,331.04181545781285,0.0,3.6864904231197984,1.0,0.2304056514449874,3.6864904231197984,0.0,92.16226057799497,92.16226057799497,0.0,0.0,0.0,1.0,1.0,grid_cap_multiplier,0.85
5,5,5,0,2024-09-20T21:00:00,proposed,H07,6,6,5,0.5630783438682556,2.326857043911936,0.11229499743214726,0.0,0.0,58.17142609779839,58.17142609779839,0.0,0.0,0.0,0.0,58.17142609779839,0.745889732990181,0.0,297.5,0.0,0.2,32.75507026760294,1.7451427829339516,3.4902855658679037,27.519641918801085,10.263907350017455,10.263907350017455,1.5866972674182858,13.538897993555434,0.5458307773383896,3.1271404452147573,331.04181545781285,0.0,-2.961102006444566,58.17142609779839,58.17142609779839,0.0,0.0,0.0,0.0,58.17142609779839,0.0,297.5,0.0,0.2,32.75507026760294,1.7451427829339516,3.4902855658679037,27.519641918801085,0.0,0.0,0.0,2.326857043911936,331.04181545781285,0.0,2.326857043911936,1.0,0.193904753659328,2.326857043911936,0.0,58.17142609779839,58.17142609779839,0.0,0.0,0.0,1.0,1.0,grid_cap_multiplier,0.85
5,5,5,0,2024-09-20T21:00:00,proposed,H08,7,7,5,0.46599894762039185,9.528341229229845,0.11229499743214726,0.0,0.0,238.20853073074616,238.20853073074616,0.0,0.0,0.0,0.0,238.20853073074616,0.44850835635632386,0.0,425.0,0.0,0.2,111.00492463472749,7.146255921922385,14.292511843844768,89.56615686896033,9.699804562836823,9.699804562836823,1.2933137107791415,13.538897993555434,0.5458307773383896,3.1271404452147573,331.04181545781285,0.0,-2.961102006444566,238.20853073074616,238.20853073074616,0.0,0.0,0.0,0.0,238.20853073074616,0.0,425.0,0.0,0.2,111.00492463472749,7.146255921922385,14.292511843844768,89.56615686896033,0.0,0.0,0.0,9.528341229229845,331.04181545781285,0.0,9.528341229229845,1.0,0.5955213268268653,9.528341229229845,0.0,238.20853073074616,238.20853073074616,0.0,0.0,0.0,1.0,1.0,grid_cap_multiplier,0.85
5,5,5,0,2024-09-20T16:00:00,proposed,H01,0,0,0,0.46856242418289185,15.766740231793182,0.07875436541553546,58.25055173844887,43.25055173844887,394.1685057948296,200.00000000000003,0.0,44.0,44.0,84.21052631578947,0.0,0.95,240.21052631578948,250.0,0.9608421052631579,0.16,93.71248483657838,38.653684210526315,12.0,43.05880062605207,10.426646093807662,10.426646093807662,1.8766891932775056,13.538897993555434,0.4254669677134717,1.6868931375683542,329.9456127502318,0.0,-2.961102006444566,394.1685057948296,200.00000000000003,0.0,44.0,44.0,84.21052631578947,0.0,240.21052631578948,250.0,0.9608421052631579,0.16,93.71248483657838,38.653684210526315,12.0,43.05880062605207,0.0,0.7208425289741478,0.0,15.766740231793182,329.9456127502318,0.0,15.766740231793182,0.507397209720512,1.9708425289741478,8.0,0.0,394.1685057948296,200.00000000000003,194.1685057948296,0.0,0.0,1.0,0.507397209720512,grid_cap_multiplier,1.0
5,5,5,0,2024-09-20T16:00:00,proposed,H02,1,1,0,0.5294427871704102,7.023272993604092,0.07875436541553546,0.0,0.0,175.58182484010229,175.58182484010229,0.0,33.0,33.0,94.73684210526316,0.0,0.95,237.31866694536546,250.0,0.9492746677814619,0.16,92.9605307198105,38.135986711258475,10.534909490406138,44.289634518145895,10.350403269747982,10.350403269747982,1.6703588060311936,13.538897993555434,0.4254669677134717,1.6868931375683542,329.9456127502318,0.0,-2.961102006444566,175.58182484010229,175.58182484010229,0.0,33.0,33.0,94.73684210526316,0.0,237.31866694536546,250.0,0.9492746677814619,0.16,92.9605307198105,38.135986711258475,10.534909490406138,44.289634518145895,0.0,0.0,0.0,7.023272993604092,329.9456127502318,0.0,7.023272993604092,1.0,0.8779091242005115,7.023272993604092,0.0,175.58182484010229,175.58182484010229,0.0,0.0,0.0,1.0,1.0,grid_cap_multiplier,1.0
5,5,5,0,2024-09-20T16:00:00,proposed,H03,2,2,0,0.5401561260223389,6.191500701917184,0.07875436541553546,0.0,0.0,154.78751754792958,154.78751754792958,0.0,33.0,33.0,110.52631578947368,0.0,0.95,232.31383333740325,350.0,0.6637538095354378,0.16,83.60942583530444,37.33521333398452,9.287251052875776,36.98696144844414,10.524391604555804,10.524391604555804,1.6825276633007913,13.538897993555434,0.4254669677134717,1.6868931375683542,329.9456127502318,0.0,-2.961102006444566,154.78751754792958,154.78751754792958,0.0,33.0,33.0,110.52631578947368,0.0,232.31383333740325,350.0,0.6637538095354378,0.16,83.60942583530444,37.33521333398452,9.287251052875776,36.98696144844414,0.0,0.0,0.0,6.191500701917184,329.9456127502318,0.0,6.191500701917184,1.0,0.515958391826432,6.191500701917184,0.0,154.78751754792958,154.78751754792958,0.0,0.0,0.0,1.0,1.0,grid_cap_multiplier,1.0
5,5,5,0,2024-09-20T16:00:00,proposed,H04,3,3,0,0.497302770614624,7.079087792731841,0.07875436541553546,0.0,0.0,176.97719481829603,176.97719481829603,0.0,44.0,44.0,78.94736842105263,0.0,0.95,211.92456323934866,250.0,0.8476982529573946,0.16,88.0112493187427,34.12793011829579,10.618631689097763,43.26468751134915,13.1499188398441,13.1499188398441,4.044716950072058,13.538897993555434,0.4254669677134717,1.6868931375683542,329.9456127502318,0.0,-2.961102006444566,176.97719481829603,176.97719481829603,0.0,44.0,44.0,78.94736842105263,0.0,211.92456323934866,250.0,0.8476982529573946,0.16,88.0112493187427,34.12793011829579,10.618631689097763,43.26468751134915,0.0,0.0,0.0,7.079087792731841,329.9456127502318,0.0,7.079087792731841,1.0,0.8848859740914802,7.079087792731841,0.0,176.97719481829603,176.97719481829603,0.0,0.0,0.0,1.0,1.0,grid_cap_multiplier,1.0
5,5,5,0,2024-09-20T16:00:00,proposed,H05,4,4,0,0.5716525912284851,1.6798622920440582,0.07875436541553546,0.0,0.0,41.996557301101454,41.996557301101454,0.0,82.5,0.0,131.57894736842104,0.0,0.95,91.0755046695225,500.0,0.18215100933904502,0.16,24.0074408038502,14.9845807471236,2.5197934380660874,6.503066618660514,15.448516338228481,15.448516338228481,6.189242363849866,13.538897993555434,0.4254669677134717,1.6868931375683542,329.9456127502318,1.4210854715202004e-14,-2.961102006444566,41.996557301101454,41.996557301101454,0.0,82.5,0.0,131.57894736842104,0.0,91.0755046695225,500.0,0.18215100933904502,0.16,24.0074408038502,14.9845807471236,2.5197934380660874,6.503066618660514,1.4210854715202004e-14,0.0,0.0,1.6798622920440582,329.9456127502318,0.0,1.6798622920440582,1.0,0.10499139325275364,1.6798622920440582,0.0,41.996557301101454,41.996557301101454,0.0,0.0,0.0,1.0,1.0,grid_cap_multiplier,1.0
5,5,5,0,2024-09-20T16:00:00,proposed,H06,5,5,0,0.48814189434051514,7.796819332350432,0.07875436541553546,0.0,0.0,194.92048330876077,194.92048330876077,0.0,110.0,110.0,126.31578947368422,0.0,0.95,211.23627278244498,700.0,0.30176610397492143,0.16,95.14885396810725,34.34780364519119,11.695228998525648,49.105821324390405,13.398224229734364,13.398224229734364,4.623021584831504,13.538897993555434,0.4254669677134717,1.6868931375683542,329.9456127502318,0.0,-2.961102006444566,194.92048330876077,194.92048330876077,0.0,110.0,110.0,126.31578947368422,0.0,211.23627278244498,700.0,0.30176610397492143,0.16,95.14885396810725,34.34780364519119,11.695228998525648,49.105821324390405,0.0,0.0,0.0,7.796819332350432,329.9456127502318,0.0,7.796819332350432,1.0,0.487301208271902,7.796819332350432,0.0,194.92048330876077,194.92048330876077,0.0,0.0,0.0,1.0,1.0,grid_cap_multiplier,1.0
5,5,5,0,2024-09-20T16:00:00,proposed,H07,6,6,0,0.5586836338043213,5.168837473920945,0.07875436541553546,0.0,0.0,129.22093684802363,129.22093684802363,0.0,27.5,27.5,126.31578947368422,0.0,0.95,228.03672632170785,350.0,0.6515335037763081,0.16,72.19362256185256,36.62337621147326,7.753256210881418,27.81699013949789,10.136226353165805,10.136226353165805,1.2209285190314374,13.538897993555434,0.4254669677134717,1.6868931375683542,329.9456127502318,0.0,-2.961102006444566,129.22093684802363,129.22093684802363,0.0,27.5,27.5,126.31578947368422,0.0,228.03672632170785,350.0,0.6515335037763081,0.16,72.19362256185256,36.62337621147326,7.753256210881418,27.81699013949789,0.0,0.0,0.0,5.168837473920945,329.9456127502318,0.0,5.168837473920945,1.0,0.4307364561600788,5.168837473920945,0.0,129.22093684802363,129.22093684802363,0.0,0.0,0.0,1.0,1.0,grid_cap_multiplier,1.0
5,5,5,0,2024-09-20T16:00:00,proposed,H08,7,7,0,0.4315682053565979,29.967359402199822,0.07875436541553546,52.37759775824933,37.37759775824933,749.1839850549954,399.99999999999994,0.0,99.0,0.0,131.57894736842104,0.0,0.95,432.578947368421,500.0,0.865157894736842,0.16,172.62728214263913,69.70763157894736,24.0,78.91965056369177,9.975495370830973,9.975495370830973,1.3263581279802912,13.538897993555434,0.4254669677134717,1.6868931375683542,329.9456127502318,1.4210854715202004e-14,-2.961102006444566,749.1839850549954,399.99999999999994,0.0,99.0,0.0,131.57894736842104,0.0,432.578947368421,500.0,0.865157894736842,0.16,172.62728214263913,69.70763157894736,24.0,78.91965056369177,1.4210854715202004e-14,0.6229599626374889,0.0,29.967359402199822,329.9456127502318,0.0,29.967359402199822,0.533914242668491,1.8729599626374889,16.0,0.0,749.1839850549954,399.99999999999994,349.1839850549955,0.0,0.0,1.0,0.533914242668491,grid_cap_multiplier,1.0
5,5,5,0,2024-09-20T17:00:00,proposed,H01,0,0,1,0.46791282296180725,0.0030885898509454323,0.16646773468034362,0.0,0.0,0.07721474627363581,194.24572054110322,0.0,28.0,28.0,0.0,0.0,0.95,166.24572054110322,250.0,0.6649828821644129,0.22,90.89006344663792,36.71405851904271,11.654743232466192,42.52126169512903,9.65092516094762,9.65092516094762,1.4788960360015504,13.538897993555434,0.6989409117167777,2.8367149276529995,518.1555864090782,0.0,-2.961102006444566,0.07721474627363581,194.24572054110322,0.0,28.0,28.0,0.0,0.0,166.24572054110322,250.0,0.6649828821644129,0.22,90.89006344663792,36.71405851904271,11.654743232466192,42.52126169512903,0.0,0.0,0.0,0.0030885898509454323,518.1555864090782,7.766740231793182,7.769828821644128,1.0,0.971228602705516,7.769828821644128,194.1685057948296,194.24572054110322,194.24572054110322,0.0,0.0,0.0,1.0,1.0,grid_cap_multiplier,1.0
5,5,5,0,2024-09-20T17:00:00,proposed,H02,1,1,1,0.5242934226989746,21.00970119252273,0.16646773468034362,97.57275894392048,82.57275894392048,525.2425298130682,200.0,0.0,21.0,21.0,0.0,0.0,0.95,179.0,250.0,0.716,0.22,104.85868453979492,39.485,12.0,53.37368453979492,9.815275609248651,9.815275609248651,1.4640236742981119,13.538897993555434,0.6989409117167777,2.8367149276529995,518.1555864090782,0.0,-2.961102006444566,525.2425298130682,200.0,0.0,21.0,21.0,0.0,0.0,179.0,250.0,0.716,0.22,104.85868453979492,39.485,12.0,53.37368453979492,0.0,1.3762126490653412,0.0,21.00970119252273,518.1555864090782,0.0,21.00970119252273,0.38077647686142096,2.6262126490653412,8.0,0.0,525.2425298130682,200.0,325.24252981306824,0.0,0.0,1.0,0.38077647686142096,grid_cap_multiplier,1.0
5,5,5,0,2024-09-20T17:00:00,proposed,H03,2,2,1,0.5424904227256775,14.885612990466626,0.16646773468034362,14.428064952333134,0.0,372.1403247616657,300.0,0.0,21.0,21.0,0.0,0.0,0.95,279.0,350.0,0.7971428571428572,0.22,162.74712681770325,61.485,18.0,83.26212681770325,10.599654023980023,10.599654023980023,2.0962388221146195,13.538897993555434,0.6989409117167777,2.8367149276529995,518.1555864090782,0.0,-2.961102006444566,372.1403247616657,300.0,0.0,21.0,21.0,0.0,0.0,279.0,350.0,0.7971428571428572,0.22,162.74712681770325,61.485,18.0,83.26212681770325,0.0,0.0,0.0,14.885612990466626,518.1555864090782,0.0,14.885612990466626,0.8061475202724473,1.2404677492055523,12.0,0.0,372.1403247616657,300.0,72.14032476166568,8.326672684688674e-17,0.0,1.0,0.8061475202724473,grid_cap_multiplier,1.0
5,5,5,0,2024-09-20T17:00:00,proposed,H04,3,3,1,0.5061406493186951,14.127068973108658,0.16646773468034362,45.95301729831493,30.953017298314936,353.17672432771644,200.0,0.0,28.0,28.0,0.0,0.0,0.95,172.0,250.0,0.688,0.22,101.22812986373901,37.980000000000004,12.0,51.24812986373901,13.781200628254513,13.781200628254513,5.051272020250183,13.538897993555434,0.6989409117167777,2.8367149276529995,518.1555864090782,0.0,-2.961102006444566,353.17672432771644,200.0,0.0,28.0,28.0,0.0,0.0,172.0,250.0,0.688,0.22,101.22812986373901,37.980000000000004,12.0,51.24812986373901,0.0,0.5158836216385823,0.0,14.127068973108658,518.1555864090782,0.0,14.127068973108658,0.5662887337230578,1.7658836216385823,8.0,0.0,353.17672432771644,200.0,153.17672432771644,0.0,0.0,1.0,0.5662887337230578,grid_cap_multiplier,1.0
5,5,5,0,2024-09-20T17:00:00,proposed,H05,4,4,1,0.5748951435089111,3.440216641518598,0.16646773468034362,0.0,0.0,86.00541603796495,86.00541603796495,0.0,52.5,52.5,0.0,0.0,0.95,33.50541603796495,500.0,0.0670108320759299,0.22,49.444095995689466,7.633691528352289,5.1603249622778975,36.65007950505928,16.436658434538458,16.436658434538458,7.619422735964697,13.538897993555434,0.6989409117167777,2.8367149276529995,518.1555864090782,0.0,-2.961102006444566,86.00541603796495,86.00541603796495,0.0,52.5,52.5,0.0,0.0,33.50541603796495,500.0,0.0670108320759299,0.22,49.444095995689466,7.633691528352289,5.1603249622778975,36.65007950505928,0.0,0.0,0.0,3.440216641518598,518.1555864090782,0.0,3.440216641518598,1.0,0.2150135400949124,3.440216641518598,0.0,86.00541603796495,86.00541603796495,0.0,0.0,0.0,1.0,1.0,grid_cap_multiplier,1.0
5,5,5,0,2024-09-20T17:00:00,proposed,H06,5,5,1,0.4891475737094879,20.991005487907653,0.16646773468034362,18.7162705796537,3.7162705796537,524.7751371976913,399.99999999999994,0.0,70.0,70.0,0.0,0.0,0.95,329.99999999999994,700.0,0.47142857142857136,0.22,195.65902948379514,72.94999999999999,24.0,98.70902948379515,12.83234663808369,12.83234663808369,4.5199105550687415,13.538897993555434,0.6989409117167777,2.8367149276529995,518.1555864090782,0.0,-2.961102006444566,524.7751371976913,399.99999999999994,0.0,70.0,70.0,0.0,0.0,329.99999999999994,700.0,0.47142857142857136,0.22,195.65902948379514,72.94999999999999,24.0,98.70902948379515,0.0,0.06193784299422833,0.0,20.991005487907653,518.1555864090782,0.0,20.991005487907653,0.7622312332402164,1.3119378429942283,16.0,0.0,524.7751371976913,399.99999999999994,124.77513719769132,0.0,0.0,1.0,0.7622312332402164,grid_cap_multiplier,1.0
5,5,5,0,2024-09-20T17:00:00,proposed,H07,6,6,1,0.5608513951301575,12.048277799781555,0.16646773468034362,0.2413889989077722,0.0,301.2069449945389,300.0,0.0,17.5,17.5,0.0,0.0,0.95,282.5,350.0,0.8071428571428572,0.22,168.25541853904724,62.2375,18.0,88.01791853904724,10.389119306957898,10.389119306957898,1.8711096058741943,13.538897993555434,0.6989409117167777,2.8367149276529995,518.1555864090782,0.0,-2.961102006444566,301.2069449945389,300.0,0.0,17.5,17.5,0.0,0.0,282.5,350.0,0.8071428571428572,0.22,168.25541853904724,62.2375,18.0,88.01791853904724,0.0,0.0,0.0,12.048277799781555,518.1555864090782,0.0,12.048277799781555,0.9959929708972655,1.0040231499817962,12.0,0.0,301.2069449945389,300.0,1.206944994538901,-7.37257477290143e-17,0.0,1.0,0.9959929708972655,grid_cap_multiplier,1.0
5,5,5,0,2024-09-20T17:00:00,proposed,H08,7,7,1,0.425400048494339,0.015677465023571237,0.16646773468034362,0.0,0.0,0.39193662558928094,349.57592168058477,0.0,63.0,63.0,0.0,0.0,0.95,286.57592168058477,500.0,0.5731518433611695,0.22,148.70961403537402,63.361702769728645,20.974555300835092,64.37335596481027,9.475282458358032,9.475282458358032,1.232104954387885,13.538897993555434,0.6989409117167777,2.8367149276529995,518.1555864090782,0.0,-2.961102006444566,0.39193662558928094,349.57592168058477,0.0,63.0,63.0,0.0,0.0,286.57592168058477,500.0,0.5731518433611695,0.22,148.70961403537402,63.361702769728645,20.974555300835092,64.37335596481027,0.0,0.0,0.0,0.015677465023571237,518.1555864090782,13.967359402199822,13.983036867223394,1.0,0.8739398042014621,13.983036867223394,349.1839850549955,349.57592168058477,349.57592168058477,0.0,0.0,0.0,1.0,1.0,grid_cap_multiplier,1.0
5,5,5,0,2024-09-20T18:00:00,proposed,H01,0,0,2,0.43105337023735046,34.31872487715114,0.11286349042827822,197.39043657863357,182.39043657863357,857.9681219287786,200.00000000000003,0.0,12.8,12.8,0.0,0.0,0.95,187.20000000000002,250.0,0.7488,0.3,86.2106740474701,56.224000000000004,12.0,17.986674047470103,10.182211717636033,10.182211717636033,1.705644476972758,13.538897993555434,0.5428962838397727,-2.127572846311297,231.43914898780503,0.0,-2.961102006444566,857.9681219287786,200.00000000000003,0.0,12.8,12.8,0.0,0.0,187.20000000000002,250.0,0.7488,0.3,86.2106740474701,56.224000000000004,12.0,17.986674047470103,0.0,3.039840609643893,0.0,34.31872487715114,231.43914898780503,0.0,34.31872487715114,0.23310889401156837,4.289840609643893,8.0,0.0,857.9681219287786,200.00000000000003,657.9681219287786,0.0,0.0,1.0,0.23310889401156837,grid_cap_multiplier,1.0
5,5,5,0,2024-09-20T18:00:00,proposed,H02,1,1,2,0.5546567440032959,6.616399658927777e-07,0.11286349042827822,37.57276390622022,22.572763906220217,1.6540999147319443e-05,199.99999999999997,0.0,9.6,9.6,0.0,0.0,0.95,190.39999999999998,250.0,0.7615999999999999,0.3,110.93134880065917,57.16799999999999,12.0,41.76334880065917,10.074502033092276,10.074502033092276,1.4490023090832307,13.538897993555434,0.5428962838397727,-2.127572846311297,231.43914898780503,0.0,-2.961102006444566,1.6540999147319443e-05,199.99999999999997,0.0,9.6,9.6,0.0,0.0,190.39999999999998,250.0,0.7615999999999999,0.3,110.93134880065917,57.16799999999999,12.0,41.76334880065917,0.0,0.37621273177033693,0.0,6.616399658927777e-07,231.43914898780503,13.00970119252273,13.009701854162696,0.6149256985040169,1.626212731770337,8.0,325.24252981306824,325.2425463540674,199.99999999999997,125.2425463540674,0.0,0.0,1.0,0.6149256985040169,grid_cap_multiplier,1.0
5,5,5,0,2024-09-20T18:00:00,proposed,H03,2,2,2,0.5555753707885742,0.584359853174969,0.11286349042827822,0.0,0.0,14.608996329374225,86.7493210910399,0.0,9.6,9.6,0.0,0.0,0.95,77.14932109103991,350.0,0.22042663168868545,0.3,48.19578623081158,23.19279632731197,5.204959265462394,19.79803063803721,10.434595168955568,10.434595168955568,1.6834948181799738,13.538897993555434,0.5428962838397727,-2.127572846311297,231.43914898780503,0.0,-2.961102006444566,14.608996329374225,86.7493210910399,0.0,9.6,9.6,0.0,0.0,77.14932109103991,350.0,0.22042663168868545,0.3,48.19578623081158,23.19279632731197,5.204959265462394,19.79803063803721,0.0,0.0,0.0,0.584359853174969,231.43914898780503,2.885612990466627,3.469972843641596,1.0,0.2891644036367997,3.469972843641596,72.14032476166568,86.7493210910399,86.7493210910399,0.0,0.0,0.0,1.0,1.0,grid_cap_multiplier,1.0
5,5,5,0,2024-09-20T18:00:00,proposed,H04,3,3,2,0.5006673336029053,0.004136627350267483,0.11286349042827822,0.0,0.0,0.10341568375668708,153.28014001147312,0.0,12.8,12.8,0.0,0.0,0.95,140.4801400114731,250.0,0.5619205600458924,0.3,76.74235899382424,42.20804200344193,9.196808400688388,25.33750858969392,13.332310368075074,13.332310368075074,4.37530064087237,13.538897993555434,0.5428962838397727,-2.127572846311297,231.43914898780503,0.0,-2.961102006444566,0.10341568375668708,153.28014001147312,0.0,12.8,12.8,0.0,0.0,140.4801400114731,250.0,0.5619205600458924,0.3,76.74235899382424,42.20804200344193,9.196808400688388,25.33750858969392,0.0,0.0,0.0,0.004136627350267483,231.43914898780503,6.127068973108658,6.131205600458926,1.0,0.7664007000573657,6.131205600458926,153.17672432771644,153.28014001147312,153.28014001147312,0.0,0.0,0.0,1.0,1.0,grid_cap_multiplier,1.0
5,5,5,0,2024-09-20T18:00:00,proposed,H05,4,4,2,0.5851355791091919,1.5626409479429373,0.11286349042827822,0.0,0.0,39.06602369857343,39.06602369857343,0.0,24.0,24.0,0.0,0.0,0.95,15.066023698573431,500.0,0.030132047397146863,0.3,22.85892040035818,4.639807109572029,2.343961421914406,15.875151868871745,16.122317000877924,16.122317000877924,7.047465028691638,13.538897993555434,0.5428962838397727,-2.127572846311297,231.43914898780503,0.0,-2.961102006444566,39.06602369857343,39.06602369857343,0.0,24.0,24.0,0.0,0.0,15.066023698573431,500.0,0.030132047397146863,0.3,22.85892040035818,4.639807109572029,2.343961421914406,15.875151868871745,0.0,0.0,0.0,1.5626409479429373,231.43914898780503,0.0,1.5626409479429373,1.0,0.09766505924643358,1.5626409479429373,0.0,39.06602369857343,39.06602369857343,0.0,0.0,0.0,1.0,1.0,grid_cap_multiplier,1.0
5,5,5,0,2024-09-20T18:00:00,proposed,H06,5,5,2,0.5055942535400391,0.3613195413347161,0.11286349042827822,0.0,0.0,9.032988533367902,133.80812573105922,0.0,32.0,32.0,0.0,0.0,0.95,101.80812573105922,700.0,0.1454401796157989,0.3,67.65261944658658,30.702437719317764,8.028487543863553,28.921694183405265,13.15621685244736,13.15621685244736,4.519586075839096,13.538897993555434,0.5428962838397727,-2.127572846311297,231.43914898780503,0.0,-2.961102006444566,9.032988533367902,133.80812573105922,0.0,32.0,32.0,0.0,0.0,101.80812573105922,700.0,0.1454401796157989,0.3,67.65261944658658,30.702437719317764,8.028487543863553,28.921694183405265,0.0,0.0,0.0,0.3613195413347161,231.43914898780503,4.991005487907653,5.352325029242369,1.0,0.33452031432764806,5.352325029242369,124.77513719769132,133.80812573105922,133.80812573105922,0.0,0.0,0.0,1.0,1.0,grid_cap_multiplier,1.0
5,5,5,0,2024-09-20T18:00:00,proposed,H07,6,6,2,0.5603855848312378,5.8532985954746035,0.11286349042827822,0.0,0.0,146.3324648868651,147.539409881404,0.0,8.0,8.0,0.0,0.0,0.95,139.539409881404,350.0,0.39868402823258287,0.3,82.67895849204628,41.9018229644212,8.852364592884237,31.92477093474084,10.292804400082025,10.292804400082025,1.507091756517125,13.538897993555434,0.5428962838397727,-2.127572846311297,231.43914898780503,0.0,-2.961102006444566,146.3324648868651,147.539409881404,0.0,8.0,8.0,0.0,0.0,139.539409881404,350.0,0.39868402823258287,0.3,82.67895849204628,41.9018229644212,8.852364592884237,31.92477093474084,0.0,0.0,0.0,5.8532985954746035,231.43914898780503,0.04827779978155444,5.901576395256158,1.0,0.49179803293801316,5.901576395256158,1.206944994538901,147.539409881404,147.539409881404,0.0,0.0,0.0,1.0,1.0,grid_cap_multiplier,1.0
5,5,5,0,2024-09-20T18:00:00,proposed,H08,7,7,2,0.4633399248123169,24.56933768656362,0.11286349042827822,32.13501632461358,17.13501632461358,614.2334421640905,400.00000000000006,0.0,28.8,28.8,0.0,0.0,0.95,371.20000000000005,500.0,0.7424000000000001,0.3,185.3359699249268,111.50400000000002,24.0,49.83196992492677,9.849638036945763,9.849638036945763,1.3063343428069571,13.538897993555434,0.5428962838397727,-2.127572846311297,231.43914898780503,0.0,-2.961102006444566,614.2334421640905,400.00000000000006,0.0,28.8,28.8,0.0,0.0,371.20000000000005,500.0,0.7424000000000001,0.3,185.3359699249268,111.50400000000002,24.0,49.83196992492677,0.0,0.28558360541022637,0.0,24.56933768656362,231.43914898780503,0.0,24.56933768656362,0.6512182055583051,1.5355836054102263,16.0,0.0,614.2334421640905,400.00000000000006,214.2334421640905,0.0,0.0,1.0,0.6512182055583051,grid_cap_multiplier,1.0
5,5,5,0,2024-09-20T19:00:00,proposed,H01,0,0,3,0.5124228000640869,1.1982829701941868e-13,0.2262804048354281,137.39043657863445,122.39043657863446,2.9957074254854675e-12,200.0,0.0,3.2,3.2,0.0,0.0,0.95,196.8,250.0,0.7872,0.34,102.48456001281738,66.92800000000001,12.0,23.55656001281737,9.601687844437883,9.601687844437883,1.371956796640882,13.538897993555434,0.8206044137063327,-0.5910413848520204,185.67673467206689,0.0,-2.961102006444566,2.9957074254854675e-12,200.0,0.0,3.2,3.2,0.0,0.0,196.8,250.0,0.7872,0.34,102.48456001281738,66.92800000000001,12.0,23.55656001281737,0.0,2.0398406096439077,0.0,1.1982829701941868e-13,185.67673467206689,26.31872487715114,26.31872487715126,0.3039660940012045,3.2898406096439077,8.0,657.9681219287786,657.9681219287816,200.0,457.96812192878156,0.0,0.0,1.0,0.3039660940012045,grid_cap_multiplier,1.0
5,5,5,0,2024-09-20T19:00:00,proposed,H02,1,1,3,0.5289034843444824,0.027451320433050656,0.2262804048354281,0.0,0.0,0.6862830108262665,125.92882936489367,0.0,2.4,2.4,0.0,0.0,0.95,123.52882936489367,250.0,0.49411531745957465,0.34,66.60419663051404,42.01180198406385,7.55572976189362,17.03666488455657,9.593609612849214,9.593609612849214,1.2046794282090252,13.538897993555434,0.8206044137063327,-0.5910413848520204,185.67673467206689,0.0,-2.961102006444566,0.6862830108262665,125.92882936489367,0.0,2.4,2.4,0.0,0.0,123.52882936489367,250.0,0.49411531745957465,0.34,66.60419663051404,42.01180198406385,7.55572976189362,17.03666488455657,0.0,0.0,0.0,0.027451320433050656,185.67673467206689,5.009701854162696,5.037153174595747,1.0,0.6296441468244683,5.037153174595747,125.2425463540674,125.92882936489367,125.92882936489367,0.0,0.0,0.0,1.0,1.0,grid_cap_multiplier,1.0
5,5,5,0,2024-09-20T19:00:00,proposed,H03,2,2,3,0.5553390383720398,8.301605836435975,0.2262804048354281,0.0,0.0,207.5401459108994,207.5401459108994,0.0,2.4,2.4,0.0,0.0,0.95,205.1401459108994,350.0,0.5861147026025697,0.34,115.2551450537517,69.7596496097058,12.452408754653963,33.04308668939194,10.54558237360601,10.54558237360601,2.0228078597673247,13.538897993555434,0.8206044137063327,-0.5910413848520204,185.67673467206689,0.0,-2.961102006444566,207.5401459108994,207.5401459108994,0.0,2.4,2.4,0.0,0.0,205.1401459108994,350.0,0.5861147026025697,0.34,115.2551450537517,69.7596496097058,12.452408754653963,33.04308668939194,0.0,0.0,0.0,8.301605836435975,185.67673467206689,0.0,8.301605836435975,1.0,0.6918004863696646,8.301605836435975,0.0,207.5401459108994,207.5401459108994,0.0,0.0,0.0,1.0,1.0,grid_cap_multiplier,1.0
5,5,5,0,2024-09-20T19:00:00,proposed,H04,3,3,3,0.5040631890296936,9.359040702782044,0.2262804048354281,10.192805270865332,0.0,233.97601756955112,200.0,0.0,3.2,3.2,0.0,0.0,0.95,196.8,250.0,0.7872,0.34,100.81263780593872,66.92800000000001,12.0,21.88463780593871,13.930052853099083,13.930052853099083,5.180869742164916,13.538897993555434,0.8206044137063327,-0.5910413848520204,185.67673467206689,0.0,-2.961102006444566,233.97601756955112,200.0,0.0,3.2,3.2,0.0,0.0,196.8,250.0,0.7872,0.34,100.81263780593872,66.92800000000001,12.0,21.88463780593871,0.0,0.0,0.0,9.359040702782044,185.67673467206689,0.0,9.359040702782044,0.8547884611316992,1.1698800878477555,8.0,0.0,233.97601756955112,200.0,33.97601756955112,0.0,0.0,1.0,0.8547884611316992,grid_cap_multiplier,1.0
5,5,5,0,2024-09-20T19:00:00,proposed,H05,4,4,3,0.5891633033752441,1.782502716994495,0.2262804048354281,0.0,0.0,44.56256792486238,44.56256792486238,0.0,6.0,6.0,0.0,0.0,0.95,38.56256792486238,500.0,0.07712513584972476,0.34,26.25462972549562,13.14127309445321,2.6737540754917424,10.439602555550668,16.709033389286557,16.709033389286557,7.8750791281171955,13.538897993555434,0.8206044137063327,-0.5910413848520204,185.67673467206689,0.0,-2.961102006444566,44.56256792486238,44.56256792486238,0.0,6.0,6.0,0.0,0.0,38.56256792486238,500.0,0.07712513584972476,0.34,26.25462972549562,13.14127309445321,2.6737540754917424,10.439602555550668,0.0,0.0,0.0,1.782502716994495,185.67673467206689,0.0,1.782502716994495,1.0,0.11140641981215593,1.782502716994495,0.0,44.56256792486238,44.56256792486238,0.0,0.0,0.0,1.0,1.0,grid_cap_multiplier,1.0
5,5,5,0,2024-09-20T19:00:00,proposed,H06,5,5,3,0.5022578835487366,11.255480297495092,0.2262804048354281,0.0,0.0,281.3870074373773,281.3870074373773,0.0,8.0,8.0,0.0,0.0,0.95,273.3870074373773,700.0,0.39055286776768183,0.34,141.32884281360973,92.99158252870829,16.88322044624264,31.454039838658794,12.981551136945498,12.981551136945498,4.601322725457986,13.538897993555434,0.8206044137063327,-0.5910413848520204,185.67673467206689,0.0,-2.961102006444566,281.3870074373773,281.3870074373773,0.0,8.0,8.0,0.0,0.0,273.3870074373773,700.0,0.39055286776768183,0.34,141.32884281360973,92.99158252870829,16.88322044624264,31.454039838658794,0.0,0.0,0.0,11.255480297495092,185.67673467206689,0.0,11.255480297495092,1.0,0.7034675185934433,11.255480297495092,0.0,281.3870074373773,281.3870074373773,0.0,0.0,0.0,1.0,1.0,grid_cap_multiplier,1.0
5,5,5,0,2024-09-20T19:00:00,proposed,H07,6,6,3,0.5598999857902527,7.9864400631763015,0.2262804048354281,0.0,0.0,199.66100157940753,199.66100157940753,0.0,2.0,2.0,0.0,0.0,0.95,197.66100157940753,350.0,0.5647457187983073,0.34,111.79019194717789,67.21474053699856,11.979660094764451,32.59579131541487,10.427091710418841,10.427091710418841,1.8949907737534544,13.538897993555434,0.8206044137063327,-0.5910413848520204,185.67673467206689,0.0,-2.961102006444566,199.66100157940753,199.66100157940753,0.0,2.0,2.0,0.0,0.0,197.66100157940753,350.0,0.5647457187983073,0.34,111.79019194717789,67.21474053699856,11.979660094764451,32.59579131541487,0.0,0.0,0.0,7.9864400631763015,185.67673467206689,0.0,7.9864400631763015,1.0,0.6655366719313585,7.9864400631763015,0.0,199.66100157940753,199.66100157940753,0.0,0.0,0.0,1.0,1.0,grid_cap_multiplier,1.0
5,5,5,0,2024-09-20T19:00:00,proposed,H08,7,7,3,0.46060633659362793,0.17849451363012947,0.2262804048354281,0.0,0.0,4.462362840753237,218.69580500484372,0.0,7.2,7.2,0.0,0.0,0.95,211.49580500484373,500.0,0.42299161000968744,0.34,100.73267357167546,71.94457370164687,13.121748300290626,15.666351569737962,9.515247352956827,9.515247352956827,1.2283362417293913,13.538897993555434,0.8206044137063327,-0.5910413848520204,185.67673467206689,0.0,-2.961102006444566,4.462362840753237,218.69580500484372,0.0,7.2,7.2,0.0,0.0,211.49580500484373,500.0,0.42299161000968744,0.34,100.73267357167546,71.94457370164687,13.121748300290626,15.666351569737962,0.0,0.0,0.0,0.17849451363012947,185.67673467206689,8.569337686563621,8.74783220019375,1.0,0.5467395125121094,8.74783220019375,214.2334421640905,218.69580500484372,218.69580500484372,0.0,0.0,0.0,1.0,1.0,grid_cap_multiplier,1.0
5,5,5,0,2024-09-20T20:00:00,proposed,H01,0,0,4,0.49400079250335693,1.1583109619555537e-09,0.12831484643543806,77.39043658732179,62.390436587321794,2.8957774048888844e-08,200.0,0.0,0.0,0.0,0.0,0.0,0.95,200.0,250.0,0.8,0.27,98.80015850067139,54.0,12.0,32.80015850067139,9.891880893993457,9.891880893993457,1.5248993012134384,13.538897993555434,0.5946983991657024,0.504169529712615,175.19782614590508,0.0,-2.961102006444566,2.8957774048888844e-08,200.0,0.0,0.0,0.0,0.0,0.0,200.0,250.0,0.8,0.27,98.80015850067139,54.0,12.0,32.80015850067139,0.0,1.0398406097886965,0.0,1.1583109619555537e-09,175.19782614590508,18.31872487715126,18.318724878309574,0.43671161902062633,2.2898406097886967,8.0,457.96812192878156,457.96812195773936,200.0,257.96812195773936,-2.220446049250313e-16,0.0,1.0,0.43671161902062633,grid_cap_multiplier,1.0
5,5,5,0,2024-09-20T20:00:00,proposed,H02,1,1,4,0.512109637260437,6.47509757571345,0.12831484643543806,0.0,0.0,161.8774393928362,161.8774393928362,0.0,0.0,0.0,0.0,0.0,0.95,161.8774393928362,250.0,0.6475097575713449,0.27,82.89899676811373,43.706908636065776,9.712646363570176,29.47944176847778,9.844486866903097,9.844486866903097,1.320126653654112,13.538897993555434,0.5946983991657024,0.504169529712615,175.19782614590508,0.0,-2.961102006444566,161.8774393928362,161.8774393928362,0.0,0.0,0.0,0.0,0.0,161.8774393928362,250.0,0.6475097575713449,0.27,82.89899676811373,43.706908636065776,9.712646363570176,29.47944176847778,0.0,0.0,0.0,6.47509757571345,175.19782614590508,0.0,6.47509757571345,1.0,0.8093871969641813,6.47509757571345,0.0,161.8774393928362,161.8774393928362,0.0,0.0,0.0,1.0,1.0,grid_cap_multiplier,1.0
5,5,5,0,2024-09-20T20:00:00,proposed,H03,2,2,4,0.5501898527145386,3.5437610917256253,0.12831484643543806,0.0,0.0,88.59402729314061,88.59402729314061,0.0,0.0,0.0,0.0,0.0,0.95,88.59402729314061,350.0,0.25312579226611603,0.27,48.74353482780084,23.920387369147967,5.315641637588438,19.507505821064438,10.564072706902916,10.564072706902916,1.8759913638743757,13.538897993555434,0.5946983991657024,0.504169529712615,175.19782614590508,0.0,-2.961102006444566,88.59402729314061,88.59402729314061,0.0,0.0,0.0,0.0,0.0,88.59402729314061,350.0,0.25312579226611603,0.27,48.74353482780084,23.920387369147967,5.315641637588438,19.507505821064438,0.0,0.0,0.0,3.5437610917256253,175.19782614590508,0.0,3.5437610917256253,1.0,0.29531342431046875,3.5437610917256253,0.0,88.59402729314061,88.59402729314061,0.0,0.0,0.0,1.0,1.0,grid_cap_multiplier,1.0
5,5,5,0,2024-09-20T20:00:00,proposed,H04,3,3,4,0.5087178945541382,0.6840723865337253,0.12831484643543806,0.0,0.0,17.101809663343133,51.07782723289425,0.0,0.0,0.0,0.0,0.0,0.95,51.07782723289425,250.0,0.204311308931577,0.27,25.984204728317984,13.791013352881448,3.0646696339736548,9.128521741462881,13.63272986087304,13.63272986087304,4.676927379637897,13.538897993555434,0.5946983991657024,0.504169529712615,175.19782614590508,0.0,-2.961102006444566,17.101809663343133,51.07782723289425,0.0,0.0,0.0,0.0,0.0,51.07782723289425,250.0,0.204311308931577,0.27,25.984204728317984,13.791013352881448,3.0646696339736548,9.128521741462881,0.0,0.0,0.0,0.6840723865337253,175.19782614590508,1.3590407027820444,2.04311308931577,1.0,0.25538913616447123,2.04311308931577,33.97601756955112,51.07782723289425,51.07782723289425,0.0,0.0,0.0,1.0,1.0,grid_cap_multiplier,1.0
5,5,5,0,2024-09-20T20:00:00,proposed,H05,4,4,4,0.5823302268981934,0.8474052445404012,0.12831484643543806,0.0,0.0,21.18513111351003,21.18513111351003,0.0,0.0,0.0,0.0,0.0,0.95,21.18513111351003,500.0,0.04237026222702006,0.27,12.336742208198272,5.719985400647709,1.2711078668106017,5.345648940739961,16.184576701457928,16.184576701457928,7.106094641239578,13.538897993555434,0.5946983991657024,0.504169529712615,175.19782614590508,0.0,-2.961102006444566,21.18513111351003,21.18513111351003,0.0,0.0,0.0,0.0,0.0,21.18513111351003,500.0,0.04237026222702006,0.27,12.336742208198272,5.719985400647709,1.2711078668106017,5.345648940739961,0.0,0.0,0.0,0.8474052445404012,175.19782614590508,0.0,0.8474052445404012,1.0,0.05296282778377508,0.8474052445404012,0.0,21.18513111351003,21.18513111351003,0.0,0.0,0.0,1.0,1.0,grid_cap_multiplier,1.0
5,5,5,0,2024-09-20T20:00:00,proposed,H06,5,5,4,0.4954594373703003,4.803937451684196,0.12831484643543806,0.0,0.0,120.09843629210488,120.09843629210488,0.0,0.0,0.0,0.0,0.0,0.95,120.09843629210488,700.0,0.17156919470300697,0.27,59.503903674339135,32.42657779886832,7.205906177526295,19.871419697944518,13.155878629211594,13.155878629211594,4.589213319281475,13.538897993555434,0.5946983991657024,0.504169529712615,175.19782614590508,0.0,-2.961102006444566,120.09843629210488,120.09843629210488,0.0,0.0,0.0,0.0,0.0,120.09843629210488,700.0,0.17156919470300697,0.27,59.503903674339135,32.42657779886832,7.205906177526295,19.871419697944518,0.0,0.0,0.0,4.803937451684196,175.19782614590508,0.0,4.803937451684196,1.0,0.30024609073026226,4.803937451684196,0.0,120.09843629210488,120.09843629210488,0.0,0.0,0.0,1.0,1.0,grid_cap_multiplier,1.0
5,5,5,0,2024-09-20T20:00:00,proposed,H07,6,6,4,0.5640804171562195,3.0527142991689127,0.12831484643543806,0.0,0.0,76.31785747922282,76.31785747922282,0.0,0.0,0.0,0.0,0.0,0.95,76.31785747922282,350.0,0.21805102136920806,0.27,43.04940888334892,20.605821519390165,4.5790714487533695,17.86451591520538,10.345182914600475,10.345182914600475,1.6194607628183104,13.538897993555434,0.5946983991657024,0.504169529712615,175.19782614590508,0.0,-2.961102006444566,76.31785747922282,76.31785747922282,0.0,0.0,0.0,0.0,0.0,76.31785747922282,350.0,0.21805102136920806,0.27,43.04940888334892,20.605821519390165,4.5790714487533695,17.86451591520538,0.0,0.0,0.0,3.0527142991689127,175.19782614590508,0.0,3.0527142991689127,1.0,0.25439285826407604,3.0527142991689127,0.0,76.31785747922282,76.31785747922282,0.0,0.0,0.0,1.0,1.0,grid_cap_multiplier,1.0
5,5,5,0,2024-09-20T20:00:00,proposed,H08,7,7,4,0.4740884304046631,11.437591108357411,0.12831484643543806,0.0,0.0,285.9397777089353,285.9397777089353,0.0,0.0,0.0,0.0,0.0,0.95,285.9397777089353,500.0,0.5718795554178706,0.27,135.5607404042874,77.20373998141254,17.156386662536118,41.20061376033874,9.72404579529966,9.72404579529966,1.2822159188371245,13.538897993555434,0.5946983991657024,0.504169529712615,175.19782614590508,0.0,-2.961102006444566,285.9397777089353,285.9397777089353,0.0,0.0,0.0,0.0,0.0,285.9397777089353,500.0,0.5718795554178706,0.27,135.5607404042874,77.20373998141254,17.156386662536118,41.20061376033874,0.0,0.0,0.0,11.437591108357411,175.19782614590508,0.0,11.437591108357411,1.0,0.7148494442723382,11.437591108357411,0.0,285.9397777089353,285.9397777089353,0.0,0.0,0.0,1.0,1.0,grid_cap_multiplier,1.0
5,5,5,0,2024-09-20T21:00:00,proposed,H01,0,0,5,0.4703948199748993,2.385393139254782e-05,0.11296388222848126,17.39061549180724,2.3906154918072375,0.0005963482848136954,200.00000000000009,0.0,0.0,0.0,0.0,100.0,0.42368421052631583,100.00000000000009,250.0,0.40000000000000036,0.2,94.0789639949799,23.000000000000018,12.0,59.07896399497989,9.86461879248292,9.86461879248292,1.5358820845751158,13.538897993555434,0.5479802353662173,3.251675753816552,329.94880636526966,1.4210854715202004e-14,-2.961102006444566,0.0005963482848136954,200.00000000000009,0.0,0.0,0.0,0.0,100.0,100.00000000000009,250.0,0.40000000000000036,0.2,94.0789639949799,23.000000000000018,12.0,59.07896399497989,1.4210854715202004e-14,0.039843591530120626,0.0,2.385393139254782e-05,329.94880636526966,10.318724878309572,10.318748732240964,0.7752877996732273,1.2898435915301205,8.0,257.96812195773936,257.9687183060242,200.00000000000009,57.9687183060241,1.1102230246251565e-16,0.0,1.0,0.7752877996732273,grid_cap_multiplier,1.0
5,5,5,0,2024-09-20T21:00:00,proposed,H02,1,1,5,0.5122603178024292,4.850524544493004,0.11296388222848126,0.0,0.0,121.2631136123251,121.2631136123251,0.0,0.0,0.0,0.0,100.0,0.42368421052631583,21.2631136123251,250.0,0.0850524544493004,0.2,62.118281116761736,7.25262272246502,7.2757868167395054,47.58987157755721,9.784051562873945,9.784051562873945,1.3097491072136092,13.538897993555434,0.5479802353662173,3.251675753816552,329.94880636526966,1.4210854715202004e-14,-2.961102006444566,121.2631136123251,121.2631136123251,0.0,0.0,0.0,0.0,100.0,21.2631136123251,250.0,0.0850524544493004,0.2,62.118281116761736,7.25262272246502,7.2757868167395054,47.58987157755721,1.4210854715202004e-14,0.0,0.0,4.850524544493004,329.94880636526966,0.0,4.850524544493004,1.0,0.6063155680616255,4.850524544493004,0.0,121.2631136123251,121.2631136123251,0.0,0.0,0.0,1.0,1.0,grid_cap_multiplier,1.0
5,5,5,0,2024-09-20T21:00:00,proposed,H03,2,2,5,0.5418503284454346,3.0214641126497526,0.11296388222848126,0.0,0.0,75.53660281624381,75.53660281624381,0.0,0.0,0.0,0.0,75.53660281624381,0.6849592883640568,0.0,350.0,0.0,0.2,40.929533045634045,2.2660980844873144,4.532196168974629,34.131238792172105,10.446869866802848,10.446869866802848,1.8067373705134568,13.538897993555434,0.5479802353662173,3.251675753816552,329.94880636526966,1.4210854715202004e-14,-2.961102006444566,75.53660281624381,75.53660281624381,0.0,0.0,0.0,0.0,75.53660281624381,0.0,350.0,0.0,0.2,40.929533045634045,2.2660980844873144,4.532196168974629,34.131238792172105,1.4210854715202004e-14,0.0,0.0,3.0214641126497526,329.94880636526966,0.0,3.0214641126497526,1.0,0.25178867605414607,3.0214641126497526,0.0,75.53660281624381,75.53660281624381,0.0,0.0,0.0,1.0,1.0,grid_cap_multiplier,1.0
5,5,5,0,2024-09-20T21:00:00,proposed,H04,3,3,5,0.5127102136611938,2.60446834388128,0.11296388222848126,0.0,0.0,65.111708597032,65.111708597032,0.0,0.0,0.0,0.0,65.111708597032,0.675845437486181,0.0,250.0,0.0,0.2,33.38343802662967,1.9533512579109602,3.9067025158219204,27.52338425289679,13.597452716443206,13.597452716443206,4.6841428730470716,13.538897993555434,0.5479802353662173,3.251675753816552,329.94880636526966,0.0,-2.961102006444566,65.111708597032,65.111708597032,0.0,0.0,0.0,0.0,65.111708597032,0.0,250.0,0.0,0.2,33.38343802662967,1.9533512579109602,3.9067025158219204,27.52338425289679,0.0,0.0,0.0,2.60446834388128,329.94880636526966,0.0,2.60446834388128,1.0,0.32555854298516,2.60446834388128,0.0,65.111708597032,65.111708597032,0.0,0.0,0.0,1.0,1.0,grid_cap_multiplier,1.0
5,5,5,0,2024-09-20T21:00:00,proposed,H05,4,4,5,0.5759294033050537,0.6811522788706272,0.11296388222848126,0.0,0.0,17.028806971765682,17.028806971765682,0.0,0.0,0.0,0.0,17.028806971765682,0.9141498800594406,0.0,500.0,0.0,0.2,9.807390638245948,0.5108642091529705,1.021728418305941,8.274798010787038,16.266608572294825,16.266608572294825,7.226134162076775,13.538897993555434,0.5479802353662173,3.251675753816552,329.94880636526966,1.0658141036401503e-14,-2.961102006444566,17.028806971765682,17.028806971765682,0.0,0.0,0.0,0.0,17.028806971765682,0.0,500.0,0.0,0.2,9.807390638245948,0.5108642091529705,1.021728418305941,8.274798010787038,1.0658141036401503e-14,0.0,0.0,0.6811522788706272,329.94880636526966,0.0,0.6811522788706272,1.0,0.0425720174294142,0.6811522788706272,0.0,17.028806971765682,17.028806971765682,0.0,0.0,0.0,1.0,1.0,grid_cap_multiplier,1.0
5,5,5,0,2024-09-20T21:00:00,proposed,H06,5,5,5,0.49058258533477783,3.7541724803888648,0.11296388222848126,0.0,0.0,93.85431200972161,93.85431200972161,0.0,0.0,0.0,0.0,93.85431200972161,0.7853433122636463,0.0,700.0,0.0,0.2,46.043291030546115,2.815629360291648,5.631258720583297,37.59640294967117,13.272745459735196,13.272745459735196,4.7268746514825795,13.538897993555434,0.5479802353662173,3.251675753816552,329.94880636526966,0.0,-2.961102006444566,93.85431200972161,93.85431200972161,0.0,0.0,0.0,0.0,93.85431200972161,0.0,700.0,0.0,0.2,46.043291030546115,2.815629360291648,5.631258720583297,37.59640294967117,0.0,0.0,0.0,3.7541724803888648,329.94880636526966,0.0,3.7541724803888648,1.0,0.23463578002430405,3.7541724803888648,0.0,93.85431200972161,93.85431200972161,0.0,0.0,0.0,1.0,1.0,grid_cap_multiplier,1.0
5,5,5,0,2024-09-20T21:00:00,proposed,H07,6,6,5,0.5670806765556335,2.2157819178578495,0.11296388222848126,0.0,0.0,55.394547946446245,55.394547946446245,0.0,0.0,0.0,0.0,55.394547946446245,0.7556331651001886,0.0,350.0,0.0,0.2,31.413177726964218,1.6618364383933872,3.323672876786774,26.427668411784058,10.262791135512577,10.262791135512577,1.5852989421557457,13.538897993555434,0.5479802353662173,3.251675753816552,329.94880636526966,1.4210854715202004e-14,-2.961102006444566,55.394547946446245,55.394547946446245,0.0,0.0,0.0,0.0,55.394547946446245,0.0,350.0,0.0,0.2,31.413177726964218,1.6618364383933872,3.323672876786774,26.427668411784058,1.4210854715202004e-14,0.0,0.0,2.2157819178578495,329.94880636526966,0.0,2.2157819178578495,1.0,0.1846484931548208,2.2157819178578495,0.0,55.394547946446245,55.394547946446245,0.0,0.0,0.0,1.0,1.0,grid_cap_multiplier,1.0
5,5,5,0,2024-09-20T21:00:00,proposed,H08,7,7,5,0.46676602959632874,9.483496001072792,0.11296388222848126,0.0,0.0,237.08740002681986,237.08740002681986,0.0,0.0,0.0,0.0,237.08740002681986,0.4508686315224845,0.0,500.0,0.0,0.2,110.66434437783523,7.1126220008045955,14.225244001609187,89.32647837542146,9.700470568954142,9.700470568954142,1.2936366260061543,13.538897993555434,0.5479802353662173,3.251675753816552,329.94880636526966,2.842170943040401e-14,-2.961102006444566,237.08740002681986,237.08740002681986,0.0,0.0,0.0,0.0,237.08740002681986,0.0,500.0,0.0,0.2,110.66434437783523,7.1126220008045955,14.225244001609187,89.32647837542146,2.842170943040401e-14,0.0,0.0,9.483496001072792,329.94880636526966,0.0,9.483496001072792,1.0,0.5927185000670495,9.483496001072792,0.0,237.08740002681986,237.08740002681986,0.0,0.0,0.0,1.0,1.0,grid_cap_multiplier,1.0
5,5,5,0,2024-09-20T16:00:00,proposed,H01,0,0,0,0.46865373849868774,15.863219354895184,0.07936157579675353,58.974145161713885,43.974145161713885,396.58048387237966,200.00000000000006,0.0,44.0,44.0,84.21052631578947,0.0,0.95,240.21052631578954,287.5,0.8355148741418766,0.16,93.73074769973758,38.65368421052633,12.0,43.07706348921125,10.428182220484306,10.428182220484306,1.878022303606839,13.538897993555434,0.42782181509284395,1.6999066536976757,330.9742735426745,0.0,-2.961102006444566,396.58048387237966,200.00000000000006,0.0,44.0,44.0,84.21052631578947,0.0,240.21052631578954,287.5,0.8355148741418766,0.16,93.73074769973758,38.65368421052633,12.0,43.07706348921125,0.0,0.732902419361898,0.0,15.863219354895184,330.9742735426745,0.0,15.863219354895184,0.5043112511415474,1.982902419361898,8.0,0.0,396.58048387237966,200.00000000000006,196.5804838723796,0.0,0.0,1.0,0.5043112511415474,grid_cap_multiplier,1.15
5,5,5,0,2024-09-20T16:00:00,proposed,H02,1,1,0,0.5284136533737183,7.17624914203842,0.07936157579675353,0.0,0.0,179.4062285509605,179.4062285509605,0.0,33.0,33.0,94.73684210526316,0.0,0.95,241.14307065622364,287.5,0.8387585066303431,0.16,94.80070066661331,38.74789130499578,10.76437371305763,45.2884356485599,10.351747286575737,10.351747286575737,1.6715984391160725,13.538897993555434,0.42782181509284395,1.6999066536976757,330.9742735426745,0.0,-2.961102006444566,179.4062285509605,179.4062285509605,0.0,33.0,33.0,94.73684210526316,0.0,241.14307065622364,287.5,0.8387585066303431,0.16,94.80070066661331,38.74789130499578,10.76437371305763,45.2884356485599,0.0,0.0,0.0,7.17624914203842,330.9742735426745,0.0,7.17624914203842,1.0,0.8970311427548024,7.17624914203842,0.0,179.4062285509605,179.4062285509605,0.0,0.0,0.0,1.0,1.0,grid_cap_multiplier,1.15
5,5,5,0,2024-09-20T16:00:00,proposed,H03,2,2,0,0.5415356159210205,6.123054690942974,0.07936157579675353,0.0,0.0,153.07636727357433,153.07636727357433,0.0,33.0,33.0,110.52631578947368,0.0,0.95,230.602683063048,402.49999999999994,0.5729259206535355,0.16,82.89630483444742,37.06142929008768,9.184582036414461,36.65029350794528,10.523222936213726,10.523222936213726,1.681336496014071,13.538897993555434,0.42782181509284395,1.6999066536976757,330.9742735426745,0.0,-2.961102006444566,153.07636727357433,153.07636727357433,0.0,33.0,33.0,110.52631578947368,0.0,230.602683063048,402.49999999999994,0.5729259206535355,0.16,82.89630483444742,37.06142929008768,9.184582036414461,36.65029350794528,0.0,0.0,0.0,6.123054690942974,330.9742735426745,0.0,6.123054690942974,1.0,0.5102545575785812,6.123054690942974,0.0,153.07636727357433,153.07636727357433,0.0,0.0,0.0,1.0,1.0,grid_cap_multiplier,1.15
5,5,5,0,2024-09-20T16:00:00,proposed,H04,3,3,0,0.4975847005844116,7.107952017551623,0.07936157579675353,0.0,0.0,177.6988004387906,177.6988004387906,0.0,44.0,44.0,78.94736842105263,0.0,0.95,212.64616885984324,287.5,0.7396388482081504,0.16,88.42020441054474,34.24338701757492,10.661928026327434,43.51488936664239,13.148230281851616,13.148230281851616,4.043096869358666,13.538897993555434,0.42782181509284395,1.6999066536976757,330.9742735426745,0.0,-2.961102006444566,177.6988004387906,177.6988004387906,0.0,44.0,44.0,78.94736842105263,0.0,212.64616885984324,287.5,0.7396388482081504,0.16,88.42020441054474,34.24338701757492,10.661928026327434,43.51488936664239,0.0,0.0,0.0,7.107952017551623,330.9742735426745,0.0,7.107952017551623,1.0,0.8884940021939529,7.107952017551623,0.0,177.6988004387906,177.6988004387906,0.0,0.0,0.0,1.0,1.0,grid_cap_multiplier,1.15
5,5,5,0,2024-09-20T16:00:00,proposed,H05,4,4,0,0.5707184672355652,1.7149521149367533,0.07936157579675353,0.0,0.0,42.87380287341883,42.87380287341883,0.0,82.5,0.0,131.57894736842104,0.0,0.95,91.95275024183988,575.0,0.15991782650754763,0.16,24.468871060477365,15.124940038694382,2.5724281724051297,6.771502849377854,15.447780304608617,15.447780304608617,6.1884930630699895,13.538897993555434,0.42782181509284395,1.6999066536976757,330.9742735426745,1.4210854715202004e-14,-2.961102006444566,42.87380287341883,42.87380287341883,0.0,82.5,0.0,131.57894736842104,0.0,91.95275024183988,575.0,0.15991782650754763,0.16,24.468871060477365,15.124940038694382,2.5724281724051297,6.771502849377854,1.4210854715202004e-14,0.0,0.0,1.7149521149367533,330.9742735426745,0.0,1.7149521149367533,1.0,0.10718450718354708,1.7149521149367533,0.0,42.87380287341883,42.87380287341883,0.0,0.0,0.0,1.0,1.0,grid_cap_multiplier,1.15
5,5,5,0,2024-09-20T16:00:00,proposed,H06,5,5,0,0.4870070219039917,7.979273041306741,0.07936157579675353,0.0,0.0,199.4818260326685,199.4818260326685,0.0,110.0,110.0,126.31578947368422,0.0,0.95,215.7976155063527,804.9999999999999,0.26807157205758103,0.16,97.14905002014005,35.07761848101643,11.968909561960112,50.10252197716351,13.399225059935635,13.399225059935635,4.623754206881497,13.538897993555434,0.42782181509284395,1.6999066536976757,330.9742735426745,0.0,-2.961102006444566,199.4818260326685,199.4818260326685,0.0,110.0,110.0,126.31578947368422,0.0,215.7976155063527,804.9999999999999,0.26807157205758103,0.16,97.14905002014005,35.07761848101643,11.968909561960112,50.10252197716351,0.0,0.0,0.0,7.979273041306741,330.9742735426745,0.0,7.979273041306741,1.0,0.4987045650816713,7.979273041306741,0.0,199.4818260326685,199.4818260326685,0.0,0.0,0.0,1.0,1.0,grid_cap_multiplier,1.15
5,5,5,0,2024-09-20T16:00:00,proposed,H07,6,6,0,0.5628781914710999,4.917564065876045,0.07936157579675353,0.0,0.0,122.93910164690112,122.93910164690112,0.0,27.5,27.5,126.31578947368422,0.0,0.95,221.75489112058534,402.49999999999994,0.5509438288710196,0.16,69.19973919608941,35.618282579293655,7.376346098814067,26.205110517981687,10.135240807811302,10.135240807811302,1.2198846108910273,13.538897993555434,0.42782181509284395,1.6999066536976757,330.9742735426745,0.0,-2.961102006444566,122.93910164690112,122.93910164690112,0.0,27.5,27.5,126.31578947368422,0.0,221.75489112058534,402.49999999999994,0.5509438288710196,0.16,69.19973919608941,35.618282579293655,7.376346098814067,26.205110517981687,0.0,0.0,0.0,4.917564065876045,330.9742735426745,0.0,4.917564065876045,1.0,0.4097970054896704,4.917564065876045,0.0,122.93910164690112,122.93910164690112,0.0,0.0,0.0,1.0,1.0,grid_cap_multiplier,1.15
5,5,5,0,2024-09-20T16:00:00,proposed,H08,7,7,0,0.43268021941185,29.738042379930558,0.07936157579675353,51.51765892473959,36.51765892473959,743.4510594982639,400.0,0.0,99.0,99.0,131.57894736842107,0.0,0.95,432.57894736842104,575.0,0.7523112128146453,0.16,173.07208776474,69.70763157894737,24.0,79.36445618579262,9.975991346968422,9.975991346968422,1.3266325017686182,13.538897993555434,0.42782181509284395,1.6999066536976757,330.9742735426745,1.4210854715202004e-14,-2.961102006444566,743.4510594982639,400.0,0.0,99.0,99.0,131.57894736842107,0.0,432.57894736842104,575.0,0.7523112128146453,0.16,173.07208776474,69.70763157894737,24.0,79.36445618579262,1.4210854715202004e-14,0.6086276487456599,0.0,29.738042379930558,330.9742735426745,0.0,29.738042379930558,0.5380313806667378,1.8586276487456599,16.0,0.0,743.4510594982639,400.0,343.45105949826393,0.0,0.0,1.0,0.5380313806667378,grid_cap_multiplier,1.15
5,5,5,0,2024-09-20T17:00:00,proposed,H01,0,0,1,0.46832704544067383,0.002732921892005991,0.16702871253259371,0.0,0.0,0.06832304730014976,196.64880691967974,0.0,28.0,28.0,0.0,0.0,0.95,168.64880691967974,287.5,0.5866045458075817,0.22,92.09595473412715,37.24273752232954,11.798928415180786,43.05428879661682,9.653722373642697,9.653722373642697,1.480638768024618,13.538897993555434,0.7002896669727238,2.7371800919203464,515.8777061488563,0.0,-2.961102006444566,0.06832304730014976,196.64880691967974,0.0,28.0,28.0,0.0,0.0,168.64880691967974,287.5,0.5866045458075817,0.22,92.09595473412715,37.24273752232954,11.798928415180786,43.05428879661682,0.0,0.0,0.0,0.002732921892005991,515.8777061488563,7.863219354895184,7.8659522767871906,1.0,0.9832440345983988,7.8659522767871906,196.5804838723796,196.64880691967974,196.64880691967974,0.0,0.0,0.0,1.0,1.0,grid_cap_multiplier,1.15
5,5,5,0,2024-09-20T17:00:00,proposed,H02,1,1,1,0.5233627557754517,21.343254150840476,0.16702871253259371,100.07440613130358,85.07440613130358,533.5813537710118,199.99999999999997,0.0,21.0,21.0,0.0,0.0,0.95,178.99999999999997,287.5,0.6226086956521738,0.22,104.67255115509032,39.48499999999999,12.0,53.18755115509032,9.816918593951648,9.816918593951648,1.4648305088729598,13.538897993555434,0.7002896669727238,2.7371800919203464,515.8777061488563,0.0,-2.961102006444566,533.5813537710118,199.99999999999997,0.0,21.0,21.0,0.0,0.0,178.99999999999997,287.5,0.6226086956521738,0.22,104.67255115509032,39.48499999999999,12.0,53.18755115509032,0.0,1.4179067688550595,0.0,21.343254150840476,515.8777061488563,0.0,21.343254150840476,0.3748256916898011,2.6679067688550595,8.0,0.0,533.5813537710118,199.99999999999997,333.5813537710118,0.0,0.0,1.0,0.3748256916898011,grid_cap_multiplier,1.15
5,5,5,0,2024-09-20T17:00:00,proposed,H03,2,2,1,0.5437859296798706,14.676303493582454,0.16702871253259371,13.381517467912264,0.0,366.90758733956136,300.0,0.0,21.0,21.0,0.0,0.0,0.95,279.0,402.49999999999994,0.6931677018633541,0.22,163.13577890396118,61.485,18.0,83.65077890396118,10.597716142558607,10.597716142558607,2.0933353798328356,13.538897993555434,0.7002896669727238,2.7371800919203464,515.8777061488563,0.0,-2.961102006444566,366.90758733956136,300.0,0.0,21.0,21.0,0.0,0.0,279.0,402.49999999999994,0.6931677018633541,0.22,163.13577890396118,61.485,18.0,83.65077890396118,0.0,0.0,0.0,14.676303493582454,515.8777061488563,0.0,14.676303493582454,0.8176445795937153,1.223025291131871,12.0,0.0,366.90758733956136,300.0,66.90758733956136,-5.551115123125783e-17,0.0,1.0,0.8176445795937153,grid_cap_multiplier,1.15
5,5,5,0,2024-09-20T17:00:00,proposed,H04,3,3,1,0.5064657926559448,14.119345638307106,0.16702871253259371,45.89509228730329,30.895092287303292,352.9836409576776,199.99999999999997,0.0,28.0,28.0,0.0,0.0,0.95,171.99999999999997,287.5,0.5982608695652173,0.22,101.29315853118895,37.98,12.0,51.313158531188954,13.77743932826831,13.77743932826831,5.0464292268363575,13.538897993555434,0.7002896669727238,2.7371800919203464,515.8777061488563,0.0,-2.961102006444566,352.9836409576776,199.99999999999997,0.0,28.0,28.0,0.0,0.0,171.99999999999997,287.5,0.5982608695652173,0.22,101.29315853118895,37.98,12.0,51.313158531188954,0.0,0.5149182047883882,0.0,14.119345638307106,515.8777061488563,0.0,14.119345638307106,0.5665984957755585,1.7649182047883882,8.0,0.0,352.9836409576776,199.99999999999997,152.98364095767764,0.0,0.0,1.0,0.5665984957755585,grid_cap_multiplier,1.15
5,5,5,0,2024-09-20T17:00:00,proposed,H05,4,4,1,0.5741659998893738,3.488192675054585,0.16702871253259371,0.0,0.0,87.20481687636463,87.20481687636463,0.0,52.5,52.5,0.0,0.0,0.95,34.70481687636463,575.0,0.060356203263242834,0.22,50.07004087698763,7.897559712800219,5.2322890125818775,36.94019215160554,16.433638196244296,16.433638196244296,7.615025842824834,13.538897993555434,0.7002896669727238,2.7371800919203464,515.8777061488563,0.0,-2.961102006444566,87.20481687636463,87.20481687636463,0.0,52.5,52.5,0.0,0.0,34.70481687636463,575.0,0.060356203263242834,0.22,50.07004087698763,7.897559712800219,5.2322890125818775,36.94019215160554,0.0,0.0,0.0,3.488192675054585,515.8777061488563,0.0,3.488192675054585,1.0,0.21801204219091155,3.488192675054585,0.0,87.20481687636463,87.20481687636463,0.0,0.0,0.0,1.0,1.0,grid_cap_multiplier,1.15
5,5,5,0,2024-09-20T17:00:00,proposed,H06,5,5,1,0.4880816340446472,21.362760015947725,0.16702871253259371,20.110350059803967,5.1103500598039675,534.0690003986931,400.0,0.0,70.0,70.0,0.0,0.0,0.95,330.0,804.9999999999999,0.4099378881987578,0.22,195.2326536178589,72.94999999999999,24.0,98.2826536178589,12.835183788656177,12.835183788656177,4.5212893850884495,13.538897993555434,0.7002896669727238,2.7371800919203464,515.8777061488563,0.0,-2.961102006444566,534.0690003986931,400.0,0.0,70.0,70.0,0.0,0.0,330.0,804.9999999999999,0.4099378881987578,0.22,195.2326536178589,72.94999999999999,24.0,98.2826536178589,0.0,0.08517250099673279,0.0,21.362760015947725,515.8777061488563,0.0,21.362760015947725,0.7489668932317586,1.3351725009967328,16.0,0.0,534.0690003986931,400.0,134.0690003986931,0.0,0.0,1.0,0.7489668932317586,grid_cap_multiplier,1.15
5,5,5,0,2024-09-20T17:00:00,proposed,H07,6,6,1,0.5648081302642822,11.45213578443856,0.16702871253259371,0.0,0.0,286.303394610964,286.303394610964,0.0,17.5,17.5,0.0,0.0,0.95,268.803394610964,402.49999999999994,0.6678345207725814,0.22,161.70648499853556,59.22424681441208,17.17820367665784,85.30403450746563,10.387254947841791,10.387254947841791,1.8680734345974794,13.538897993555434,0.7002896669727238,2.7371800919203464,515.8777061488563,0.0,-2.961102006444566,286.303394610964,286.303394610964,0.0,17.5,17.5,0.0,0.0,268.803394610964,402.49999999999994,0.6678345207725814,0.22,161.70648499853556,59.22424681441208,17.17820367665784,85.30403450746563,0.0,0.0,0.0,11.45213578443856,515.8777061488563,0.0,11.45213578443856,1.0,0.9543446487032133,11.45213578443856,0.0,286.303394610964,286.303394610964,0.0,0.0,0.0,1.0,1.0,grid_cap_multiplier,1.15
5,5,5,0,2024-09-20T17:00:00,proposed,H08,7,7,1,0.4271387457847595,0.01769495905388034,0.16702871253259371,0.0,0.0,0.4423739763470085,343.89343347461096,0.0,63.0,63.0,0.0,0.0,0.95,280.89343347461096,575.0,0.48851031908627995,0.22,146.89020985795997,62.11155536441441,20.633606008476658,64.1450484850689,9.477041614173379,9.477041614173379,1.2326186093207565,13.538897993555434,0.7002896669727238,2.7371800919203464,515.8777061488563,0.0,-2.961102006444566,0.4423739763470085,343.89343347461096,0.0,63.0,63.0,0.0,0.0,280.89343347461096,575.0,0.48851031908627995,0.22,146.89020985795997,62.11155536441441,20.633606008476658,64.1450484850689,0.0,0.0,0.0,0.01769495905388034,515.8777061488563,13.738042379930558,13.755737338984439,1.0,0.8597335836865274,13.755737338984439,343.45105949826393,343.89343347461096,343.89343347461096,0.0,0.0,0.0,1.0,1.0,grid_cap_multiplier,1.15
5,5,5,0,2024-09-20T18:00:00,proposed,H01,0,0,2,0.4311312437057495,34.45171867286038,0.11342349658734259,198.38789004645287,183.38789004645287,861.2929668215094,199.99999999999997,0.0,12.8,12.8,0.0,0.0,0.95,187.19999999999996,287.5,0.6511304347826086,0.3,86.22624874114989,56.22399999999999,12.0,18.0022487411499,10.182179477996115,10.182179477996115,1.7058427510968555,13.538897993555434,0.5446699937515221,-2.1727178468868678,232.58578849915438,0.0,-2.961102006444566,861.2929668215094,199.99999999999997,0.0,12.8,12.8,0.0,0.0,187.19999999999996,287.5,0.6511304347826086,0.3,86.22624874114989,56.22399999999999,12.0,18.0022487411499,0.0,3.056464834107548,0.0,34.45171867286038,232.58578849915438,0.0,34.45171867286038,0.2322090249245552,4.3064648341075475,8.0,0.0,861.2929668215094,199.99999999999997,661.2929668215094,0.0,0.0,1.0,0.2322090249245552,grid_cap_multiplier,1.15
5,5,5,0,2024-09-20T18:00:00,proposed,H02,1,1,2,0.5543466806411743,4.419076127960869e-07,0.11342349658734259,40.07440944561067,25.074409445610666,1.1047690319902173e-05,199.9999999999999,0.0,9.6,9.6,0.0,0.0,0.95,190.3999999999999,287.5,0.662260869565217,0.3,110.8693361282348,57.16799999999997,11.999999999999998,41.701336128234836,10.074843666460541,10.074843666460541,1.4495127038066324,13.538897993555434,0.5446699937515221,-2.1727178468868678,232.58578849915438,0.0,-2.961102006444566,1.1047690319902173e-05,199.9999999999999,0.0,9.6,9.6,0.0,0.0,190.3999999999999,287.5,0.662260869565217,0.3,110.8693361282348,57.16799999999997,11.999999999999998,41.701336128234836,0.0,0.4179068240935111,0.0,4.419076127960869e-07,232.58578849915438,13.343254150840476,13.343254592748089,0.5995538752852629,1.667906824093511,7.999999999999999,333.5813537710118,333.58136481870207,199.9999999999999,133.58136481870218,0.0,0.0,1.0,0.5995538752852629,grid_cap_multiplier,1.15
5,5,5,0,2024-09-20T18:00:00,proposed,H03,2,2,2,0.5566818118095398,0.687416498096897,0.11342349658734259,0.0,0.0,17.185412452422423,84.09299979198379,0.0,9.6,9.6,0.0,0.0,0.95,74.49299979198379,402.49999999999994,0.1850757758807051,0.3,46.813043484700785,22.395899937595136,5.045579987519025,19.371563559586626,10.434523145628418,10.434523145628418,1.683576226946505,13.538897993555434,0.5446699937515221,-2.1727178468868678,232.58578849915438,0.0,-2.961102006444566,17.185412452422423,84.09299979198379,0.0,9.6,9.6,0.0,0.0,74.49299979198379,402.49999999999994,0.1850757758807051,0.3,46.813043484700785,22.395899937595136,5.045579987519025,19.371563559586626,0.0,0.0,0.0,0.687416498096897,232.58578849915438,2.676303493582453,3.36371999167935,1.0,0.2803099993066125,3.36371999167935,66.90758733956136,84.09299979198379,84.09299979198379,0.0,0.0,0.0,1.0,1.0,grid_cap_multiplier,1.15
5,5,5,0,2024-09-20T18:00:00,proposed,H04,3,3,2,0.5010480880737305,0.004175281496006243,0.11342349658734259,0.0,0.0,0.10438203740015609,153.08802299507778,0.0,12.8,12.8,0.0,0.0,0.95,140.28802299507777,287.5,0.4879583408524444,0.3,76.70446122867101,42.15040689852333,9.185281379704668,25.36877295044301,13.332098191860785,13.332098191860785,4.375277274358886,13.538897993555434,0.5446699937515221,-2.1727178468868678,232.58578849915438,0.0,-2.961102006444566,0.10438203740015609,153.08802299507778,0.0,12.8,12.8,0.0,0.0,140.28802299507777,287.5,0.4879583408524444,0.3,76.70446122867101,42.15040689852333,9.185281379704668,25.36877295044301,0.0,0.0,0.0,0.004175281496006243,232.58578849915438,6.119345638307106,6.123520919803112,1.0,0.765440114975389,6.123520919803112,152.98364095767764,153.08802299507778,153.08802299507778,0.0,0.0,0.0,1.0,1.0,grid_cap_multiplier,1.15
5,5,5,0,2024-09-20T18:00:00,proposed,H05,4,4,2,0.5843225717544556,1.5880699155749631,0.11342349658734259,0.0,0.0,39.701747889374076,39.701747889374076,0.0,24.0,24.0,0.0,0.0,0.95,15.701747889374076,575.0,0.027307387633694044,0.3,23.19862742986609,4.830524366812223,2.3821048733624446,15.985998189691422,16.12229428095823,16.12229428095823,7.047662057116801,13.538897993555434,0.5446699937515221,-2.1727178468868678,232.58578849915438,0.0,-2.961102006444566,39.701747889374076,39.701747889374076,0.0,24.0,24.0,0.0,0.0,15.701747889374076,575.0,0.027307387633694044,0.3,23.19862742986609,4.830524366812223,2.3821048733624446,15.985998189691422,0.0,0.0,0.0,1.5880699155749631,232.58578849915438,0.0,1.5880699155749631,1.0,0.0992543697234352,1.5880699155749631,0.0,39.701747889374076,39.701747889374076,0.0,0.0,0.0,1.0,1.0,grid_cap_multiplier,1.15
5,5,5,0,2024-09-20T18:00:00,proposed,H06,5,5,2,0.5053884983062744,0.28933113611126127,0.11342349658734259,0.0,0.0,7.233278402781531,141.30227880147464,0.0,32.0,32.0,0.0,0.0,0.95,109.30227880147464,804.9999999999999,0.13577922832481323,0.3,71.41254649073178,32.950683640442385,8.47813672808848,29.98372612220092,13.155868931483457,13.155868931483457,4.519515291818356,13.538897993555434,0.5446699937515221,-2.1727178468868678,232.58578849915438,0.0,-2.961102006444566,7.233278402781531,141.30227880147464,0.0,32.0,32.0,0.0,0.0,109.30227880147464,804.9999999999999,0.13577922832481323,0.3,71.41254649073178,32.950683640442385,8.47813672808848,29.98372612220092,0.0,0.0,0.0,0.28933113611126127,232.58578849915438,5.362760015947725,5.652091152058986,1.0,0.35325569700368664,5.652091152058986,134.0690003986931,141.30227880147464,141.30227880147464,0.0,0.0,0.0,1.0,1.0,grid_cap_multiplier,1.15
5,5,5,0,2024-09-20T18:00:00,proposed,H07,6,6,2,0.5643137097358704,5.799589550504559,0.11342349658734259,0.0,0.0,144.98973876261397,144.98973876261397,0.0,8.0,8.0,0.0,0.0,0.95,136.98973876261397,402.49999999999994,0.34034717704997264,0.3,81.81969735476541,41.13692162878419,8.699384325756839,31.983391400224384,10.292706134450786,10.292706134450786,1.5071688057121153,13.538897993555434,0.5446699937515221,-2.1727178468868678,232.58578849915438,0.0,-2.961102006444566,144.98973876261397,144.98973876261397,0.0,8.0,8.0,0.0,0.0,136.98973876261397,402.49999999999994,0.34034717704997264,0.3,81.81969735476541,41.13692162878419,8.699384325756839,31.983391400224384,0.0,0.0,0.0,5.799589550504559,232.58578849915438,0.0,5.799589550504559,1.0,0.48329912920871326,5.799589550504559,0.0,144.98973876261397,144.98973876261397,0.0,0.0,0.0,1.0,1.0,grid_cap_multiplier,1.15
5,5,5,0,2024-09-20T18:00:00,proposed,H08,7,7,2,0.4642318785190582,24.391063227161883,0.11342349658734259,31.466487101857062,16.466487101857062,609.7765806790471,400.00000000000006,0.0,28.8,28.8,0.0,0.0,0.95,371.20000000000005,575.0,0.6455652173913045,0.3,185.69275140762332,111.50400000000002,24.0,50.1887514076233,9.849430748684059,9.849430748684059,1.306343442093472,13.538897993555434,0.5446699937515221,-2.1727178468868678,232.58578849915438,0.0,-2.961102006444566,609.7765806790471,400.00000000000006,0.0,28.8,28.8,0.0,0.0,371.20000000000005,575.0,0.6455652173913045,0.3,185.69275140762332,111.50400000000002,24.0,50.1887514076233,0.0,0.2744414516976177,0.0,24.391063227161883,232.58578849915438,0.0,24.391063227161883,0.6559779641824881,1.5244414516976177,16.0,0.0,609.7765806790471,400.00000000000006,209.77658067904707,0.0,0.0,1.0,0.6559779641824881,grid_cap_multiplier,1.15
5,5,5,0,2024-09-20T19:00:00,proposed,H01,0,0,3,0.5126526355743408,1.0211824447053763e-13,0.22809152581870565,138.38789004645363,123.38789004645362,2.5529561117634407e-12,199.99999999999991,0.0,3.2,3.2,0.0,0.0,0.95,196.79999999999993,287.5,0.6845217391304346,0.34,102.53052711486812,66.92799999999998,11.999999999999998,23.60252711486814,9.602352941039424,9.602352941039424,1.372129564424399,13.538897993555434,0.8236828679420105,-0.6012246732319437,186.65331276971287,0.0,-2.961102006444566,2.5529561117634407e-12,199.99999999999991,0.0,3.2,3.2,0.0,0.0,196.79999999999993,287.5,0.6845217391304346,0.34,102.53052711486812,66.92799999999998,11.999999999999998,23.60252711486814,0.0,2.0564648341075604,0.0,1.0211824447053763e-13,186.65331276971287,26.45171867286038,26.451718672860483,0.30243781505993467,3.3064648341075604,7.999999999999999,661.2929668215094,661.2929668215119,199.99999999999991,461.292966821512,0.0,0.0,1.0,0.30243781505993467,grid_cap_multiplier,1.15
5,5,5,0,2024-09-20T19:00:00,proposed,H02,1,1,3,0.5287548303604126,0.018352503815438615,0.22809152581870565,0.0,0.0,0.45881259538596536,134.04017741408816,0.0,2.4,2.4,0.0,0.0,0.95,131.64017741408816,287.5,0.45787887796204574,0.34,70.8743912700658,44.769660320789974,8.04241064484529,18.062320304430536,9.592486751918074,9.592486751918074,1.2034598129072909,13.538897993555434,0.8236828679420105,-0.6012246732319437,186.65331276971287,0.0,-2.961102006444566,0.45881259538596536,134.04017741408816,0.0,2.4,2.4,0.0,0.0,131.64017741408816,287.5,0.45787887796204574,0.34,70.8743912700658,44.769660320789974,8.04241064484529,18.062320304430536,0.0,0.0,0.0,0.018352503815438615,186.65331276971287,5.343254592748089,5.361607096563527,1.0,0.6702008870704409,5.361607096563527,133.58136481870218,134.04017741408816,134.04017741408816,0.0,0.0,0.0,1.0,1.0,grid_cap_multiplier,1.15
5,5,5,0,2024-09-20T19:00:00,proposed,H03,2,2,3,0.5566085577011108,8.225779806059796,0.22809152581870565,0.0,0.0,205.64449515149485,205.64449515149485,0.0,2.4,2.4,0.0,0.0,0.95,203.24449515149485,402.49999999999994,0.5049552674571302,0.34,114.46348584544663,69.11512835150825,12.338669709089693,33.00968778484869,10.543649757018002,10.543649757018002,2.0207737752136596,13.538897993555434,0.8236828679420105,-0.6012246732319437,186.65331276971287,0.0,-2.961102006444566,205.64449515149485,205.64449515149485,0.0,2.4,2.4,0.0,0.0,203.24449515149485,402.49999999999994,0.5049552674571302,0.34,114.46348584544663,69.11512835150825,12.338669709089693,33.00968778484869,0.0,0.0,0.0,8.225779806059796,186.65331276971287,0.0,8.225779806059796,1.0,0.685481650504983,8.225779806059796,0.0,205.64449515149485,205.64449515149485,0.0,0.0,0.0,1.0,1.0,grid_cap_multiplier,1.15
5,5,5,0,2024-09-20T19:00:00,proposed,H04,3,3,3,0.5043694376945496,9.395476564151192,0.22809152581870565,10.46607423113394,0.0,234.88691410377982,200.00000000000003,0.0,3.2,3.2,0.0,0.0,0.95,196.80000000000004,287.5,0.6845217391304349,0.34,100.87388753890993,66.92800000000003,12.0,21.9458875389099,13.92903271760033,13.92903271760033,5.179555061129585,13.538897993555434,0.8236828679420105,-0.6012246732319437,186.65331276971287,0.0,-2.961102006444566,234.88691410377982,200.00000000000003,0.0,3.2,3.2,0.0,0.0,196.80000000000004,287.5,0.6845217391304349,0.34,100.87388753890993,66.92800000000003,12.0,21.9458875389099,0.0,0.0,0.0,9.395476564151192,186.65331276971287,0.0,9.395476564151192,0.8514735729876984,1.174434570518899,8.0,0.0,234.88691410377982,200.00000000000003,34.88691410377979,0.0,0.0,1.0,0.8514735729876984,grid_cap_multiplier,1.15
5,5,5,0,2024-09-20T19:00:00,proposed,H05,4,4,3,0.5883445739746094,1.817018767100488,0.22809152581870565,0.0,0.0,45.4254691775122,45.4254691775122,0.0,6.0,6.0,0.0,0.0,0.95,39.4254691775122,575.0,0.06856603335219513,0.34,26.725828310840164,13.434659520354147,2.725528150650732,10.565640639835285,16.708970910976227,16.708970910976227,7.874478752729011,13.538897993555434,0.8236828679420105,-0.6012246732319437,186.65331276971287,0.0,-2.961102006444566,45.4254691775122,45.4254691775122,0.0,6.0,6.0,0.0,0.0,39.4254691775122,575.0,0.06856603335219513,0.34,26.725828310840164,13.434659520354147,2.725528150650732,10.565640639835285,0.0,0.0,0.0,1.817018767100488,186.65331276971287,0.0,1.817018767100488,1.0,0.1135636729437805,1.817018767100488,0.0,45.4254691775122,45.4254691775122,0.0,0.0,0.0,1.0,1.0,grid_cap_multiplier,1.15
5,5,5,0,2024-09-20T19:00:00,proposed,H06,5,5,3,0.5012125372886658,11.503004955644235,0.22809152581870565,0.0,0.0,287.5751238911059,287.5751238911059,0.0,8.0,8.0,0.0,0.0,0.95,279.5751238911059,804.9999999999999,0.34729829054795763,0.34,144.1362575065636,95.09554212297601,17.25450743346635,31.78620795012123,12.985013352873715,12.985013352873715,4.603842844918882,13.538897993555434,0.8236828679420105,-0.6012246732319437,186.65331276971287,0.0,-2.961102006444566,287.5751238911059,287.5751238911059,0.0,8.0,8.0,0.0,0.0,279.5751238911059,804.9999999999999,0.34729829054795763,0.34,144.1362575065636,95.09554212297601,17.25450743346635,31.78620795012123,0.0,0.0,0.0,11.503004955644235,186.65331276971287,0.0,11.503004955644235,1.0,0.7189378097277647,11.503004955644235,0.0,287.5751238911059,287.5751238911059,0.0,0.0,0.0,1.0,1.0,grid_cap_multiplier,1.15
5,5,5,0,2024-09-20T19:00:00,proposed,H07,6,6,3,0.5636906623840332,7.6433879187358995,0.22809152581870565,0.0,0.0,191.08469796839745,191.08469796839745,0.0,2.0,2.0,0.0,0.0,0.95,189.08469796839745,402.49999999999994,0.46977564712645337,0.34,107.71265996925888,64.29879730925514,11.465081878103849,31.948780781899895,10.425559065660348,10.425559065660348,1.8932106885229931,13.538897993555434,0.8236828679420105,-0.6012246732319437,186.65331276971287,0.0,-2.961102006444566,191.08469796839745,191.08469796839745,0.0,2.0,2.0,0.0,0.0,189.08469796839745,402.49999999999994,0.46977564712645337,0.34,107.71265996925888,64.29879730925514,11.465081878103849,31.948780781899895,0.0,0.0,0.0,7.6433879187358995,186.65331276971287,0.0,7.6433879187358995,1.0,0.6369489932279916,7.6433879187358995,0.0,191.08469796839745,191.08469796839745,0.0,0.0,0.0,1.0,1.0,grid_cap_multiplier,1.15
5,5,5,0,2024-09-20T19:00:00,proposed,H08,7,7,3,0.46204110980033875,0.19695893921560725,0.22809152581870565,0.0,0.0,4.923973480390182,214.70055415943725,0.0,7.2,7.2,0.0,0.0,0.95,207.50055415943726,575.0,0.36087052897293437,0.34,99.20048231857412,70.58618841420868,12.882033249566234,15.732260654799205,9.516044206902553,9.516044206902553,1.228551371959673,13.538897993555434,0.8236828679420105,-0.6012246732319437,186.65331276971287,0.0,-2.961102006444566,4.923973480390182,214.70055415943725,0.0,7.2,7.2,0.0,0.0,207.50055415943726,575.0,0.36087052897293437,0.34,99.20048231857412,70.58618841420868,12.882033249566234,15.732260654799205,0.0,0.0,0.0,0.19695893921560725,186.65331276971287,8.391063227161883,8.58802216637749,1.0,0.5367513853985931,8.58802216637749,209.77658067904707,214.70055415943725,214.70055415943725,0.0,0.0,0.0,1.0,1.0,grid_cap_multiplier,1.15
5,5,5,0,2024-09-20T20:00:00,proposed,H01,0,0,4,0.4944829046726227,9.81481215554352e-10,0.12909463896317747,78.38789005381474,63.387890053814736,2.45370303888588e-08,199.99999999999997,0.0,0.0,0.0,0.0,0.0,0.95,199.99999999999997,287.5,0.6956521739130433,0.27,98.89658093452452,53.99999999999999,12.0,32.89658093452453,9.894178815638385,9.894178815638385,1.5265707222100893,13.538897993555434,0.5969631755540353,0.48703095530031776,175.47887563766125,0.0,-2.961102006444566,2.45370303888588e-08,199.99999999999997,0.0,0.0,0.0,0.0,0.0,199.99999999999997,287.5,0.6956521739130433,0.27,98.89658093452452,53.99999999999999,12.0,32.89658093452453,0.0,1.0564648342302456,0.0,9.81481215554352e-10,175.47887563766125,18.451718672860483,18.451718673841963,0.4335639482375797,2.3064648342302454,8.0,461.292966821512,461.292966846049,199.99999999999997,261.292966846049,2.220446049250313e-16,0.0,1.0,0.4335639482375797,grid_cap_multiplier,1.15
5,5,5,0,2024-09-20T20:00:00,proposed,H02,1,1,4,0.5111257433891296,6.600384656420767,0.12909463896317747,0.0,0.0,165.0096164105192,165.0096164105192,0.0,0.0,0.0,0.0,0.0,0.95,165.0096164105192,287.5,0.5739464918626754,0.27,84.34066285418174,44.55259643084018,9.90057698463115,29.88748943871041,9.846418564363995,9.846418564363995,1.3215346660038552,13.538897993555434,0.5969631755540353,0.48703095530031776,175.47887563766125,0.0,-2.961102006444566,165.0096164105192,165.0096164105192,0.0,0.0,0.0,0.0,0.0,165.0096164105192,287.5,0.5739464918626754,0.27,84.34066285418174,44.55259643084018,9.90057698463115,29.88748943871041,0.0,0.0,0.0,6.600384656420767,175.47887563766125,0.0,6.600384656420767,1.0,0.8250480820525958,6.600384656420767,0.0,165.0096164105192,165.0096164105192,0.0,0.0,0.0,1.0,1.0,grid_cap_multiplier,1.15
5,5,5,0,2024-09-20T20:00:00,proposed,H03,2,2,4,0.551443338394165,3.5050026799558975,0.12909463896317747,0.0,0.0,87.62506699889742,87.62506699889742,0.0,0.0,0.0,0.0,0.0,0.95,87.62506699889742,402.49999999999994,0.21770202981092532,0.27,48.32025947288437,23.658768089702306,5.2575040199338465,19.40398736324822,10.56282565527833,10.56282565527833,1.874153144688802,13.538897993555434,0.5969631755540353,0.48703095530031776,175.47887563766125,0.0,-2.961102006444566,87.62506699889742,87.62506699889742,0.0,0.0,0.0,0.0,0.0,87.62506699889742,402.49999999999994,0.21770202981092532,0.27,48.32025947288437,23.658768089702306,5.2575040199338465,19.40398736324822,0.0,0.0,0.0,3.5050026799558975,175.47887563766125,0.0,3.5050026799558975,1.0,0.29208355666299146,3.5050026799558975,0.0,87.62506699889742,87.62506699889742,0.0,0.0,0.0,1.0,1.0,grid_cap_multiplier,1.15
5,5,5,0,2024-09-20T20:00:00,proposed,H04,3,3,4,0.5090129375457764,0.655521124818999,0.12909463896317747,0.0,0.0,16.388028120474978,51.274942224254765,0.0,0.0,0.0,0.0,0.0,0.95,51.274942224254765,287.5,0.17834762512784266,0.27,26.099608964057882,13.844234400548787,3.0764965334552863,9.17887803005381,13.62973596203217,13.62973596203217,4.673321843357656,13.538897993555434,0.5969631755540353,0.48703095530031776,175.47887563766125,0.0,-2.961102006444566,16.388028120474978,51.274942224254765,0.0,0.0,0.0,0.0,0.0,51.274942224254765,287.5,0.17834762512784266,0.27,26.099608964057882,13.844234400548787,3.0764965334552863,9.17887803005381,0.0,0.0,0.0,0.655521124818999,175.47887563766125,1.395476564151192,2.050997688970191,1.0,0.25637471112127386,2.050997688970191,34.88691410377979,51.274942224254765,51.274942224254765,0.0,0.0,0.0,1.0,1.0,grid_cap_multiplier,1.15
5,5,5,0,2024-09-20T20:00:00,proposed,H05,4,4,4,0.5816539525985718,0.8608779125272024,0.12909463896317747,0.0,0.0,21.521947813180056,21.521947813180056,0.0,0.0,0.0,0.0,0.0,0.95,21.521947813180056,575.0,0.03742947445770445,0.27,12.518326013156369,5.810925909558615,1.2913168687908034,5.416083234806949,16.182074511545082,16.182074511545082,7.102802543888626,13.538897993555434,0.5969631755540353,0.48703095530031776,175.47887563766125,0.0,-2.961102006444566,21.521947813180056,21.521947813180056,0.0,0.0,0.0,0.0,0.0,21.521947813180056,575.0,0.03742947445770445,0.27,12.518326013156369,5.810925909558615,1.2913168687908034,5.416083234806949,0.0,0.0,0.0,0.8608779125272024,175.47887563766125,0.0,0.8608779125272024,1.0,0.05380486953295015,0.8608779125272024,0.0,21.521947813180056,21.521947813180056,0.0,0.0,0.0,1.0,1.0,grid_cap_multiplier,1.15
5,5,5,0,2024-09-20T20:00:00,proposed,H06,5,5,4,0.4944169521331787,4.901626207458365,0.12909463896317747,0.0,0.0,122.54065518645913,122.54065518645913,0.0,0.0,0.0,0.0,0.0,0.95,122.54065518645913,804.9999999999999,0.1522244163806946,0.27,60.58617724969192,33.085976900343965,7.352439311187548,20.147761038160407,13.157548730255456,13.157548730255456,4.5899889671479075,13.538897993555434,0.5969631755540353,0.48703095530031776,175.47887563766125,0.0,-2.961102006444566,122.54065518645913,122.54065518645913,0.0,0.0,0.0,0.0,0.0,122.54065518645913,804.9999999999999,0.1522244163806946,0.27,60.58617724969192,33.085976900343965,7.352439311187548,20.147761038160407,0.0,0.0,0.0,4.901626207458365,175.47887563766125,0.0,4.901626207458365,1.0,0.30635163796614784,4.901626207458365,0.0,122.54065518645913,122.54065518645913,0.0,0.0,0.0,1.0,1.0,grid_cap_multiplier,1.15
5,5,5,0,2024-09-20T20:00:00,proposed,H07,6,6,4,0.5679444074630737,2.9130028210129817,0.12909463896317747,0.0,0.0,72.82507052532453,72.82507052532453,0.0,0.0,0.0,0.0,0.0,0.95,72.82507052532453,402.49999999999994,0.18093185223683117,0.27,41.360591527962,19.662769041837624,4.369504231519473,17.328318254604902,10.343781717551652,10.343781717551652,1.6173412755381729,13.538897993555434,0.5969631755540353,0.48703095530031776,175.47887563766125,0.0,-2.961102006444566,72.82507052532453,72.82507052532453,0.0,0.0,0.0,0.0,0.0,72.82507052532453,402.49999999999994,0.18093185223683117,0.27,41.360591527962,19.662769041837624,4.369504231519473,17.328318254604902,0.0,0.0,0.0,2.9130028210129817,175.47887563766125,0.0,2.9130028210129817,1.0,0.24275023508441515,2.9130028210129817,0.0,72.82507052532453,72.82507052532453,0.0,0.0,0.0,1.0,1.0,grid_cap_multiplier,1.15
5,5,5,0,2024-09-20T20:00:00,proposed,H08,7,7,4,0.4748777151107788,11.38057079711228,0.12909463896317747,0.0,0.0,284.51426992780705,284.51426992780705,0.0,0.0,0.0,0.0,0.0,0.95,284.51426992780705,575.0,0.4948074259614036,0.27,135.10948641972837,76.8188528805079,17.07085619566842,41.219777343552046,9.725258875862567,9.725258875862567,1.2826810844885417,13.538897993555434,0.5969631755540353,0.48703095530031776,175.47887563766125,0.0,-2.961102006444566,284.51426992780705,284.51426992780705,0.0,0.0,0.0,0.0,0.0,284.51426992780705,575.0,0.4948074259614036,0.27,135.10948641972837,76.8188528805079,17.07085619566842,41.219777343552046,0.0,0.0,0.0,11.38057079711228,175.47887563766125,0.0,11.38057079711228,1.0,0.7112856748195175,11.38057079711228,0.0,284.51426992780705,284.51426992780705,0.0,0.0,0.0,1.0,1.0,grid_cap_multiplier,1.15
5,5,5,0,2024-09-20T21:00:00,proposed,H01,0,0,5,0.470958411693573,2.0185166807853253e-05,0.11360252949902794,18.3880414425658,3.388041442565799,0.0005046291701963312,199.99999999999994,0.0,0.0,0.0,0.0,100.0,0.42368421052631583,99.99999999999994,287.5,0.34782608695652156,0.2,94.19168233871457,22.99999999999999,12.0,59.191682338714585,9.865923573855088,9.865923573855088,1.5369905933431667,13.538897993555434,0.5500254103140001,3.2286740591444376,329.6434887995753,1.4210854715202004e-14,-2.961102006444566,0.0005046291701963312,199.99999999999994,0.0,0.0,0.0,0.0,100.0,99.99999999999994,287.5,0.34782608695652156,0.2,94.19168233871457,22.99999999999999,12.0,59.191682338714585,1.4210854715202004e-14,0.05646735737609665,0.0,2.0185166807853253e-05,329.6434887995753,10.451718673841965,10.451738859008772,0.7654228744056765,1.3064673573760965,8.0,261.292966846049,261.29347147521923,199.99999999999994,61.29347147521929,1.1102230246251565e-16,0.0,1.0,0.7654228744056765,grid_cap_multiplier,1.15
5,5,5,0,2024-09-20T21:00:00,proposed,H02,1,1,5,0.5113265514373779,4.9397373962705755,0.11360252949902794,0.0,0.0,123.49343490676439,123.49343490676439,0.0,0.0,0.0,0.0,100.0,0.42368421052631583,23.493434906764392,287.5,0.08171629532787615,0.2,63.145472196032145,7.698686981352878,7.409606094405863,48.03717912027341,9.785074661945753,9.785074661945753,1.310674009801817,13.538897993555434,0.5500254103140001,3.2286740591444376,329.6434887995753,1.4210854715202004e-14,-2.961102006444566,123.49343490676439,123.49343490676439,0.0,0.0,0.0,0.0,100.0,23.493434906764392,287.5,0.08171629532787615,0.2,63.145472196032145,7.698686981352878,7.409606094405863,48.03717912027341,1.4210854715202004e-14,0.0,0.0,4.9397373962705755,329.6434887995753,0.0,4.9397373962705755,1.0,0.6174671745338219,4.9397373962705755,0.0,123.49343490676439,123.49343490676439,0.0,0.0,0.0,1.0,1.0,grid_cap_multiplier,1.15
5,5,5,0,2024-09-20T21:00:00,proposed,H03,2,2,5,0.5431548357009888,2.985048891259891,0.11360252949902794,0.0,0.0,74.62622228149729,74.62622228149729,0.0,0.0,0.0,0.0,74.62622228149729,0.6881536060298341,0.0,402.49999999999994,0.0,0.2,40.53359350229213,2.2387866684449187,4.4775733368898365,33.81723349695737,10.445706165620877,10.445706165620877,1.8054270017552465,13.538897993555434,0.5500254103140001,3.2286740591444376,329.6434887995753,1.4210854715202004e-14,-2.961102006444566,74.62622228149729,74.62622228149729,0.0,0.0,0.0,0.0,74.62622228149729,0.0,402.49999999999994,0.0,0.2,40.53359350229213,2.2387866684449187,4.4775733368898365,33.81723349695737,1.4210854715202004e-14,0.0,0.0,2.985048891259891,329.6434887995753,0.0,2.985048891259891,1.0,0.2487540742716576,2.985048891259891,0.0,74.62622228149729,74.62622228149729,0.0,0.0,0.0,1.0,1.0,grid_cap_multiplier,1.15
5,5,5,0,2024-09-20T21:00:00,proposed,H04,3,3,5,0.513003945350647,2.6094025403969114,0.11360252949902794,0.0,0.0,65.2350635099228,65.2350635099228,0.0,0.0,0.0,0.0,65.2350635099228,0.6753260483792723,0.0,287.5,0.0,0.2,33.465844955790416,1.9570519052976838,3.914103810595367,27.594689239897367,13.595454955424296,13.595454955424296,4.681998099097386,13.538897993555434,0.5500254103140001,3.2286740591444376,329.6434887995753,1.4210854715202004e-14,-2.961102006444566,65.2350635099228,65.2350635099228,0.0,0.0,0.0,0.0,65.2350635099228,0.0,287.5,0.0,0.2,33.465844955790416,1.9570519052976838,3.914103810595367,27.594689239897367,1.4210854715202004e-14,0.0,0.0,2.6094025403969114,329.6434887995753,0.0,2.6094025403969114,1.0,0.32617531754961393,2.6094025403969114,0.0,65.2350635099228,65.2350635099228,0.0,0.0,0.0,1.0,1.0,grid_cap_multiplier,1.15
5,5,5,0,2024-09-20T21:00:00,proposed,H05,4,4,5,0.5753586292266846,0.690540281812182,0.11360252949902794,0.0,0.0,17.26350704530455,17.26350704530455,0.0,0.0,0.0,0.0,17.26350704530455,0.9136557746414641,0.0,575.0,0.0,0.2,9.932707749231637,0.5179052113591365,1.035810422718273,8.378992115154228,16.26538510214849,16.26538510214849,7.224652352726247,13.538897993555434,0.5500254103140001,3.2286740591444376,329.6434887995753,2.1316282072803006e-14,-2.961102006444566,17.26350704530455,17.26350704530455,0.0,0.0,0.0,0.0,17.26350704530455,0.0,575.0,0.0,0.2,9.932707749231637,0.5179052113591365,1.035810422718273,8.378992115154228,2.1316282072803006e-14,0.0,0.0,0.690540281812182,329.6434887995753,0.0,0.690540281812182,1.0,0.04315876761326137,0.690540281812182,0.0,17.26350704530455,17.26350704530455,0.0,0.0,0.0,1.0,1.0,grid_cap_multiplier,1.15
5,5,5,0,2024-09-20T21:00:00,proposed,H06,5,5,5,0.4895641803741455,3.827823114164388,0.11360252949902794,0.0,0.0,95.6955778541097,95.6955778541097,0.0,0.0,0.0,0.0,95.6955778541097,0.7821130213085794,0.0,804.9999999999999,0.0,0.2,46.84912713757745,2.870867335623291,5.741734671246582,38.23652513070758,13.274073659536214,13.274073659536214,4.727805117709821,13.538897993555434,0.5500254103140001,3.2286740591444376,329.6434887995753,1.4210854715202004e-14,-2.961102006444566,95.6955778541097,95.6955778541097,0.0,0.0,0.0,0.0,95.6955778541097,0.0,804.9999999999999,0.0,0.2,46.84912713757745,2.870867335623291,5.741734671246582,38.23652513070758,1.4210854715202004e-14,0.0,0.0,3.827823114164388,329.6434887995753,0.0,3.827823114164388,1.0,0.23923894463527426,3.827823114164388,0.0,95.6955778541097,95.6955778541097,0.0,0.0,0.0,1.0,1.0,grid_cap_multiplier,1.15
5,5,5,0,2024-09-20T21:00:00,proposed,H07,6,6,5,0.5710408687591553,2.1105968913435955,0.11360252949902794,0.0,0.0,52.76492228358989,52.76492228358989,0.0,0.0,0.0,0.0,52.76492228358989,0.7648599218119654,0.0,402.49999999999994,0.0,0.2,30.13092706083048,1.5829476685076966,3.1658953370153933,25.38208405530739,10.261672854874762,10.261672854874762,1.5839660321645272,13.538897993555434,0.5500254103140001,3.2286740591444376,329.6434887995753,2.1316282072803006e-14,-2.961102006444566,52.76492228358989,52.76492228358989,0.0,0.0,0.0,0.0,52.76492228358989,0.0,402.49999999999994,0.0,0.2,30.13092706083048,1.5829476685076966,3.1658953370153933,25.38208405530739,2.1316282072803006e-14,0.0,0.0,2.1105968913435955,329.6434887995753,0.0,2.1105968913435955,1.0,0.17588307427863295,2.1105968913435955,0.0,52.76492228358989,52.76492228358989,0.0,0.0,0.0,1.0,1.0,grid_cap_multiplier,1.15
5,5,5,0,2024-09-20T21:00:00,proposed,H08,7,7,5,0.4675900638103485,9.428754814614809,0.11360252949902794,0.0,0.0,235.7188703653702,235.7188703653702,0.0,0.0,0.0,0.0,235.7188703653702,0.4537497465992207,0.0,575.0,0.0,0.2,110.21980163544673,7.071566110961106,14.143132221922214,89.00510330256341,9.701064590562753,9.701064590562753,1.2939444100475619,13.538897993555434,0.5500254103140001,3.2286740591444376,329.6434887995753,2.842170943040401e-14,-2.961102006444566,235.7188703653702,235.7188703653702,0.0,0.0,0.0,0.0,235.7188703653702,0.0,575.0,0.0,0.2,110.21980163544673,7.071566110961106,14.143132221922214,89.00510330256341,2.842170943040401e-14,0.0,0.0,9.428754814614809,329.6434887995753,0.0,9.428754814614809,1.0,0.5892971759134256,9.428754814614809,0.0,235.7188703653702,235.7188703653702,0.0,0.0,0.0,1.0,1.0,grid_cap_multiplier,1.15
5,5,5,0,2024-09-20T16:00:00,proposed,H01,0,0,0,0.46856242418289185,12.619962708908103,0.10390513065467294,34.64972031681077,19.64972031681077,315.4990677227026,200.0,0.0,44.0,44.0,84.21052631578947,0.0,0.95,240.21052631578948,250.0,0.9608421052631579,0.16,93.71248483657837,38.653684210526315,12.0,43.058800626052054,10.775369811975658,10.775369811975658,2.136686878854235,13.538897993555434,0.3569485671461174,3.9176183359000833,431.0612742236299,0.0,-2.961102006444566,315.4990677227026,200.0,0.0,44.0,44.0,84.21052631578947,0.0,240.21052631578948,250.0,0.9608421052631579,0.16,93.71248483657837,38.653684210526315,12.0,43.058800626052054,0.0,0.3274953386135129,0.0,12.619962708908103,431.0612742236299,0.0,12.619962708908103,0.6339162947251031,1.5774953386135129,8.0,0.0,315.4990677227026,200.0,115.49906772270259,0.0,0.0,1.0,0.6339162947251031,inverse_cost_sensitivity,0.22
5,5,5,0,2024-09-20T16:00:00,proposed,H02,1,1,0,0.5294427871704102,9.129192439539656,0.10390513065467294,8.468943296547419,0.0,228.2298109884914,200.0,0.0,33.0,33.0,83.0,0.0,0.89425,250.0,250.0,1.0,0.16,105.88855743408203,40.165,12.0,53.72355743408204,10.655456847743391,10.655456847743391,1.964399708088238,13.538897993555434,0.3569485671461174,3.9176183359000833,431.0612742236299,0.0,-2.961102006444566,228.2298109884914,200.0,0.0,33.0,33.0,83.0,0.0,250.0,250.0,1.0,0.16,105.88855743408203,40.165,12.0,53.72355743408204,0.0,0.0,0.0,9.129192439539656,431.0612742236299,0.0,9.129192439539656,0.8763097122754271,1.141149054942457,8.0,0.0,228.2298109884914,200.0,28.22981098849141,0.0,0.0,1.0,0.8763097122754271,inverse_cost_sensitivity,0.22
5,5,5,0,2024-09-20T16:00:00,proposed,H03,2,2,0,0.5401561260223389,8.681792974991565,0.10390513065467294,0.0,0.0,217.04482437478907,217.04482437478907,0.0,33.0,33.0,110.52631578947368,0.0,0.95,294.5711401642628,350.0,0.8416318290407507,0.16,117.23809150748497,47.296382426282044,13.022689462487346,56.91901961871558,10.654633919360496,10.654633919360496,1.8929277932648665,13.538897993555434,0.3569485671461174,3.9176183359000833,431.0612742236299,0.0,-2.961102006444566,217.04482437478907,217.04482437478907,0.0,33.0,33.0,110.52631578947368,0.0,294.5711401642628,350.0,0.8416318290407507,0.16,117.23809150748497,47.296382426282044,13.022689462487346,56.91901961871558,0.0,0.0,0.0,8.681792974991565,431.0612742236299,0.0,8.681792974991565,1.0,0.7234827479159637,8.681792974991565,0.0,217.04482437478907,217.04482437478907,0.0,0.0,0.0,1.0,1.0,inverse_cost_sensitivity,0.22
5,5,5,0,2024-09-20T16:00:00,proposed,H04,3,3,0,0.497302770614624,8.996398428800576,0.10390513065467294,7.472988216004324,0.0,224.90996072001442,200.0,0.0,44.0,44.0,78.94736842105263,0.0,0.95,234.94736842105263,250.0,0.9397894736842105,0.16,99.4605541229248,37.81157894736842,12.0,49.64897517555639,13.622502629269997,13.622502629269997,4.747290068272717,13.538897993555434,0.3569485671461174,3.9176183359000833,431.0612742236299,0.0,-2.961102006444566,224.90996072001442,200.0,0.0,44.0,44.0,78.94736842105263,0.0,234.94736842105263,250.0,0.9397894736842105,0.16,99.4605541229248,37.81157894736842,12.0,49.64897517555639,0.0,0.0,0.0,8.996398428800576,431.0612742236299,0.0,8.996398428800576,0.8892447420280141,1.124549803600072,8.0,0.0,224.90996072001442,200.0,24.909960720014425,0.0,0.0,1.0,0.8892447420280141,inverse_cost_sensitivity,0.22
5,5,5,0,2024-09-20T16:00:00,proposed,H05,4,4,0,0.5716525912284851,4.992303874530779,0.10390513065467294,0.0,0.0,124.80759686326945,124.80759686326945,0.0,82.5,82.5,131.57894736842107,0.0,0.95,173.88654423169052,500.0,0.34777308846338106,0.16,71.34658615188813,28.234347077070485,7.488455811796168,35.62378326302148,16.255082565331,16.255082565331,7.3277267725315385,13.538897993555434,0.3569485671461174,3.9176183359000833,431.0612742236299,1.4210854715202004e-14,-2.961102006444566,124.80759686326945,124.80759686326945,0.0,82.5,82.5,131.57894736842107,0.0,173.88654423169052,500.0,0.34777308846338106,0.16,71.34658615188813,28.234347077070485,7.488455811796168,35.62378326302148,1.4210854715202004e-14,0.0,0.0,4.992303874530779,431.0612742236299,0.0,4.992303874530779,1.0,0.3120189921581737,4.992303874530779,0.0,124.80759686326945,124.80759686326945,0.0,0.0,0.0,1.0,1.0,inverse_cost_sensitivity,0.22
5,5,5,0,2024-09-20T16:00:00,proposed,H06,5,5,0,0.48814189434051514,9.534633422865266,0.10390513065467294,0.0,0.0,238.36583557163164,238.36583557163164,0.0,110.0,110.0,126.31578947368422,0.0,0.95,254.68162504531585,700.0,0.3638308929218798,0.16,116.35635052199602,41.29906000725053,14.301950134297899,60.75534038044759,13.534578606038643,13.534578606038643,4.801432425805408,13.538897993555434,0.3569485671461174,3.9176183359000833,431.0612742236299,0.0,-2.961102006444566,238.36583557163164,238.36583557163164,0.0,110.0,110.0,126.31578947368422,0.0,254.68162504531585,700.0,0.3638308929218798,0.16,116.35635052199602,41.29906000725053,14.301950134297899,60.75534038044759,0.0,0.0,0.0,9.534633422865266,431.0612742236299,0.0,9.534633422865266,1.0,0.5959145889290791,9.534633422865266,0.0,238.36583557163164,238.36583557163164,0.0,0.0,0.0,1.0,1.0,inverse_cost_sensitivity,0.22
5,5,5,0,2024-09-20T16:00:00,proposed,H07,6,6,0,0.5586836338043213,8.073631750077228,0.10390513065467294,0.0,0.0,201.84079375193068,201.84079375193068,0.0,27.5,27.5,126.31578947368422,0.0,0.95,300.6565832256149,350.0,0.8590188092160426,0.16,112.76514810327718,48.24255331609839,12.110447625115842,52.412147162062965,10.232415748028552,10.232415748028552,1.445144982834805,13.538897993555434,0.3569485671461174,3.9176183359000833,431.0612742236299,0.0,-2.961102006444566,201.84079375193068,201.84079375193068,0.0,27.5,27.5,126.31578947368422,0.0,300.6565832256149,350.0,0.8590188092160426,0.16,112.76514810327718,48.24255331609839,12.110447625115842,52.412147162062965,0.0,0.0,0.0,8.073631750077228,431.0612742236299,0.0,8.073631750077228,1.0,0.672802645839769,8.073631750077228,0.0,201.84079375193068,201.84079375193068,0.0,0.0,0.0,1.0,1.0,inverse_cost_sensitivity,0.22
5,5,5,0,2024-09-20T16:00:00,proposed,H08,7,7,0,0.4315682053565979,16.443112108857132,0.10390513065467294,1.6616704082142464,0.0,411.07780272142827,399.99999999999994,0.0,99.0,0.0,131.57894736842104,0.0,0.95,432.578947368421,500.0,0.865157894736842,0.16,172.62728214263913,69.70763157894736,24.0,78.91965056369177,10.006848483779937,10.006848483779937,1.3296837590987525,13.538897993555434,0.3569485671461174,3.9176183359000833,431.0612742236299,1.4210854715202004e-14,-2.961102006444566,411.07780272142827,399.99999999999994,0.0,99.0,0.0,131.57894736842104,0.0,432.578947368421,500.0,0.865157894736842,0.16,172.62728214263913,69.70763157894736,24.0,78.91965056369177,1.4210854715202004e-14,0.0,0.0,16.443112108857132,431.0612742236299,0.0,16.443112108857132,0.9730518100269809,1.0276945068035708,16.0,0.0,411.07780272142827,399.99999999999994,11.077802721428327,0.0,0.0,1.0,0.9730518100269809,inverse_cost_sensitivity,0.22
5,5,5,0,2024-09-20T17:00:00,proposed,H01,0,0,1,0.4557359218597412,2.248796519710134,0.1371226440511948,0.0,0.0,56.21991299275335,171.71898071545593,0.0,28.0,28.0,0.0,0.0,0.95,143.71898071545593,250.0,0.5748759228618238,0.22,78.25850797717344,31.758175757400306,10.303138842927355,36.197193376845775,10.136883433275464,10.136883433275464,1.7701289583807454,13.538897993555434,0.4289367761994664,5.24091102627796,547.5824962142974,0.0,-2.961102006444566,56.21991299275335,171.71898071545593,0.0,28.0,28.0,0.0,0.0,143.71898071545593,250.0,0.5748759228618238,0.22,78.25850797717344,31.758175757400306,10.303138842927355,36.197193376845775,0.0,0.0,0.0,2.248796519710134,547.5824962142974,4.619962708908103,6.868759228618237,1.0,0.8585949035772796,6.868759228618237,115.49906772270259,171.71898071545593,171.71898071545593,0.0,0.0,0.0,1.0,1.0,inverse_cost_sensitivity,0.22
5,5,5,0,2024-09-20T17:00:00,proposed,H02,1,1,1,0.5289790630340576,8.467836774305987,0.1371226440511948,11.977719103842318,0.0,211.6959193576497,200.00000000000006,0.0,21.0,21.0,11.736842105263165,0.0,0.95,190.73684210526324,250.0,0.7629473684210529,0.22,105.79581260681155,42.067105263157906,12.0,51.728707343653646,10.17625832172292,10.17625832172292,1.7396122631299755,13.538897993555434,0.4289367761994664,5.24091102627796,547.5824962142974,0.0,-2.961102006444566,211.6959193576497,200.00000000000006,0.0,21.0,21.0,11.736842105263165,0.0,190.73684210526324,250.0,0.7629473684210529,0.22,105.79581260681155,42.067105263157906,12.0,51.728707343653646,0.0,0.0,0.0,8.467836774305987,547.5824962142974,1.129192439539656,9.597029213845643,0.8335912939035752,1.1996286517307053,8.0,28.22981098849141,239.9257303461411,200.00000000000006,39.92573034614105,0.0,0.0,1.0,0.8335912939035752,inverse_cost_sensitivity,0.22
5,5,5,0,2024-09-20T17:00:00,proposed,H03,2,2,1,0.5430673360824585,13.331014616569313,0.1371226440511948,6.655073082846568,0.0,333.27536541423274,299.99999999999994,0.0,21.0,21.0,0.0,0.0,0.95,278.99999999999994,350.0,0.7971428571428569,0.22,162.92020082473752,61.484999999999985,18.0,83.43520082473754,10.699688884244406,10.699688884244406,2.1968370912008703,13.538897993555434,0.4289367761994664,5.24091102627796,547.5824962142974,0.0,-2.961102006444566,333.27536541423274,299.99999999999994,0.0,21.0,21.0,0.0,0.0,278.99999999999994,350.0,0.7971428571428569,0.22,162.92020082473752,61.484999999999985,18.0,83.43520082473754,0.0,0.0,0.0,13.331014616569313,547.5824962142974,0.0,13.331014616569313,0.9001565406045707,1.1109178847141095,12.0,0.0,333.27536541423274,299.99999999999994,33.275365414232795,8.326672684688674e-17,0.0,1.0,0.9001565406045707,inverse_cost_sensitivity,0.22
5,5,5,0,2024-09-20T17:00:00,proposed,H04,3,3,1,0.5053905248641968,7.973452240473789,0.1371226440511948,7.273880019557744,0.0,199.33630601184473,200.00000000000003,0.0,28.0,28.0,0.0,0.0,0.95,172.00000000000003,250.0,0.6880000000000002,0.22,101.07810497283937,37.980000000000004,12.0,51.098104972839366,14.091065712158407,14.091065712158407,5.498287753567539,13.538897993555434,0.4289367761994664,5.24091102627796,547.5824962142974,0.0,-2.961102006444566,199.33630601184473,200.00000000000003,0.0,28.0,28.0,0.0,0.0,172.00000000000003,250.0,0.6880000000000002,0.22,101.07810497283937,37.980000000000004,12.0,51.098104972839366,0.0,0.0,0.0,7.973452240473789,547.5824962142974,0.9963984288005765,8.969850669274365,0.8918766092063801,1.1212313336592956,8.0,24.909960720014425,224.24626673185915,200.00000000000003,24.246266731859123,1.1102230246251565e-16,0.0,1.0,0.8918766092063801,inverse_cost_sensitivity,0.22
5,5,5,0,2024-09-20T17:00:00,proposed,H05,4,4,1,0.5751489400863647,7.318158775524601,0.1371226440511948,0.0,0.0,182.95396938811507,182.95396938811507,0.0,52.5,52.5,0.0,0.0,0.95,130.45396938811507,500.0,0.26090793877623014,0.22,105.2257815781676,28.962373265385313,10.977238163286902,65.28617014949539,16.987411339900845,16.987411339900845,8.372019215100634,13.538897993555434,0.4289367761994664,5.24091102627796,547.5824962142974,0.0,-2.961102006444566,182.95396938811507,182.95396938811507,0.0,52.5,52.5,0.0,0.0,130.45396938811507,500.0,0.26090793877623014,0.22,105.2257815781676,28.962373265385313,10.977238163286902,65.28617014949539,0.0,0.0,0.0,7.318158775524601,547.5824962142974,0.0,7.318158775524601,1.0,0.4573849234702876,7.318158775524601,0.0,182.95396938811507,182.95396938811507,0.0,0.0,0.0,1.0,1.0,inverse_cost_sensitivity,0.22
5,5,5,0,2024-09-20T17:00:00,proposed,H06,5,5,1,0.48893773555755615,15.25907594800643,0.1371226440511948,0.0,0.0,381.4768987001607,381.4768987001607,0.0,70.0,70.0,0.0,0.0,0.95,311.4768987001607,700.0,0.4449669981430867,0.22,186.5184510179758,68.87491771403535,22.888613922009647,94.75491938193079,13.11037516762261,13.11037516762261,4.675804487508877,13.538897993555434,0.4289367761994664,5.24091102627796,547.5824962142974,0.0,-2.961102006444566,381.4768987001607,381.4768987001607,0.0,70.0,70.0,0.0,0.0,311.4768987001607,700.0,0.4449669981430867,0.22,186.5184510179758,68.87491771403535,22.888613922009647,94.75491938193079,0.0,0.0,0.0,15.25907594800643,547.5824962142974,0.0,15.25907594800643,1.0,0.9536922467504019,15.25907594800643,0.0,381.4768987001607,381.4768987001607,0.0,0.0,0.0,1.0,1.0,inverse_cost_sensitivity,0.22
5,5,5,0,2024-09-20T17:00:00,proposed,H07,6,6,1,0.5610711574554443,12.279260970219358,0.1371226440511948,1.3963048510967857,0.0,306.9815242554839,300.0,0.0,17.5,17.5,0.0,0.0,0.95,282.5,350.0,0.8071428571428572,0.22,168.3213472366333,62.2375,18.0,88.0838472366333,10.458306010918044,10.458306010918044,1.9508961736559027,13.538897993555434,0.4289367761994664,5.24091102627796,547.5824962142974,0.0,-2.961102006444566,306.9815242554839,300.0,0.0,17.5,17.5,0.0,0.0,282.5,350.0,0.8071428571428572,0.22,168.3213472366333,62.2375,18.0,88.0838472366333,0.0,0.0,0.0,12.279260970219358,547.5824962142974,0.0,12.279260970219358,0.9772575099676891,1.0232717475182798,12.0,0.0,306.9815242554839,300.0,6.981524255483919,-7.28583859910259e-17,0.0,1.0,0.9772575099676891,inverse_cost_sensitivity,0.22
5,5,5,0,2024-09-20T17:00:00,proposed,H08,7,7,1,0.43863338232040405,22.689073702676385,0.1371226440511948,26.74569679325069,11.74569679325069,567.2268425669096,400.0,0.0,63.0,63.0,0.0,0.0,0.95,337.0,500.0,0.674,0.22,175.45335292816162,74.455,24.0,76.99835292816162,9.65895410558785,9.65895410558785,1.2606678175834969,13.538897993555434,0.4289367761994664,5.24091102627796,547.5824962142974,0.0,-2.961102006444566,567.2268425669096,400.0,0.0,63.0,63.0,0.0,0.0,337.0,500.0,0.674,0.22,175.45335292816162,74.455,24.0,76.99835292816162,0.0,0.19576161322084484,0.0,22.689073702676385,547.5824962142974,0.44311210885713237,23.132185811533517,0.6916769617172335,1.4457616132208448,16.0,11.077802721428327,578.304645288338,400.0,178.30464528833795,0.0,0.0,1.0,0.6916769617172335,inverse_cost_sensitivity,0.22
5,5,5,0,2024-09-20T18:00:00,proposed,H01,0,0,2,0.4311556816101074,19.146858192015255,0.1435338809471991,83.60143644011441,68.60143644011441,478.67145480038135,199.99999999999997,0.0,12.8,12.8,0.0,0.0,0.95,187.19999999999996,250.0,0.7487999999999998,0.3,86.23113632202147,56.22399999999999,11.999999999999998,18.00713632202148,10.311016732421509,10.311016732421509,1.8304559718300313,13.538897993555434,0.4415240161231848,1.4386993906747119,281.0728119477,0.0,-2.961102006444566,478.67145480038135,199.99999999999997,0.0,12.8,12.8,0.0,0.0,187.19999999999996,250.0,0.7487999999999998,0.3,86.23113632202147,56.22399999999999,11.999999999999998,18.00713632202148,0.0,1.143357274001907,0.0,19.146858192015255,281.0728119477,0.0,19.146858192015255,0.417823118538383,2.393357274001907,7.999999999999999,0.0,478.67145480038135,199.99999999999997,278.6714548003814,0.0,0.0,1.0,0.417823118538383,inverse_cost_sensitivity,0.22
5,5,5,0,2024-09-20T18:00:00,proposed,H02,1,1,2,0.5266785621643066,5.189484588190839,0.1435338809471991,0.0,0.0,129.737114704771,169.66284505091204,0.0,9.6,9.6,0.0,0.0,0.95,160.06284505091205,250.0,0.6402513802036481,0.3,89.3577832841199,48.066853515273614,10.179770703054723,31.11115906579157,10.20147107520452,10.20147107520452,1.657954432132638,13.538897993555434,0.4415240161231848,1.4386993906747119,281.0728119477,0.0,-2.961102006444566,129.737114704771,169.66284505091204,0.0,9.6,9.6,0.0,0.0,160.06284505091205,250.0,0.6402513802036481,0.3,89.3577832841199,48.066853515273614,10.179770703054723,31.11115906579157,0.0,0.0,0.0,5.189484588190839,281.0728119477,1.5970292138456426,6.786513802036482,1.0,0.8483142252545602,6.786513802036482,39.92573034614105,169.66284505091204,169.66284505091204,0.0,0.0,0.0,1.0,1.0,inverse_cost_sensitivity,0.22
5,5,5,0,2024-09-20T18:00:00,proposed,H03,2,2,2,0.5544030666351318,6.205227431220135,0.1435338809471991,0.0,0.0,155.13068578050337,188.40605119473616,0.0,9.6,9.6,0.0,0.0,0.95,178.80605119473617,350.0,0.5108744319849605,0.3,104.45289255497737,53.68981535842085,11.304363071684172,39.458714124872344,10.61768641735814,10.61768641735814,2.0157167540640417,13.538897993555434,0.4415240161231848,1.4386993906747119,281.0728119477,0.0,-2.961102006444566,155.13068578050337,188.40605119473616,0.0,9.6,9.6,0.0,0.0,178.80605119473617,350.0,0.5108744319849605,0.3,104.45289255497737,53.68981535842085,11.304363071684172,39.458714124872344,0.0,0.0,0.0,6.205227431220135,281.0728119477,1.3310146165693135,7.5362420477894485,1.0,0.6280201706491207,7.5362420477894485,33.275365414232795,188.40605119473616,188.40605119473616,0.0,0.0,0.0,1.0,1.0,inverse_cost_sensitivity,0.22
5,5,5,0,2024-09-20T18:00:00,proposed,H04,3,3,2,0.5041433572769165,6.266643980215868,0.1435338809471991,0.0,0.0,156.66609950539672,180.91236623725584,0.0,12.8,12.8,0.0,0.0,0.95,168.11236623725583,250.0,0.6724494649490234,0.3,91.20576768776124,50.497709871176745,10.85474197423535,29.85331584234914,13.97403706890158,13.97403706890158,5.286575406292251,13.538897993555434,0.4415240161231848,1.4386993906747119,281.0728119477,0.0,-2.961102006444566,156.66609950539672,180.91236623725584,0.0,12.8,12.8,0.0,0.0,168.11236623725583,250.0,0.6724494649490234,0.3,91.20576768776124,50.497709871176745,10.85474197423535,29.85331584234914,0.0,0.0,0.0,6.266643980215868,281.0728119477,0.9698506692743658,7.236494649490234,1.0,0.9045618311862792,7.236494649490234,24.246266731859123,180.91236623725584,180.91236623725584,0.0,0.0,0.0,1.0,1.0,inverse_cost_sensitivity,0.22
5,5,5,0,2024-09-20T18:00:00,proposed,H05,4,4,2,0.5854252576828003,5.289435363219183,0.1435338809471991,0.0,0.0,132.23588408047956,132.23588408047956,0.0,24.0,24.0,0.0,0.0,0.95,108.23588408047956,500.0,0.21647176816095912,0.3,77.41422651272765,32.590765224143865,7.934153044828774,36.88930824375501,16.98485490419379,16.98485490419379,8.272348744443917,13.538897993555434,0.4415240161231848,1.4386993906747119,281.0728119477,0.0,-2.961102006444566,132.23588408047956,132.23588408047956,0.0,24.0,24.0,0.0,0.0,108.23588408047956,500.0,0.21647176816095912,0.3,77.41422651272765,32.590765224143865,7.934153044828774,36.88930824375501,0.0,0.0,0.0,5.289435363219183,281.0728119477,0.0,5.289435363219183,1.0,0.3305897102011989,5.289435363219183,0.0,132.23588408047956,132.23588408047956,0.0,0.0,0.0,1.0,1.0,inverse_cost_sensitivity,0.22
5,5,5,0,2024-09-20T18:00:00,proposed,H06,5,5,2,0.4961414337158203,11.134449792046707,0.1435338809471991,0.0,0.0,278.36124480116763,278.36124480116763,0.0,32.0,32.0,0.0,0.0,0.95,246.36124480116763,700.0,0.35194463543023946,0.3,138.10654708657174,74.06837344035029,16.70167468807006,47.336498958151395,13.225375331762725,13.225375331762725,4.676569964692552,13.538897993555434,0.4415240161231848,1.4386993906747119,281.0728119477,0.0,-2.961102006444566,278.36124480116763,278.36124480116763,0.0,32.0,32.0,0.0,0.0,246.36124480116763,700.0,0.35194463543023946,0.3,138.10654708657174,74.06837344035029,16.70167468807006,47.336498958151395,0.0,0.0,0.0,11.134449792046707,281.0728119477,0.0,11.134449792046707,1.0,0.6959031120029192,11.134449792046707,0.0,278.36124480116763,278.36124480116763,0.0,0.0,0.0,1.0,1.0,inverse_cost_sensitivity,0.22
5,5,5,0,2024-09-20T18:00:00,proposed,H07,6,6,2,0.5598554611206055,8.619419134920037,0.1435338809471991,0.0,0.0,215.48547837300094,222.46700262848486,0.0,8.0,8.0,0.0,0.0,0.95,214.46700262848486,350.0,0.6127628646528139,0.3,124.54936634068935,64.38010078854546,13.348020157709092,46.82124539443479,10.454788609344602,10.454788609344602,1.847388415682465,13.538897993555434,0.4415240161231848,1.4386993906747119,281.0728119477,0.0,-2.961102006444566,215.48547837300094,222.46700262848486,0.0,8.0,8.0,0.0,0.0,214.46700262848486,350.0,0.6127628646528139,0.3,124.54936634068935,64.38010078854546,13.348020157709092,46.82124539443479,0.0,0.0,0.0,8.619419134920037,281.0728119477,0.27926097021935714,8.898680105139395,1.0,0.7415566754282829,8.898680105139395,6.981524255483919,222.46700262848486,222.46700262848486,0.0,0.0,0.0,1.0,1.0,inverse_cost_sensitivity,0.22
5,5,5,0,2024-09-20T18:00:00,proposed,H08,7,7,2,0.4505029320716858,3.077178003564814,0.1435338809471991,0.0,0.0,76.92945008912037,255.23409537745832,0.0,28.8,28.8,0.0,0.0,0.95,226.4340953774583,500.0,0.45286819075491663,0.3,114.98370833220928,68.0742286132375,15.314045722647498,31.59543399632428,9.790646390843417,9.790646390843417,1.2827366202046955,13.538897993555434,0.4415240161231848,1.4386993906747119,281.0728119477,0.0,-2.961102006444566,76.92945008912037,255.23409537745832,0.0,28.8,28.8,0.0,0.0,226.4340953774583,500.0,0.45286819075491663,0.3,114.98370833220928,68.0742286132375,15.314045722647498,31.59543399632428,0.0,0.0,0.0,3.077178003564814,281.0728119477,7.1321858115335175,10.209363815098332,1.0,0.6380852384436457,10.209363815098332,178.30464528833795,255.23409537745832,255.23409537745832,0.0,0.0,0.0,1.0,1.0,inverse_cost_sensitivity,0.22
5,5,5,0,2024-09-20T19:00:00,proposed,H01,0,0,3,0.4639891982078552,0.038949942938037954,0.1300583317300683,23.893561012149696,8.893561012149696,0.9737485734509488,200.00000000000003,0.0,3.2,3.2,0.0,0.0,0.95,196.80000000000004,250.0,0.7872000000000001,0.34,92.79783964157106,66.92800000000003,12.0,13.869839641571033,10.166825604504224,10.166825604504224,1.7309904154580613,13.538897993555434,0.4145726613569213,1.3764639367241005,155.43351569670943,0.0,-2.961102006444566,0.9737485734509488,200.00000000000003,0.0,3.2,3.2,0.0,0.0,196.80000000000004,250.0,0.7872000000000001,0.34,92.79783964157106,66.92800000000003,12.0,13.869839641571033,0.0,0.14822601686916162,0.0,0.038949942938037954,155.43351569670943,11.146858192015255,11.185808134953293,0.7151919560466701,1.3982260168691616,8.0,278.6714548003814,279.6452033738324,200.00000000000003,79.64520337383235,0.0,0.0,1.0,0.7151919560466701,inverse_cost_sensitivity,0.22
5,5,5,0,2024-09-20T19:00:00,proposed,H02,1,1,3,0.5189957022666931,7.2343004398216575,0.1300583317300683,0.0,0.0,180.85751099554142,180.85751099554142,0.0,2.4,2.4,0.0,0.0,0.95,178.4575109955414,250.0,0.7138300439821657,0.34,93.8642709293372,60.687553738484084,10.851450659732485,22.325266531120626,10.074859740255736,10.074859740255736,1.5744254393223391,13.538897993555434,0.4145726613569213,1.3764639367241005,155.43351569670943,0.0,-2.961102006444566,180.85751099554142,180.85751099554142,0.0,2.4,2.4,0.0,0.0,178.4575109955414,250.0,0.7138300439821657,0.34,93.8642709293372,60.687553738484084,10.851450659732485,22.325266531120626,0.0,0.0,0.0,7.2343004398216575,155.43351569670943,0.0,7.2343004398216575,1.0,0.9042875549777072,7.2343004398216575,0.0,180.85751099554142,180.85751099554142,0.0,0.0,0.0,1.0,1.0,inverse_cost_sensitivity,0.22
5,5,5,0,2024-09-20T19:00:00,proposed,H03,2,2,3,0.5565924644470215,5.709757546043342,0.1300583317300683,0.0,0.0,142.74393865108354,142.74393865108354,0.0,2.4,2.4,0.0,0.0,0.95,140.34393865108353,350.0,0.40098268186023867,0.34,79.45020059868104,47.72893914136841,8.564636319065013,23.156625138247616,10.633441175985826,10.633441175985826,2.071127008506907,13.538897993555434,0.4145726613569213,1.3764639367241005,155.43351569670943,0.0,-2.961102006444566,142.74393865108354,142.74393865108354,0.0,2.4,2.4,0.0,0.0,140.34393865108353,350.0,0.40098268186023867,0.34,79.45020059868104,47.72893914136841,8.564636319065013,23.156625138247616,0.0,0.0,0.0,5.709757546043342,155.43351569670943,0.0,5.709757546043342,1.0,0.47581312883694515,5.709757546043342,0.0,142.74393865108354,142.74393865108354,0.0,0.0,0.0,1.0,1.0,inverse_cost_sensitivity,0.22
5,5,5,0,2024-09-20T19:00:00,proposed,H04,3,3,3,0.5046907067298889,6.018533981543777,0.1300583317300683,0.0,0.0,150.46334953859443,150.46334953859443,0.0,3.2,3.2,0.0,0.0,0.95,147.26334953859444,250.0,0.5890533981543777,0.34,75.93745421557952,50.08553884312211,9.027800972315665,16.824114400141745,14.0971750752983,14.0971750752983,5.443999756100753,13.538897993555434,0.4145726613569213,1.3764639367241005,155.43351569670943,0.0,-2.961102006444566,150.46334953859443,150.46334953859443,0.0,3.2,3.2,0.0,0.0,147.26334953859444,250.0,0.5890533981543777,0.34,75.93745421557952,50.08553884312211,9.027800972315665,16.824114400141745,0.0,0.0,0.0,6.018533981543777,155.43351569670943,0.0,6.018533981543777,1.0,0.7523167476929721,6.018533981543777,0.0,150.46334953859443,150.46334953859443,0.0,0.0,0.0,1.0,1.0,inverse_cost_sensitivity,0.22
5,5,5,0,2024-09-20T19:00:00,proposed,H05,4,4,3,0.5894476175308228,3.087418900320043,0.1300583317300683,0.0,0.0,77.18547250800107,77.18547250800107,0.0,6.0,6.0,0.0,0.0,0.95,71.18547250800107,500.0,0.14237094501600214,0.34,45.49679287783205,24.233060652720365,4.631128350480065,16.63260387463162,17.08610317906557,17.08610317906557,8.408110095147038,13.538897993555434,0.4145726613569213,1.3764639367241005,155.43351569670943,0.0,-2.961102006444566,77.18547250800107,77.18547250800107,0.0,6.0,6.0,0.0,0.0,71.18547250800107,500.0,0.14237094501600214,0.34,45.49679287783205,24.233060652720365,4.631128350480065,16.63260387463162,0.0,0.0,0.0,3.087418900320043,155.43351569670943,0.0,3.087418900320043,1.0,0.19296368127000268,3.087418900320043,0.0,77.18547250800107,77.18547250800107,0.0,0.0,0.0,1.0,1.0,inverse_cost_sensitivity,0.22
5,5,5,0,2024-09-20T19:00:00,proposed,H06,5,5,3,0.5007565021514893,6.509756709498894,0.1300583317300683,0.0,0.0,162.74391773747234,162.74391773747234,0.0,8.0,8.0,0.0,0.0,0.95,154.74391773747234,700.0,0.22106273962496048,0.34,81.49507499264637,52.6529320307406,9.76463506424834,19.077507897657426,13.246445785575226,13.246445785575226,4.736801016664225,13.538897993555434,0.4145726613569213,1.3764639367241005,155.43351569670943,0.0,-2.961102006444566,162.74391773747234,162.74391773747234,0.0,8.0,8.0,0.0,0.0,154.74391773747234,700.0,0.22106273962496048,0.34,81.49507499264637,52.6529320307406,9.76463506424834,19.077507897657426,0.0,0.0,0.0,6.509756709498894,155.43351569670943,0.0,6.509756709498894,1.0,0.40685979434368086,6.509756709498894,0.0,162.74391773747234,162.74391773747234,0.0,0.0,0.0,1.0,1.0,inverse_cost_sensitivity,0.22
5,5,5,0,2024-09-20T19:00:00,proposed,H07,6,6,3,0.5601006746292114,5.6674376703121006,0.1300583317300683,0.0,0.0,141.6859417578025,141.6859417578025,0.0,2.0,2.0,0.0,0.0,0.95,139.6859417578025,350.0,0.3991026907365786,0.34,79.35839156402034,47.50322019765286,8.50115650546815,23.354014860899326,10.465186639222463,10.465186639222463,1.8983864582811658,13.538897993555434,0.4145726613569213,1.3764639367241005,155.43351569670943,0.0,-2.961102006444566,141.6859417578025,141.6859417578025,0.0,2.0,2.0,0.0,0.0,139.6859417578025,350.0,0.3991026907365786,0.34,79.35839156402034,47.50322019765286,8.50115650546815,23.354014860899326,0.0,0.0,0.0,5.6674376703121006,155.43351569670943,0.0,5.6674376703121006,1.0,0.47228647252600836,5.6674376703121006,0.0,141.6859417578025,141.6859417578025,0.0,0.0,0.0,1.0,1.0,inverse_cost_sensitivity,0.22
5,5,5,0,2024-09-20T19:00:00,proposed,H08,7,7,3,0.47517460584640503,9.461462765110268,0.1300583317300683,0.0,0.0,236.53656912775668,236.53656912775668,0.0,7.2,7.2,0.0,0.0,0.95,229.3365691277567,500.0,0.45867313825551337,0.34,112.39617100354272,78.01043350343728,14.1921941476654,20.193543352440035,9.739401710099065,9.739401710099065,1.2757028786516027,13.538897993555434,0.4145726613569213,1.3764639367241005,155.43351569670943,0.0,-2.961102006444566,236.53656912775668,236.53656912775668,0.0,7.2,7.2,0.0,0.0,229.3365691277567,500.0,0.45867313825551337,0.34,112.39617100354272,78.01043350343728,14.1921941476654,20.193543352440035,0.0,0.0,0.0,9.461462765110268,155.43351569670943,0.0,9.461462765110268,1.0,0.5913414228193917,9.461462765110268,0.0,236.53656912775668,236.53656912775668,0.0,0.0,0.0,1.0,1.0,inverse_cost_sensitivity,0.22
5,5,5,0,2024-09-20T20:00:00,proposed,H01,0,0,4,0.4394991397857666,1.5286325373357723,0.12334245027063846,0.0,0.0,38.2158134333943,117.86101680722665,0.0,0.0,0.0,0.0,0.0,0.95,117.86101680722665,250.0,0.4714440672289066,0.27,51.79981550105189,31.822474537951198,7.071661008433598,12.905679954667093,10.190727393234456,10.190727393234456,1.7228546479845444,13.538897993555434,0.4004441341899219,1.5145880462256345,151.45880462256343,0.0,-2.961102006444566,38.2158134333943,117.86101680722665,0.0,0.0,0.0,0.0,0.0,117.86101680722665,250.0,0.4714440672289066,0.27,51.79981550105189,31.822474537951198,7.071661008433598,12.905679954667093,0.0,0.0,0.0,1.5286325373357723,151.45880462256343,3.1858081349532927,4.714440672289065,1.0,0.5893050840361331,4.714440672289065,79.64520337383235,117.86101680722665,117.86101680722665,0.0,0.0,0.0,1.0,1.0,inverse_cost_sensitivity,0.22
5,5,5,0,2024-09-20T20:00:00,proposed,H02,1,1,4,0.5158074498176575,4.910845521085277,0.12334245027063846,0.0,0.0,122.77113802713194,122.77113802713194,0.0,0.0,0.0,0.0,0.0,0.95,122.77113802713194,250.0,0.49108455210852775,0.27,63.326267616986556,33.148207267325624,7.3662682816279155,22.811792068033014,10.089305883637351,10.089305883637351,1.5571471209224113,13.538897993555434,0.4004441341899219,1.5145880462256345,151.45880462256343,0.0,-2.961102006444566,122.77113802713194,122.77113802713194,0.0,0.0,0.0,0.0,0.0,122.77113802713194,250.0,0.49108455210852775,0.27,63.326267616986556,33.148207267325624,7.3662682816279155,22.811792068033014,0.0,0.0,0.0,4.910845521085277,151.45880462256343,0.0,4.910845521085277,1.0,0.6138556901356597,4.910845521085277,0.0,122.77113802713194,122.77113802713194,0.0,0.0,0.0,1.0,1.0,inverse_cost_sensitivity,0.22
5,5,5,0,2024-09-20T20:00:00,proposed,H03,2,2,4,0.5495731830596924,3.954452648733738,0.12334245027063846,0.0,0.0,98.86131621834346,98.86131621834346,0.0,0.0,0.0,0.0,0.0,0.95,98.86131621834346,350.0,0.2824609034809813,0.27,54.33152823558581,26.692555378952736,5.931678973100607,21.707293883532465,10.663422097344638,10.663422097344638,2.0616779996421495,13.538897993555434,0.4004441341899219,1.5145880462256345,151.45880462256343,0.0,-2.961102006444566,98.86131621834346,98.86131621834346,0.0,0.0,0.0,0.0,0.0,98.86131621834346,350.0,0.2824609034809813,0.27,54.33152823558581,26.692555378952736,5.931678973100607,21.707293883532465,0.0,0.0,0.0,3.954452648733738,151.45880462256343,0.0,3.954452648733738,1.0,0.3295377207278115,3.954452648733738,0.0,98.86131621834346,98.86131621834346,0.0,0.0,0.0,1.0,1.0,inverse_cost_sensitivity,0.22
5,5,5,0,2024-09-20T20:00:00,proposed,H04,3,3,4,0.5093573331832886,3.9182937347399056,0.12334245027063846,0.0,0.0,97.95734336849763,97.95734336849763,0.0,0.0,0.0,0.0,0.0,0.95,97.95734336849763,250.0,0.39182937347399055,0.27,49.895291183897655,26.448482709494364,5.877440602109859,17.569367872293434,14.089603362810177,14.089603362810177,5.3824754023938,13.538897993555434,0.4004441341899219,1.5145880462256345,151.45880462256343,0.0,-2.961102006444566,97.95734336849763,97.95734336849763,0.0,0.0,0.0,0.0,0.0,97.95734336849763,250.0,0.39182937347399055,0.27,49.895291183897655,26.448482709494364,5.877440602109859,17.569367872293434,0.0,0.0,0.0,3.9182937347399056,151.45880462256343,0.0,3.9182937347399056,1.0,0.4897867168424882,3.9182937347399056,0.0,97.95734336849763,97.95734336849763,0.0,0.0,0.0,1.0,1.0,inverse_cost_sensitivity,0.22
5,5,5,0,2024-09-20T20:00:00,proposed,H05,4,4,4,0.5824108719825745,2.1592198871828723,0.12334245027063846,0.0,0.0,53.98049717957181,53.98049717957181,0.0,0.0,0.0,0.0,0.0,0.95,53.98049717957181,500.0,0.10796099435914362,0.27,31.43882843240732,14.57473423848439,3.2388298307743084,13.625264363148622,16.95324934494575,16.95324934494575,8.212263964499744,13.538897993555434,0.4004441341899219,1.5145880462256345,151.45880462256343,0.0,-2.961102006444566,53.98049717957181,53.98049717957181,0.0,0.0,0.0,0.0,0.0,53.98049717957181,500.0,0.10796099435914362,0.27,31.43882843240732,14.57473423848439,3.2388298307743084,13.625264363148622,0.0,0.0,0.0,2.1592198871828723,151.45880462256343,0.0,2.1592198871828723,1.0,0.13495124294892952,2.1592198871828723,0.0,53.98049717957181,53.98049717957181,0.0,0.0,0.0,1.0,1.0,inverse_cost_sensitivity,0.22
5,5,5,0,2024-09-20T20:00:00,proposed,H06,5,5,4,0.4960758090019226,4.428903638446007,0.12334245027063846,0.0,0.0,110.72259096115019,110.72259096115019,0.0,0.0,0.0,0.0,0.0,0.95,110.72259096115019,700.0,0.15817512994450028,0.27,54.92679888584154,29.89509955951055,6.643355457669011,18.38834386866198,13.346707521388112,13.346707521388112,4.791680761049496,13.538897993555434,0.4004441341899219,1.5145880462256345,151.45880462256343,0.0,-2.961102006444566,110.72259096115019,110.72259096115019,0.0,0.0,0.0,0.0,0.0,110.72259096115019,700.0,0.15817512994450028,0.27,54.92679888584154,29.89509955951055,6.643355457669011,18.38834386866198,0.0,0.0,0.0,4.428903638446007,151.45880462256343,0.0,4.428903638446007,1.0,0.27680647740287545,4.428903638446007,0.0,110.72259096115019,110.72259096115019,0.0,0.0,0.0,1.0,1.0,inverse_cost_sensitivity,0.22
5,5,5,0,2024-09-20T20:00:00,proposed,H07,6,6,4,0.5639110803604126,3.71410736975057,0.12334245027063846,0.0,0.0,92.85268424376424,92.85268424376424,0.0,0.0,0.0,0.0,0.0,0.95,92.85268424376424,350.0,0.26529338355361215,0.27,52.36065748626535,25.070224745816347,5.571161054625855,21.719271685823152,10.43090734780911,10.43090734780911,1.8193120670248175,13.538897993555434,0.4004441341899219,1.5145880462256345,151.45880462256343,0.0,-2.961102006444566,92.85268424376424,92.85268424376424,0.0,0.0,0.0,0.0,0.0,92.85268424376424,350.0,0.26529338355361215,0.27,52.36065748626535,25.070224745816347,5.571161054625855,21.719271685823152,0.0,0.0,0.0,3.71410736975057,151.45880462256343,0.0,3.71410736975057,1.0,0.30950894747921415,3.71410736975057,0.0,92.85268424376424,92.85268424376424,0.0,0.0,0.0,1.0,1.0,inverse_cost_sensitivity,0.22
5,5,5,0,2024-09-20T20:00:00,proposed,H08,7,7,4,0.4719390273094177,6.40607205989932,0.12334245027063846,0.0,0.0,160.151801497483,160.151801497483,0.0,0.0,0.0,0.0,0.0,0.95,160.151801497483,500.0,0.320303602994966,0.27,75.58188542057307,43.24098640432042,9.60910808984898,22.731790926403676,9.790078246912342,9.790078246912342,1.2911442774063089,13.538897993555434,0.4004441341899219,1.5145880462256345,151.45880462256343,0.0,-2.961102006444566,160.151801497483,160.151801497483,0.0,0.0,0.0,0.0,0.0,160.151801497483,500.0,0.320303602994966,0.27,75.58188542057307,43.24098640432042,9.60910808984898,22.731790926403676,0.0,0.0,0.0,6.40607205989932,151.45880462256343,0.0,6.40607205989932,1.0,0.4003795037437075,6.40607205989932,0.0,160.151801497483,160.151801497483,0.0,0.0,0.0,1.0,1.0,inverse_cost_sensitivity,0.22
5,5,5,0,2024-09-20T21:00:00,proposed,H01,0,0,5,0.43407461047172546,5.410186152238052,0.10413301584084135,0.0,0.0,135.25465380595128,135.25465380595128,0.0,0.0,0.0,0.0,100.0,0.42368421052631583,35.25465380595128,250.0,0.14101861522380513,0.2,58.71061116530638,10.050930761190255,8.115279228357078,40.54440117575905,10.299596163059912,10.299596163059912,1.8309892362496003,13.538897993555434,0.35746103208977625,2.68554818233162,268.554818233162,1.4210854715202004e-14,-2.961102006444566,135.25465380595128,135.25465380595128,0.0,0.0,0.0,0.0,100.0,35.25465380595128,250.0,0.14101861522380513,0.2,58.71061116530638,10.050930761190255,8.115279228357078,40.54440117575905,1.4210854715202004e-14,0.0,0.0,5.410186152238052,268.554818233162,0.0,5.410186152238052,1.0,0.6762732690297565,5.410186152238052,0.0,135.25465380595128,135.25465380595128,0.0,0.0,0.0,1.0,1.0,inverse_cost_sensitivity,0.22
5,5,5,0,2024-09-20T21:00:00,proposed,H02,1,1,5,0.5114838480949402,3.5818421125153757,0.10413301584084135,0.0,0.0,89.5460528128844,89.5460528128844,0.0,0.0,0.0,0.0,89.5460528128844,0.47870498519534527,0.0,250.0,0.0,0.2,45.80135967444686,2.686381584386532,5.372763168773064,37.742214921287264,10.146280331697133,10.146280331697133,1.6186358559928755,13.538897993555434,0.35746103208977625,2.68554818233162,268.554818233162,0.0,-2.961102006444566,89.5460528128844,89.5460528128844,0.0,0.0,0.0,0.0,89.5460528128844,0.0,250.0,0.0,0.2,45.80135967444686,2.686381584386532,5.372763168773064,37.742214921287264,0.0,0.0,0.0,3.5818421125153757,268.554818233162,0.0,3.5818421125153757,1.0,0.44773026406442196,3.5818421125153757,0.0,89.5460528128844,89.5460528128844,0.0,0.0,0.0,1.0,1.0,inverse_cost_sensitivity,0.22
5,5,5,0,2024-09-20T21:00:00,proposed,H03,2,2,5,0.5419601202011108,2.9748948771472254,0.10413301584084135,0.0,0.0,74.37237192868064,74.37237192868064,0.0,0.0,0.0,0.0,74.37237192868064,0.6890443090221733,0.0,350.0,0.0,0.2,40.30685963010948,2.231171157860419,4.462342315720838,33.61334615652822,10.540504769898796,10.540504769898796,1.9422263586126332,13.538897993555434,0.35746103208977625,2.68554818233162,268.554818233162,1.4210854715202004e-14,-2.961102006444566,74.37237192868064,74.37237192868064,0.0,0.0,0.0,0.0,74.37237192868064,0.0,350.0,0.0,0.2,40.30685963010948,2.231171157860419,4.462342315720838,33.61334615652822,1.4210854715202004e-14,0.0,0.0,2.9748948771472254,268.554818233162,0.0,2.9748948771472254,1.0,0.24790790642893545,2.9748948771472254,0.0,74.37237192868064,74.37237192868064,0.0,0.0,0.0,1.0,1.0,inverse_cost_sensitivity,0.22
5,5,5,0,2024-09-20T21:00:00,proposed,H04,3,3,5,0.5130550861358643,2.764502350838468,0.10413301584084135,0.0,0.0,69.1125587709617,69.1125587709617,0.0,0.0,0.0,0.0,69.1125587709617,0.6589997525433191,0.0,250.0,0.0,0.2,35.458549793305735,2.073376763128851,4.146753526257702,29.238419503919186,13.989483569482323,13.989483569482323,5.282797665709511,13.538897993555434,0.35746103208977625,2.68554818233162,268.554818233162,1.4210854715202004e-14,-2.961102006444566,69.1125587709617,69.1125587709617,0.0,0.0,0.0,0.0,69.1125587709617,0.0,250.0,0.0,0.2,35.458549793305735,2.073376763128851,4.146753526257702,29.238419503919186,1.4210854715202004e-14,0.0,0.0,2.764502350838468,268.554818233162,0.0,2.764502350838468,1.0,0.3455627938548085,2.764502350838468,0.0,69.1125587709617,69.1125587709617,0.0,0.0,0.0,1.0,1.0,inverse_cost_sensitivity,0.22
5,5,5,0,2024-09-20T21:00:00,proposed,H05,4,4,5,0.5760349035263062,1.6017490037080737,0.10413301584084135,0.0,0.0,40.04372509270184,40.04372509270184,0.0,0.0,0.0,0.0,40.04372509270184,0.8656974208574697,0.0,500.0,0.0,0.2,23.06658332060843,1.2013117527810553,2.4026235055621106,19.462648062265263,16.940203282058654,16.940203282058654,8.1960126370529,13.538897993555434,0.35746103208977625,2.68554818233162,268.554818233162,2.842170943040401e-14,-2.961102006444566,40.04372509270184,40.04372509270184,0.0,0.0,0.0,0.0,40.04372509270184,0.0,500.0,0.0,0.2,23.06658332060843,1.2013117527810553,2.4026235055621106,19.462648062265263,2.842170943040401e-14,0.0,0.0,1.6017490037080737,268.554818233162,0.0,1.6017490037080737,1.0,0.10010931273175461,1.6017490037080737,0.0,40.04372509270184,40.04372509270184,0.0,0.0,0.0,1.0,1.0,inverse_cost_sensitivity,0.22
5,5,5,0,2024-09-20T21:00:00,proposed,H06,5,5,5,0.4906388521194458,3.2316242293971973,0.10413301584084135,0.0,0.0,80.79060573492991,80.79060573492991,0.0,0.0,0.0,0.0,80.79060573492991,0.8082620952018774,0.0,700.0,0.0,0.2,39.63901005982073,2.4237181720478973,4.8474363440957955,32.36785554367703,13.507700160324422,13.507700160324422,4.942962249616448,13.538897993555434,0.35746103208977625,2.68554818233162,268.554818233162,1.4210854715202004e-14,-2.961102006444566,80.79060573492991,80.79060573492991,0.0,0.0,0.0,0.0,80.79060573492991,0.0,700.0,0.0,0.2,39.63901005982073,2.4237181720478973,4.8474363440957955,32.36785554367703,1.4210854715202004e-14,0.0,0.0,3.2316242293971973,268.554818233162,0.0,3.2316242293971973,1.0,0.20197651433732483,3.2316242293971973,0.0,80.79060573492991,80.79060573492991,0.0,0.0,0.0,1.0,1.0,inverse_cost_sensitivity,0.22
5,5,5,0,2024-09-20T21:00:00,proposed,H07,6,6,5,0.5671306848526001,2.6294496627643076,0.10413301584084135,0.0,0.0,65.7362415691077,65.7362415691077,0.0,0.0,0.0,0.0,65.7362415691077,0.7193465208101484,0.0,350.0,0.0,0.2,37.28103970072401,1.9720872470732311,3.9441744941464614,31.364777959504313,10.327787965243608,10.327787965243608,1.7178648740974105,13.538897993555434,0.35746103208977625,2.68554818233162,268.554818233162,0.0,-2.961102006444566,65.7362415691077,65.7362415691077,0.0,0.0,0.0,0.0,65.7362415691077,0.0,350.0,0.0,0.2,37.28103970072401,1.9720872470732311,3.9441744941464614,31.364777959504313,0.0,0.0,0.0,2.6294496627643076,268.554818233162,0.0,2.6294496627643076,1.0,0.21912080523035896,2.6294496627643076,0.0,65.7362415691077,65.7362415691077,0.0,0.0,0.0,1.0,1.0,inverse_cost_sensitivity,0.22
5,5,5,0,2024-09-20T21:00:00,proposed,H08,7,7,5,0.46781641244888306,4.681761136166063,0.10413301584084135,0.0,0.0,117.04402840415158,117.04402840415158,0.0,0.0,0.0,0.0,117.04402840415158,0.7035915191491546,0.0,500.0,0.0,0.2,54.75511746659536,3.511320852124547,7.022641704249095,44.22115491022171,9.818933364089016,9.818933364089016,1.3175323457653074,13.538897993555434,0.35746103208977625,2.68554818233162,268.554818233162,0.0,-2.961102006444566,117.04402840415158,117.04402840415158,0.0,0.0,0.0,0.0,117.04402840415158,0.0,500.0,0.0,0.2,54.75511746659536,3.511320852124547,7.022641704249095,44.22115491022171,0.0,0.0,0.0,4.681761136166063,268.554818233162,0.0,4.681761136166063,1.0,0.29261007101037895,4.681761136166063,0.0,117.04402840415158,117.04402840415158,0.0,0.0,0.0,1.0,1.0,inverse_cost_sensitivity,0.22
5,5,5,0,2024-09-20T16:00:00,proposed,H01,0,0,0,0.46856242418289185,13.569897406208103,0.09894400797841561,41.77423054656077,26.774230546560773,339.2474351552026,200.00000000000003,0.0,44.0,44.0,84.21052631578947,0.0,0.95,240.21052631578948,250.0,0.9608421052631579,0.16,93.71248483657838,38.653684210526315,12.0,43.05880062605207,10.671697032343031,10.671697032343031,2.061567654017413,13.538897993555434,0.3670823818986013,3.553528849601095,408.901346053231,0.0,-2.961102006444566,339.2474351552026,200.00000000000003,0.0,44.0,44.0,84.21052631578947,0.0,240.21052631578948,250.0,0.9608421052631579,0.16,93.71248483657838,38.653684210526315,12.0,43.05880062605207,0.0,0.4462371757760129,0.0,13.569897406208103,408.901346053231,0.0,13.569897406208103,0.5895401977276611,1.6962371757760129,8.0,0.0,339.2474351552026,200.00000000000003,139.24743515520257,0.0,0.0,1.0,0.5895401977276611,inverse_cost_sensitivity,0.3
5,5,5,0,2024-09-20T16:00:00,proposed,H02,1,1,0,0.5294427871704102,8.72316295475144,0.09894400797841561,5.423722160635807,0.0,218.07907386878605,200.00000000000003,0.0,33.0,33.0,82.99999999999997,0.0,0.8942499999999999,250.0,250.0,1.0,0.16,105.88855743408205,40.165,12.0,53.72355743408204,10.56962320456964,10.56962320456964,1.887665446893839,13.538897993555434,0.3670823818986013,3.553528849601095,408.901346053231,0.0,-2.961102006444566,218.07907386878605,200.00000000000003,0.0,33.0,33.0,82.99999999999997,0.0,250.0,250.0,1.0,0.16,105.88855743408205,40.165,12.0,53.72355743408204,0.0,0.0,0.0,8.72316295475144,408.901346053231,0.0,8.72316295475144,0.9170985388553885,1.09039536934393,8.0,0.0,218.07907386878605,200.00000000000003,18.079073868786026,0.0,0.0,1.0,0.9170985388553885,inverse_cost_sensitivity,0.3
5,5,5,0,2024-09-20T16:00:00,proposed,H03,2,2,0,0.5401561260223389,8.138103492767579,0.09894400797841561,0.0,0.0,203.4525873191895,203.4525873191895,0.0,33.0,33.0,110.52631578947368,0.0,0.95,280.9789031086632,350.0,0.802796866024752,0.16,109.89616139555503,45.12162449738611,12.20715523915137,52.56738165901755,10.623202337247001,10.623202337247001,1.8464420801487431,13.538897993555434,0.3670823818986013,3.553528849601095,408.901346053231,0.0,-2.961102006444566,203.4525873191895,203.4525873191895,0.0,33.0,33.0,110.52631578947368,0.0,280.9789031086632,350.0,0.802796866024752,0.16,109.89616139555503,45.12162449738611,12.20715523915137,52.56738165901755,0.0,0.0,0.0,8.138103492767579,408.901346053231,0.0,8.138103492767579,1.0,0.6781752910639649,8.138103492767579,0.0,203.4525873191895,203.4525873191895,0.0,0.0,0.0,1.0,1.0,inverse_cost_sensitivity,0.3
5,5,5,0,2024-09-20T16:00:00,proposed,H04,3,3,0,0.497302770614624,8.588395450366141,0.09894400797841561,4.412965877746058,0.0,214.7098862591535,199.99999999999997,0.0,44.0,44.0,78.94736842105263,0.0,0.95,234.9473684210526,250.0,0.9397894736842104,0.16,99.46055412292479,37.81157894736842,12.0,49.64897517555637,13.510872380096197,13.510872380096197,4.5811339190869145,13.538897993555434,0.3670823818986013,3.553528849601095,408.901346053231,0.0,-2.961102006444566,214.7098862591535,199.99999999999997,0.0,44.0,44.0,78.94736842105263,0.0,234.9473684210526,250.0,0.9397894736842104,0.16,99.46055412292479,37.81157894736842,12.0,49.64897517555637,0.0,0.0,0.0,8.588395450366141,408.901346053231,0.0,8.588395450366141,0.9314894785915969,1.0735494312957676,8.0,0.0,214.7098862591535,199.99999999999997,14.709886259153535,0.0,0.0,1.0,0.9314894785915969,inverse_cost_sensitivity,0.3
5,5,5,0,2024-09-20T16:00:00,proposed,H05,4,4,0,0.5716525912284851,3.8632344965339804,0.09894400797841561,0.0,0.0,96.58086241334951,96.58086241334951,0.0,82.5,82.5,131.57894736842107,0.0,0.95,145.65980978177058,500.0,0.29131961956354113,0.16,55.21070026167305,23.718069565083294,5.794851744800971,25.697778951788784,16.06277994472722,16.06277994472722,7.05809904134896,13.538897993555434,0.3670823818986013,3.553528849601095,408.901346053231,1.4210854715202004e-14,-2.961102006444566,96.58086241334951,96.58086241334951,0.0,82.5,82.5,131.57894736842107,0.0,145.65980978177058,500.0,0.29131961956354113,0.16,55.21070026167305,23.718069565083294,5.794851744800971,25.697778951788784,1.4210854715202004e-14,0.0,0.0,3.8632344965339804,408.901346053231,0.0,3.8632344965339804,1.0,0.24145215603337378,3.8632344965339804,0.0,96.58086241334951,96.58086241334951,0.0,0.0,0.0,1.0,1.0,inverse_cost_sensitivity,0.3
5,5,5,0,2024-09-20T16:00:00,proposed,H06,5,5,0,0.48814189434051514,9.246740364253915,0.09894400797841561,0.0,0.0,231.1685091063479,231.1685091063479,0.0,110.0,110.0,126.31578947368422,0.0,0.95,247.48429858003212,700.0,0.35354899797147443,0.16,112.84303394704529,40.147487772805135,13.870110546380872,58.82543562785928,13.493626944218693,13.493626944218693,4.756025034403015,13.538897993555434,0.3670823818986013,3.553528849601095,408.901346053231,0.0,-2.961102006444566,231.1685091063479,231.1685091063479,0.0,110.0,110.0,126.31578947368422,0.0,247.48429858003212,700.0,0.35354899797147443,0.16,112.84303394704529,40.147487772805135,13.870110546380872,58.82543562785928,0.0,0.0,0.0,9.246740364253915,408.901346053231,0.0,9.246740364253915,1.0,0.5779212727658697,9.246740364253915,0.0,231.1685091063479,231.1685091063479,0.0,0.0,0.0,1.0,1.0,inverse_cost_sensitivity,0.3
5,5,5,0,2024-09-20T16:00:00,proposed,H07,6,6,0,0.5586836338043213,7.3706298270118875,0.09894400797841561,0.0,0.0,184.2657456752972,184.2657456752972,0.0,27.5,27.5,126.31578947368422,0.0,0.95,283.0815351489814,350.0,0.8088043861399469,0.16,102.94625637953794,45.43054562383703,11.05594474051783,46.459766015183085,10.209972367915828,10.209972367915828,1.3972789990326087,13.538897993555434,0.3670823818986013,3.553528849601095,408.901346053231,0.0,-2.961102006444566,184.2657456752972,184.2657456752972,0.0,27.5,27.5,126.31578947368422,0.0,283.0815351489814,350.0,0.8088043861399469,0.16,102.94625637953794,45.43054562383703,11.05594474051783,46.459766015183085,0.0,0.0,0.0,7.3706298270118875,408.901346053231,0.0,7.3706298270118875,1.0,0.6142191522509907,7.3706298270118875,0.0,184.2657456752972,184.2657456752972,0.0,0.0,0.0,1.0,1.0,inverse_cost_sensitivity,0.3
5,5,5,0,2024-09-20T16:00:00,proposed,H08,7,7,0,0.4315682053565979,19.4053092294371,0.09894400797841561,12.76990961038913,0.0,485.1327307359275,400.0,0.0,99.0,0.0,131.57894736842104,0.0,0.95,432.57894736842104,500.0,0.8651578947368421,0.16,172.62728214263916,69.70763157894737,24.0,78.91965056369179,9.990778443638007,9.990778443638007,1.327438019115203,13.538897993555434,0.3670823818986013,3.553528849601095,408.901346053231,1.4210854715202004e-14,-2.961102006444566,485.1327307359275,400.0,0.0,99.0,0.0,131.57894736842104,0.0,432.57894736842104,500.0,0.8651578947368421,0.16,172.62728214263916,69.70763157894737,24.0,78.91965056369179,1.4210854715202004e-14,0.0,0.0,19.4053092294371,408.901346053231,0.0,19.4053092294371,0.8245166212413982,1.2128318268398188,16.0,0.0,485.1327307359275,400.0,85.13273073592751,0.0,0.0,1.0,0.8245166212413982,inverse_cost_sensitivity,0.3
5,5,5,0,2024-09-20T17:00:00,proposed,H01,0,0,1,0.45934993028640747,0.6923098461504571,0.15985911810032694,0.0,0.0,17.307746153761425,156.555181308964,0.0,28.0,28.0,0.0,0.0,0.95,128.555181308964,250.0,0.5142207252358559,0.22,71.91361162024849,28.42213988797208,9.39331087853784,34.09816085373857,9.99252013980483,9.99252013980483,1.6789312978928796,13.538897993555434,0.5033916381185332,5.064902110263765,540.5829092662884,0.0,-2.961102006444566,17.307746153761425,156.555181308964,0.0,28.0,28.0,0.0,0.0,128.555181308964,250.0,0.5142207252358559,0.22,71.91361162024849,28.42213988797208,9.39331087853784,34.09816085373857,0.0,0.0,0.0,0.6923098461504571,540.5829092662884,5.569897406208103,6.26220725235856,1.0,0.78277590654482,6.26220725235856,139.24743515520257,156.555181308964,156.555181308964,0.0,0.0,0.0,1.0,1.0,inverse_cost_sensitivity,0.3
5,5,5,0,2024-09-20T17:00:00,proposed,H02,1,1,1,0.5277293920516968,10.914651211477652,0.15985911810032694,27.2836062467182,12.2836062467182,272.86628028694133,200.00000000000006,0.0,21.0,21.0,11.736842105263195,0.0,0.95,190.73684210526326,250.0,0.762947368421053,0.22,105.54587841033938,42.06710526315791,12.0,51.47877314718147,10.067260241233708,10.067260241233708,1.657489060252099,13.538897993555434,0.5033916381185332,5.064902110263765,540.5829092662884,0.0,-2.961102006444566,272.86628028694133,200.00000000000006,0.0,21.0,21.0,11.736842105263195,0.0,190.73684210526326,250.0,0.762947368421053,0.22,105.54587841033938,42.06710526315791,12.0,51.47877314718147,0.0,0.20472677077863669,0.0,10.914651211477652,540.5829092662884,0.7231629547514409,11.637814166229093,0.6874143104307856,1.4547267707786367,8.0,18.079073868786026,290.9453541557274,200.00000000000006,90.94535415572733,0.0,0.0,1.0,0.6874143104307856,inverse_cost_sensitivity,0.3
5,5,5,0,2024-09-20T17:00:00,proposed,H03,2,2,1,0.5429413318634033,15.203611558899464,0.15985911810032694,16.018057794497317,1.0180577944973157,380.09028897248663,300.0,0.0,21.0,21.0,0.0,0.0,0.95,279.0,350.0,0.7971428571428572,0.22,162.882399559021,61.485,18.0,83.397399559021,10.675990346280438,10.675990346280438,2.1779981622553644,13.538897993555434,0.5033916381185332,5.064902110263765,540.5829092662884,0.0,-2.961102006444566,380.09028897248663,300.0,0.0,21.0,21.0,0.0,0.0,279.0,350.0,0.7971428571428572,0.22,162.882399559021,61.485,18.0,83.397399559021,0.0,0.016967629908288595,0.0,15.203611558899464,540.5829092662884,0.0,15.203611558899464,0.789286147801887,1.2669676299082886,12.0,0.0,380.09028897248663,300.0,80.09028897248663,-5.551115123125783e-17,0.0,1.0,0.789286147801887,inverse_cost_sensitivity,0.3
5,5,5,0,2024-09-20T17:00:00,proposed,H04,3,3,1,0.5057422518730164,9.910895893465915,0.15985911810032694,18.744685078740417,3.7446850787404173,247.77239733664788,200.0,0.0,28.0,28.0,0.0,0.0,0.95,172.0,250.0,0.688,0.22,101.14845037460327,37.980000000000004,12.0,51.16845037460327,14.030611251549793,14.030611251549793,5.409917612182404,13.538897993555434,0.5033916381185332,5.064902110263765,540.5829092662884,0.0,-2.961102006444566,247.77239733664788,200.0,0.0,28.0,28.0,0.0,0.0,172.0,250.0,0.688,0.22,101.14845037460327,37.980000000000004,12.0,51.16845037460327,0.0,0.062411417979006956,0.0,9.910895893465915,540.5829092662884,0.588395450366141,10.499291343832056,0.761956187138259,1.312411417979007,8.0,14.709886259153535,262.4822835958014,200.0,62.48228359580139,0.0,0.0,1.0,0.761956187138259,inverse_cost_sensitivity,0.3
5,5,5,0,2024-09-20T17:00:00,proposed,H05,4,4,1,0.5750619173049927,6.731925228737175,0.15985911810032694,0.0,0.0,168.29813071842938,168.29813071842938,0.0,52.5,52.5,0.0,0.0,0.95,115.79813071842938,500.0,0.23159626143685874,0.22,96.78184572978628,25.738088758054463,10.097887843105763,60.94586912862606,16.875942644324553,16.875942644324553,8.220856349360691,13.538897993555434,0.5033916381185332,5.064902110263765,540.5829092662884,0.0,-2.961102006444566,168.29813071842938,168.29813071842938,0.0,52.5,52.5,0.0,0.0,115.79813071842938,500.0,0.23159626143685874,0.22,96.78184572978628,25.738088758054463,10.097887843105763,60.94586912862606,0.0,0.0,0.0,6.731925228737175,540.5829092662884,0.0,6.731925228737175,1.0,0.42074532679607346,6.731925228737175,0.0,168.29813071842938,168.29813071842938,0.0,0.0,0.0,1.0,1.0,inverse_cost_sensitivity,0.3
5,5,5,0,2024-09-20T17:00:00,proposed,H06,5,5,1,0.4889724850654602,18.299138138188198,0.15985911810032694,8.621768018205742,0.0,457.47845345470495,400.0,0.0,70.0,70.0,0.0,0.0,0.95,330.0,700.0,0.4714285714285714,0.22,195.58899402618408,72.94999999999999,24.0,98.6389940261841,13.041103475186953,13.041103475186953,4.638849125766338,13.538897993555434,0.5033916381185332,5.064902110263765,540.5829092662884,0.0,-2.961102006444566,457.47845345470495,400.0,0.0,70.0,70.0,0.0,0.0,330.0,700.0,0.4714285714285714,0.22,195.58899402618408,72.94999999999999,24.0,98.6389940261841,0.0,0.0,0.0,18.299138138188198,540.5829092662884,0.0,18.299138138188198,0.8743581189001377,1.1436961336367624,16.0,0.0,457.47845345470495,400.0,57.47845345470495,0.0,0.0,1.0,0.8743581189001377,inverse_cost_sensitivity,0.3
5,5,5,0,2024-09-20T17:00:00,proposed,H07,6,6,1,0.5610183477401733,13.57866262840838,0.15985911810032694,7.8933131420419,0.0,339.4665657102095,300.00000000000006,0.0,17.5,17.5,0.0,0.0,0.95,282.50000000000006,350.0,0.8071428571428573,0.22,168.30550432205203,62.23750000000001,18.0,88.06800432205202,10.4445504068698,10.4445504068698,1.9403950062295745,13.538897993555434,0.5033916381185332,5.064902110263765,540.5829092662884,0.0,-2.961102006444566,339.4665657102095,300.00000000000006,0.0,17.5,17.5,0.0,0.0,282.50000000000006,350.0,0.8071428571428573,0.22,168.30550432205203,62.23750000000001,18.0,88.06800432205202,0.0,0.0,0.0,13.57866262840838,540.5829092662884,0.0,13.57866262840838,0.8837394615648226,1.1315552190340317,12.0,0.0,339.4665657102095,300.00000000000006,39.466565710209466,8.326672684688674e-17,0.0,1.0,0.8837394615648226,inverse_cost_sensitivity,0.3
5,5,5,0,2024-09-20T17:00:00,proposed,H08,7,7,1,0.4350769519805908,11.87542903585884,0.15985911810032694,0.0,0.0,296.88572589647094,382.01845663239845,0.0,63.0,63.0,0.0,0.0,0.95,319.01845663239845,500.0,0.638036913264797,0.22,166.20742571195345,70.49906045912766,22.921107397943913,72.78725785488187,9.60733750557138,9.60733750557138,1.2516905192360044,13.538897993555434,0.5033916381185332,5.064902110263765,540.5829092662884,0.0,-2.961102006444566,296.88572589647094,382.01845663239845,0.0,63.0,63.0,0.0,0.0,319.01845663239845,500.0,0.638036913264797,0.22,166.20742571195345,70.49906045912766,22.921107397943913,72.78725785488187,0.0,0.0,0.0,11.87542903585884,540.5829092662884,3.4053092294371012,15.280738265295941,1.0,0.9550461415809963,15.280738265295941,85.13273073592751,382.01845663239845,382.01845663239845,0.0,0.0,0.0,1.0,1.0,inverse_cost_sensitivity,0.3
5,5,5,0,2024-09-20T18:00:00,proposed,H01,0,0,2,0.43118834495544434,24.3619497941472,0.1494212255583772,122.71462345610401,107.71462345610401,609.0487448536799,199.99999999999994,0.0,12.8,12.8,0.0,0.0,0.95,187.19999999999993,250.0,0.7487999999999997,0.3,86.23766899108884,56.223999999999975,11.999999999999998,18.013668991088863,10.291474404704898,10.291474404704898,1.8031902736257734,13.538897993555434,0.48194225094744203,0.18277323887249566,239.1774256751752,0.0,-2.961102006444566,609.0487448536799,199.99999999999994,0.0,12.8,12.8,0.0,0.0,187.19999999999993,250.0,0.7487999999999997,0.3,86.23766899108884,56.223999999999975,11.999999999999998,18.013668991088863,0.0,1.7952437242684,0.0,24.3619497941472,239.1774256751752,0.0,24.3619497941472,0.328380941082226,3.0452437242684,7.999999999999999,0.0,609.0487448536799,199.99999999999994,409.0487448536799,0.0,0.0,1.0,0.328380941082226,inverse_cost_sensitivity,0.3
5,5,5,0,2024-09-20T18:00:00,proposed,H02,1,1,2,0.5329279899597168,0.9906350704851591,0.1494212255583772,0.0,0.0,24.76587676212898,115.71123091785631,0.0,9.6,9.6,0.0,0.0,0.95,106.11123091785632,250.0,0.4244449236714253,0.3,61.6657537088178,31.881369275356892,6.942673855071378,22.84171057838953,10.174872160731203,10.174872160731203,1.6025408988662135,13.538897993555434,0.48194225094744203,0.18277323887249566,239.1774256751752,0.0,-2.961102006444566,24.76587676212898,115.71123091785631,0.0,9.6,9.6,0.0,0.0,106.11123091785632,250.0,0.4244449236714253,0.3,61.6657537088178,31.881369275356892,6.942673855071378,22.84171057838953,0.0,0.0,0.0,0.9906350704851591,239.1774256751752,3.6378141662290933,4.6284492367142525,1.0,0.5785561545892816,4.6284492367142525,90.94535415572733,115.71123091785631,115.71123091785631,0.0,0.0,0.0,1.0,1.0,inverse_cost_sensitivity,0.3
5,5,5,0,2024-09-20T18:00:00,proposed,H03,2,2,2,0.5557876825332642,2.2500952724533776,0.1494212255583772,0.0,0.0,56.25238181133444,136.34267078382106,0.0,9.6,9.6,0.0,0.0,0.95,126.74267078382107,350.0,0.36212191652520304,0.3,75.77757702533569,38.07080123514632,8.180560247029263,29.526215543160106,10.572909320906899,10.572909320906899,1.9237702075322176,13.538897993555434,0.48194225094744203,0.18277323887249566,239.1774256751752,0.0,-2.961102006444566,56.25238181133444,136.34267078382106,0.0,9.6,9.6,0.0,0.0,126.74267078382107,350.0,0.36212191652520304,0.3,75.77757702533569,38.07080123514632,8.180560247029263,29.526215543160106,0.0,0.0,0.0,2.2500952724533776,239.1774256751752,3.203611558899463,5.453706831352841,1.0,0.4544755692794034,5.453706831352841,80.09028897248663,136.34267078382106,136.34267078382106,0.0,0.0,0.0,1.0,1.0,inverse_cost_sensitivity,0.3
5,5,5,0,2024-09-20T18:00:00,proposed,H04,3,3,2,0.5031567811965942,1.9368082900234735,0.1494212255583772,0.0,0.0,48.42020725058684,110.90249084638823,0.0,12.8,12.8,0.0,0.0,0.95,98.10249084638824,250.0,0.39240996338555295,0.3,55.80134032095346,29.49474725391647,6.654149450783294,19.652443616253695,13.809436457822386,13.809436457822386,5.043297893907568,13.538897993555434,0.48194225094744203,0.18277323887249566,239.1774256751752,0.0,-2.961102006444566,48.42020725058684,110.90249084638823,0.0,12.8,12.8,0.0,0.0,98.10249084638824,250.0,0.39240996338555295,0.3,55.80134032095346,29.49474725391647,6.654149450783294,19.652443616253695,0.0,0.0,0.0,1.9368082900234735,239.1774256751752,2.4992913438320556,4.436099633855529,1.0,0.5545124542319412,4.436099633855529,62.48228359580139,110.90249084638823,110.90249084638823,0.0,0.0,0.0,1.0,1.0,inverse_cost_sensitivity,0.3
5,5,5,0,2024-09-20T18:00:00,proposed,H05,4,4,2,0.5853873491287231,4.294783474023554,0.1494212255583772,0.0,0.0,107.36958685058886,107.36958685058886,0.0,24.0,24.0,0.0,0.0,0.95,83.36958685058886,500.0,0.16673917370117772,0.3,62.852797823512425,25.130876055176657,6.442175211035332,31.279746557300435,16.77003797875534,16.77003797875534,7.961219406416608,13.538897993555434,0.48194225094744203,0.18277323887249566,239.1774256751752,0.0,-2.961102006444566,107.36958685058886,107.36958685058886,0.0,24.0,24.0,0.0,0.0,83.36958685058886,500.0,0.16673917370117772,0.3,62.852797823512425,25.130876055176657,6.442175211035332,31.279746557300435,0.0,0.0,0.0,4.294783474023554,239.1774256751752,0.0,4.294783474023554,1.0,0.26842396712647215,4.294783474023554,0.0,107.36958685058886,107.36958685058886,0.0,0.0,0.0,1.0,1.0,inverse_cost_sensitivity,0.3
5,5,5,0,2024-09-20T18:00:00,proposed,H06,5,5,2,0.500372052192688,5.20657080884892,0.1494212255583772,0.0,0.0,130.164270221223,187.64272367592795,0.0,32.0,32.0,0.0,0.0,0.95,155.64272367592795,700.0,0.2223467481084685,0.3,93.89117472474955,46.85281710277838,11.258563420555678,35.779794201415484,13.21180407568593,13.21180407568593,4.631519220362613,13.538897993555434,0.48194225094744203,0.18277323887249566,239.1774256751752,0.0,-2.961102006444566,130.164270221223,187.64272367592795,0.0,32.0,32.0,0.0,0.0,155.64272367592795,700.0,0.2223467481084685,0.3,93.89117472474955,46.85281710277838,11.258563420555678,35.779794201415484,0.0,0.0,0.0,5.20657080884892,239.1774256751752,2.299138138188198,7.505708947037118,1.0,0.4691068091898199,7.505708947037118,57.47845345470495,187.64272367592795,187.64272367592795,0.0,0.0,0.0,1.0,1.0,inverse_cost_sensitivity,0.3
5,5,5,0,2024-09-20T18:00:00,proposed,H07,6,6,2,0.5568141937255859,4.712086863675405,0.1494212255583772,0.0,0.0,117.80217159188514,157.26873730209462,0.0,8.0,8.0,0.0,0.0,0.95,149.26873730209462,350.0,0.4264821065774132,0.3,87.5694651591068,44.82062119062839,9.436124238125679,33.31271973035273,10.416190474517466,10.416190474517466,1.7563382438597797,13.538897993555434,0.48194225094744203,0.18277323887249566,239.1774256751752,0.0,-2.961102006444566,117.80217159188514,157.26873730209462,0.0,8.0,8.0,0.0,0.0,149.26873730209462,350.0,0.4264821065774132,0.3,87.5694651591068,44.82062119062839,9.436124238125679,33.31271973035273,0.0,0.0,0.0,4.712086863675405,239.1774256751752,1.57866262840838,6.290749492083785,1.0,0.5242291243403154,6.290749492083785,39.466565710209466,157.26873730209462,157.26873730209462,0.0,0.0,0.0,1.0,1.0,inverse_cost_sensitivity,0.3
5,5,5,0,2024-09-20T18:00:00,proposed,H08,7,7,2,0.4606878161430359,20.729447316762347,0.1494212255583772,17.7354274378588,2.7354274378587995,518.2361829190586,399.99999999999994,0.0,28.8,28.8,0.0,0.0,0.95,371.19999999999993,500.0,0.7423999999999998,0.3,184.27512645721433,111.50399999999998,24.0,48.77112645721435,9.815020752714844,9.815020752714844,1.289903254895371,13.538897993555434,0.48194225094744203,0.18277323887249566,239.1774256751752,0.0,-2.961102006444566,518.2361829190586,399.99999999999994,0.0,28.8,28.8,0.0,0.0,371.19999999999993,500.0,0.7423999999999998,0.3,184.27512645721433,111.50399999999998,24.0,48.77112645721435,0.0,0.04559045729764666,0.0,20.729447316762347,239.1774256751752,0.0,20.729447316762347,0.7718488464987681,1.2955904572976467,16.0,0.0,518.2361829190586,399.99999999999994,118.23618291905865,0.0,0.0,1.0,0.7718488464987681,inverse_cost_sensitivity,0.3
5,5,5,0,2024-09-20T19:00:00,proposed,H01,0,0,3,0.48256248235702515,0.00018695644408439264,0.15504974827814805,62.71602562943463,47.71602562943463,0.0046739111021098165,199.99999999999994,0.0,3.2,3.2,0.0,0.0,0.95,196.79999999999995,250.0,0.7871999999999998,0.34,96.512496471405,66.928,12.0,17.584496471405004,10.026213031755406,10.026213031755406,1.6449616773353366,13.538897993555434,0.4940144844257107,0.7064267941539997,166.07473067426923,0.0,-2.961102006444566,0.0046739111021098165,199.99999999999994,0.0,3.2,3.2,0.0,0.0,196.79999999999995,250.0,0.7871999999999998,0.34,96.512496471405,66.928,12.0,17.584496471405004,0.0,0.7952670938239106,0.0,0.00018695644408439264,166.07473067426923,16.3619497941472,16.362136750591286,0.48893369624911004,2.045267093823911,8.0,409.0487448536799,409.053418764782,199.99999999999994,209.05341876478207,-2.220446049250313e-16,0.0,1.0,0.48893369624911004,inverse_cost_sensitivity,0.3
5,5,5,0,2024-09-20T19:00:00,proposed,H02,1,1,3,0.5168342590332031,9.142390766455259,0.15504974827814805,8.567930748414444,0.0,228.55976916138147,200.0,0.0,2.4,2.4,0.0,0.0,0.95,197.6,250.0,0.7904,0.34,103.36685180664062,67.196,12.0,24.170851806640627,9.972041275462677,9.972041275462677,1.5014735800384686,13.538897993555434,0.4940144844257107,0.7064267941539997,166.07473067426923,0.0,-2.961102006444566,228.55976916138147,200.0,0.0,2.4,2.4,0.0,0.0,197.6,250.0,0.7904,0.34,103.36685180664062,67.196,12.0,24.170851806640627,0.0,0.0,0.0,9.142390766455259,166.07473067426923,0.0,9.142390766455259,0.875044635955963,1.1427988458069074,8.0,0.0,228.55976916138147,200.0,28.559769161381467,0.0,0.0,1.0,0.875044635955963,inverse_cost_sensitivity,0.3
5,5,5,0,2024-09-20T19:00:00,proposed,H03,2,2,3,0.555698037147522,6.528912614920561,0.15504974827814805,0.0,0.0,163.22281537301401,163.22281537301401,0.0,2.4,2.4,0.0,0.0,0.95,160.822815373014,350.0,0.45949375820861144,0.34,90.70259812047627,54.69175722682477,9.793368922380841,26.217471971270655,10.61129896940697,10.61129896940697,2.057884417152401,13.538897993555434,0.4940144844257107,0.7064267941539997,166.07473067426923,0.0,-2.961102006444566,163.22281537301401,163.22281537301401,0.0,2.4,2.4,0.0,0.0,160.822815373014,350.0,0.45949375820861144,0.34,90.70259812047627,54.69175722682477,9.793368922380841,26.217471971270655,0.0,0.0,0.0,6.528912614920561,166.07473067426923,0.0,6.528912614920561,1.0,0.5440760512433801,6.528912614920561,0.0,163.22281537301401,163.22281537301401,0.0,0.0,0.0,1.0,1.0,inverse_cost_sensitivity,0.3
5,5,5,0,2024-09-20T19:00:00,proposed,H04,3,3,3,0.5042228698730469,7.002239236513457,0.15504974827814805,0.0,0.0,175.05598091283645,175.05598091283645,0.0,3.2,3.2,0.0,0.0,0.95,171.85598091283646,250.0,0.6874239236513459,0.34,88.26722908431171,58.4470335103644,10.503358854770186,19.316836719177125,14.035513295322824,14.035513295322824,5.358248336263026,13.538897993555434,0.4940144844257107,0.7064267941539997,166.07473067426923,0.0,-2.961102006444566,175.05598091283645,175.05598091283645,0.0,3.2,3.2,0.0,0.0,171.85598091283646,250.0,0.6874239236513459,0.34,88.26722908431171,58.4470335103644,10.503358854770186,19.316836719177125,0.0,0.0,0.0,7.002239236513457,166.07473067426923,0.0,7.002239236513457,1.0,0.8752799045641821,7.002239236513457,0.0,175.05598091283645,175.05598091283645,0.0,0.0,0.0,1.0,1.0,inverse_cost_sensitivity,0.3
5,5,5,0,2024-09-20T19:00:00,proposed,H05,4,4,3,0.5893666744232178,2.816112056040638,0.15504974827814805,0.0,0.0,70.40280140101595,70.40280140101595,0.0,6.0,6.0,0.0,0.0,0.95,64.40280140101595,500.0,0.1288056028020319,0.34,41.493064931795026,21.926952476345427,4.224168084060957,15.341944371388642,16.975003950941858,16.975003950941858,8.260826230892173,13.538897993555434,0.4940144844257107,0.7064267941539997,166.07473067426923,0.0,-2.961102006444566,70.40280140101595,70.40280140101595,0.0,6.0,6.0,0.0,0.0,64.40280140101595,500.0,0.1288056028020319,0.34,41.493064931795026,21.926952476345427,4.224168084060957,15.341944371388642,0.0,0.0,0.0,2.816112056040638,166.07473067426923,0.0,2.816112056040638,1.0,0.17600700350253987,2.816112056040638,0.0,70.40280140101595,70.40280140101595,0.0,0.0,0.0,1.0,1.0,inverse_cost_sensitivity,0.3
5,5,5,0,2024-09-20T19:00:00,proposed,H06,5,5,3,0.5015708804130554,7.72880470137786,0.15504974827814805,0.0,0.0,193.2201175344465,193.2201175344465,0.0,8.0,8.0,0.0,0.0,0.95,185.2201175344465,700.0,0.26460016790635216,0.34,96.91358446526638,63.014839961711814,11.59320705206679,22.30553745148778,13.17411750687143,13.17411750687143,4.696349417639842,13.538897993555434,0.4940144844257107,0.7064267941539997,166.07473067426923,0.0,-2.961102006444566,193.2201175344465,193.2201175344465,0.0,8.0,8.0,0.0,0.0,185.2201175344465,700.0,0.26460016790635216,0.34,96.91358446526638,63.014839961711814,11.59320705206679,22.30553745148778,0.0,0.0,0.0,7.72880470137786,166.07473067426923,0.0,7.72880470137786,1.0,0.48305029383611625,7.72880470137786,0.0,193.2201175344465,193.2201175344465,0.0,0.0,0.0,1.0,1.0,inverse_cost_sensitivity,0.3
5,5,5,0,2024-09-20T19:00:00,proposed,H07,6,6,3,0.5598176121711731,6.432086851055862,0.15504974827814805,0.0,0.0,160.80217127639654,160.80217127639654,0.0,2.0,2.0,0.0,0.0,0.95,158.80217127639654,350.0,0.45372048936113296,0.34,90.01988755589231,54.002738233974824,9.648130276583792,26.369019045333694,10.449914848054844,10.449914848054844,1.8905787968871335,13.538897993555434,0.4940144844257107,0.7064267941539997,166.07473067426923,0.0,-2.961102006444566,160.80217127639654,160.80217127639654,0.0,2.0,2.0,0.0,0.0,158.80217127639654,350.0,0.45372048936113296,0.34,90.01988755589231,54.002738233974824,9.648130276583792,26.369019045333694,0.0,0.0,0.0,6.432086851055862,166.07473067426923,0.0,6.432086851055862,1.0,0.5360072375879885,6.432086851055862,0.0,160.80217127639654,160.80217127639654,0.0,0.0,0.0,1.0,1.0,inverse_cost_sensitivity,0.3
5,5,5,0,2024-09-20T19:00:00,proposed,H08,7,7,3,0.4654640853404999,2.820691219991175,0.15504974827814805,0.0,0.0,70.51728049977937,188.753463418838,0.0,7.2,7.2,0.0,0.0,0.95,181.55346341883802,500.0,0.36310692683767604,0.34,87.85795820510094,61.76417756240493,11.325207805130283,14.768572837565728,9.685030143210433,9.685030143210433,1.2663653460909159,13.538897993555434,0.4940144844257107,0.7064267941539997,166.07473067426923,0.0,-2.961102006444566,70.51728049977937,188.753463418838,0.0,7.2,7.2,0.0,0.0,181.55346341883802,500.0,0.36310692683767604,0.34,87.85795820510094,61.76417756240493,11.325207805130283,14.768572837565728,0.0,0.0,0.0,2.820691219991175,166.07473067426923,4.7294473167623465,7.550138536753522,1.0,0.47188365854709513,7.550138536753522,118.23618291905865,188.753463418838,188.753463418838,0.0,0.0,0.0,1.0,1.0,inverse_cost_sensitivity,0.3
5,5,5,0,2024-09-20T20:00:00,proposed,H01,0,0,4,0.4579015076160431,0.03151936893061839,0.13970557682123785,2.952420896414276,0.0,0.7879842232654597,199.99999999999994,0.0,0.0,0.0,0.0,0.0,0.95,199.99999999999994,250.0,0.7999999999999998,0.27,91.58030152320859,53.999999999999986,12.0,25.580301523208604,10.052604253360553,10.052604253360553,1.6308315498150043,13.538897993555434,0.4625064077582511,1.7217320449467957,172.17320449467957,0.0,-2.961102006444566,0.7879842232654597,199.99999999999994,0.0,0.0,0.0,0.0,0.0,199.99999999999994,250.0,0.7999999999999998,0.27,91.58030152320859,53.999999999999986,12.0,25.580301523208604,0.0,0.0,0.0,0.03151936893061839,172.17320449467957,8.362136750591285,8.393656119521903,0.9531007568196247,1.049207014940238,8.0,209.05341876478207,209.84140298804752,199.99999999999994,9.841402988047577,0.0,0.0,1.0,0.9531007568196247,inverse_cost_sensitivity,0.3
5,5,5,0,2024-09-20T20:00:00,proposed,H02,1,1,4,0.5196044445037842,2.6274707218871183,0.13970557682123785,0.0,0.0,65.68676804717796,94.24653720855943,0.0,0.0,0.0,0.0,0.0,0.95,94.24653720855943,250.0,0.3769861488342377,0.27,48.97091961265875,25.446565046311047,5.654792232513566,17.869562333834132,9.971239101975149,9.971239101975149,1.4622656491150556,13.538897993555434,0.4625064077582511,1.7217320449467957,172.17320449467957,0.0,-2.961102006444566,65.68676804717796,94.24653720855943,0.0,0.0,0.0,0.0,0.0,94.24653720855943,250.0,0.3769861488342377,0.27,48.97091961265875,25.446565046311047,5.654792232513566,17.869562333834132,0.0,0.0,0.0,2.6274707218871183,172.17320449467957,1.142390766455259,3.7698614883423773,1.0,0.47123268604279717,3.7698614883423773,28.559769161381467,94.24653720855943,94.24653720855943,0.0,0.0,0.0,1.0,1.0,inverse_cost_sensitivity,0.3
5,5,5,0,2024-09-20T20:00:00,proposed,H03,2,2,4,0.5497788786888123,4.318285001544335,0.13970557682123785,0.0,0.0,107.95712503860837,107.95712503860837,0.0,0.0,0.0,0.0,0.0,0.95,107.95712503860837,350.0,0.3084489286817382,0.27,59.352547150194006,29.14842376042426,6.477427502316502,23.726695887453243,10.641927578647143,10.641927578647143,2.0403847857814323,13.538897993555434,0.4625064077582511,1.7217320449467957,172.17320449467957,0.0,-2.961102006444566,107.95712503860837,107.95712503860837,0.0,0.0,0.0,0.0,0.0,107.95712503860837,350.0,0.3084489286817382,0.27,59.352547150194006,29.14842376042426,6.477427502316502,23.726695887453243,0.0,0.0,0.0,4.318285001544335,172.17320449467957,0.0,4.318285001544335,1.0,0.3598570834620279,4.318285001544335,0.0,107.95712503860837,107.95712503860837,0.0,0.0,0.0,1.0,1.0,inverse_cost_sensitivity,0.3
5,5,5,0,2024-09-20T20:00:00,proposed,H04,3,3,4,0.5094801783561707,4.271223285835131,0.13970557682123785,0.0,0.0,106.7805821458783,106.7805821458783,0.0,0.0,0.0,0.0,0.0,0.95,106.7805821458783,250.0,0.4271223285835132,0.27,54.402590036657806,28.83075717938714,6.406834928752696,19.16499792851797,14.03387535718897,14.03387535718897,5.288015868289634,13.538897993555434,0.4625064077582511,1.7217320449467957,172.17320449467957,0.0,-2.961102006444566,106.7805821458783,106.7805821458783,0.0,0.0,0.0,0.0,0.0,106.7805821458783,250.0,0.4271223285835132,0.27,54.402590036657806,28.83075717938714,6.406834928752696,19.16499792851797,0.0,0.0,0.0,4.271223285835131,172.17320449467957,0.0,4.271223285835131,1.0,0.5339029107293913,4.271223285835131,0.0,106.7805821458783,106.7805821458783,0.0,0.0,0.0,1.0,1.0,inverse_cost_sensitivity,0.3
5,5,5,0,2024-09-20T20:00:00,proposed,H05,4,4,4,0.5823968648910522,1.9021333114566308,0.13970557682123785,0.0,0.0,47.55333278641577,47.55333278641577,0.0,0.0,0.0,0.0,0.0,0.95,47.55333278641577,500.0,0.09510666557283154,0.27,27.694911929929432,12.83939985233226,2.8531999671849464,12.002312110412227,16.835737638294006,16.835737638294006,8.039897722009341,13.538897993555434,0.4625064077582511,1.7217320449467957,172.17320449467957,0.0,-2.961102006444566,47.55333278641577,47.55333278641577,0.0,0.0,0.0,0.0,0.0,47.55333278641577,500.0,0.09510666557283154,0.27,27.694911929929432,12.83939985233226,2.8531999671849464,12.002312110412227,0.0,0.0,0.0,1.9021333114566308,172.17320449467957,0.0,1.9021333114566308,1.0,0.11888333196603942,1.9021333114566308,0.0,47.55333278641577,47.55333278641577,0.0,0.0,0.0,1.0,1.0,inverse_cost_sensitivity,0.3
5,5,5,0,2024-09-20T20:00:00,proposed,H06,5,5,4,0.49592161178588867,5.060050732198426,0.13970557682123785,0.0,0.0,126.50126830496065,126.50126830496065,0.0,0.0,0.0,0.0,0.0,0.95,126.50126830496065,700.0,0.1807160975785152,0.27,62.73471287075524,34.155342442339375,7.590076098297638,20.989294330118227,13.289065154882207,13.289065154882207,4.751859625378913,13.538897993555434,0.4625064077582511,1.7217320449467957,172.17320449467957,0.0,-2.961102006444566,126.50126830496065,126.50126830496065,0.0,0.0,0.0,0.0,0.0,126.50126830496065,700.0,0.1807160975785152,0.27,62.73471287075524,34.155342442339375,7.590076098297638,20.989294330118227,0.0,0.0,0.0,5.060050732198426,172.17320449467957,0.0,5.060050732198426,1.0,0.3162531707624016,5.060050732198426,0.0,126.50126830496065,126.50126830496065,0.0,0.0,0.0,1.0,1.0,inverse_cost_sensitivity,0.3
5,5,5,0,2024-09-20T20:00:00,proposed,H07,6,6,4,0.5639673471450806,3.9660389818647626,0.13970557682123785,0.0,0.0,99.15097454661905,99.15097454661905,0.0,0.0,0.0,0.0,0.0,0.95,99.15097454661905,350.0,0.28328849870462586,0.27,55.91791208190615,26.770763127587145,5.949058472797144,23.198090481521863,10.421542263625811,10.421542263625811,1.8062032502509129,13.538897993555434,0.4625064077582511,1.7217320449467957,172.17320449467957,0.0,-2.961102006444566,99.15097454661905,99.15097454661905,0.0,0.0,0.0,0.0,0.0,99.15097454661905,350.0,0.28328849870462586,0.27,55.91791208190615,26.770763127587145,5.949058472797144,23.198090481521863,0.0,0.0,0.0,3.9660389818647626,172.17320449467957,0.0,3.9660389818647626,1.0,0.3305032484887302,3.9660389818647626,0.0,99.15097454661905,99.15097454661905,0.0,0.0,0.0,1.0,1.0,inverse_cost_sensitivity,0.3
5,5,5,0,2024-09-20T20:00:00,proposed,H08,7,7,4,0.47346124053001404,8.264796760463478,0.13970557682123785,0.0,0.0,206.61991901158694,206.61991901158694,0.0,0.0,0.0,0.0,0.0,0.95,206.61991901158694,500.0,0.4132398380231739,0.27,97.82652317343698,55.78737813312848,12.397195140695217,29.641949899613287,9.743605342747369,9.743605342747369,1.2804802429759095,13.538897993555434,0.4625064077582511,1.7217320449467957,172.17320449467957,0.0,-2.961102006444566,206.61991901158694,206.61991901158694,0.0,0.0,0.0,0.0,0.0,206.61991901158694,500.0,0.4132398380231739,0.27,97.82652317343698,55.78737813312848,12.397195140695217,29.641949899613287,0.0,0.0,0.0,8.264796760463478,172.17320449467957,0.0,8.264796760463478,1.0,0.5165497975289673,8.264796760463478,0.0,206.61991901158694,206.61991901158694,0.0,0.0,0.0,1.0,1.0,inverse_cost_sensitivity,0.3
5,5,5,0,2024-09-20T21:00:00,proposed,H01,0,0,5,0.43494391441345215,5.042848384382581,0.10405781358641154,0.0,0.0,126.0712096095645,135.91261259761208,0.0,0.0,0.0,0.0,100.0,0.42368421052631583,35.91261259761208,250.0,0.14365045039044833,0.2,59.11436374136447,10.182522519522417,8.154756755856727,40.777084465985325,10.198765705849688,10.198765705849688,1.7610250621533585,13.538897993555434,0.38006154619674315,2.7086709198563637,270.86709198563636,1.4210854715202004e-14,-2.961102006444566,126.0712096095645,135.91261259761208,0.0,0.0,0.0,0.0,100.0,35.91261259761208,250.0,0.14365045039044833,0.2,59.11436374136447,10.182522519522417,8.154756755856727,40.777084465985325,1.4210854715202004e-14,0.0,0.0,5.042848384382581,270.86709198563636,0.3936561195219035,5.436504503904485,1.0,0.6795630629880606,5.436504503904485,9.841402988047577,135.91261259761208,135.91261259761208,0.0,0.0,0.0,1.0,1.0,inverse_cost_sensitivity,0.3
5,5,5,0,2024-09-20T21:00:00,proposed,H02,1,1,5,0.5103302001953125,3.803645888530494,0.10405781358641154,0.0,0.0,95.09114721326236,95.09114721326236,0.0,0.0,0.0,0.0,95.09114721326236,0.449520277824935,0.0,250.0,0.0,0.2,48.52788419414611,2.8527344163978707,5.7054688327957415,39.9696809449525,10.065790359494502,10.065790359494502,1.5476625334216825,13.538897993555434,0.38006154619674315,2.7086709198563637,270.86709198563636,0.0,-2.961102006444566,95.09114721326236,95.09114721326236,0.0,0.0,0.0,0.0,95.09114721326236,0.0,250.0,0.0,0.2,48.52788419414611,2.8527344163978707,5.7054688327957415,39.9696809449525,0.0,0.0,0.0,3.803645888530494,270.86709198563636,0.0,3.803645888530494,1.0,0.47545573606631175,3.803645888530494,0.0,95.09114721326236,95.09114721326236,0.0,0.0,0.0,1.0,1.0,inverse_cost_sensitivity,0.3
5,5,5,0,2024-09-20T21:00:00,proposed,H03,2,2,5,0.5420410633087158,2.9220317463172787,0.10405781358641154,0.0,0.0,73.05079365793196,73.05079365793196,0.0,0.0,0.0,0.0,73.05079365793196,0.6936814257616423,0.0,350.0,0.0,0.2,39.596529869891036,2.1915238097379586,4.383047619475918,33.02195844067716,10.513268104396097,10.513268104396097,1.9002339417771694,13.538897993555434,0.38006154619674315,2.7086709198563637,270.86709198563636,1.4210854715202004e-14,-2.961102006444566,73.05079365793196,73.05079365793196,0.0,0.0,0.0,0.0,73.05079365793196,0.0,350.0,0.0,0.2,39.596529869891036,2.1915238097379586,4.383047619475918,33.02195844067716,1.4210854715202004e-14,0.0,0.0,2.9220317463172787,270.86709198563636,0.0,2.9220317463172787,1.0,0.24350264552643988,2.9220317463172787,0.0,73.05079365793196,73.05079365793196,0.0,0.0,0.0,1.0,1.0,inverse_cost_sensitivity,0.3
5,5,5,0,2024-09-20T21:00:00,proposed,H04,3,3,5,0.5130913257598877,2.6582559088993354,0.10405781358641154,0.0,0.0,66.45639772248339,66.45639772248339,0.0,0.0,0.0,0.0,66.45639772248339,0.6701835885369121,0.0,250.0,0.0,0.2,34.09820121265538,1.9936919316745016,3.9873838633490033,28.117125417631875,13.879022941296222,13.879022941296222,5.117569656618168,13.538897993555434,0.38006154619674315,2.7086709198563637,270.86709198563636,1.4210854715202004e-14,-2.961102006444566,66.45639772248339,66.45639772248339,0.0,0.0,0.0,0.0,66.45639772248339,0.0,250.0,0.0,0.2,34.09820121265538,1.9936919316745016,3.9873838633490033,28.117125417631875,1.4210854715202004e-14,0.0,0.0,2.6582559088993354,270.86709198563636,0.0,2.6582559088993354,1.0,0.3322819886124169,2.6582559088993354,0.0,66.45639772248339,66.45639772248339,0.0,0.0,0.0,1.0,1.0,inverse_cost_sensitivity,0.3
5,5,5,0,2024-09-20T21:00:00,proposed,H05,4,4,5,0.5760139226913452,1.2674139394517772,0.10405781358641154,0.0,0.0,31.68534848629443,31.68534848629443,0.0,0.0,0.0,0.0,31.68534848629443,0.8832940031867486,0.0,500.0,0.0,0.2,18.25120187343273,0.9505604545888329,1.9011209091776657,15.399520509666234,16.767667618172123,16.767667618172123,7.949967265381051,13.538897993555434,0.38006154619674315,2.7086709198563637,270.86709198563636,0.0,-2.961102006444566,31.68534848629443,31.68534848629443,0.0,0.0,0.0,0.0,31.68534848629443,0.0,500.0,0.0,0.2,18.25120187343273,0.9505604545888329,1.9011209091776657,15.399520509666234,0.0,0.0,0.0,1.2674139394517772,270.86709198563636,0.0,1.2674139394517772,1.0,0.07921337121573607,1.2674139394517772,0.0,31.68534848629443,31.68534848629443,0.0,0.0,0.0,1.0,1.0,inverse_cost_sensitivity,0.3
5,5,5,0,2024-09-20T21:00:00,proposed,H06,5,5,5,0.4905526041984558,3.2783396988572138,0.10405781358641154,0.0,0.0,81.95849247143033,81.95849247143033,0.0,0.0,0.0,0.0,81.95849247143033,0.8062131711027537,0.0,700.0,0.0,0.2,40.20495191803968,2.45875477414291,4.917509548285821,32.82868759561095,13.45196995598672,13.45196995598672,4.8857994263022295,13.538897993555434,0.38006154619674315,2.7086709198563637,270.86709198563636,2.842170943040401e-14,-2.961102006444566,81.95849247143033,81.95849247143033,0.0,0.0,0.0,0.0,81.95849247143033,0.0,700.0,0.0,0.2,40.20495191803968,2.45875477414291,4.917509548285821,32.82868759561095,2.842170943040401e-14,0.0,0.0,3.2783396988572138,270.86709198563636,0.0,3.2783396988572138,1.0,0.20489623117857586,3.2783396988572138,0.0,81.95849247143033,81.95849247143033,0.0,0.0,0.0,1.0,1.0,inverse_cost_sensitivity,0.3
5,5,5,0,2024-09-20T21:00:00,proposed,H07,6,6,5,0.5671495795249939,2.4702879718648973,0.10405781358641154,0.0,0.0,61.75719929662244,61.75719929662244,0.0,0.0,0.0,0.0,61.75719929662244,0.73330807264343,0.0,350.0,0.0,0.2,35.02556961372066,1.8527159788986731,3.7054319577973462,29.467421677024646,10.307379120258659,10.307379120258659,1.6771908564434452,13.538897993555434,0.38006154619674315,2.7086709198563637,270.86709198563636,1.4210854715202004e-14,-2.961102006444566,61.75719929662244,61.75719929662244,0.0,0.0,0.0,0.0,61.75719929662244,0.0,350.0,0.0,0.2,35.02556961372066,1.8527159788986731,3.7054319577973462,29.467421677024646,1.4210854715202004e-14,0.0,0.0,2.4702879718648973,270.86709198563636,0.0,2.4702879718648973,1.0,0.20585733098874145,2.4702879718648973,0.0,61.75719929662244,61.75719929662244,0.0,0.0,0.0,1.0,1.0,inverse_cost_sensitivity,0.3
5,5,5,0,2024-09-20T21:00:00,proposed,H08,7,7,5,0.46741631627082825,5.435442054104081,0.10405781358641154,0.0,0.0,135.886051352602,135.886051352602,0.0,0.0,0.0,0.0,135.886051352602,0.6639241024155746,0.0,500.0,0.0,0.2,63.51535755582183,4.0765815405780605,8.153163081156123,51.285612934087645,9.796200297629163,9.796200297629163,1.3138742930921414,13.538897993555434,0.38006154619674315,2.7086709198563637,270.86709198563636,0.0,-2.961102006444566,135.886051352602,135.886051352602,0.0,0.0,0.0,0.0,135.886051352602,0.0,500.0,0.0,0.2,63.51535755582183,4.0765815405780605,8.153163081156123,51.285612934087645,0.0,0.0,0.0,5.435442054104081,270.86709198563636,0.0,5.435442054104081,1.0,0.3397151283815051,5.435442054104081,0.0,135.886051352602,135.886051352602,0.0,0.0,0.0,1.0,1.0,inverse_cost_sensitivity,0.3
5,5,5,0,2024-09-20T16:00:00,proposed,H01,0,0,0,0.46856242418289185,15.766740231793182,0.07875436541553546,58.25055173844887,43.25055173844887,394.1685057948296,200.00000000000003,0.0,44.0,44.0,84.21052631578947,0.0,0.95,240.21052631578948,250.0,0.9608421052631579,0.16,93.71248483657838,38.653684210526315,12.0,43.05880062605207,10.426646093807662,10.426646093807662,1.8766891932775056,13.538897993555434,0.4254669677134717,1.6868931375683542,329.9456127502318,0.0,-2.961102006444566,394.1685057948296,200.00000000000003,0.0,44.0,44.0,84.21052631578947,0.0,240.21052631578948,250.0,0.9608421052631579,0.16,93.71248483657838,38.653684210526315,12.0,43.05880062605207,0.0,0.7208425289741478,0.0,15.766740231793182,329.9456127502318,0.0,15.766740231793182,0.507397209720512,1.9708425289741478,8.0,0.0,394.1685057948296,200.00000000000003,194.1685057948296,0.0,0.0,1.0,0.507397209720512,inverse_cost_sensitivity,0.55
5,5,5,0,2024-09-20T16:00:00,proposed,H02,1,1,0,0.5294427871704102,7.023272993604092,0.07875436541553546,0.0,0.0,175.58182484010229,175.58182484010229,0.0,33.0,33.0,94.73684210526316,0.0,0.95,237.31866694536546,250.0,0.9492746677814619,0.16,92.9605307198105,38.135986711258475,10.534909490406138,44.289634518145895,10.350403269747982,10.350403269747982,1.6703588060311936,13.538897993555434,0.4254669677134717,1.6868931375683542,329.9456127502318,0.0,-2.961102006444566,175.58182484010229,175.58182484010229,0.0,33.0,33.0,94.73684210526316,0.0,237.31866694536546,250.0,0.9492746677814619,0.16,92.9605307198105,38.135986711258475,10.534909490406138,44.289634518145895,0.0,0.0,0.0,7.023272993604092,329.9456127502318,0.0,7.023272993604092,1.0,0.8779091242005115,7.023272993604092,0.0,175.58182484010229,175.58182484010229,0.0,0.0,0.0,1.0,1.0,inverse_cost_sensitivity,0.55
5,5,5,0,2024-09-20T16:00:00,proposed,H03,2,2,0,0.5401561260223389,6.191500701917184,0.07875436541553546,0.0,0.0,154.78751754792958,154.78751754792958,0.0,33.0,33.0,110.52631578947368,0.0,0.95,232.31383333740325,350.0,0.6637538095354378,0.16,83.60942583530444,37.33521333398452,9.287251052875776,36.98696144844414,10.524391604555804,10.524391604555804,1.6825276633007913,13.538897993555434,0.4254669677134717,1.6868931375683542,329.9456127502318,0.0,-2.961102006444566,154.78751754792958,154.78751754792958,0.0,33.0,33.0,110.52631578947368,0.0,232.31383333740325,350.0,0.6637538095354378,0.16,83.60942583530444,37.33521333398452,9.287251052875776,36.98696144844414,0.0,0.0,0.0,6.191500701917184,329.9456127502318,0.0,6.191500701917184,1.0,0.515958391826432,6.191500701917184,0.0,154.78751754792958,154.78751754792958,0.0,0.0,0.0,1.0,1.0,inverse_cost_sensitivity,0.55
5,5,5,0,2024-09-20T16:00:00,proposed,H04,3,3,0,0.497302770614624,7.079087792731841,0.07875436541553546,0.0,0.0,176.97719481829603,176.97719481829603,0.0,44.0,44.0,78.94736842105263,0.0,0.95,211.92456323934866,250.0,0.8476982529573946,0.16,88.0112493187427,34.12793011829579,10.618631689097763,43.26468751134915,13.1499188398441,13.1499188398441,4.044716950072058,13.538897993555434,0.4254669677134717,1.6868931375683542,329.9456127502318,0.0,-2.961102006444566,176.97719481829603,176.97719481829603,0.0,44.0,44.0,78.94736842105263,0.0,211.92456323934866,250.0,0.8476982529573946,0.16,88.0112493187427,34.12793011829579,10.618631689097763,43.26468751134915,0.0,0.0,0.0,7.079087792731841,329.9456127502318,0.0,7.079087792731841,1.0,0.8848859740914802,7.079087792731841,0.0,176.97719481829603,176.97719481829603,0.0,0.0,0.0,1.0,1.0,inverse_cost_sensitivity,0.55
5,5,5,0,2024-09-20T16:00:00,proposed,H05,4,4,0,0.5716525912284851,1.6798622920440582,0.07875436541553546,0.0,0.0,41.996557301101454,41.996557301101454,0.0,82.5,0.0,131.57894736842104,0.0,0.95,91.0755046695225,500.0,0.18215100933904502,0.16,24.0074408038502,14.9845807471236,2.5197934380660874,6.503066618660514,15.448516338228481,15.448516338228481,6.189242363849866,13.538897993555434,0.4254669677134717,1.6868931375683542,329.9456127502318,1.4210854715202004e-14,-2.961102006444566,41.996557301101454,41.996557301101454,0.0,82.5,0.0,131.57894736842104,0.0,91.0755046695225,500.0,0.18215100933904502,0.16,24.0074408038502,14.9845807471236,2.5197934380660874,6.503066618660514,1.4210854715202004e-14,0.0,0.0,1.6798622920440582,329.9456127502318,0.0,1.6798622920440582,1.0,0.10499139325275364,1.6798622920440582,0.0,41.996557301101454,41.996557301101454,0.0,0.0,0.0,1.0,1.0,inverse_cost_sensitivity,0.55
5,5,5,0,2024-09-20T16:00:00,proposed,H06,5,5,0,0.48814189434051514,7.796819332350432,0.07875436541553546,0.0,0.0,194.92048330876077,194.92048330876077,0.0,110.0,110.0,126.31578947368422,0.0,0.95,211.23627278244498,700.0,0.30176610397492143,0.16,95.14885396810725,34.34780364519119,11.695228998525648,49.105821324390405,13.398224229734364,13.398224229734364,4.623021584831504,13.538897993555434,0.4254669677134717,1.6868931375683542,329.9456127502318,0.0,-2.961102006444566,194.92048330876077,194.92048330876077,0.0,110.0,110.0,126.31578947368422,0.0,211.23627278244498,700.0,0.30176610397492143,0.16,95.14885396810725,34.34780364519119,11.695228998525648,49.105821324390405,0.0,0.0,0.0,7.796819332350432,329.9456127502318,0.0,7.796819332350432,1.0,0.487301208271902,7.796819332350432,0.0,194.92048330876077,194.92048330876077,0.0,0.0,0.0,1.0,1.0,inverse_cost_sensitivity,0.55
5,5,5,0,2024-09-20T16:00:00,proposed,H07,6,6,0,0.5586836338043213,5.168837473920945,0.07875436541553546,0.0,0.0,129.22093684802363,129.22093684802363,0.0,27.5,27.5,126.31578947368422,0.0,0.95,228.03672632170785,350.0,0.6515335037763081,0.16,72.19362256185256,36.62337621147326,7.753256210881418,27.81699013949789,10.136226353165805,10.136226353165805,1.2209285190314374,13.538897993555434,0.4254669677134717,1.6868931375683542,329.9456127502318,0.0,-2.961102006444566,129.22093684802363,129.22093684802363,0.0,27.5,27.5,126.31578947368422,0.0,228.03672632170785,350.0,0.6515335037763081,0.16,72.19362256185256,36.62337621147326,7.753256210881418,27.81699013949789,0.0,0.0,0.0,5.168837473920945,329.9456127502318,0.0,5.168837473920945,1.0,0.4307364561600788,5.168837473920945,0.0,129.22093684802363,129.22093684802363,0.0,0.0,0.0,1.0,1.0,inverse_cost_sensitivity,0.55
5,5,5,0,2024-09-20T16:00:00,proposed,H08,7,7,0,0.4315682053565979,29.967359402199822,0.07875436541553546,52.37759775824933,37.37759775824933,749.1839850549954,399.99999999999994,0.0,99.0,0.0,131.57894736842104,0.0,0.95,432.578947368421,500.0,0.865157894736842,0.16,172.62728214263913,69.70763157894736,24.0,78.91965056369177,9.975495370830973,9.975495370830973,1.3263581279802912,13.538897993555434,0.4254669677134717,1.6868931375683542,329.9456127502318,1.4210854715202004e-14,-2.961102006444566,749.1839850549954,399.99999999999994,0.0,99.0,0.0,131.57894736842104,0.0,432.578947368421,500.0,0.865157894736842,0.16,172.62728214263913,69.70763157894736,24.0,78.91965056369177,1.4210854715202004e-14,0.6229599626374889,0.0,29.967359402199822,329.9456127502318,0.0,29.967359402199822,0.533914242668491,1.8729599626374889,16.0,0.0,749.1839850549954,399.99999999999994,349.1839850549955,0.0,0.0,1.0,0.533914242668491,inverse_cost_sensitivity,0.55
5,5,5,0,2024-09-20T17:00:00,proposed,H01,0,0,1,0.46791282296180725,0.0030885898509454323,0.16646773468034362,0.0,0.0,0.07721474627363581,194.24572054110322,0.0,28.0,28.0,0.0,0.0,0.95,166.24572054110322,250.0,0.6649828821644129,0.22,90.89006344663792,36.71405851904271,11.654743232466192,42.52126169512903,9.65092516094762,9.65092516094762,1.4788960360015504,13.538897993555434,0.6989409117167777,2.8367149276529995,518.1555864090782,0.0,-2.961102006444566,0.07721474627363581,194.24572054110322,0.0,28.0,28.0,0.0,0.0,166.24572054110322,250.0,0.6649828821644129,0.22,90.89006344663792,36.71405851904271,11.654743232466192,42.52126169512903,0.0,0.0,0.0,0.0030885898509454323,518.1555864090782,7.766740231793182,7.769828821644128,1.0,0.971228602705516,7.769828821644128,194.1685057948296,194.24572054110322,194.24572054110322,0.0,0.0,0.0,1.0,1.0,inverse_cost_sensitivity,0.55
5,5,5,0,2024-09-20T17:00:00,proposed,H02,1,1,1,0.5242934226989746,21.00970119252273,0.16646773468034362,97.57275894392048,82.57275894392048,525.2425298130682,200.0,0.0,21.0,21.0,0.0,0.0,0.95,179.0,250.0,0.716,0.22,104.85868453979492,39.485,12.0,53.37368453979492,9.815275609248651,9.815275609248651,1.4640236742981119,13.538897993555434,0.6989409117167777,2.8367149276529995,518.1555864090782,0.0,-2.961102006444566,525.2425298130682,200.0,0.0,21.0,21.0,0.0,0.0,179.0,250.0,0.716,0.22,104.85868453979492,39.485,12.0,53.37368453979492,0.0,1.3762126490653412,0.0,21.00970119252273,518.1555864090782,0.0,21.00970119252273,0.38077647686142096,2.6262126490653412,8.0,0.0,525.2425298130682,200.0,325.24252981306824,0.0,0.0,1.0,0.38077647686142096,inverse_cost_sensitivity,0.55
5,5,5,0,2024-09-20T17:00:00,proposed,H03,2,2,1,0.5424904227256775,14.885612990466626,0.16646773468034362,14.428064952333134,0.0,372.1403247616657,300.0,0.0,21.0,21.0,0.0,0.0,0.95,279.0,350.0,0.7971428571428572,0.22,162.74712681770325,61.485,18.0,83.26212681770325,10.599654023980023,10.599654023980023,2.0962388221146195,13.538897993555434,0.6989409117167777,2.8367149276529995,518.1555864090782,0.0,-2.961102006444566,372.1403247616657,300.0,0.0,21.0,21.0,0.0,0.0,279.0,350.0,0.7971428571428572,0.22,162.74712681770325,61.485,18.0,83.26212681770325,0.0,0.0,0.0,14.885612990466626,518.1555864090782,0.0,14.885612990466626,0.8061475202724473,1.2404677492055523,12.0,0.0,372.1403247616657,300.0,72.14032476166568,8.326672684688674e-17,0.0,1.0,0.8061475202724473,inverse_cost_sensitivity,0.55
5,5,5,0,2024-09-20T17:00:00,proposed,H04,3,3,1,0.5061406493186951,14.127068973108658,0.16646773468034362,45.95301729831493,30.953017298314936,353.17672432771644,200.0,0.0,28.0,28.0,0.0,0.0,0.95,172.0,250.0,0.688,0.22,101.22812986373901,37.980000000000004,12.0,51.24812986373901,13.781200628254513,13.781200628254513,5.051272020250183,13.538897993555434,0.6989409117167777,2.8367149276529995,518.1555864090782,0.0,-2.961102006444566,353.17672432771644,200.0,0.0,28.0,28.0,0.0,0.0,172.0,250.0,0.688,0.22,101.22812986373901,37.980000000000004,12.0,51.24812986373901,0.0,0.5158836216385823,0.0,14.127068973108658,518.1555864090782,0.0,14.127068973108658,0.5662887337230578,1.7658836216385823,8.0,0.0,353.17672432771644,200.0,153.17672432771644,0.0,0.0,1.0,0.5662887337230578,inverse_cost_sensitivity,0.55
5,5,5,0,2024-09-20T17:00:00,proposed,H05,4,4,1,0.5748951435089111,3.440216641518598,0.16646773468034362,0.0,0.0,86.00541603796495,86.00541603796495,0.0,52.5,52.5,0.0,0.0,0.95,33.50541603796495,500.0,0.0670108320759299,0.22,49.444095995689466,7.633691528352289,5.1603249622778975,36.65007950505928,16.436658434538458,16.436658434538458,7.619422735964697,13.538897993555434,0.6989409117167777,2.8367149276529995,518.1555864090782,0.0,-2.961102006444566,86.00541603796495,86.00541603796495,0.0,52.5,52.5,0.0,0.0,33.50541603796495,500.0,0.0670108320759299,0.22,49.444095995689466,7.633691528352289,5.1603249622778975,36.65007950505928,0.0,0.0,0.0,3.440216641518598,518.1555864090782,0.0,3.440216641518598,1.0,0.2150135400949124,3.440216641518598,0.0,86.00541603796495,86.00541603796495,0.0,0.0,0.0,1.0,1.0,inverse_cost_sensitivity,0.55
5,5,5,0,2024-09-20T17:00:00,proposed,H06,5,5,1,0.4891475737094879,20.991005487907653,0.16646773468034362,18.7162705796537,3.7162705796537,524.7751371976913,399.99999999999994,0.0,70.0,70.0,0.0,0.0,0.95,329.99999999999994,700.0,0.47142857142857136,0.22,195.65902948379514,72.94999999999999,24.0,98.70902948379515,12.83234663808369,12.83234663808369,4.5199105550687415,13.538897993555434,0.6989409117167777,2.8367149276529995,518.1555864090782,0.0,-2.961102006444566,524.7751371976913,399.99999999999994,0.0,70.0,70.0,0.0,0.0,329.99999999999994,700.0,0.47142857142857136,0.22,195.65902948379514,72.94999999999999,24.0,98.70902948379515,0.0,0.06193784299422833,0.0,20.991005487907653,518.1555864090782,0.0,20.991005487907653,0.7622312332402164,1.3119378429942283,16.0,0.0,524.7751371976913,399.99999999999994,124.77513719769132,0.0,0.0,1.0,0.7622312332402164,inverse_cost_sensitivity,0.55
5,5,5,0,2024-09-20T17:00:00,proposed,H07,6,6,1,0.5608513951301575,12.048277799781555,0.16646773468034362,0.2413889989077722,0.0,301.2069449945389,300.0,0.0,17.5,17.5,0.0,0.0,0.95,282.5,350.0,0.8071428571428572,0.22,168.25541853904724,62.2375,18.0,88.01791853904724,10.389119306957898,10.389119306957898,1.8711096058741943,13.538897993555434,0.6989409117167777,2.8367149276529995,518.1555864090782,0.0,-2.961102006444566,301.2069449945389,300.0,0.0,17.5,17.5,0.0,0.0,282.5,350.0,0.8071428571428572,0.22,168.25541853904724,62.2375,18.0,88.01791853904724,0.0,0.0,0.0,12.048277799781555,518.1555864090782,0.0,12.048277799781555,0.9959929708972655,1.0040231499817962,12.0,0.0,301.2069449945389,300.0,1.206944994538901,-7.37257477290143e-17,0.0,1.0,0.9959929708972655,inverse_cost_sensitivity,0.55
5,5,5,0,2024-09-20T17:00:00,proposed,H08,7,7,1,0.425400048494339,0.015677465023571237,0.16646773468034362,0.0,0.0,0.39193662558928094,349.57592168058477,0.0,63.0,63.0,0.0,0.0,0.95,286.57592168058477,500.0,0.5731518433611695,0.22,148.70961403537402,63.361702769728645,20.974555300835092,64.37335596481027,9.475282458358032,9.475282458358032,1.232104954387885,13.538897993555434,0.6989409117167777,2.8367149276529995,518.1555864090782,0.0,-2.961102006444566,0.39193662558928094,349.57592168058477,0.0,63.0,63.0,0.0,0.0,286.57592168058477,500.0,0.5731518433611695,0.22,148.70961403537402,63.361702769728645,20.974555300835092,64.37335596481027,0.0,0.0,0.0,0.015677465023571237,518.1555864090782,13.967359402199822,13.983036867223394,1.0,0.8739398042014621,13.983036867223394,349.1839850549955,349.57592168058477,349.57592168058477,0.0,0.0,0.0,1.0,1.0,inverse_cost_sensitivity,0.55
5,5,5,0,2024-09-20T18:00:00,proposed,H01,0,0,2,0.43105337023735046,34.31872487715114,0.11286349042827822,197.39043657863357,182.39043657863357,857.9681219287786,200.00000000000003,0.0,12.8,12.8,0.0,0.0,0.95,187.20000000000002,250.0,0.7488,0.3,86.2106740474701,56.224000000000004,12.0,17.986674047470103,10.182211717636033,10.182211717636033,1.705644476972758,13.538897993555434,0.5428962838397727,-2.127572846311297,231.43914898780503,0.0,-2.961102006444566,857.9681219287786,200.00000000000003,0.0,12.8,12.8,0.0,0.0,187.20000000000002,250.0,0.7488,0.3,86.2106740474701,56.224000000000004,12.0,17.986674047470103,0.0,3.039840609643893,0.0,34.31872487715114,231.43914898780503,0.0,34.31872487715114,0.23310889401156837,4.289840609643893,8.0,0.0,857.9681219287786,200.00000000000003,657.9681219287786,0.0,0.0,1.0,0.23310889401156837,inverse_cost_sensitivity,0.55
5,5,5,0,2024-09-20T18:00:00,proposed,H02,1,1,2,0.5546567440032959,6.616399658927777e-07,0.11286349042827822,37.57276390622022,22.572763906220217,1.6540999147319443e-05,199.99999999999997,0.0,9.6,9.6,0.0,0.0,0.95,190.39999999999998,250.0,0.7615999999999999,0.3,110.93134880065917,57.16799999999999,12.0,41.76334880065917,10.074502033092276,10.074502033092276,1.4490023090832307,13.538897993555434,0.5428962838397727,-2.127572846311297,231.43914898780503,0.0,-2.961102006444566,1.6540999147319443e-05,199.99999999999997,0.0,9.6,9.6,0.0,0.0,190.39999999999998,250.0,0.7615999999999999,0.3,110.93134880065917,57.16799999999999,12.0,41.76334880065917,0.0,0.37621273177033693,0.0,6.616399658927777e-07,231.43914898780503,13.00970119252273,13.009701854162696,0.6149256985040169,1.626212731770337,8.0,325.24252981306824,325.2425463540674,199.99999999999997,125.2425463540674,0.0,0.0,1.0,0.6149256985040169,inverse_cost_sensitivity,0.55
5,5,5,0,2024-09-20T18:00:00,proposed,H03,2,2,2,0.5555753707885742,0.584359853174969,0.11286349042827822,0.0,0.0,14.608996329374225,86.7493210910399,0.0,9.6,9.6,0.0,0.0,0.95,77.14932109103991,350.0,0.22042663168868545,0.3,48.19578623081158,23.19279632731197,5.204959265462394,19.79803063803721,10.434595168955568,10.434595168955568,1.6834948181799738,13.538897993555434,0.5428962838397727,-2.127572846311297,231.43914898780503,0.0,-2.961102006444566,14.608996329374225,86.7493210910399,0.0,9.6,9.6,0.0,0.0,77.14932109103991,350.0,0.22042663168868545,0.3,48.19578623081158,23.19279632731197,5.204959265462394,19.79803063803721,0.0,0.0,0.0,0.584359853174969,231.43914898780503,2.885612990466627,3.469972843641596,1.0,0.2891644036367997,3.469972843641596,72.14032476166568,86.7493210910399,86.7493210910399,0.0,0.0,0.0,1.0,1.0,inverse_cost_sensitivity,0.55
5,5,5,0,2024-09-20T18:00:00,proposed,H04,3,3,2,0.5006673336029053,0.004136627350267483,0.11286349042827822,0.0,0.0,0.10341568375668708,153.28014001147312,0.0,12.8,12.8,0.0,0.0,0.95,140.4801400114731,250.0,0.5619205600458924,0.3,76.74235899382424,42.20804200344193,9.196808400688388,25.33750858969392,13.332310368075074,13.332310368075074,4.37530064087237,13.538897993555434,0.5428962838397727,-2.127572846311297,231.43914898780503,0.0,-2.961102006444566,0.10341568375668708,153.28014001147312,0.0,12.8,12.8,0.0,0.0,140.4801400114731,250.0,0.5619205600458924,0.3,76.74235899382424,42.20804200344193,9.196808400688388,25.33750858969392,0.0,0.0,0.0,0.004136627350267483,231.43914898780503,6.127068973108658,6.131205600458926,1.0,0.7664007000573657,6.131205600458926,153.17672432771644,153.28014001147312,153.28014001147312,0.0,0.0,0.0,1.0,1.0,inverse_cost_sensitivity,0.55
5,5,5,0,2024-09-20T18:00:00,proposed,H05,4,4,2,0.5851355791091919,1.5626409479429373,0.11286349042827822,0.0,0.0,39.06602369857343,39.06602369857343,0.0,24.0,24.0,0.0,0.0,0.95,15.066023698573431,500.0,0.030132047397146863,0.3,22.85892040035818,4.639807109572029,2.343961421914406,15.875151868871745,16.122317000877924,16.122317000877924,7.047465028691638,13.538897993555434,0.5428962838397727,-2.127572846311297,231.43914898780503,0.0,-2.961102006444566,39.06602369857343,39.06602369857343,0.0,24.0,24.0,0.0,0.0,15.066023698573431,500.0,0.030132047397146863,0.3,22.85892040035818,4.639807109572029,2.343961421914406,15.875151868871745,0.0,0.0,0.0,1.5626409479429373,231.43914898780503,0.0,1.5626409479429373,1.0,0.09766505924643358,1.5626409479429373,0.0,39.06602369857343,39.06602369857343,0.0,0.0,0.0,1.0,1.0,inverse_cost_sensitivity,0.55
5,5,5,0,2024-09-20T18:00:00,proposed,H06,5,5,2,0.5055942535400391,0.3613195413347161,0.11286349042827822,0.0,0.0,9.032988533367902,133.80812573105922,0.0,32.0,32.0,0.0,0.0,0.95,101.80812573105922,700.0,0.1454401796157989,0.3,67.65261944658658,30.702437719317764,8.028487543863553,28.921694183405265,13.15621685244736,13.15621685244736,4.519586075839096,13.538897993555434,0.5428962838397727,-2.127572846311297,231.43914898780503,0.0,-2.961102006444566,9.032988533367902,133.80812573105922,0.0,32.0,32.0,0.0,0.0,101.80812573105922,700.0,0.1454401796157989,0.3,67.65261944658658,30.702437719317764,8.028487543863553,28.921694183405265,0.0,0.0,0.0,0.3613195413347161,231.43914898780503,4.991005487907653,5.352325029242369,1.0,0.33452031432764806,5.352325029242369,124.77513719769132,133.80812573105922,133.80812573105922,0.0,0.0,0.0,1.0,1.0,inverse_cost_sensitivity,0.55
5,5,5,0,2024-09-20T18:00:00,proposed,H07,6,6,2,0.5603855848312378,5.8532985954746035,0.11286349042827822,0.0,0.0,146.3324648868651,147.539409881404,0.0,8.0,8.0,0.0,0.0,0.95,139.539409881404,350.0,0.39868402823258287,0.3,82.67895849204628,41.9018229644212,8.852364592884237,31.92477093474084,10.292804400082025,10.292804400082025,1.507091756517125,13.538897993555434,0.5428962838397727,-2.127572846311297,231.43914898780503,0.0,-2.961102006444566,146.3324648868651,147.539409881404,0.0,8.0,8.0,0.0,0.0,139.539409881404,350.0,0.39868402823258287,0.3,82.67895849204628,41.9018229644212,8.852364592884237,31.92477093474084,0.0,0.0,0.0,5.8532985954746035,231.43914898780503,0.04827779978155444,5.901576395256158,1.0,0.49179803293801316,5.901576395256158,1.206944994538901,147.539409881404,147.539409881404,0.0,0.0,0.0,1.0,1.0,inverse_cost_sensitivity,0.55
5,5,5,0,2024-09-20T18:00:00,proposed,H08,7,7,2,0.4633399248123169,24.56933768656362,0.11286349042827822,32.13501632461358,17.13501632461358,614.2334421640905,400.00000000000006,0.0,28.8,28.8,0.0,0.0,0.95,371.20000000000005,500.0,0.7424000000000001,0.3,185.3359699249268,111.50400000000002,24.0,49.83196992492677,9.849638036945763,9.849638036945763,1.3063343428069571,13.538897993555434,0.5428962838397727,-2.127572846311297,231.43914898780503,0.0,-2.961102006444566,614.2334421640905,400.00000000000006,0.0,28.8,28.8,0.0,0.0,371.20000000000005,500.0,0.7424000000000001,0.3,185.3359699249268,111.50400000000002,24.0,49.83196992492677,0.0,0.28558360541022637,0.0,24.56933768656362,231.43914898780503,0.0,24.56933768656362,0.6512182055583051,1.5355836054102263,16.0,0.0,614.2334421640905,400.00000000000006,214.2334421640905,0.0,0.0,1.0,0.6512182055583051,inverse_cost_sensitivity,0.55
5,5,5,0,2024-09-20T19:00:00,proposed,H01,0,0,3,0.5124228000640869,1.1982829701941868e-13,0.2262804048354281,137.39043657863445,122.39043657863446,2.9957074254854675e-12,200.0,0.0,3.2,3.2,0.0,0.0,0.95,196.8,250.0,0.7872,0.34,102.48456001281738,66.92800000000001,12.0,23.55656001281737,9.601687844437883,9.601687844437883,1.371956796640882,13.538897993555434,0.8206044137063327,-0.5910413848520204,185.67673467206689,0.0,-2.961102006444566,2.9957074254854675e-12,200.0,0.0,3.2,3.2,0.0,0.0,196.8,250.0,0.7872,0.34,102.48456001281738,66.92800000000001,12.0,23.55656001281737,0.0,2.0398406096439077,0.0,1.1982829701941868e-13,185.67673467206689,26.31872487715114,26.31872487715126,0.3039660940012045,3.2898406096439077,8.0,657.9681219287786,657.9681219287816,200.0,457.96812192878156,0.0,0.0,1.0,0.3039660940012045,inverse_cost_sensitivity,0.55
5,5,5,0,2024-09-20T19:00:00,proposed,H02,1,1,3,0.5289034843444824,0.027451320433050656,0.2262804048354281,0.0,0.0,0.6862830108262665,125.92882936489367,0.0,2.4,2.4,0.0,0.0,0.95,123.52882936489367,250.0,0.49411531745957465,0.34,66.60419663051404,42.01180198406385,7.55572976189362,17.03666488455657,9.593609612849214,9.593609612849214,1.2046794282090252,13.538897993555434,0.8206044137063327,-0.5910413848520204,185.67673467206689,0.0,-2.961102006444566,0.6862830108262665,125.92882936489367,0.0,2.4,2.4,0.0,0.0,123.52882936489367,250.0,0.49411531745957465,0.34,66.60419663051404,42.01180198406385,7.55572976189362,17.03666488455657,0.0,0.0,0.0,0.027451320433050656,185.67673467206689,5.009701854162696,5.037153174595747,1.0,0.6296441468244683,5.037153174595747,125.2425463540674,125.92882936489367,125.92882936489367,0.0,0.0,0.0,1.0,1.0,inverse_cost_sensitivity,0.55
5,5,5,0,2024-09-20T19:00:00,proposed,H03,2,2,3,0.5553390383720398,8.301605836435975,0.2262804048354281,0.0,0.0,207.5401459108994,207.5401459108994,0.0,2.4,2.4,0.0,0.0,0.95,205.1401459108994,350.0,0.5861147026025697,0.34,115.2551450537517,69.7596496097058,12.452408754653963,33.04308668939194,10.54558237360601,10.54558237360601,2.0228078597673247,13.538897993555434,0.8206044137063327,-0.5910413848520204,185.67673467206689,0.0,-2.961102006444566,207.5401459108994,207.5401459108994,0.0,2.4,2.4,0.0,0.0,205.1401459108994,350.0,0.5861147026025697,0.34,115.2551450537517,69.7596496097058,12.452408754653963,33.04308668939194,0.0,0.0,0.0,8.301605836435975,185.67673467206689,0.0,8.301605836435975,1.0,0.6918004863696646,8.301605836435975,0.0,207.5401459108994,207.5401459108994,0.0,0.0,0.0,1.0,1.0,inverse_cost_sensitivity,0.55
5,5,5,0,2024-09-20T19:00:00,proposed,H04,3,3,3,0.5040631890296936,9.359040702782044,0.2262804048354281,10.192805270865332,0.0,233.97601756955112,200.0,0.0,3.2,3.2,0.0,0.0,0.95,196.8,250.0,0.7872,0.34,100.81263780593872,66.92800000000001,12.0,21.88463780593871,13.930052853099083,13.930052853099083,5.180869742164916,13.538897993555434,0.8206044137063327,-0.5910413848520204,185.67673467206689,0.0,-2.961102006444566,233.97601756955112,200.0,0.0,3.2,3.2,0.0,0.0,196.8,250.0,0.7872,0.34,100.81263780593872,66.92800000000001,12.0,21.88463780593871,0.0,0.0,0.0,9.359040702782044,185.67673467206689,0.0,9.359040702782044,0.8547884611316992,1.1698800878477555,8.0,0.0,233.97601756955112,200.0,33.97601756955112,0.0,0.0,1.0,0.8547884611316992,inverse_cost_sensitivity,0.55
5,5,5,0,2024-09-20T19:00:00,proposed,H05,4,4,3,0.5891633033752441,1.782502716994495,0.2262804048354281,0.0,0.0,44.56256792486238,44.56256792486238,0.0,6.0,6.0,0.0,0.0,0.95,38.56256792486238,500.0,0.07712513584972476,0.34,26.25462972549562,13.14127309445321,2.6737540754917424,10.439602555550668,16.709033389286557,16.709033389286557,7.8750791281171955,13.538897993555434,0.8206044137063327,-0.5910413848520204,185.67673467206689,0.0,-2.961102006444566,44.56256792486238,44.56256792486238,0.0,6.0,6.0,0.0,0.0,38.56256792486238,500.0,0.07712513584972476,0.34,26.25462972549562,13.14127309445321,2.6737540754917424,10.439602555550668,0.0,0.0,0.0,1.782502716994495,185.67673467206689,0.0,1.782502716994495,1.0,0.11140641981215593,1.782502716994495,0.0,44.56256792486238,44.56256792486238,0.0,0.0,0.0,1.0,1.0,inverse_cost_sensitivity,0.55
5,5,5,0,2024-09-20T19:00:00,proposed,H06,5,5,3,0.5022578835487366,11.255480297495092,0.2262804048354281,0.0,0.0,281.3870074373773,281.3870074373773,0.0,8.0,8.0,0.0,0.0,0.95,273.3870074373773,700.0,0.39055286776768183,0.34,141.32884281360973,92.99158252870829,16.88322044624264,31.454039838658794,12.981551136945498,12.981551136945498,4.601322725457986,13.538897993555434,0.8206044137063327,-0.5910413848520204,185.67673467206689,0.0,-2.961102006444566,281.3870074373773,281.3870074373773,0.0,8.0,8.0,0.0,0.0,273.3870074373773,700.0,0.39055286776768183,0.34,141.32884281360973,92.99158252870829,16.88322044624264,31.454039838658794,0.0,0.0,0.0,11.255480297495092,185.67673467206689,0.0,11.255480297495092,1.0,0.7034675185934433,11.255480297495092,0.0,281.3870074373773,281.3870074373773,0.0,0.0,0.0,1.0,1.0,inverse_cost_sensitivity,0.55
5,5,5,0,2024-09-20T19:00:00,proposed,H07,6,6,3,0.5598999857902527,7.9864400631763015,0.2262804048354281,0.0,0.0,199.66100157940753,199.66100157940753,0.0,2.0,2.0,0.0,0.0,0.95,197.66100157940753,350.0,0.5647457187983073,0.34,111.79019194717789,67.21474053699856,11.979660094764451,32.59579131541487,10.427091710418841,10.427091710418841,1.8949907737534544,13.538897993555434,0.8206044137063327,-0.5910413848520204,185.67673467206689,0.0,-2.961102006444566,199.66100157940753,199.66100157940753,0.0,2.0,2.0,0.0,0.0,197.66100157940753,350.0,0.5647457187983073,0.34,111.79019194717789,67.21474053699856,11.979660094764451,32.59579131541487,0.0,0.0,0.0,7.9864400631763015,185.67673467206689,0.0,7.9864400631763015,1.0,0.6655366719313585,7.9864400631763015,0.0,199.66100157940753,199.66100157940753,0.0,0.0,0.0,1.0,1.0,inverse_cost_sensitivity,0.55
5,5,5,0,2024-09-20T19:00:00,proposed,H08,7,7,3,0.46060633659362793,0.17849451363012947,0.2262804048354281,0.0,0.0,4.462362840753237,218.69580500484372,0.0,7.2,7.2,0.0,0.0,0.95,211.49580500484373,500.0,0.42299161000968744,0.34,100.73267357167546,71.94457370164687,13.121748300290626,15.666351569737962,9.515247352956827,9.515247352956827,1.2283362417293913,13.538897993555434,0.8206044137063327,-0.5910413848520204,185.67673467206689,0.0,-2.961102006444566,4.462362840753237,218.69580500484372,0.0,7.2,7.2,0.0,0.0,211.49580500484373,500.0,0.42299161000968744,0.34,100.73267357167546,71.94457370164687,13.121748300290626,15.666351569737962,0.0,0.0,0.0,0.17849451363012947,185.67673467206689,8.569337686563621,8.74783220019375,1.0,0.5467395125121094,8.74783220019375,214.2334421640905,218.69580500484372,218.69580500484372,0.0,0.0,0.0,1.0,1.0,inverse_cost_sensitivity,0.55
5,5,5,0,2024-09-20T20:00:00,proposed,H01,0,0,4,0.49400079250335693,1.1583109619555537e-09,0.12831484643543806,77.39043658732179,62.390436587321794,2.8957774048888844e-08,200.0,0.0,0.0,0.0,0.0,0.0,0.95,200.0,250.0,0.8,0.27,98.80015850067139,54.0,12.0,32.80015850067139,9.891880893993457,9.891880893993457,1.5248993012134384,13.538897993555434,0.5946983991657024,0.504169529712615,175.19782614590508,0.0,-2.961102006444566,2.8957774048888844e-08,200.0,0.0,0.0,0.0,0.0,0.0,200.0,250.0,0.8,0.27,98.80015850067139,54.0,12.0,32.80015850067139,0.0,1.0398406097886965,0.0,1.1583109619555537e-09,175.19782614590508,18.31872487715126,18.318724878309574,0.43671161902062633,2.2898406097886967,8.0,457.96812192878156,457.96812195773936,200.0,257.96812195773936,-2.220446049250313e-16,0.0,1.0,0.43671161902062633,inverse_cost_sensitivity,0.55
5,5,5,0,2024-09-20T20:00:00,proposed,H02,1,1,4,0.512109637260437,6.47509757571345,0.12831484643543806,0.0,0.0,161.8774393928362,161.8774393928362,0.0,0.0,0.0,0.0,0.0,0.95,161.8774393928362,250.0,0.6475097575713449,0.27,82.89899676811373,43.706908636065776,9.712646363570176,29.47944176847778,9.844486866903097,9.844486866903097,1.320126653654112,13.538897993555434,0.5946983991657024,0.504169529712615,175.19782614590508,0.0,-2.961102006444566,161.8774393928362,161.8774393928362,0.0,0.0,0.0,0.0,0.0,161.8774393928362,250.0,0.6475097575713449,0.27,82.89899676811373,43.706908636065776,9.712646363570176,29.47944176847778,0.0,0.0,0.0,6.47509757571345,175.19782614590508,0.0,6.47509757571345,1.0,0.8093871969641813,6.47509757571345,0.0,161.8774393928362,161.8774393928362,0.0,0.0,0.0,1.0,1.0,inverse_cost_sensitivity,0.55
5,5,5,0,2024-09-20T20:00:00,proposed,H03,2,2,4,0.5501898527145386,3.5437610917256253,0.12831484643543806,0.0,0.0,88.59402729314061,88.59402729314061,0.0,0.0,0.0,0.0,0.0,0.95,88.59402729314061,350.0,0.25312579226611603,0.27,48.74353482780084,23.920387369147967,5.315641637588438,19.507505821064438,10.564072706902916,10.564072706902916,1.8759913638743757,13.538897993555434,0.5946983991657024,0.504169529712615,175.19782614590508,0.0,-2.961102006444566,88.59402729314061,88.59402729314061,0.0,0.0,0.0,0.0,0.0,88.59402729314061,350.0,0.25312579226611603,0.27,48.74353482780084,23.920387369147967,5.315641637588438,19.507505821064438,0.0,0.0,0.0,3.5437610917256253,175.19782614590508,0.0,3.5437610917256253,1.0,0.29531342431046875,3.5437610917256253,0.0,88.59402729314061,88.59402729314061,0.0,0.0,0.0,1.0,1.0,inverse_cost_sensitivity,0.55
5,5,5,0,2024-09-20T20:00:00,proposed,H04,3,3,4,0.5087178945541382,0.6840723865337253,0.12831484643543806,0.0,0.0,17.101809663343133,51.07782723289425,0.0,0.0,0.0,0.0,0.0,0.95,51.07782723289425,250.0,0.204311308931577,0.27,25.984204728317984,13.791013352881448,3.0646696339736548,9.128521741462881,13.63272986087304,13.63272986087304,4.676927379637897,13.538897993555434,0.5946983991657024,0.504169529712615,175.19782614590508,0.0,-2.961102006444566,17.101809663343133,51.07782723289425,0.0,0.0,0.0,0.0,0.0,51.07782723289425,250.0,0.204311308931577,0.27,25.984204728317984,13.791013352881448,3.0646696339736548,9.128521741462881,0.0,0.0,0.0,0.6840723865337253,175.19782614590508,1.3590407027820444,2.04311308931577,1.0,0.25538913616447123,2.04311308931577,33.97601756955112,51.07782723289425,51.07782723289425,0.0,0.0,0.0,1.0,1.0,inverse_cost_sensitivity,0.55
5,5,5,0,2024-09-20T20:00:00,proposed,H05,4,4,4,0.5823302268981934,0.8474052445404012,0.12831484643543806,0.0,0.0,21.18513111351003,21.18513111351003,0.0,0.0,0.0,0.0,0.0,0.95,21.18513111351003,500.0,0.04237026222702006,0.27,12.336742208198272,5.719985400647709,1.2711078668106017,5.345648940739961,16.184576701457928,16.184576701457928,7.106094641239578,13.538897993555434,0.5946983991657024,0.504169529712615,175.19782614590508,0.0,-2.961102006444566,21.18513111351003,21.18513111351003,0.0,0.0,0.0,0.0,0.0,21.18513111351003,500.0,0.04237026222702006,0.27,12.336742208198272,5.719985400647709,1.2711078668106017,5.345648940739961,0.0,0.0,0.0,0.8474052445404012,175.19782614590508,0.0,0.8474052445404012,1.0,0.05296282778377508,0.8474052445404012,0.0,21.18513111351003,21.18513111351003,0.0,0.0,0.0,1.0,1.0,inverse_cost_sensitivity,0.55
5,5,5,0,2024-09-20T20:00:00,proposed,H06,5,5,4,0.4954594373703003,4.803937451684196,0.12831484643543806,0.0,0.0,120.09843629210488,120.09843629210488,0.0,0.0,0.0,0.0,0.0,0.95,120.09843629210488,700.0,0.17156919470300697,0.27,59.503903674339135,32.42657779886832,7.205906177526295,19.871419697944518,13.155878629211594,13.155878629211594,4.589213319281475,13.538897993555434,0.5946983991657024,0.504169529712615,175.19782614590508,0.0,-2.961102006444566,120.09843629210488,120.09843629210488,0.0,0.0,0.0,0.0,0.0,120.09843629210488,700.0,0.17156919470300697,0.27,59.503903674339135,32.42657779886832,7.205906177526295,19.871419697944518,0.0,0.0,0.0,4.803937451684196,175.19782614590508,0.0,4.803937451684196,1.0,0.30024609073026226,4.803937451684196,0.0,120.09843629210488,120.09843629210488,0.0,0.0,0.0,1.0,1.0,inverse_cost_sensitivity,0.55
5,5,5,0,2024-09-20T20:00:00,proposed,H07,6,6,4,0.5640804171562195,3.0527142991689127,0.12831484643543806,0.0,0.0,76.31785747922282,76.31785747922282,0.0,0.0,0.0,0.0,0.0,0.95,76.31785747922282,350.0,0.21805102136920806,0.27,43.04940888334892,20.605821519390165,4.5790714487533695,17.86451591520538,10.345182914600475,10.345182914600475,1.6194607628183104,13.538897993555434,0.5946983991657024,0.504169529712615,175.19782614590508,0.0,-2.961102006444566,76.31785747922282,76.31785747922282,0.0,0.0,0.0,0.0,0.0,76.31785747922282,350.0,0.21805102136920806,0.27,43.04940888334892,20.605821519390165,4.5790714487533695,17.86451591520538,0.0,0.0,0.0,3.0527142991689127,175.19782614590508,0.0,3.0527142991689127,1.0,0.25439285826407604,3.0527142991689127,0.0,76.31785747922282,76.31785747922282,0.0,0.0,0.0,1.0,1.0,inverse_cost_sensitivity,0.55
5,5,5,0,2024-09-20T20:00:00,proposed,H08,7,7,4,0.4740884304046631,11.437591108357411,0.12831484643543806,0.0,0.0,285.9397777089353,285.9397777089353,0.0,0.0,0.0,0.0,0.0,0.95,285.9397777089353,500.0,0.5718795554178706,0.27,135.5607404042874,77.20373998141254,17.156386662536118,41.20061376033874,9.72404579529966,9.72404579529966,1.2822159188371245,13.538897993555434,0.5946983991657024,0.504169529712615,175.19782614590508,0.0,-2.961102006444566,285.9397777089353,285.9397777089353,0.0,0.0,0.0,0.0,0.0,285.9397777089353,500.0,0.5718795554178706,0.27,135.5607404042874,77.20373998141254,17.156386662536118,41.20061376033874,0.0,0.0,0.0,11.437591108357411,175.19782614590508,0.0,11.437591108357411,1.0,0.7148494442723382,11.437591108357411,0.0,285.9397777089353,285.9397777089353,0.0,0.0,0.0,1.0,1.0,inverse_cost_sensitivity,0.55
5,5,5,0,2024-09-20T21:00:00,proposed,H01,0,0,5,0.4703948199748993,2.385393139254782e-05,0.11296388222848126,17.39061549180724,2.3906154918072375,0.0005963482848136954,200.00000000000009,0.0,0.0,0.0,0.0,100.0,0.42368421052631583,100.00000000000009,250.0,0.40000000000000036,0.2,94.0789639949799,23.000000000000018,12.0,59.07896399497989,9.86461879248292,9.86461879248292,1.5358820845751158,13.538897993555434,0.5479802353662173,3.251675753816552,329.94880636526966,1.4210854715202004e-14,-2.961102006444566,0.0005963482848136954,200.00000000000009,0.0,0.0,0.0,0.0,100.0,100.00000000000009,250.0,0.40000000000000036,0.2,94.0789639949799,23.000000000000018,12.0,59.07896399497989,1.4210854715202004e-14,0.039843591530120626,0.0,2.385393139254782e-05,329.94880636526966,10.318724878309572,10.318748732240964,0.7752877996732273,1.2898435915301205,8.0,257.96812195773936,257.9687183060242,200.00000000000009,57.9687183060241,1.1102230246251565e-16,0.0,1.0,0.7752877996732273,inverse_cost_sensitivity,0.55
5,5,5,0,2024-09-20T21:00:00,proposed,H02,1,1,5,0.5122603178024292,4.850524544493004,0.11296388222848126,0.0,0.0,121.2631136123251,121.2631136123251,0.0,0.0,0.0,0.0,100.0,0.42368421052631583,21.2631136123251,250.0,0.0850524544493004,0.2,62.118281116761736,7.25262272246502,7.2757868167395054,47.58987157755721,9.784051562873945,9.784051562873945,1.3097491072136092,13.538897993555434,0.5479802353662173,3.251675753816552,329.94880636526966,1.4210854715202004e-14,-2.961102006444566,121.2631136123251,121.2631136123251,0.0,0.0,0.0,0.0,100.0,21.2631136123251,250.0,0.0850524544493004,0.2,62.118281116761736,7.25262272246502,7.2757868167395054,47.58987157755721,1.4210854715202004e-14,0.0,0.0,4.850524544493004,329.94880636526966,0.0,4.850524544493004,1.0,0.6063155680616255,4.850524544493004,0.0,121.2631136123251,121.2631136123251,0.0,0.0,0.0,1.0,1.0,inverse_cost_sensitivity,0.55
5,5,5,0,2024-09-20T21:00:00,proposed,H03,2,2,5,0.5418503284454346,3.0214641126497526,0.11296388222848126,0.0,0.0,75.53660281624381,75.53660281624381,0.0,0.0,0.0,0.0,75.53660281624381,0.6849592883640568,0.0,350.0,0.0,0.2,40.929533045634045,2.2660980844873144,4.532196168974629,34.131238792172105,10.446869866802848,10.446869866802848,1.8067373705134568,13.538897993555434,0.5479802353662173,3.251675753816552,329.94880636526966,1.4210854715202004e-14,-2.961102006444566,75.53660281624381,75.53660281624381,0.0,0.0,0.0,0.0,75.53660281624381,0.0,350.0,0.0,0.2,40.929533045634045,2.2660980844873144,4.532196168974629,34.131238792172105,1.4210854715202004e-14,0.0,0.0,3.0214641126497526,329.94880636526966,0.0,3.0214641126497526,1.0,0.25178867605414607,3.0214641126497526,0.0,75.53660281624381,75.53660281624381,0.0,0.0,0.0,1.0,1.0,inverse_cost_sensitivity,0.55
5,5,5,0,2024-09-20T21:00:00,proposed,H04,3,3,5,0.5127102136611938,2.60446834388128,0.11296388222848126,0.0,0.0,65.111708597032,65.111708597032,0.0,0.0,0.0,0.0,65.111708597032,0.675845437486181,0.0,250.0,0.0,0.2,33.38343802662967,1.9533512579109602,3.9067025158219204,27.52338425289679,13.597452716443206,13.597452716443206,4.6841428730470716,13.538897993555434,0.5479802353662173,3.251675753816552,329.94880636526966,0.0,-2.961102006444566,65.111708597032,65.111708597032,0.0,0.0,0.0,0.0,65.111708597032,0.0,250.0,0.0,0.2,33.38343802662967,1.9533512579109602,3.9067025158219204,27.52338425289679,0.0,0.0,0.0,2.60446834388128,329.94880636526966,0.0,2.60446834388128,1.0,0.32555854298516,2.60446834388128,0.0,65.111708597032,65.111708597032,0.0,0.0,0.0,1.0,1.0,inverse_cost_sensitivity,0.55
5,5,5,0,2024-09-20T21:00:00,proposed,H05,4,4,5,0.5759294033050537,0.6811522788706272,0.11296388222848126,0.0,0.0,17.028806971765682,17.028806971765682,0.0,0.0,0.0,0.0,17.028806971765682,0.9141498800594406,0.0,500.0,0.0,0.2,9.807390638245948,0.5108642091529705,1.021728418305941,8.274798010787038,16.266608572294825,16.266608572294825,7.226134162076775,13.538897993555434,0.5479802353662173,3.251675753816552,329.94880636526966,1.0658141036401503e-14,-2.961102006444566,17.028806971765682,17.028806971765682,0.0,0.0,0.0,0.0,17.028806971765682,0.0,500.0,0.0,0.2,9.807390638245948,0.5108642091529705,1.021728418305941,8.274798010787038,1.0658141036401503e-14,0.0,0.0,0.6811522788706272,329.94880636526966,0.0,0.6811522788706272,1.0,0.0425720174294142,0.6811522788706272,0.0,17.028806971765682,17.028806971765682,0.0,0.0,0.0,1.0,1.0,inverse_cost_sensitivity,0.55
5,5,5,0,2024-09-20T21:00:00,proposed,H06,5,5,5,0.49058258533477783,3.7541724803888648,0.11296388222848126,0.0,0.0,93.85431200972161,93.85431200972161,0.0,0.0,0.0,0.0,93.85431200972161,0.7853433122636463,0.0,700.0,0.0,0.2,46.043291030546115,2.815629360291648,5.631258720583297,37.59640294967117,13.272745459735196,13.272745459735196,4.7268746514825795,13.538897993555434,0.5479802353662173,3.251675753816552,329.94880636526966,0.0,-2.961102006444566,93.85431200972161,93.85431200972161,0.0,0.0,0.0,0.0,93.85431200972161,0.0,700.0,0.0,0.2,46.043291030546115,2.815629360291648,5.631258720583297,37.59640294967117,0.0,0.0,0.0,3.7541724803888648,329.94880636526966,0.0,3.7541724803888648,1.0,0.23463578002430405,3.7541724803888648,0.0,93.85431200972161,93.85431200972161,0.0,0.0,0.0,1.0,1.0,inverse_cost_sensitivity,0.55
5,5,5,0,2024-09-20T21:00:00,proposed,H07,6,6,5,0.5670806765556335,2.2157819178578495,0.11296388222848126,0.0,0.0,55.394547946446245,55.394547946446245,0.0,0.0,0.0,0.0,55.394547946446245,0.7556331651001886,0.0,350.0,0.0,0.2,31.413177726964218,1.6618364383933872,3.323672876786774,26.427668411784058,10.262791135512577,10.262791135512577,1.5852989421557457,13.538897993555434,0.5479802353662173,3.251675753816552,329.94880636526966,1.4210854715202004e-14,-2.961102006444566,55.394547946446245,55.394547946446245,0.0,0.0,0.0,0.0,55.394547946446245,0.0,350.0,0.0,0.2,31.413177726964218,1.6618364383933872,3.323672876786774,26.427668411784058,1.4210854715202004e-14,0.0,0.0,2.2157819178578495,329.94880636526966,0.0,2.2157819178578495,1.0,0.1846484931548208,2.2157819178578495,0.0,55.394547946446245,55.394547946446245,0.0,0.0,0.0,1.0,1.0,inverse_cost_sensitivity,0.55
5,5,5,0,2024-09-20T21:00:00,proposed,H08,7,7,5,0.46676602959632874,9.483496001072792,0.11296388222848126,0.0,0.0,237.08740002681986,237.08740002681986,0.0,0.0,0.0,0.0,237.08740002681986,0.4508686315224845,0.0,500.0,0.0,0.2,110.66434437783523,7.1126220008045955,14.225244001609187,89.32647837542146,9.700470568954142,9.700470568954142,1.2936366260061543,13.538897993555434,0.5479802353662173,3.251675753816552,329.94880636526966,2.842170943040401e-14,-2.961102006444566,237.08740002681986,237.08740002681986,0.0,0.0,0.0,0.0,237.08740002681986,0.0,500.0,0.0,0.2,110.66434437783523,7.1126220008045955,14.225244001609187,89.32647837542146,2.842170943040401e-14,0.0,0.0,9.483496001072792,329.94880636526966,0.0,9.483496001072792,1.0,0.5927185000670495,9.483496001072792,0.0,237.08740002681986,237.08740002681986,0.0,0.0,0.0,1.0,1.0,inverse_cost_sensitivity,0.55
5,5,5,0,2024-09-20T16:00:00,proposed,H01,0,0,0,0.46856242418289185,12.881257579955857,0.2518144212880695,36.60943184966893,21.60943184966893,322.0314394988965,200.0,0.0,44.0,44.0,84.21052631578947,0.0,0.95,240.21052631578948,250.0,0.9608421052631579,0.16,93.71248483657837,38.653684210526315,11.999999999999998,43.058800626052054,10.365150510899017,10.365150510899017,1.8472358107304796,13.538897993555434,0.5680884194609047,2.034496732359209,279.50751113736084,0.0,-0.4611020064445661,322.0314394988965,200.0,0.0,44.0,44.0,84.21052631578947,0.0,240.21052631578948,250.0,0.9608421052631579,0.16,93.71248483657837,38.653684210526315,11.999999999999998,43.058800626052054,0.0,0.36015719749448216,0.0,12.881257579955857,279.50751113736084,0.0,12.881257579955857,0.6210573735012148,1.6101571974944822,7.999999999999999,0.0,322.0314394988965,200.0,122.03143949889648,0.0,0.0,1.0,0.6210573735012148,true_outside_cost,14.0
5,5,5,0,2024-09-20T16:00:00,proposed,H02,1,1,0,0.5294427871704102,5.72294255390652,0.2518144212880695,0.0,0.0,143.07356384766302,143.07356384766302,0.0,33.0,33.0,94.73684210526316,0.0,0.95,204.8104059529262,250.0,0.8192416238117048,0.16,75.74926641391035,32.93466495246819,8.58441383085978,34.23018763058238,10.304934829859432,10.304934829859432,1.6544319069497178,13.538897993555434,0.5680884194609047,2.034496732359209,279.50751113736084,0.0,-0.4611020064445661,143.07356384766302,143.07356384766302,0.0,33.0,33.0,94.73684210526316,0.0,204.8104059529262,250.0,0.8192416238117048,0.16,75.74926641391035,32.93466495246819,8.58441383085978,34.23018763058238,0.0,0.0,0.0,5.72294255390652,279.50751113736084,0.0,5.72294255390652,1.0,0.715367819238315,5.72294255390652,0.0,143.07356384766302,143.07356384766302,0.0,0.0,0.0,1.0,1.0,true_outside_cost,14.0
5,5,5,0,2024-09-20T16:00:00,proposed,H03,2,2,0,0.5401561260223389,5.007881140229593,0.2518144212880695,0.0,0.0,125.19702850573982,125.19702850573982,0.0,33.0,33.0,110.52631578947368,0.0,0.95,202.7233442952135,350.0,0.5792095551291815,0.16,67.62594190716875,32.60073508723416,7.511821710344389,27.5133851095902,10.522169461917196,10.522169461917196,1.7070290633679224,13.538897993555434,0.5680884194609047,2.034496732359209,279.50751113736084,0.0,-0.4611020064445661,125.19702850573982,125.19702850573982,0.0,33.0,33.0,110.52631578947368,0.0,202.7233442952135,350.0,0.5792095551291815,0.16,67.62594190716875,32.60073508723416,7.511821710344389,27.5133851095902,0.0,0.0,0.0,5.007881140229593,279.50751113736084,0.0,5.007881140229593,1.0,0.41732342835246605,5.007881140229593,0.0,125.19702850573982,125.19702850573982,0.0,0.0,0.0,1.0,1.0,true_outside_cost,14.0
5,5,5,0,2024-09-20T16:00:00,proposed,H04,3,3,0,0.497302770614624,5.6851222273961906,0.2518144212880695,0.0,0.0,142.12805568490475,142.12805568490475,0.0,44.0,44.0,78.94736842105263,0.0,0.95,177.07542410595738,250.0,0.7083016964238296,0.16,70.68067587417269,28.55206785695318,8.527683341094285,33.60092467612523,13.186271191630208,13.186271191630208,4.105969748402062,13.538897993555434,0.5680884194609047,2.034496732359209,279.50751113736084,0.0,-0.4611020064445661,142.12805568490475,142.12805568490475,0.0,44.0,44.0,78.94736842105263,0.0,177.07542410595738,250.0,0.7083016964238296,0.16,70.68067587417269,28.55206785695318,8.527683341094285,33.60092467612523,0.0,0.0,0.0,5.6851222273961906,279.50751113736084,0.0,5.6851222273961906,1.0,0.7106402784245238,5.6851222273961906,0.0,142.12805568490475,142.12805568490475,0.0,0.0,0.0,1.0,1.0,true_outside_cost,14.0
5,5,5,0,2024-09-20T16:00:00,proposed,H05,4,4,0,0.5716525912284851,1.3453679143533188,0.2518144212880695,0.0,0.0,33.63419785883298,33.63419785883298,0.0,82.5,0.0,131.57894736842104,0.0,0.95,82.71314522725403,500.0,0.16542629045450807,0.16,19.227076359893438,13.646603236360646,2.0180518715299782,3.5624212520028142,15.50040814495295,15.50040814495295,6.267596044624923,13.538897993555434,0.5680884194609047,2.034496732359209,279.50751113736084,1.4210854715202004e-14,-0.4611020064445661,33.63419785883298,33.63419785883298,0.0,82.5,0.0,131.57894736842104,0.0,82.71314522725403,500.0,0.16542629045450807,0.16,19.227076359893438,13.646603236360646,2.0180518715299782,3.5624212520028142,1.4210854715202004e-14,0.0,0.0,1.3453679143533188,279.50751113736084,0.0,1.3453679143533188,1.0,0.08408549464708243,1.3453679143533188,0.0,33.63419785883298,33.63419785883298,0.0,0.0,0.0,1.0,1.0,true_outside_cost,14.0
5,5,5,0,2024-09-20T16:00:00,proposed,H06,5,5,0,0.48814189434051514,6.324014946752776,0.2518144212880695,0.0,0.0,158.1003736688194,158.1003736688194,0.0,110.0,110.0,126.31578947368422,0.0,0.95,174.41616314250362,700.0,0.24916594734643374,0.16,77.17541589864081,28.456586102800582,9.486022420129164,39.23280737571106,13.372755602964338,13.372755602964338,4.630825986938756,13.538897993555434,0.5680884194609047,2.034496732359209,279.50751113736084,0.0,-0.4611020064445661,158.1003736688194,158.1003736688194,0.0,110.0,110.0,126.31578947368422,0.0,174.41616314250362,700.0,0.24916594734643374,0.16,77.17541589864081,28.456586102800582,9.486022420129164,39.23280737571106,0.0,0.0,0.0,6.324014946752776,279.50751113736084,0.0,6.324014946752776,1.0,0.3952509341720485,6.324014946752776,0.0,158.1003736688194,158.1003736688194,0.0,0.0,0.0,1.0,1.0,true_outside_cost,14.0
5,5,5,0,2024-09-20T16:00:00,proposed,H07,6,6,0,0.5586836338043213,4.17349487159588,0.2518144212880695,0.0,0.0,104.337371789897,104.337371789897,0.0,27.5,27.5,126.31578947368422,0.0,0.95,203.15316126358124,350.0,0.5804376036102321,0.16,58.29158201317214,32.642005802173,6.26024230739382,19.389333903605316,10.143534870735218,10.143534870735218,1.2570969556976517,13.538897993555434,0.5680884194609047,2.034496732359209,279.50751113736084,0.0,-0.4611020064445661,104.337371789897,104.337371789897,0.0,27.5,27.5,126.31578947368422,0.0,203.15316126358124,350.0,0.5804376036102321,0.16,58.29158201317214,32.642005802173,6.26024230739382,19.389333903605316,0.0,0.0,0.0,4.17349487159588,279.50751113736084,0.0,4.17349487159588,1.0,0.34779123929965666,4.17349487159588,0.0,104.337371789897,104.337371789897,0.0,0.0,0.0,1.0,1.0,true_outside_cost,14.0
5,5,5,0,2024-09-20T16:00:00,proposed,H08,7,7,0,0.4315682053565979,24.378529893613607,0.2518144212880695,31.419487101051025,16.419487101051025,609.4632473403401,400.0,0.0,99.0,0.0,131.57894736842104,0.0,0.95,432.57894736842104,500.0,0.8651578947368421,0.16,172.62728214263916,69.70763157894737,24.0,78.91965056369179,9.937276529644727,9.937276529644727,1.319425984061147,13.538897993555434,0.5680884194609047,2.034496732359209,279.50751113736084,1.4210854715202004e-14,-0.4611020064445661,609.4632473403401,400.0,0.0,99.0,0.0,131.57894736842104,0.0,432.57894736842104,500.0,0.8651578947368421,0.16,172.62728214263916,69.70763157894737,24.0,78.91965056369179,1.4210854715202004e-14,0.2736581183508504,0.0,24.378529893613607,279.50751113736084,0.0,24.378529893613607,0.6563152113693077,1.5236581183508504,16.0,0.0,609.4632473403401,400.0,209.4632473403401,0.0,0.0,1.0,0.6563152113693077,true_outside_cost,14.0
5,5,5,0,2024-09-20T17:00:00,proposed,H01,0,0,1,0.45672285556793213,0.08543876602601211,0.43889262500224235,0.0,0.0,2.1359691506503022,124.16740864954677,0.0,28.0,28.0,0.0,0.0,0.95,96.16740864954677,250.0,0.3846696345981871,0.22,56.71009344689136,21.296829902900292,7.450044518972804,27.96321902501826,9.64442815224449,9.64442815224449,1.478462863066451,13.538897993555434,0.6934764732580451,3.628299933283657,424.93938468442065,0.0,-0.4611020064445661,2.1359691506503022,124.16740864954677,0.0,28.0,28.0,0.0,0.0,96.16740864954677,250.0,0.3846696345981871,0.22,56.71009344689136,21.296829902900292,7.450044518972804,27.96321902501826,0.0,0.0,0.0,0.08543876602601211,424.93938468442065,4.881257579955857,4.96669634598187,1.0,0.6208370432477337,4.96669634598187,122.03143949889648,124.16740864954677,124.16740864954677,0.0,0.0,0.0,1.0,1.0,true_outside_cost,14.0
5,5,5,0,2024-09-20T17:00:00,proposed,H02,1,1,1,0.5236245393753052,14.14062609040366,0.43889262500224235,46.05469567802746,31.054695678027457,353.51565226009143,199.99999999999997,0.0,21.0,21.0,0.0,0.0,0.95,178.99999999999997,250.0,0.7159999999999999,0.22,104.72490787506102,39.48499999999999,12.0,53.23990787506102,9.812562285021023,9.812562285021023,1.4670237760108324,13.538897993555434,0.6934764732580451,3.628299933283657,424.93938468442065,0.0,-0.4611020064445661,353.51565226009143,199.99999999999997,0.0,21.0,21.0,0.0,0.0,178.99999999999997,250.0,0.7159999999999999,0.22,104.72490787506102,39.48499999999999,12.0,53.23990787506102,0.0,0.5175782613004576,0.0,14.14062609040366,424.93938468442065,0.0,14.14062609040366,0.5657458127281287,1.7675782613004576,8.0,0.0,353.51565226009143,199.99999999999997,153.51565226009146,0.0,0.0,1.0,0.5657458127281287,true_outside_cost,14.0
5,5,5,0,2024-09-20T17:00:00,proposed,H03,2,2,1,0.5422164797782898,9.968980145467683,0.43889262500224235,0.0,0.0,249.22450363669208,249.22450363669208,0.0,21.0,21.0,0.0,0.0,0.95,228.22450363669208,350.0,0.6520700103905488,0.22,135.13363303637877,50.31439080007225,14.953470218201524,69.86577201810499,10.59392313822789,10.59392313822789,2.0968311151244845,13.538897993555434,0.6934764732580451,3.628299933283657,424.93938468442065,0.0,-0.4611020064445661,249.22450363669208,249.22450363669208,0.0,21.0,21.0,0.0,0.0,228.22450363669208,350.0,0.6520700103905488,0.22,135.13363303637877,50.31439080007225,14.953470218201524,69.86577201810499,0.0,0.0,0.0,9.968980145467683,424.93938468442065,0.0,9.968980145467683,1.0,0.8307483454556402,9.968980145467683,0.0,249.22450363669208,249.22450363669208,0.0,0.0,0.0,1.0,1.0,true_outside_cost,14.0
5,5,5,0,2024-09-20T17:00:00,proposed,H04,3,3,1,0.5059765577316284,9.43468907008382,0.43889262500224235,10.760168025628651,0.0,235.8672267520955,199.99999999999997,0.0,28.0,28.0,0.0,0.0,0.95,171.99999999999997,250.0,0.6879999999999998,0.22,101.19531154632567,37.98,12.0,51.21531154632567,13.78247626421909,13.78247626421909,5.060965614121088,13.538897993555434,0.6934764732580451,3.628299933283657,424.93938468442065,0.0,-0.4611020064445661,235.8672267520955,199.99999999999997,0.0,28.0,28.0,0.0,0.0,171.99999999999997,250.0,0.6879999999999998,0.22,101.19531154632567,37.98,12.0,51.21531154632567,0.0,0.0,0.0,9.43468907008382,424.93938468442065,0.0,9.43468907008382,0.8479346739011215,1.1793361337604775,8.0,0.0,235.8672267520955,199.99999999999997,35.86722675209552,0.0,0.0,1.0,0.8479346739011215,true_outside_cost,14.0
5,5,5,0,2024-09-20T17:00:00,proposed,H05,4,4,1,0.5748698115348816,2.2884577742545664,0.43889262500224235,0.0,0.0,57.21144435636417,57.21144435636417,0.0,52.5,52.5,0.0,0.0,0.95,4.711444356364169,500.0,0.009422888712728337,0.22,32.889132234781435,1.299017758400117,3.4326866613818496,28.157427814999465,16.454544986903574,16.454544986903574,7.64757090258238,13.538897993555434,0.6934764732580451,3.628299933283657,424.93938468442065,0.0,-0.4611020064445661,57.21144435636417,57.21144435636417,0.0,52.5,52.5,0.0,0.0,4.711444356364169,500.0,0.009422888712728337,0.22,32.889132234781435,1.299017758400117,3.4326866613818496,28.157427814999465,0.0,0.0,0.0,2.2884577742545664,424.93938468442065,0.0,2.2884577742545664,1.0,0.1430286108909104,2.2884577742545664,0.0,57.21144435636417,57.21144435636417,0.0,0.0,0.0,1.0,1.0,true_outside_cost,14.0
5,5,5,0,2024-09-20T17:00:00,proposed,H06,5,5,1,0.48932600021362305,13.972178258831718,0.43889262500224235,0.0,0.0,349.30445647079296,349.30445647079296,0.0,70.0,70.0,0.0,0.0,0.95,279.30445647079296,700.0,0.39900636638684706,0.22,170.9237525416467,61.79698042357445,20.958267388247577,88.16850472982468,12.826086754144107,12.826086754144107,4.521221013591969,13.538897993555434,0.6934764732580451,3.628299933283657,424.93938468442065,0.0,-0.4611020064445661,349.30445647079296,349.30445647079296,0.0,70.0,70.0,0.0,0.0,279.30445647079296,700.0,0.39900636638684706,0.22,170.9237525416467,61.79698042357445,20.958267388247577,88.16850472982468,0.0,0.0,0.0,13.972178258831718,424.93938468442065,0.0,13.972178258831718,1.0,0.8732611411769824,13.972178258831718,0.0,349.30445647079296,349.30445647079296,0.0,0.0,0.0,1.0,1.0,true_outside_cost,14.0
5,5,5,0,2024-09-20T17:00:00,proposed,H07,6,6,1,0.5607751607894897,8.040514569092982,0.43889262500224235,0.0,0.0,201.01286422732454,201.01286422732454,0.0,17.5,17.5,0.0,0.0,0.95,183.51286422732454,350.0,0.5243224692209273,0.22,112.72302125783379,40.4603301300114,12.060771853639473,60.20191927418292,10.388327474180116,10.388327474180116,1.8779429742102869,13.538897993555434,0.6934764732580451,3.628299933283657,424.93938468442065,0.0,-0.4611020064445661,201.01286422732454,201.01286422732454,0.0,17.5,17.5,0.0,0.0,183.51286422732454,350.0,0.5243224692209273,0.22,112.72302125783379,40.4603301300114,12.060771853639473,60.20191927418292,0.0,0.0,0.0,8.040514569092982,424.93938468442065,0.0,8.040514569092982,1.0,0.6700428807577485,8.040514569092982,0.0,201.01286422732454,201.01286422732454,0.0,0.0,0.0,1.0,1.0,true_outside_cost,14.0
5,5,5,0,2024-09-20T17:00:00,proposed,H08,7,7,1,0.4299659729003906,0.3120608506068134,0.43889262500224235,0.0,0.0,7.801521265170334,217.26476860551043,0.0,63.0,63.0,0.0,0.0,0.95,154.26476860551043,500.0,0.30852953721102083,0.22,93.41645761044654,34.25324909321229,13.03588611633063,46.12732240090362,9.468602084312938,9.468602084312938,1.231836906915761,13.538897993555434,0.6934764732580451,3.628299933283657,424.93938468442065,0.0,-0.4611020064445661,7.801521265170334,217.26476860551043,0.0,63.0,63.0,0.0,0.0,154.26476860551043,500.0,0.30852953721102083,0.22,93.41645761044654,34.25324909321229,13.03588611633063,46.12732240090362,0.0,0.0,0.0,0.3120608506068134,424.93938468442065,8.378529893613607,8.69059074422042,1.0,0.5431619215137763,8.69059074422042,209.4632473403401,217.26476860551043,217.26476860551043,0.0,0.0,0.0,1.0,1.0,true_outside_cost,14.0
5,5,5,0,2024-09-20T18:00:00,proposed,H01,0,0,2,0.4312892556190491,22.53712028009866,0.28547294735766493,109.02840210073994,94.02840210073994,563.4280070024665,200.0,0.0,12.8,12.8,0.0,0.0,0.95,187.2,250.0,0.7487999999999999,0.3,86.25785112380981,56.224,12.0,18.033851123809818,10.028468230944764,10.028468230944764,1.6153337660999842,13.538897993555434,0.6002765579154754,0.08608849583382779,196.66565378486266,0.0,-0.4611020064445661,563.4280070024665,200.0,0.0,12.8,12.8,0.0,0.0,187.2,250.0,0.7487999999999999,0.3,86.25785112380981,56.224,12.0,18.033851123809818,0.0,1.5671400350123323,0.0,22.53712028009866,196.66565378486266,0.0,22.53712028009866,0.3549699296349045,2.8171400350123323,8.0,0.0,563.4280070024665,200.0,363.42800700246653,0.0,0.0,1.0,0.3549699296349045,true_outside_cost,14.0
5,5,5,0,2024-09-20T18:00:00,proposed,H02,1,1,2,0.5401854515075684,0.0025990704979564163,0.28547294735766493,0.0,0.0,0.06497676244891042,153.58062902254036,0.0,9.6,9.6,0.0,0.0,0.95,143.98062902254037,250.0,0.5759225160901614,0.3,82.96202143135733,43.242188706762114,9.214837741352426,30.50499498324279,9.953037471886752,9.953037471886752,1.3865543730123744,13.538897993555434,0.6002765579154754,0.08608849583382779,196.66565378486266,0.0,-0.4611020064445661,0.06497676244891042,153.58062902254036,0.0,9.6,9.6,0.0,0.0,143.98062902254037,250.0,0.5759225160901614,0.3,82.96202143135733,43.242188706762114,9.214837741352426,30.50499498324279,0.0,0.0,0.0,0.0025990704979564163,196.66565378486266,6.140626090403661,6.1432251609016175,1.0,0.7679031451127022,6.1432251609016175,153.51565226009146,153.58062902254036,153.58062902254036,0.0,0.0,0.0,1.0,1.0,true_outside_cost,14.0
5,5,5,0,2024-09-20T18:00:00,proposed,H03,2,2,2,0.5528868436813354,4.17089503028992,0.28547294735766493,0.0,0.0,104.27237575724799,104.27237575724799,0.0,9.6,9.6,0.0,0.0,0.95,94.67237575724799,350.0,0.2704925021635657,0.3,57.65082471557904,28.449712727174393,6.2563425454348796,22.94476944296977,10.471087018989033,10.471087018989033,1.7740520584608641,13.538897993555434,0.6002765579154754,0.08608849583382779,196.66565378486266,0.0,-0.4611020064445661,104.27237575724799,104.27237575724799,0.0,9.6,9.6,0.0,0.0,94.67237575724799,350.0,0.2704925021635657,0.3,57.65082471557904,28.449712727174393,6.2563425454348796,22.94476944296977,0.0,0.0,0.0,4.17089503028992,196.66565378486266,0.0,4.17089503028992,1.0,0.3475745858574933,4.17089503028992,0.0,104.27237575724799,104.27237575724799,0.0,0.0,0.0,1.0,1.0,true_outside_cost,14.0
5,5,5,0,2024-09-20T18:00:00,proposed,H04,3,3,2,0.503931999206543,0.8219864045877487,0.28547294735766493,0.0,0.0,20.54966011469372,56.41688686678924,0.0,12.8,12.8,0.0,0.0,0.95,43.616886866789244,250.0,0.17446754746715698,0.3,28.43027458779046,13.149066060036773,3.3850132120073537,11.896195315746333,13.4722815968487,13.4722815968487,4.564513475324767,13.538897993555434,0.6002765579154754,0.08608849583382779,196.66565378486266,0.0,-0.4611020064445661,20.54966011469372,56.41688686678924,0.0,12.8,12.8,0.0,0.0,43.616886866789244,250.0,0.17446754746715698,0.3,28.43027458779046,13.149066060036773,3.3850132120073537,11.896195315746333,0.0,0.0,0.0,0.8219864045877487,196.66565378486266,1.4346890700838202,2.256675474671569,1.0,0.28208443433394614,2.256675474671569,35.86722675209552,56.41688686678924,56.41688686678924,0.0,0.0,0.0,1.0,1.0,true_outside_cost,14.0
5,5,5,0,2024-09-20T18:00:00,proposed,H05,4,4,2,0.5850437879562378,0.9780885366108165,0.28547294735766493,0.0,0.0,24.452213415270414,24.452213415270414,0.0,24.0,24.0,0.0,0.0,0.95,0.45221341527041403,500.0,0.000904426830540828,0.3,14.305615560384137,0.2556640245811242,1.4671328049162247,12.582818730886789,16.253982228272456,16.253982228272456,7.237110429441646,13.538897993555434,0.6002765579154754,0.08608849583382779,196.66565378486266,0.0,-0.4611020064445661,24.452213415270414,24.452213415270414,0.0,24.0,24.0,0.0,0.0,0.45221341527041403,500.0,0.000904426830540828,0.3,14.305615560384137,0.2556640245811242,1.4671328049162247,12.582818730886789,0.0,0.0,0.0,0.9780885366108165,196.66565378486266,0.0,0.9780885366108165,1.0,0.06113053353817603,0.9780885366108165,0.0,24.452213415270414,24.452213415270414,0.0,0.0,0.0,1.0,1.0,true_outside_cost,14.0
5,5,5,0,2024-09-20T18:00:00,proposed,H06,5,5,2,0.49630630016326904,5.805853004168765,0.28547294735766493,0.0,0.0,145.14632510421913,145.14632510421913,0.0,32.0,32.0,0.0,0.0,0.95,113.14632510421913,700.0,0.16163760729174162,0.3,72.03703559477002,34.10389753126574,8.708779506253148,29.224358557251133,13.096465495848738,13.096465495848738,4.525409075594631,13.538897993555434,0.6002765579154754,0.08608849583382779,196.66565378486266,0.0,-0.4611020064445661,145.14632510421913,145.14632510421913,0.0,32.0,32.0,0.0,0.0,113.14632510421913,700.0,0.16163760729174162,0.3,72.03703559477002,34.10389753126574,8.708779506253148,29.224358557251133,0.0,0.0,0.0,5.805853004168765,196.66565378486266,0.0,5.805853004168765,1.0,0.3628658127605478,5.805853004168765,0.0,145.14632510421913,145.14632510421913,0.0,0.0,0.0,1.0,1.0,true_outside_cost,14.0
5,5,5,0,2024-09-20T18:00:00,proposed,H07,6,6,2,0.560208797454834,3.879769141211125,0.28547294735766493,0.0,0.0,96.99422853027812,96.99422853027812,0.0,8.0,8.0,0.0,0.0,0.95,88.99422853027812,350.0,0.2542692243722232,0.3,54.337020125006454,26.738268559083433,5.819653711816688,21.779097854106332,10.33392336026614,10.33392336026614,1.6085753935983274,13.538897993555434,0.6002765579154754,0.08608849583382779,196.66565378486266,0.0,-0.4611020064445661,96.99422853027812,96.99422853027812,0.0,8.0,8.0,0.0,0.0,88.99422853027812,350.0,0.2542692243722232,0.3,54.337020125006454,26.738268559083433,5.819653711816688,21.779097854106332,0.0,0.0,0.0,3.879769141211125,196.66565378486266,0.0,3.879769141211125,1.0,0.32331409510092707,3.879769141211125,0.0,96.99422853027812,96.99422853027812,0.0,0.0,0.0,1.0,1.0,true_outside_cost,14.0
5,5,5,0,2024-09-20T18:00:00,proposed,H08,7,7,2,0.46318960189819336,15.971984393350425,0.28547294735766493,0.0,0.0,399.29960983376066,399.29960983376066,0.0,28.8,28.8,0.0,0.0,0.95,370.49960983376064,500.0,0.7409992196675212,0.3,184.95142731700352,111.2938829501282,23.957976590025638,49.69956777684969,9.762812871612953,9.762812871612953,1.2831456514843562,13.538897993555434,0.6002765579154754,0.08608849583382779,196.66565378486266,0.0,-0.4611020064445661,399.29960983376066,399.29960983376066,0.0,28.8,28.8,0.0,0.0,370.49960983376064,500.0,0.7409992196675212,0.3,184.95142731700352,111.2938829501282,23.957976590025638,49.69956777684969,0.0,0.0,0.0,15.971984393350425,196.66565378486266,0.0,15.971984393350425,1.0,0.9982490245844016,15.971984393350425,0.0,399.29960983376066,399.29960983376066,0.0,0.0,0.0,1.0,1.0,true_outside_cost,14.0
5,5,5,0,2024-09-20T19:00:00,proposed,H01,0,0,3,0.47620317339897156,1.582952656781807e-07,0.34705168374419976,49.02840328795443,34.02840328795443,3.957381641954518e-06,200.00000000000006,0.0,3.2,3.2,0.0,0.0,0.95,196.80000000000007,250.0,0.7872000000000002,0.34,95.24063467979434,66.92800000000004,12.0,16.3126346797943,9.777099866661374,9.777099866661374,1.4769193096283268,13.538897993555434,0.6519808269339239,0.46461772042166816,114.51857861807568,0.0,-0.4611020064445661,3.957381641954518e-06,200.00000000000006,0.0,3.2,3.2,0.0,0.0,196.80000000000007,250.0,0.7872000000000002,0.34,95.24063467979434,66.92800000000004,12.0,16.3126346797943,0.0,0.5671400547992406,0.0,1.582952656781807e-07,114.51857861807568,14.537120280098659,14.537120438393924,0.5503153140886992,1.8171400547992405,8.0,363.42800700246653,363.42801095984817,200.00000000000006,163.4280109598481,1.1102230246251565e-16,0.0,1.0,0.5503153140886992,true_outside_cost,14.0
5,5,5,0,2024-09-20T19:00:00,proposed,H02,1,1,3,0.5163961052894592,6.026855769532826,0.34705168374419976,0.0,0.0,150.6713942383207,150.6713942383207,0.0,2.4,2.4,0.0,0.0,0.95,148.27139423832068,250.0,0.5930855769532827,0.34,77.80612116320147,50.42427404102904,9.04028365429924,18.341563467873193,9.759631271908583,9.759631271908583,1.2980574317631142,13.538897993555434,0.6519808269339239,0.46461772042166816,114.51857861807568,0.0,-0.4611020064445661,150.6713942383207,150.6713942383207,0.0,2.4,2.4,0.0,0.0,148.27139423832068,250.0,0.5930855769532827,0.34,77.80612116320147,50.42427404102904,9.04028365429924,18.341563467873193,0.0,0.0,0.0,6.026855769532826,114.51857861807568,0.0,6.026855769532826,1.0,0.7533569711916033,6.026855769532826,0.0,150.6713942383207,150.6713942383207,0.0,0.0,0.0,1.0,1.0,true_outside_cost,14.0
5,5,5,0,2024-09-20T19:00:00,proposed,H03,2,2,3,0.5561808347702026,3.1890489598043747,0.34705168374419976,0.0,0.0,79.72622399510936,79.72622399510936,0.0,2.4,2.4,0.0,0.0,0.95,77.32622399510936,350.0,0.2209320685574553,0.34,44.342197814676084,26.302916158337183,4.783573439706562,13.255708216632339,10.526119467928652,10.526119467928652,1.9228017083895057,13.538897993555434,0.6519808269339239,0.46461772042166816,114.51857861807568,0.0,-0.4611020064445661,79.72622399510936,79.72622399510936,0.0,2.4,2.4,0.0,0.0,77.32622399510936,350.0,0.2209320685574553,0.34,44.342197814676084,26.302916158337183,4.783573439706562,13.255708216632339,0.0,0.0,0.0,3.1890489598043747,114.51857861807568,0.0,3.1890489598043747,1.0,0.2657540799836979,3.1890489598043747,0.0,79.72622399510936,79.72622399510936,0.0,0.0,0.0,1.0,1.0,true_outside_cost,14.0
5,5,5,0,2024-09-20T19:00:00,proposed,H04,3,3,3,0.504077672958374,3.7499428039203373,0.34705168374419976,0.0,0.0,93.74857009800841,93.74857009800841,0.0,3.2,3.2,0.0,0.0,0.95,90.54857009800841,250.0,0.36219428039203366,0.34,47.25656105817909,30.80251383332286,5.624914205880506,10.829133018975723,13.719968020264172,13.719968020264172,4.887454719288062,13.538897993555434,0.6519808269339239,0.46461772042166816,114.51857861807568,0.0,-0.4611020064445661,93.74857009800841,93.74857009800841,0.0,3.2,3.2,0.0,0.0,90.54857009800841,250.0,0.36219428039203366,0.34,47.25656105817909,30.80251383332286,5.624914205880506,10.829133018975723,0.0,0.0,0.0,3.7499428039203373,114.51857861807568,0.0,3.7499428039203373,1.0,0.46874285049004216,3.7499428039203373,0.0,93.74857009800841,93.74857009800841,0.0,0.0,0.0,1.0,1.0,true_outside_cost,14.0
5,5,5,0,2024-09-20T19:00:00,proposed,H05,4,4,3,0.5891246199607849,0.7185352736865263,0.34705168374419976,0.0,0.0,17.96338184216316,17.96338184216316,0.0,6.0,6.0,0.0,0.0,0.95,11.963381842163159,500.0,0.023926763684326318,0.34,10.582670500974835,4.097549826335475,1.0778029105297895,5.407317764109571,16.47250896966184,16.47250896966184,7.541967851342026,13.538897993555434,0.6519808269339239,0.46461772042166816,114.51857861807568,0.0,-0.4611020064445661,17.96338184216316,17.96338184216316,0.0,6.0,6.0,0.0,0.0,11.963381842163159,500.0,0.023926763684326318,0.34,10.582670500974835,4.097549826335475,1.0778029105297895,5.407317764109571,0.0,0.0,0.0,0.7185352736865263,114.51857861807568,0.0,0.7185352736865263,1.0,0.04490845460540789,0.7185352736865263,0.0,17.96338184216316,17.96338184216316,0.0,0.0,0.0,1.0,1.0,true_outside_cost,14.0
5,5,5,0,2024-09-20T19:00:00,proposed,H06,5,5,3,0.501448929309845,4.392392088122273,0.34705168374419976,0.0,0.0,109.8098022030568,109.8098022030568,0.0,8.0,8.0,0.0,0.0,0.95,101.8098022030568,700.0,0.14544257457579543,0.34,55.06400774244869,34.65533274903932,6.58858813218341,13.82008686122596,13.025355867341249,13.025355867341249,4.564007620443007,13.538897993555434,0.6519808269339239,0.46461772042166816,114.51857861807568,0.0,-0.4611020064445661,109.8098022030568,109.8098022030568,0.0,8.0,8.0,0.0,0.0,101.8098022030568,700.0,0.14544257457579543,0.34,55.06400774244869,34.65533274903932,6.58858813218341,13.82008686122596,0.0,0.0,0.0,4.392392088122273,114.51857861807568,0.0,4.392392088122273,1.0,0.27452450550764207,4.392392088122273,0.0,109.8098022030568,109.8098022030568,0.0,0.0,0.0,1.0,1.0,true_outside_cost,14.0
5,5,5,0,2024-09-20T19:00:00,proposed,H07,6,6,3,0.5597549676895142,3.123242584490093,0.34705168374419976,0.0,0.0,78.08106461225232,78.08106461225232,0.0,2.0,2.0,0.0,0.0,0.95,76.08106461225232,350.0,0.2173744703207209,0.34,43.70626379919416,25.877561968165793,4.68486387673514,13.143837954293229,10.385671455193993,10.385671455193993,1.7634113654430723,13.538897993555434,0.6519808269339239,0.46461772042166816,114.51857861807568,0.0,-0.4611020064445661,78.08106461225232,78.08106461225232,0.0,2.0,2.0,0.0,0.0,76.08106461225232,350.0,0.2173744703207209,0.34,43.70626379919416,25.877561968165793,4.68486387673514,13.143837954293229,0.0,0.0,0.0,3.123242584490093,114.51857861807568,0.0,3.123242584490093,1.0,0.26027021537417444,3.123242584490093,0.0,78.08106461225232,78.08106461225232,0.0,0.0,0.0,1.0,1.0,true_outside_cost,14.0
5,5,5,0,2024-09-20T19:00:00,proposed,H08,7,7,3,0.47227373719215393,11.62042947874611,0.34705168374419976,0.0,0.0,290.5107369686528,290.5107369686528,0.0,7.2,7.2,0.0,0.0,0.95,283.3107369686528,500.0,0.5666214739373057,0.34,137.2005914426325,96.36165056934196,17.430644218119166,23.40829665517136,9.620626234719584,9.620626234719584,1.2561199549004256,13.538897993555434,0.6519808269339239,0.46461772042166816,114.51857861807568,0.0,-0.4611020064445661,290.5107369686528,290.5107369686528,0.0,7.2,7.2,0.0,0.0,283.3107369686528,500.0,0.5666214739373057,0.34,137.2005914426325,96.36165056934196,17.430644218119166,23.40829665517136,0.0,0.0,0.0,11.62042947874611,114.51857861807568,0.0,11.62042947874611,1.0,0.7262768424216319,11.62042947874611,0.0,290.5107369686528,290.5107369686528,0.0,0.0,0.0,1.0,1.0,true_outside_cost,14.0
5,5,5,0,2024-09-20T20:00:00,proposed,H01,0,0,4,0.4511758089065552,0.003100547443954371,0.3445710717651567,0.0,0.0,0.0775136860988593,163.50552464594696,0.0,0.0,0.0,0.0,0.0,0.95,163.50552464594696,250.0,0.6540220985837879,0.27,73.76973734282582,44.146491654405686,9.810331478756819,19.812914209663315,9.794227040179514,9.794227040179514,1.4781387490514812,13.538897993555434,0.6502051994076201,1.2192818092388311,121.9281809238831,0.0,-0.4611020064445661,0.0775136860988593,163.50552464594696,0.0,0.0,0.0,0.0,0.0,163.50552464594696,250.0,0.6540220985837879,0.27,73.76973734282582,44.146491654405686,9.810331478756819,19.812914209663315,0.0,0.0,0.0,0.003100547443954371,121.9281809238831,6.5371204383939245,6.540220985837879,1.0,0.8175276232297348,6.540220985837879,163.4280109598481,163.50552464594696,163.50552464594696,0.0,0.0,0.0,1.0,1.0,true_outside_cost,14.0
5,5,5,0,2024-09-20T20:00:00,proposed,H02,1,1,4,0.5151367783546448,4.277125407227449,0.3445710717651567,0.0,0.0,106.92813518068623,106.92813518068623,0.0,0.0,0.0,0.0,0.0,0.95,106.92813518068623,250.0,0.4277125407227449,0.27,55.082615072448654,28.870596498785282,6.415688110841174,19.796330462822198,9.770548677772837,9.770548677772837,1.2951117734491449,13.538897993555434,0.6502051994076201,1.2192818092388311,121.9281809238831,0.0,-0.4611020064445661,106.92813518068623,106.92813518068623,0.0,0.0,0.0,0.0,0.0,106.92813518068623,250.0,0.4277125407227449,0.27,55.082615072448654,28.870596498785282,6.415688110841174,19.796330462822198,0.0,0.0,0.0,4.277125407227449,121.9281809238831,0.0,4.277125407227449,1.0,0.5346406759034311,4.277125407227449,0.0,106.92813518068623,106.92813518068623,0.0,0.0,0.0,1.0,1.0,true_outside_cost,14.0
5,5,5,0,2024-09-20T20:00:00,proposed,H03,2,2,4,0.5490096807479858,2.445310392565846,0.3445710717651567,0.0,0.0,61.13275981414616,61.13275981414616,0.0,0.0,0.0,0.0,0.0,0.95,61.13275981414616,350.0,0.1746650280404176,0.27,33.562476948807685,16.505845149819464,3.6679655888487694,13.388666210139451,10.56588422913532,10.56588422913532,1.9290589562771814,13.538897993555434,0.6502051994076201,1.2192818092388311,121.9281809238831,0.0,-0.4611020064445661,61.13275981414616,61.13275981414616,0.0,0.0,0.0,0.0,0.0,61.13275981414616,350.0,0.1746650280404176,0.27,33.562476948807685,16.505845149819464,3.6679655888487694,13.388666210139451,0.0,0.0,0.0,2.445310392565846,121.9281809238831,0.0,2.445310392565846,1.0,0.20377586604715384,2.445310392565846,0.0,61.13275981414616,61.13275981414616,0.0,0.0,0.0,1.0,1.0,true_outside_cost,14.0
5,5,5,0,2024-09-20T20:00:00,proposed,H04,3,3,4,0.5091168880462646,2.446869746058687,0.3445710717651567,0.0,0.0,61.17174365146717,61.17174365146717,0.0,0.0,0.0,0.0,0.0,0.95,61.17174365146717,250.0,0.24468697460586866,0.27,31.14356776419881,16.516370785896136,3.6703046190880304,10.956892359214644,13.72128950472381,13.72128950472381,4.818993244513123,13.538897993555434,0.6502051994076201,1.2192818092388311,121.9281809238831,0.0,-0.4611020064445661,61.17174365146717,61.17174365146717,0.0,0.0,0.0,0.0,0.0,61.17174365146717,250.0,0.24468697460586866,0.27,31.14356776419881,16.516370785896136,3.6703046190880304,10.956892359214644,0.0,0.0,0.0,2.446869746058687,121.9281809238831,0.0,2.446869746058687,1.0,0.30585871825733585,2.446869746058687,0.0,61.17174365146717,61.17174365146717,0.0,0.0,0.0,1.0,1.0,true_outside_cost,14.0
5,5,5,0,2024-09-20T20:00:00,proposed,H05,4,4,4,0.5822404623031616,0.5650415566900976,0.3445710717651567,0.0,0.0,14.12603891725244,14.12603891725244,0.0,0.0,0.0,0.0,0.0,0.95,14.12603891725244,500.0,0.028252077834504882,0.27,8.224751429693514,3.8140305076581593,0.8475623350351464,3.563158587000208,16.30281997286813,16.30281997286813,7.284557362006276,13.538897993555434,0.6502051994076201,1.2192818092388311,121.9281809238831,0.0,-0.4611020064445661,14.12603891725244,14.12603891725244,0.0,0.0,0.0,0.0,0.0,14.12603891725244,500.0,0.028252077834504882,0.27,8.224751429693514,3.8140305076581593,0.8475623350351464,3.563158587000208,0.0,0.0,0.0,0.5650415566900976,121.9281809238831,0.0,0.5650415566900976,1.0,0.0353150972931311,0.5650415566900976,0.0,14.12603891725244,14.12603891725244,0.0,0.0,0.0,1.0,1.0,true_outside_cost,14.0
5,5,5,0,2024-09-20T20:00:00,proposed,H06,5,5,4,0.49636468291282654,3.240566153361585,0.3445710717651567,0.0,0.0,81.01415383403965,81.01415383403965,0.0,0.0,0.0,0.0,0.0,0.95,81.01415383403965,700.0,0.11573450547719949,0.27,40.21256477928404,21.873821535190707,4.860849230042378,13.477894014050952,13.111118574663017,13.111118574663017,4.603742776702413,13.538897993555434,0.6502051994076201,1.2192818092388311,121.9281809238831,0.0,-0.4611020064445661,81.01415383403965,81.01415383403965,0.0,0.0,0.0,0.0,0.0,81.01415383403965,700.0,0.11573450547719949,0.27,40.21256477928404,21.873821535190707,4.860849230042378,13.477894014050952,0.0,0.0,0.0,3.240566153361585,121.9281809238831,0.0,3.240566153361585,1.0,0.20253538458509907,3.240566153361585,0.0,81.01415383403965,81.01415383403965,0.0,0.0,0.0,1.0,1.0,true_outside_cost,14.0
5,5,5,0,2024-09-20T20:00:00,proposed,H07,6,6,4,0.5637223720550537,2.07746597718015,0.3445710717651567,0.0,0.0,51.93664942950375,51.93664942950375,0.0,0.0,0.0,0.0,0.0,0.95,51.93664942950375,350.0,0.14839042694143928,0.27,29.277851212991607,14.022895345966013,3.1161989657702245,12.13875690125537,10.36122808791469,10.36122808791469,1.6925640233385262,13.538897993555434,0.6502051994076201,1.2192818092388311,121.9281809238831,0.0,-0.4611020064445661,51.93664942950375,51.93664942950375,0.0,0.0,0.0,0.0,0.0,51.93664942950375,350.0,0.14839042694143928,0.27,29.277851212991607,14.022895345966013,3.1161989657702245,12.13875690125537,0.0,0.0,0.0,2.07746597718015,121.9281809238831,0.0,2.07746597718015,1.0,0.1731221647650125,2.07746597718015,0.0,51.93664942950375,51.93664942950375,0.0,0.0,0.0,1.0,1.0,true_outside_cost,14.0
5,5,5,0,2024-09-20T20:00:00,proposed,H08,7,7,4,0.47154611349105835,8.136872845062156,0.3445710717651567,0.0,0.0,203.42182112655385,203.42182112655385,0.0,0.0,0.0,0.0,0.0,0.95,203.42182112655385,500.0,0.4068436422531077,0.27,95.92276915149974,54.92389170416954,12.205309267593233,28.793568179736962,9.655915974110926,9.655915974110926,1.267817443487055,13.538897993555434,0.6502051994076201,1.2192818092388311,121.9281809238831,0.0,-0.4611020064445661,203.42182112655385,203.42182112655385,0.0,0.0,0.0,0.0,0.0,203.42182112655385,500.0,0.4068436422531077,0.27,95.92276915149974,54.92389170416954,12.205309267593233,28.793568179736962,0.0,0.0,0.0,8.136872845062156,121.9281809238831,0.0,8.136872845062156,1.0,0.5085545528163847,8.136872845062156,0.0,203.42182112655385,203.42182112655385,0.0,0.0,0.0,1.0,1.0,true_outside_cost,14.0
5,5,5,0,2024-09-20T21:00:00,proposed,H01,0,0,5,0.4338934123516083,7.595713961560083,0.2510074184377199,0.0,0.0,189.8928490390021,189.8928490390021,0.0,0.0,0.0,0.0,100.0,0.42368421052631583,89.8928490390021,250.0,0.3595713961560084,0.2,82.39325625070144,20.978569807800422,11.393570942340125,50.02111550056089,9.978651417009683,9.978651417009683,1.6114639454699173,13.538897993555434,0.5660916463296505,2.036050787079458,203.60507870794578,1.4210854715202004e-14,-0.4611020064445661,189.8928490390021,189.8928490390021,0.0,0.0,0.0,0.0,100.0,89.8928490390021,250.0,0.3595713961560084,0.2,82.39325625070144,20.978569807800422,11.393570942340125,50.02111550056089,1.4210854715202004e-14,0.0,0.0,7.595713961560083,203.60507870794578,0.0,7.595713961560083,1.0,0.9494642451950104,7.595713961560083,0.0,189.8928490390021,189.8928490390021,0.0,0.0,0.0,1.0,1.0,true_outside_cost,14.0
5,5,5,0,2024-09-20T21:00:00,proposed,H02,1,1,5,0.5111426115036011,2.7117554645629585,0.2510074184377199,0.0,0.0,67.79388661407397,67.79388661407397,0.0,0.0,0.0,0.0,67.79388661407397,0.5931900704522423,0.0,250.0,0.0,0.2,34.65234424789679,2.033816598422219,4.0676331968444375,28.550894452630136,9.885134311577083,9.885134311577083,1.3736512392694042,13.538897993555434,0.5660916463296505,2.036050787079458,203.60507870794578,0.0,-0.4611020064445661,67.79388661407397,67.79388661407397,0.0,0.0,0.0,0.0,67.79388661407397,0.0,250.0,0.0,0.2,34.65234424789679,2.033816598422219,4.0676331968444375,28.550894452630136,0.0,0.0,0.0,2.7117554645629585,203.60507870794578,0.0,2.7117554645629585,1.0,0.3389694330703698,2.7117554645629585,0.0,67.79388661407397,67.79388661407397,0.0,0.0,0.0,1.0,1.0,true_outside_cost,14.0
5,5,5,0,2024-09-20T21:00:00,proposed,H03,2,2,5,0.5416184067726135,1.711899025256669,0.2510074184377199,0.0,0.0,42.797475631416724,42.797475631416724,0.0,0.0,0.0,0.0,42.797475631416724,0.7998334188371343,0.0,350.0,0.0,0.2,23.17990056537768,1.2839242689425017,2.567848537885004,19.328127758550174,10.409862544152816,10.409862544152816,1.7337703039266614,13.538897993555434,0.5660916463296505,2.036050787079458,203.60507870794578,7.105427357601002e-15,-0.4611020064445661,42.797475631416724,42.797475631416724,0.0,0.0,0.0,0.0,42.797475631416724,0.0,350.0,0.0,0.2,23.17990056537768,1.2839242689425017,2.567848537885004,19.328127758550174,7.105427357601002e-15,0.0,0.0,1.711899025256669,203.60507870794578,0.0,1.711899025256669,1.0,0.1426582521047224,1.711899025256669,0.0,42.797475631416724,42.797475631416724,0.0,0.0,0.0,1.0,1.0,true_outside_cost,14.0
5,5,5,0,2024-09-20T21:00:00,proposed,H04,3,3,5,0.5128967761993408,1.4893189841090169,0.2510074184377199,0.0,0.0,37.23297460272542,37.23297460272542,0.0,0.0,0.0,0.0,37.23297460272542,0.7932295806201034,0.0,250.0,0.0,0.2,19.0966726420498,1.1169892380817625,2.233978476163525,15.745704927804514,13.469893422414453,13.469893422414453,4.527146060329072,13.538897993555434,0.5660916463296505,2.036050787079458,203.60507870794578,1.4210854715202004e-14,-0.4611020064445661,37.23297460272542,37.23297460272542,0.0,0.0,0.0,0.0,37.23297460272542,0.0,250.0,0.0,0.2,19.0966726420498,1.1169892380817625,2.233978476163525,15.745704927804514,1.4210854715202004e-14,0.0,0.0,1.4893189841090169,203.60507870794578,0.0,1.4893189841090169,1.0,0.1861648730136271,1.4893189841090169,0.0,37.23297460272542,37.23297460272542,0.0,0.0,0.0,1.0,1.0,true_outside_cost,14.0
5,5,5,0,2024-09-20T21:00:00,proposed,H05,4,4,5,0.5759159326553345,0.3894080182654992,0.2510074184377199,0.0,0.0,9.73520045663748,9.73520045663748,0.0,0.0,0.0,0.0,9.73520045663748,0.9295048411439211,0.0,500.0,0.0,0.2,5.6066570505710125,0.29205601369912443,0.5841120273982487,4.73048900947364,16.1707508743935,16.1707508743935,7.096504948014475,13.538897993555434,0.5660916463296505,2.036050787079458,203.60507870794578,1.0658141036401503e-14,-0.4611020064445661,9.73520045663748,9.73520045663748,0.0,0.0,0.0,0.0,9.73520045663748,0.0,500.0,0.0,0.2,5.6066570505710125,0.29205601369912443,0.5841120273982487,4.73048900947364,1.0658141036401503e-14,0.0,0.0,0.3894080182654992,203.60507870794578,0.0,0.3894080182654992,1.0,0.0243380011415937,0.3894080182654992,0.0,9.73520045663748,9.73520045663748,0.0,0.0,0.0,1.0,1.0,true_outside_cost,14.0
5,5,5,0,2024-09-20T21:00:00,proposed,H06,5,5,5,0.4908013343811035,2.093994961055752,0.2510074184377199,0.0,0.0,52.3498740263938,52.3498740263938,0.0,0.0,0.0,0.0,52.3498740263938,0.8581581157431687,0.0,700.0,0.0,0.2,25.69338802683675,1.5704962207918138,3.1409924415836277,20.98189936446131,13.307977882260445,13.307977882260445,4.720272280313287,13.538897993555434,0.5660916463296505,2.036050787079458,203.60507870794578,2.842170943040401e-14,-0.4611020064445661,52.3498740263938,52.3498740263938,0.0,0.0,0.0,0.0,52.3498740263938,0.0,700.0,0.0,0.2,25.69338802683675,1.5704962207918138,3.1409924415836277,20.98189936446131,2.842170943040401e-14,0.0,0.0,2.093994961055752,203.60507870794578,0.0,2.093994961055752,1.0,0.1308746850659845,2.093994961055752,0.0,52.3498740263938,52.3498740263938,0.0,0.0,0.0,1.0,1.0,true_outside_cost,14.0
5,5,5,0,2024-09-20T21:00:00,proposed,H07,6,6,5,0.5670069456100464,1.2530891532038964,0.2510074184377199,0.0,0.0,31.3272288300974,31.3272288300974,0.0,0.0,0.0,0.0,31.3272288300974,0.8400798988417635,0.0,350.0,0.0,0.2,17.762756333380512,0.9398168649029219,1.8796337298058445,14.943305738671745,10.22704202592578,10.22704202592578,1.510429715302683,13.538897993555434,0.5660916463296505,2.036050787079458,203.60507870794578,7.105427357601002e-15,-0.4611020064445661,31.3272288300974,31.3272288300974,0.0,0.0,0.0,0.0,31.3272288300974,0.0,350.0,0.0,0.2,17.762756333380512,0.9398168649029219,1.8796337298058445,14.943305738671745,7.105427357601002e-15,0.0,0.0,1.2530891532038964,203.60507870794578,0.0,1.2530891532038964,1.0,0.1044240961003247,1.2530891532038964,0.0,31.3272288300974,31.3272288300974,0.0,0.0,0.0,1.0,1.0,true_outside_cost,14.0
5,5,5,0,2024-09-20T21:00:00,proposed,H08,7,7,5,0.4674724340438843,5.2245978788545315,0.2510074184377199,0.0,0.0,130.61494697136328,130.61494697136328,0.0,0.0,0.0,0.0,130.61494697136328,0.675021164270814,0.0,500.0,0.0,0.2,61.058887183216065,3.918448409140898,7.836896818281797,49.303541955793364,9.76015206318046,9.76015206318046,1.3124342864665821,13.538897993555434,0.5660916463296505,2.036050787079458,203.60507870794578,2.842170943040401e-14,-0.4611020064445661,130.61494697136328,130.61494697136328,0.0,0.0,0.0,0.0,130.61494697136328,0.0,500.0,0.0,0.2,61.058887183216065,3.918448409140898,7.836896818281797,49.303541955793364,2.842170943040401e-14,0.0,0.0,5.2245978788545315,203.60507870794578,0.0,5.2245978788545315,1.0,0.3265373674284082,5.2245978788545315,0.0,130.61494697136328,130.61494697136328,0.0,0.0,0.0,1.0,1.0,true_outside_cost,14.0
5,5,5,0,2024-09-20T16:00:00,proposed,H01,0,0,0,0.46856242418289185,15.766740231793182,0.07875436541553546,58.25055173844887,43.25055173844887,394.1685057948296,200.00000000000003,0.0,44.0,44.0,84.21052631578947,0.0,0.95,240.21052631578948,250.0,0.9608421052631579,0.16,93.71248483657838,38.653684210526315,12.0,43.05880062605207,10.426646093807662,10.426646093807662,1.8766891932775056,13.538897993555434,0.4254669677134717,1.6868931375683542,329.9456127502318,0.0,-2.961102006444566,394.1685057948296,200.00000000000003,0.0,44.0,44.0,84.21052631578947,0.0,240.21052631578948,250.0,0.9608421052631579,0.16,93.71248483657838,38.653684210526315,12.0,43.05880062605207,0.0,0.7208425289741478,0.0,15.766740231793182,329.9456127502318,0.0,15.766740231793182,0.507397209720512,1.9708425289741478,8.0,0.0,394.1685057948296,200.00000000000003,194.1685057948296,0.0,0.0,1.0,0.507397209720512,true_outside_cost,16.5
5,5,5,0,2024-09-20T16:00:00,proposed,H02,1,1,0,0.5294427871704102,7.023272993604092,0.07875436541553546,0.0,0.0,175.58182484010229,175.58182484010229,0.0,33.0,33.0,94.73684210526316,0.0,0.95,237.31866694536546,250.0,0.9492746677814619,0.16,92.9605307198105,38.135986711258475,10.534909490406138,44.289634518145895,10.350403269747982,10.350403269747982,1.6703588060311936,13.538897993555434,0.4254669677134717,1.6868931375683542,329.9456127502318,0.0,-2.961102006444566,175.58182484010229,175.58182484010229,0.0,33.0,33.0,94.73684210526316,0.0,237.31866694536546,250.0,0.9492746677814619,0.16,92.9605307198105,38.135986711258475,10.534909490406138,44.289634518145895,0.0,0.0,0.0,7.023272993604092,329.9456127502318,0.0,7.023272993604092,1.0,0.8779091242005115,7.023272993604092,0.0,175.58182484010229,175.58182484010229,0.0,0.0,0.0,1.0,1.0,true_outside_cost,16.5
5,5,5,0,2024-09-20T16:00:00,proposed,H03,2,2,0,0.5401561260223389,6.191500701917184,0.07875436541553546,0.0,0.0,154.78751754792958,154.78751754792958,0.0,33.0,33.0,110.52631578947368,0.0,0.95,232.31383333740325,350.0,0.6637538095354378,0.16,83.60942583530444,37.33521333398452,9.287251052875776,36.98696144844414,10.524391604555804,10.524391604555804,1.6825276633007913,13.538897993555434,0.4254669677134717,1.6868931375683542,329.9456127502318,0.0,-2.961102006444566,154.78751754792958,154.78751754792958,0.0,33.0,33.0,110.52631578947368,0.0,232.31383333740325,350.0,0.6637538095354378,0.16,83.60942583530444,37.33521333398452,9.287251052875776,36.98696144844414,0.0,0.0,0.0,6.191500701917184,329.9456127502318,0.0,6.191500701917184,1.0,0.515958391826432,6.191500701917184,0.0,154.78751754792958,154.78751754792958,0.0,0.0,0.0,1.0,1.0,true_outside_cost,16.5
5,5,5,0,2024-09-20T16:00:00,proposed,H04,3,3,0,0.497302770614624,7.079087792731841,0.07875436541553546,0.0,0.0,176.97719481829603,176.97719481829603,0.0,44.0,44.0,78.94736842105263,0.0,0.95,211.92456323934866,250.0,0.8476982529573946,0.16,88.0112493187427,34.12793011829579,10.618631689097763,43.26468751134915,13.1499188398441,13.1499188398441,4.044716950072058,13.538897993555434,0.4254669677134717,1.6868931375683542,329.9456127502318,0.0,-2.961102006444566,176.97719481829603,176.97719481829603,0.0,44.0,44.0,78.94736842105263,0.0,211.92456323934866,250.0,0.8476982529573946,0.16,88.0112493187427,34.12793011829579,10.618631689097763,43.26468751134915,0.0,0.0,0.0,7.079087792731841,329.9456127502318,0.0,7.079087792731841,1.0,0.8848859740914802,7.079087792731841,0.0,176.97719481829603,176.97719481829603,0.0,0.0,0.0,1.0,1.0,true_outside_cost,16.5
5,5,5,0,2024-09-20T16:00:00,proposed,H05,4,4,0,0.5716525912284851,1.6798622920440582,0.07875436541553546,0.0,0.0,41.996557301101454,41.996557301101454,0.0,82.5,0.0,131.57894736842104,0.0,0.95,91.0755046695225,500.0,0.18215100933904502,0.16,24.0074408038502,14.9845807471236,2.5197934380660874,6.503066618660514,15.448516338228481,15.448516338228481,6.189242363849866,13.538897993555434,0.4254669677134717,1.6868931375683542,329.9456127502318,1.4210854715202004e-14,-2.961102006444566,41.996557301101454,41.996557301101454,0.0,82.5,0.0,131.57894736842104,0.0,91.0755046695225,500.0,0.18215100933904502,0.16,24.0074408038502,14.9845807471236,2.5197934380660874,6.503066618660514,1.4210854715202004e-14,0.0,0.0,1.6798622920440582,329.9456127502318,0.0,1.6798622920440582,1.0,0.10499139325275364,1.6798622920440582,0.0,41.996557301101454,41.996557301101454,0.0,0.0,0.0,1.0,1.0,true_outside_cost,16.5
5,5,5,0,2024-09-20T16:00:00,proposed,H06,5,5,0,0.48814189434051514,7.796819332350432,0.07875436541553546,0.0,0.0,194.92048330876077,194.92048330876077,0.0,110.0,110.0,126.31578947368422,0.0,0.95,211.23627278244498,700.0,0.30176610397492143,0.16,95.14885396810725,34.34780364519119,11.695228998525648,49.105821324390405,13.398224229734364,13.398224229734364,4.623021584831504,13.538897993555434,0.4254669677134717,1.6868931375683542,329.9456127502318,0.0,-2.961102006444566,194.92048330876077,194.92048330876077,0.0,110.0,110.0,126.31578947368422,0.0,211.23627278244498,700.0,0.30176610397492143,0.16,95.14885396810725,34.34780364519119,11.695228998525648,49.105821324390405,0.0,0.0,0.0,7.796819332350432,329.9456127502318,0.0,7.796819332350432,1.0,0.487301208271902,7.796819332350432,0.0,194.92048330876077,194.92048330876077,0.0,0.0,0.0,1.0,1.0,true_outside_cost,16.5
5,5,5,0,2024-09-20T16:00:00,proposed,H07,6,6,0,0.5586836338043213,5.168837473920945,0.07875436541553546,0.0,0.0,129.22093684802363,129.22093684802363,0.0,27.5,27.5,126.31578947368422,0.0,0.95,228.03672632170785,350.0,0.6515335037763081,0.16,72.19362256185256,36.62337621147326,7.753256210881418,27.81699013949789,10.136226353165805,10.136226353165805,1.2209285190314374,13.538897993555434,0.4254669677134717,1.6868931375683542,329.9456127502318,0.0,-2.961102006444566,129.22093684802363,129.22093684802363,0.0,27.5,27.5,126.31578947368422,0.0,228.03672632170785,350.0,0.6515335037763081,0.16,72.19362256185256,36.62337621147326,7.753256210881418,27.81699013949789,0.0,0.0,0.0,5.168837473920945,329.9456127502318,0.0,5.168837473920945,1.0,0.4307364561600788,5.168837473920945,0.0,129.22093684802363,129.22093684802363,0.0,0.0,0.0,1.0,1.0,true_outside_cost,16.5
5,5,5,0,2024-09-20T16:00:00,proposed,H08,7,7,0,0.4315682053565979,29.967359402199822,0.07875436541553546,52.37759775824933,37.37759775824933,749.1839850549954,399.99999999999994,0.0,99.0,0.0,131.57894736842104,0.0,0.95,432.578947368421,500.0,0.865157894736842,0.16,172.62728214263913,69.70763157894736,24.0,78.91965056369177,9.975495370830973,9.975495370830973,1.3263581279802912,13.538897993555434,0.4254669677134717,1.6868931375683542,329.9456127502318,1.4210854715202004e-14,-2.961102006444566,749.1839850549954,399.99999999999994,0.0,99.0,0.0,131.57894736842104,0.0,432.578947368421,500.0,0.865157894736842,0.16,172.62728214263913,69.70763157894736,24.0,78.91965056369177,1.4210854715202004e-14,0.6229599626374889,0.0,29.967359402199822,329.9456127502318,0.0,29.967359402199822,0.533914242668491,1.8729599626374889,16.0,0.0,749.1839850549954,399.99999999999994,349.1839850549955,0.0,0.0,1.0,0.533914242668491,true_outside_cost,16.5
5,5,5,0,2024-09-20T17:00:00,proposed,H01,0,0,1,0.46791282296180725,0.0030885898509454323,0.16646773468034362,0.0,0.0,0.07721474627363581,194.24572054110322,0.0,28.0,28.0,0.0,0.0,0.95,166.24572054110322,250.0,0.6649828821644129,0.22,90.89006344663792,36.71405851904271,11.654743232466192,42.52126169512903,9.65092516094762,9.65092516094762,1.4788960360015504,13.538897993555434,0.6989409117167777,2.8367149276529995,518.1555864090782,0.0,-2.961102006444566,0.07721474627363581,194.24572054110322,0.0,28.0,28.0,0.0,0.0,166.24572054110322,250.0,0.6649828821644129,0.22,90.89006344663792,36.71405851904271,11.654743232466192,42.52126169512903,0.0,0.0,0.0,0.0030885898509454323,518.1555864090782,7.766740231793182,7.769828821644128,1.0,0.971228602705516,7.769828821644128,194.1685057948296,194.24572054110322,194.24572054110322,0.0,0.0,0.0,1.0,1.0,true_outside_cost,16.5
5,5,5,0,2024-09-20T17:00:00,proposed,H02,1,1,1,0.5242934226989746,21.00970119252273,0.16646773468034362,97.57275894392048,82.57275894392048,525.2425298130682,200.0,0.0,21.0,21.0,0.0,0.0,0.95,179.0,250.0,0.716,0.22,104.85868453979492,39.485,12.0,53.37368453979492,9.815275609248651,9.815275609248651,1.4640236742981119,13.538897993555434,0.6989409117167777,2.8367149276529995,518.1555864090782,0.0,-2.961102006444566,525.2425298130682,200.0,0.0,21.0,21.0,0.0,0.0,179.0,250.0,0.716,0.22,104.85868453979492,39.485,12.0,53.37368453979492,0.0,1.3762126490653412,0.0,21.00970119252273,518.1555864090782,0.0,21.00970119252273,0.38077647686142096,2.6262126490653412,8.0,0.0,525.2425298130682,200.0,325.24252981306824,0.0,0.0,1.0,0.38077647686142096,true_outside_cost,16.5
5,5,5,0,2024-09-20T17:00:00,proposed,H03,2,2,1,0.5424904227256775,14.885612990466626,0.16646773468034362,14.428064952333134,0.0,372.1403247616657,300.0,0.0,21.0,21.0,0.0,0.0,0.95,279.0,350.0,0.7971428571428572,0.22,162.74712681770325,61.485,18.0,83.26212681770325,10.599654023980023,10.599654023980023,2.0962388221146195,13.538897993555434,0.6989409117167777,2.8367149276529995,518.1555864090782,0.0,-2.961102006444566,372.1403247616657,300.0,0.0,21.0,21.0,0.0,0.0,279.0,350.0,0.7971428571428572,0.22,162.74712681770325,61.485,18.0,83.26212681770325,0.0,0.0,0.0,14.885612990466626,518.1555864090782,0.0,14.885612990466626,0.8061475202724473,1.2404677492055523,12.0,0.0,372.1403247616657,300.0,72.14032476166568,8.326672684688674e-17,0.0,1.0,0.8061475202724473,true_outside_cost,16.5
5,5,5,0,2024-09-20T17:00:00,proposed,H04,3,3,1,0.5061406493186951,14.127068973108658,0.16646773468034362,45.95301729831493,30.953017298314936,353.17672432771644,200.0,0.0,28.0,28.0,0.0,0.0,0.95,172.0,250.0,0.688,0.22,101.22812986373901,37.980000000000004,12.0,51.24812986373901,13.781200628254513,13.781200628254513,5.051272020250183,13.538897993555434,0.6989409117167777,2.8367149276529995,518.1555864090782,0.0,-2.961102006444566,353.17672432771644,200.0,0.0,28.0,28.0,0.0,0.0,172.0,250.0,0.688,0.22,101.22812986373901,37.980000000000004,12.0,51.24812986373901,0.0,0.5158836216385823,0.0,14.127068973108658,518.1555864090782,0.0,14.127068973108658,0.5662887337230578,1.7658836216385823,8.0,0.0,353.17672432771644,200.0,153.17672432771644,0.0,0.0,1.0,0.5662887337230578,true_outside_cost,16.5
5,5,5,0,2024-09-20T17:00:00,proposed,H05,4,4,1,0.5748951435089111,3.440216641518598,0.16646773468034362,0.0,0.0,86.00541603796495,86.00541603796495,0.0,52.5,52.5,0.0,0.0,0.95,33.50541603796495,500.0,0.0670108320759299,0.22,49.444095995689466,7.633691528352289,5.1603249622778975,36.65007950505928,16.436658434538458,16.436658434538458,7.619422735964697,13.538897993555434,0.6989409117167777,2.8367149276529995,518.1555864090782,0.0,-2.961102006444566,86.00541603796495,86.00541603796495,0.0,52.5,52.5,0.0,0.0,33.50541603796495,500.0,0.0670108320759299,0.22,49.444095995689466,7.633691528352289,5.1603249622778975,36.65007950505928,0.0,0.0,0.0,3.440216641518598,518.1555864090782,0.0,3.440216641518598,1.0,0.2150135400949124,3.440216641518598,0.0,86.00541603796495,86.00541603796495,0.0,0.0,0.0,1.0,1.0,true_outside_cost,16.5
5,5,5,0,2024-09-20T17:00:00,proposed,H06,5,5,1,0.4891475737094879,20.991005487907653,0.16646773468034362,18.7162705796537,3.7162705796537,524.7751371976913,399.99999999999994,0.0,70.0,70.0,0.0,0.0,0.95,329.99999999999994,700.0,0.47142857142857136,0.22,195.65902948379514,72.94999999999999,24.0,98.70902948379515,12.83234663808369,12.83234663808369,4.5199105550687415,13.538897993555434,0.6989409117167777,2.8367149276529995,518.1555864090782,0.0,-2.961102006444566,524.7751371976913,399.99999999999994,0.0,70.0,70.0,0.0,0.0,329.99999999999994,700.0,0.47142857142857136,0.22,195.65902948379514,72.94999999999999,24.0,98.70902948379515,0.0,0.06193784299422833,0.0,20.991005487907653,518.1555864090782,0.0,20.991005487907653,0.7622312332402164,1.3119378429942283,16.0,0.0,524.7751371976913,399.99999999999994,124.77513719769132,0.0,0.0,1.0,0.7622312332402164,true_outside_cost,16.5
5,5,5,0,2024-09-20T17:00:00,proposed,H07,6,6,1,0.5608513951301575,12.048277799781555,0.16646773468034362,0.2413889989077722,0.0,301.2069449945389,300.0,0.0,17.5,17.5,0.0,0.0,0.95,282.5,350.0,0.8071428571428572,0.22,168.25541853904724,62.2375,18.0,88.01791853904724,10.389119306957898,10.389119306957898,1.8711096058741943,13.538897993555434,0.6989409117167777,2.8367149276529995,518.1555864090782,0.0,-2.961102006444566,301.2069449945389,300.0,0.0,17.5,17.5,0.0,0.0,282.5,350.0,0.8071428571428572,0.22,168.25541853904724,62.2375,18.0,88.01791853904724,0.0,0.0,0.0,12.048277799781555,518.1555864090782,0.0,12.048277799781555,0.9959929708972655,1.0040231499817962,12.0,0.0,301.2069449945389,300.0,1.206944994538901,-7.37257477290143e-17,0.0,1.0,0.9959929708972655,true_outside_cost,16.5
5,5,5,0,2024-09-20T17:00:00,proposed,H08,7,7,1,0.425400048494339,0.015677465023571237,0.16646773468034362,0.0,0.0,0.39193662558928094,349.57592168058477,0.0,63.0,63.0,0.0,0.0,0.95,286.57592168058477,500.0,0.5731518433611695,0.22,148.70961403537402,63.361702769728645,20.974555300835092,64.37335596481027,9.475282458358032,9.475282458358032,1.232104954387885,13.538897993555434,0.6989409117167777,2.8367149276529995,518.1555864090782,0.0,-2.961102006444566,0.39193662558928094,349.57592168058477,0.0,63.0,63.0,0.0,0.0,286.57592168058477,500.0,0.5731518433611695,0.22,148.70961403537402,63.361702769728645,20.974555300835092,64.37335596481027,0.0,0.0,0.0,0.015677465023571237,518.1555864090782,13.967359402199822,13.983036867223394,1.0,0.8739398042014621,13.983036867223394,349.1839850549955,349.57592168058477,349.57592168058477,0.0,0.0,0.0,1.0,1.0,true_outside_cost,16.5
5,5,5,0,2024-09-20T18:00:00,proposed,H01,0,0,2,0.43105337023735046,34.31872487715114,0.11286349042827822,197.39043657863357,182.39043657863357,857.9681219287786,200.00000000000003,0.0,12.8,12.8,0.0,0.0,0.95,187.20000000000002,250.0,0.7488,0.3,86.2106740474701,56.224000000000004,12.0,17.986674047470103,10.182211717636033,10.182211717636033,1.705644476972758,13.538897993555434,0.5428962838397727,-2.127572846311297,231.43914898780503,0.0,-2.961102006444566,857.9681219287786,200.00000000000003,0.0,12.8,12.8,0.0,0.0,187.20000000000002,250.0,0.7488,0.3,86.2106740474701,56.224000000000004,12.0,17.986674047470103,0.0,3.039840609643893,0.0,34.31872487715114,231.43914898780503,0.0,34.31872487715114,0.23310889401156837,4.289840609643893,8.0,0.0,857.9681219287786,200.00000000000003,657.9681219287786,0.0,0.0,1.0,0.23310889401156837,true_outside_cost,16.5
5,5,5,0,2024-09-20T18:00:00,proposed,H02,1,1,2,0.5546567440032959,6.616399658927777e-07,0.11286349042827822,37.57276390622022,22.572763906220217,1.6540999147319443e-05,199.99999999999997,0.0,9.6,9.6,0.0,0.0,0.95,190.39999999999998,250.0,0.7615999999999999,0.3,110.93134880065917,57.16799999999999,12.0,41.76334880065917,10.074502033092276,10.074502033092276,1.4490023090832307,13.538897993555434,0.5428962838397727,-2.127572846311297,231.43914898780503,0.0,-2.961102006444566,1.6540999147319443e-05,199.99999999999997,0.0,9.6,9.6,0.0,0.0,190.39999999999998,250.0,0.7615999999999999,0.3,110.93134880065917,57.16799999999999,12.0,41.76334880065917,0.0,0.37621273177033693,0.0,6.616399658927777e-07,231.43914898780503,13.00970119252273,13.009701854162696,0.6149256985040169,1.626212731770337,8.0,325.24252981306824,325.2425463540674,199.99999999999997,125.2425463540674,0.0,0.0,1.0,0.6149256985040169,true_outside_cost,16.5
5,5,5,0,2024-09-20T18:00:00,proposed,H03,2,2,2,0.5555753707885742,0.584359853174969,0.11286349042827822,0.0,0.0,14.608996329374225,86.7493210910399,0.0,9.6,9.6,0.0,0.0,0.95,77.14932109103991,350.0,0.22042663168868545,0.3,48.19578623081158,23.19279632731197,5.204959265462394,19.79803063803721,10.434595168955568,10.434595168955568,1.6834948181799738,13.538897993555434,0.5428962838397727,-2.127572846311297,231.43914898780503,0.0,-2.961102006444566,14.608996329374225,86.7493210910399,0.0,9.6,9.6,0.0,0.0,77.14932109103991,350.0,0.22042663168868545,0.3,48.19578623081158,23.19279632731197,5.204959265462394,19.79803063803721,0.0,0.0,0.0,0.584359853174969,231.43914898780503,2.885612990466627,3.469972843641596,1.0,0.2891644036367997,3.469972843641596,72.14032476166568,86.7493210910399,86.7493210910399,0.0,0.0,0.0,1.0,1.0,true_outside_cost,16.5
5,5,5,0,2024-09-20T18:00:00,proposed,H04,3,3,2,0.5006673336029053,0.004136627350267483,0.11286349042827822,0.0,0.0,0.10341568375668708,153.28014001147312,0.0,12.8,12.8,0.0,0.0,0.95,140.4801400114731,250.0,0.5619205600458924,0.3,76.74235899382424,42.20804200344193,9.196808400688388,25.33750858969392,13.332310368075074,13.332310368075074,4.37530064087237,13.538897993555434,0.5428962838397727,-2.127572846311297,231.43914898780503,0.0,-2.961102006444566,0.10341568375668708,153.28014001147312,0.0,12.8,12.8,0.0,0.0,140.4801400114731,250.0,0.5619205600458924,0.3,76.74235899382424,42.20804200344193,9.196808400688388,25.33750858969392,0.0,0.0,0.0,0.004136627350267483,231.43914898780503,6.127068973108658,6.131205600458926,1.0,0.7664007000573657,6.131205600458926,153.17672432771644,153.28014001147312,153.28014001147312,0.0,0.0,0.0,1.0,1.0,true_outside_cost,16.5
5,5,5,0,2024-09-20T18:00:00,proposed,H05,4,4,2,0.5851355791091919,1.5626409479429373,0.11286349042827822,0.0,0.0,39.06602369857343,39.06602369857343,0.0,24.0,24.0,0.0,0.0,0.95,15.066023698573431,500.0,0.030132047397146863,0.3,22.85892040035818,4.639807109572029,2.343961421914406,15.875151868871745,16.122317000877924,16.122317000877924,7.047465028691638,13.538897993555434,0.5428962838397727,-2.127572846311297,231.43914898780503,0.0,-2.961102006444566,39.06602369857343,39.06602369857343,0.0,24.0,24.0,0.0,0.0,15.066023698573431,500.0,0.030132047397146863,0.3,22.85892040035818,4.639807109572029,2.343961421914406,15.875151868871745,0.0,0.0,0.0,1.5626409479429373,231.43914898780503,0.0,1.5626409479429373,1.0,0.09766505924643358,1.5626409479429373,0.0,39.06602369857343,39.06602369857343,0.0,0.0,0.0,1.0,1.0,true_outside_cost,16.5
5,5,5,0,2024-09-20T18:00:00,proposed,H06,5,5,2,0.5055942535400391,0.3613195413347161,0.11286349042827822,0.0,0.0,9.032988533367902,133.80812573105922,0.0,32.0,32.0,0.0,0.0,0.95,101.80812573105922,700.0,0.1454401796157989,0.3,67.65261944658658,30.702437719317764,8.028487543863553,28.921694183405265,13.15621685244736,13.15621685244736,4.519586075839096,13.538897993555434,0.5428962838397727,-2.127572846311297,231.43914898780503,0.0,-2.961102006444566,9.032988533367902,133.80812573105922,0.0,32.0,32.0,0.0,0.0,101.80812573105922,700.0,0.1454401796157989,0.3,67.65261944658658,30.702437719317764,8.028487543863553,28.921694183405265,0.0,0.0,0.0,0.3613195413347161,231.43914898780503,4.991005487907653,5.352325029242369,1.0,0.33452031432764806,5.352325029242369,124.77513719769132,133.80812573105922,133.80812573105922,0.0,0.0,0.0,1.0,1.0,true_outside_cost,16.5
5,5,5,0,2024-09-20T18:00:00,proposed,H07,6,6,2,0.5603855848312378,5.8532985954746035,0.11286349042827822,0.0,0.0,146.3324648868651,147.539409881404,0.0,8.0,8.0,0.0,0.0,0.95,139.539409881404,350.0,0.39868402823258287,0.3,82.67895849204628,41.9018229644212,8.852364592884237,31.92477093474084,10.292804400082025,10.292804400082025,1.507091756517125,13.538897993555434,0.5428962838397727,-2.127572846311297,231.43914898780503,0.0,-2.961102006444566,146.3324648868651,147.539409881404,0.0,8.0,8.0,0.0,0.0,139.539409881404,350.0,0.39868402823258287,0.3,82.67895849204628,41.9018229644212,8.852364592884237,31.92477093474084,0.0,0.0,0.0,5.8532985954746035,231.43914898780503,0.04827779978155444,5.901576395256158,1.0,0.49179803293801316,5.901576395256158,1.206944994538901,147.539409881404,147.539409881404,0.0,0.0,0.0,1.0,1.0,true_outside_cost,16.5
5,5,5,0,2024-09-20T18:00:00,proposed,H08,7,7,2,0.4633399248123169,24.56933768656362,0.11286349042827822,32.13501632461358,17.13501632461358,614.2334421640905,400.00000000000006,0.0,28.8,28.8,0.0,0.0,0.95,371.20000000000005,500.0,0.7424000000000001,0.3,185.3359699249268,111.50400000000002,24.0,49.83196992492677,9.849638036945763,9.849638036945763,1.3063343428069571,13.538897993555434,0.5428962838397727,-2.127572846311297,231.43914898780503,0.0,-2.961102006444566,614.2334421640905,400.00000000000006,0.0,28.8,28.8,0.0,0.0,371.20000000000005,500.0,0.7424000000000001,0.3,185.3359699249268,111.50400000000002,24.0,49.83196992492677,0.0,0.28558360541022637,0.0,24.56933768656362,231.43914898780503,0.0,24.56933768656362,0.6512182055583051,1.5355836054102263,16.0,0.0,614.2334421640905,400.00000000000006,214.2334421640905,0.0,0.0,1.0,0.6512182055583051,true_outside_cost,16.5
5,5,5,0,2024-09-20T19:00:00,proposed,H01,0,0,3,0.5124228000640869,1.1982829701941868e-13,0.2262804048354281,137.39043657863445,122.39043657863446,2.9957074254854675e-12,200.0,0.0,3.2,3.2,0.0,0.0,0.95,196.8,250.0,0.7872,0.34,102.48456001281738,66.92800000000001,12.0,23.55656001281737,9.601687844437883,9.601687844437883,1.371956796640882,13.538897993555434,0.8206044137063327,-0.5910413848520204,185.67673467206689,0.0,-2.961102006444566,2.9957074254854675e-12,200.0,0.0,3.2,3.2,0.0,0.0,196.8,250.0,0.7872,0.34,102.48456001281738,66.92800000000001,12.0,23.55656001281737,0.0,2.0398406096439077,0.0,1.1982829701941868e-13,185.67673467206689,26.31872487715114,26.31872487715126,0.3039660940012045,3.2898406096439077,8.0,657.9681219287786,657.9681219287816,200.0,457.96812192878156,0.0,0.0,1.0,0.3039660940012045,true_outside_cost,16.5
5,5,5,0,2024-09-20T19:00:00,proposed,H02,1,1,3,0.5289034843444824,0.027451320433050656,0.2262804048354281,0.0,0.0,0.6862830108262665,125.92882936489367,0.0,2.4,2.4,0.0,0.0,0.95,123.52882936489367,250.0,0.49411531745957465,0.34,66.60419663051404,42.01180198406385,7.55572976189362,17.03666488455657,9.593609612849214,9.593609612849214,1.2046794282090252,13.538897993555434,0.8206044137063327,-0.5910413848520204,185.67673467206689,0.0,-2.961102006444566,0.6862830108262665,125.92882936489367,0.0,2.4,2.4,0.0,0.0,123.52882936489367,250.0,0.49411531745957465,0.34,66.60419663051404,42.01180198406385,7.55572976189362,17.03666488455657,0.0,0.0,0.0,0.027451320433050656,185.67673467206689,5.009701854162696,5.037153174595747,1.0,0.6296441468244683,5.037153174595747,125.2425463540674,125.92882936489367,125.92882936489367,0.0,0.0,0.0,1.0,1.0,true_outside_cost,16.5
5,5,5,0,2024-09-20T19:00:00,proposed,H03,2,2,3,0.5553390383720398,8.301605836435975,0.2262804048354281,0.0,0.0,207.5401459108994,207.5401459108994,0.0,2.4,2.4,0.0,0.0,0.95,205.1401459108994,350.0,0.5861147026025697,0.34,115.2551450537517,69.7596496097058,12.452408754653963,33.04308668939194,10.54558237360601,10.54558237360601,2.0228078597673247,13.538897993555434,0.8206044137063327,-0.5910413848520204,185.67673467206689,0.0,-2.961102006444566,207.5401459108994,207.5401459108994,0.0,2.4,2.4,0.0,0.0,205.1401459108994,350.0,0.5861147026025697,0.34,115.2551450537517,69.7596496097058,12.452408754653963,33.04308668939194,0.0,0.0,0.0,8.301605836435975,185.67673467206689,0.0,8.301605836435975,1.0,0.6918004863696646,8.301605836435975,0.0,207.5401459108994,207.5401459108994,0.0,0.0,0.0,1.0,1.0,true_outside_cost,16.5
5,5,5,0,2024-09-20T19:00:00,proposed,H04,3,3,3,0.5040631890296936,9.359040702782044,0.2262804048354281,10.192805270865332,0.0,233.97601756955112,200.0,0.0,3.2,3.2,0.0,0.0,0.95,196.8,250.0,0.7872,0.34,100.81263780593872,66.92800000000001,12.0,21.88463780593871,13.930052853099083,13.930052853099083,5.180869742164916,13.538897993555434,0.8206044137063327,-0.5910413848520204,185.67673467206689,0.0,-2.961102006444566,233.97601756955112,200.0,0.0,3.2,3.2,0.0,0.0,196.8,250.0,0.7872,0.34,100.81263780593872,66.92800000000001,12.0,21.88463780593871,0.0,0.0,0.0,9.359040702782044,185.67673467206689,0.0,9.359040702782044,0.8547884611316992,1.1698800878477555,8.0,0.0,233.97601756955112,200.0,33.97601756955112,0.0,0.0,1.0,0.8547884611316992,true_outside_cost,16.5
5,5,5,0,2024-09-20T19:00:00,proposed,H05,4,4,3,0.5891633033752441,1.782502716994495,0.2262804048354281,0.0,0.0,44.56256792486238,44.56256792486238,0.0,6.0,6.0,0.0,0.0,0.95,38.56256792486238,500.0,0.07712513584972476,0.34,26.25462972549562,13.14127309445321,2.6737540754917424,10.439602555550668,16.709033389286557,16.709033389286557,7.8750791281171955,13.538897993555434,0.8206044137063327,-0.5910413848520204,185.67673467206689,0.0,-2.961102006444566,44.56256792486238,44.56256792486238,0.0,6.0,6.0,0.0,0.0,38.56256792486238,500.0,0.07712513584972476,0.34,26.25462972549562,13.14127309445321,2.6737540754917424,10.439602555550668,0.0,0.0,0.0,1.782502716994495,185.67673467206689,0.0,1.782502716994495,1.0,0.11140641981215593,1.782502716994495,0.0,44.56256792486238,44.56256792486238,0.0,0.0,0.0,1.0,1.0,true_outside_cost,16.5
5,5,5,0,2024-09-20T19:00:00,proposed,H06,5,5,3,0.5022578835487366,11.255480297495092,0.2262804048354281,0.0,0.0,281.3870074373773,281.3870074373773,0.0,8.0,8.0,0.0,0.0,0.95,273.3870074373773,700.0,0.39055286776768183,0.34,141.32884281360973,92.99158252870829,16.88322044624264,31.454039838658794,12.981551136945498,12.981551136945498,4.601322725457986,13.538897993555434,0.8206044137063327,-0.5910413848520204,185.67673467206689,0.0,-2.961102006444566,281.3870074373773,281.3870074373773,0.0,8.0,8.0,0.0,0.0,273.3870074373773,700.0,0.39055286776768183,0.34,141.32884281360973,92.99158252870829,16.88322044624264,31.454039838658794,0.0,0.0,0.0,11.255480297495092,185.67673467206689,0.0,11.255480297495092,1.0,0.7034675185934433,11.255480297495092,0.0,281.3870074373773,281.3870074373773,0.0,0.0,0.0,1.0,1.0,true_outside_cost,16.5
5,5,5,0,2024-09-20T19:00:00,proposed,H07,6,6,3,0.5598999857902527,7.9864400631763015,0.2262804048354281,0.0,0.0,199.66100157940753,199.66100157940753,0.0,2.0,2.0,0.0,0.0,0.95,197.66100157940753,350.0,0.5647457187983073,0.34,111.79019194717789,67.21474053699856,11.979660094764451,32.59579131541487,10.427091710418841,10.427091710418841,1.8949907737534544,13.538897993555434,0.8206044137063327,-0.5910413848520204,185.67673467206689,0.0,-2.961102006444566,199.66100157940753,199.66100157940753,0.0,2.0,2.0,0.0,0.0,197.66100157940753,350.0,0.5647457187983073,0.34,111.79019194717789,67.21474053699856,11.979660094764451,32.59579131541487,0.0,0.0,0.0,7.9864400631763015,185.67673467206689,0.0,7.9864400631763015,1.0,0.6655366719313585,7.9864400631763015,0.0,199.66100157940753,199.66100157940753,0.0,0.0,0.0,1.0,1.0,true_outside_cost,16.5
5,5,5,0,2024-09-20T19:00:00,proposed,H08,7,7,3,0.46060633659362793,0.17849451363012947,0.2262804048354281,0.0,0.0,4.462362840753237,218.69580500484372,0.0,7.2,7.2,0.0,0.0,0.95,211.49580500484373,500.0,0.42299161000968744,0.34,100.73267357167546,71.94457370164687,13.121748300290626,15.666351569737962,9.515247352956827,9.515247352956827,1.2283362417293913,13.538897993555434,0.8206044137063327,-0.5910413848520204,185.67673467206689,0.0,-2.961102006444566,4.462362840753237,218.69580500484372,0.0,7.2,7.2,0.0,0.0,211.49580500484373,500.0,0.42299161000968744,0.34,100.73267357167546,71.94457370164687,13.121748300290626,15.666351569737962,0.0,0.0,0.0,0.17849451363012947,185.67673467206689,8.569337686563621,8.74783220019375,1.0,0.5467395125121094,8.74783220019375,214.2334421640905,218.69580500484372,218.69580500484372,0.0,0.0,0.0,1.0,1.0,true_outside_cost,16.5
5,5,5,0,2024-09-20T20:00:00,proposed,H01,0,0,4,0.49400079250335693,1.1583109619555537e-09,0.12831484643543806,77.39043658732179,62.390436587321794,2.8957774048888844e-08,200.0,0.0,0.0,0.0,0.0,0.0,0.95,200.0,250.0,0.8,0.27,98.80015850067139,54.0,12.0,32.80015850067139,9.891880893993457,9.891880893993457,1.5248993012134384,13.538897993555434,0.5946983991657024,0.504169529712615,175.19782614590508,0.0,-2.961102006444566,2.8957774048888844e-08,200.0,0.0,0.0,0.0,0.0,0.0,200.0,250.0,0.8,0.27,98.80015850067139,54.0,12.0,32.80015850067139,0.0,1.0398406097886965,0.0,1.1583109619555537e-09,175.19782614590508,18.31872487715126,18.318724878309574,0.43671161902062633,2.2898406097886967,8.0,457.96812192878156,457.96812195773936,200.0,257.96812195773936,-2.220446049250313e-16,0.0,1.0,0.43671161902062633,true_outside_cost,16.5
5,5,5,0,2024-09-20T20:00:00,proposed,H02,1,1,4,0.512109637260437,6.47509757571345,0.12831484643543806,0.0,0.0,161.8774393928362,161.8774393928362,0.0,0.0,0.0,0.0,0.0,0.95,161.8774393928362,250.0,0.6475097575713449,0.27,82.89899676811373,43.706908636065776,9.712646363570176,29.47944176847778,9.844486866903097,9.844486866903097,1.320126653654112,13.538897993555434,0.5946983991657024,0.504169529712615,175.19782614590508,0.0,-2.961102006444566,161.8774393928362,161.8774393928362,0.0,0.0,0.0,0.0,0.0,161.8774393928362,250.0,0.6475097575713449,0.27,82.89899676811373,43.706908636065776,9.712646363570176,29.47944176847778,0.0,0.0,0.0,6.47509757571345,175.19782614590508,0.0,6.47509757571345,1.0,0.8093871969641813,6.47509757571345,0.0,161.8774393928362,161.8774393928362,0.0,0.0,0.0,1.0,1.0,true_outside_cost,16.5
5,5,5,0,2024-09-20T20:00:00,proposed,H03,2,2,4,0.5501898527145386,3.5437610917256253,0.12831484643543806,0.0,0.0,88.59402729314061,88.59402729314061,0.0,0.0,0.0,0.0,0.0,0.95,88.59402729314061,350.0,0.25312579226611603,0.27,48.74353482780084,23.920387369147967,5.315641637588438,19.507505821064438,10.564072706902916,10.564072706902916,1.8759913638743757,13.538897993555434,0.5946983991657024,0.504169529712615,175.19782614590508,0.0,-2.961102006444566,88.59402729314061,88.59402729314061,0.0,0.0,0.0,0.0,0.0,88.59402729314061,350.0,0.25312579226611603,0.27,48.74353482780084,23.920387369147967,5.315641637588438,19.507505821064438,0.0,0.0,0.0,3.5437610917256253,175.19782614590508,0.0,3.5437610917256253,1.0,0.29531342431046875,3.5437610917256253,0.0,88.59402729314061,88.59402729314061,0.0,0.0,0.0,1.0,1.0,true_outside_cost,16.5
5,5,5,0,2024-09-20T20:00:00,proposed,H04,3,3,4,0.5087178945541382,0.6840723865337253,0.12831484643543806,0.0,0.0,17.101809663343133,51.07782723289425,0.0,0.0,0.0,0.0,0.0,0.95,51.07782723289425,250.0,0.204311308931577,0.27,25.984204728317984,13.791013352881448,3.0646696339736548,9.128521741462881,13.63272986087304,13.63272986087304,4.676927379637897,13.538897993555434,0.5946983991657024,0.504169529712615,175.19782614590508,0.0,-2.961102006444566,17.101809663343133,51.07782723289425,0.0,0.0,0.0,0.0,0.0,51.07782723289425,250.0,0.204311308931577,0.27,25.984204728317984,13.791013352881448,3.0646696339736548,9.128521741462881,0.0,0.0,0.0,0.6840723865337253,175.19782614590508,1.3590407027820444,2.04311308931577,1.0,0.25538913616447123,2.04311308931577,33.97601756955112,51.07782723289425,51.07782723289425,0.0,0.0,0.0,1.0,1.0,true_outside_cost,16.5
5,5,5,0,2024-09-20T20:00:00,proposed,H05,4,4,4,0.5823302268981934,0.8474052445404012,0.12831484643543806,0.0,0.0,21.18513111351003,21.18513111351003,0.0,0.0,0.0,0.0,0.0,0.95,21.18513111351003,500.0,0.04237026222702006,0.27,12.336742208198272,5.719985400647709,1.2711078668106017,5.345648940739961,16.184576701457928,16.184576701457928,7.106094641239578,13.538897993555434,0.5946983991657024,0.504169529712615,175.19782614590508,0.0,-2.961102006444566,21.18513111351003,21.18513111351003,0.0,0.0,0.0,0.0,0.0,21.18513111351003,500.0,0.04237026222702006,0.27,12.336742208198272,5.719985400647709,1.2711078668106017,5.345648940739961,0.0,0.0,0.0,0.8474052445404012,175.19782614590508,0.0,0.8474052445404012,1.0,0.05296282778377508,0.8474052445404012,0.0,21.18513111351003,21.18513111351003,0.0,0.0,0.0,1.0,1.0,true_outside_cost,16.5
5,5,5,0,2024-09-20T20:00:00,proposed,H06,5,5,4,0.4954594373703003,4.803937451684196,0.12831484643543806,0.0,0.0,120.09843629210488,120.09843629210488,0.0,0.0,0.0,0.0,0.0,0.95,120.09843629210488,700.0,0.17156919470300697,0.27,59.503903674339135,32.42657779886832,7.205906177526295,19.871419697944518,13.155878629211594,13.155878629211594,4.589213319281475,13.538897993555434,0.5946983991657024,0.504169529712615,175.19782614590508,0.0,-2.961102006444566,120.09843629210488,120.09843629210488,0.0,0.0,0.0,0.0,0.0,120.09843629210488,700.0,0.17156919470300697,0.27,59.503903674339135,32.42657779886832,7.205906177526295,19.871419697944518,0.0,0.0,0.0,4.803937451684196,175.19782614590508,0.0,4.803937451684196,1.0,0.30024609073026226,4.803937451684196,0.0,120.09843629210488,120.09843629210488,0.0,0.0,0.0,1.0,1.0,true_outside_cost,16.5
5,5,5,0,2024-09-20T20:00:00,proposed,H07,6,6,4,0.5640804171562195,3.0527142991689127,0.12831484643543806,0.0,0.0,76.31785747922282,76.31785747922282,0.0,0.0,0.0,0.0,0.0,0.95,76.31785747922282,350.0,0.21805102136920806,0.27,43.04940888334892,20.605821519390165,4.5790714487533695,17.86451591520538,10.345182914600475,10.345182914600475,1.6194607628183104,13.538897993555434,0.5946983991657024,0.504169529712615,175.19782614590508,0.0,-2.961102006444566,76.31785747922282,76.31785747922282,0.0,0.0,0.0,0.0,0.0,76.31785747922282,350.0,0.21805102136920806,0.27,43.04940888334892,20.605821519390165,4.5790714487533695,17.86451591520538,0.0,0.0,0.0,3.0527142991689127,175.19782614590508,0.0,3.0527142991689127,1.0,0.25439285826407604,3.0527142991689127,0.0,76.31785747922282,76.31785747922282,0.0,0.0,0.0,1.0,1.0,true_outside_cost,16.5
5,5,5,0,2024-09-20T20:00:00,proposed,H08,7,7,4,0.4740884304046631,11.437591108357411,0.12831484643543806,0.0,0.0,285.9397777089353,285.9397777089353,0.0,0.0,0.0,0.0,0.0,0.95,285.9397777089353,500.0,0.5718795554178706,0.27,135.5607404042874,77.20373998141254,17.156386662536118,41.20061376033874,9.72404579529966,9.72404579529966,1.2822159188371245,13.538897993555434,0.5946983991657024,0.504169529712615,175.19782614590508,0.0,-2.961102006444566,285.9397777089353,285.9397777089353,0.0,0.0,0.0,0.0,0.0,285.9397777089353,500.0,0.5718795554178706,0.27,135.5607404042874,77.20373998141254,17.156386662536118,41.20061376033874,0.0,0.0,0.0,11.437591108357411,175.19782614590508,0.0,11.437591108357411,1.0,0.7148494442723382,11.437591108357411,0.0,285.9397777089353,285.9397777089353,0.0,0.0,0.0,1.0,1.0,true_outside_cost,16.5
5,5,5,0,2024-09-20T21:00:00,proposed,H01,0,0,5,0.4703948199748993,2.385393139254782e-05,0.11296388222848126,17.39061549180724,2.3906154918072375,0.0005963482848136954,200.00000000000009,0.0,0.0,0.0,0.0,100.0,0.42368421052631583,100.00000000000009,250.0,0.40000000000000036,0.2,94.0789639949799,23.000000000000018,12.0,59.07896399497989,9.86461879248292,9.86461879248292,1.5358820845751158,13.538897993555434,0.5479802353662173,3.251675753816552,329.94880636526966,1.4210854715202004e-14,-2.961102006444566,0.0005963482848136954,200.00000000000009,0.0,0.0,0.0,0.0,100.0,100.00000000000009,250.0,0.40000000000000036,0.2,94.0789639949799,23.000000000000018,12.0,59.07896399497989,1.4210854715202004e-14,0.039843591530120626,0.0,2.385393139254782e-05,329.94880636526966,10.318724878309572,10.318748732240964,0.7752877996732273,1.2898435915301205,8.0,257.96812195773936,257.9687183060242,200.00000000000009,57.9687183060241,1.1102230246251565e-16,0.0,1.0,0.7752877996732273,true_outside_cost,16.5
5,5,5,0,2024-09-20T21:00:00,proposed,H02,1,1,5,0.5122603178024292,4.850524544493004,0.11296388222848126,0.0,0.0,121.2631136123251,121.2631136123251,0.0,0.0,0.0,0.0,100.0,0.42368421052631583,21.2631136123251,250.0,0.0850524544493004,0.2,62.118281116761736,7.25262272246502,7.2757868167395054,47.58987157755721,9.784051562873945,9.784051562873945,1.3097491072136092,13.538897993555434,0.5479802353662173,3.251675753816552,329.94880636526966,1.4210854715202004e-14,-2.961102006444566,121.2631136123251,121.2631136123251,0.0,0.0,0.0,0.0,100.0,21.2631136123251,250.0,0.0850524544493004,0.2,62.118281116761736,7.25262272246502,7.2757868167395054,47.58987157755721,1.4210854715202004e-14,0.0,0.0,4.850524544493004,329.94880636526966,0.0,4.850524544493004,1.0,0.6063155680616255,4.850524544493004,0.0,121.2631136123251,121.2631136123251,0.0,0.0,0.0,1.0,1.0,true_outside_cost,16.5
5,5,5,0,2024-09-20T21:00:00,proposed,H03,2,2,5,0.5418503284454346,3.0214641126497526,0.11296388222848126,0.0,0.0,75.53660281624381,75.53660281624381,0.0,0.0,0.0,0.0,75.53660281624381,0.6849592883640568,0.0,350.0,0.0,0.2,40.929533045634045,2.2660980844873144,4.532196168974629,34.131238792172105,10.446869866802848,10.446869866802848,1.8067373705134568,13.538897993555434,0.5479802353662173,3.251675753816552,329.94880636526966,1.4210854715202004e-14,-2.961102006444566,75.53660281624381,75.53660281624381,0.0,0.0,0.0,0.0,75.53660281624381,0.0,350.0,0.0,0.2,40.929533045634045,2.2660980844873144,4.532196168974629,34.131238792172105,1.4210854715202004e-14,0.0,0.0,3.0214641126497526,329.94880636526966,0.0,3.0214641126497526,1.0,0.25178867605414607,3.0214641126497526,0.0,75.53660281624381,75.53660281624381,0.0,0.0,0.0,1.0,1.0,true_outside_cost,16.5
5,5,5,0,2024-09-20T21:00:00,proposed,H04,3,3,5,0.5127102136611938,2.60446834388128,0.11296388222848126,0.0,0.0,65.111708597032,65.111708597032,0.0,0.0,0.0,0.0,65.111708597032,0.675845437486181,0.0,250.0,0.0,0.2,33.38343802662967,1.9533512579109602,3.9067025158219204,27.52338425289679,13.597452716443206,13.597452716443206,4.6841428730470716,13.538897993555434,0.5479802353662173,3.251675753816552,329.94880636526966,0.0,-2.961102006444566,65.111708597032,65.111708597032,0.0,0.0,0.0,0.0,65.111708597032,0.0,250.0,0.0,0.2,33.38343802662967,1.9533512579109602,3.9067025158219204,27.52338425289679,0.0,0.0,0.0,2.60446834388128,329.94880636526966,0.0,2.60446834388128,1.0,0.32555854298516,2.60446834388128,0.0,65.111708597032,65.111708597032,0.0,0.0,0.0,1.0,1.0,true_outside_cost,16.5
5,5,5,0,2024-09-20T21:00:00,proposed,H05,4,4,5,0.5759294033050537,0.6811522788706272,0.11296388222848126,0.0,0.0,17.028806971765682,17.028806971765682,0.0,0.0,0.0,0.0,17.028806971765682,0.9141498800594406,0.0,500.0,0.0,0.2,9.807390638245948,0.5108642091529705,1.021728418305941,8.274798010787038,16.266608572294825,16.266608572294825,7.226134162076775,13.538897993555434,0.5479802353662173,3.251675753816552,329.94880636526966,1.0658141036401503e-14,-2.961102006444566,17.028806971765682,17.028806971765682,0.0,0.0,0.0,0.0,17.028806971765682,0.0,500.0,0.0,0.2,9.807390638245948,0.5108642091529705,1.021728418305941,8.274798010787038,1.0658141036401503e-14,0.0,0.0,0.6811522788706272,329.94880636526966,0.0,0.6811522788706272,1.0,0.0425720174294142,0.6811522788706272,0.0,17.028806971765682,17.028806971765682,0.0,0.0,0.0,1.0,1.0,true_outside_cost,16.5
5,5,5,0,2024-09-20T21:00:00,proposed,H06,5,5,5,0.49058258533477783,3.7541724803888648,0.11296388222848126,0.0,0.0,93.85431200972161,93.85431200972161,0.0,0.0,0.0,0.0,93.85431200972161,0.7853433122636463,0.0,700.0,0.0,0.2,46.043291030546115,2.815629360291648,5.631258720583297,37.59640294967117,13.272745459735196,13.272745459735196,4.7268746514825795,13.538897993555434,0.5479802353662173,3.251675753816552,329.94880636526966,0.0,-2.961102006444566,93.85431200972161,93.85431200972161,0.0,0.0,0.0,0.0,93.85431200972161,0.0,700.0,0.0,0.2,46.043291030546115,2.815629360291648,5.631258720583297,37.59640294967117,0.0,0.0,0.0,3.7541724803888648,329.94880636526966,0.0,3.7541724803888648,1.0,0.23463578002430405,3.7541724803888648,0.0,93.85431200972161,93.85431200972161,0.0,0.0,0.0,1.0,1.0,true_outside_cost,16.5
5,5,5,0,2024-09-20T21:00:00,proposed,H07,6,6,5,0.5670806765556335,2.2157819178578495,0.11296388222848126,0.0,0.0,55.394547946446245,55.394547946446245,0.0,0.0,0.0,0.0,55.394547946446245,0.7556331651001886,0.0,350.0,0.0,0.2,31.413177726964218,1.6618364383933872,3.323672876786774,26.427668411784058,10.262791135512577,10.262791135512577,1.5852989421557457,13.538897993555434,0.5479802353662173,3.251675753816552,329.94880636526966,1.4210854715202004e-14,-2.961102006444566,55.394547946446245,55.394547946446245,0.0,0.0,0.0,0.0,55.394547946446245,0.0,350.0,0.0,0.2,31.413177726964218,1.6618364383933872,3.323672876786774,26.427668411784058,1.4210854715202004e-14,0.0,0.0,2.2157819178578495,329.94880636526966,0.0,2.2157819178578495,1.0,0.1846484931548208,2.2157819178578495,0.0,55.394547946446245,55.394547946446245,0.0,0.0,0.0,1.0,1.0,true_outside_cost,16.5
5,5,5,0,2024-09-20T21:00:00,proposed,H08,7,7,5,0.46676602959632874,9.483496001072792,0.11296388222848126,0.0,0.0,237.08740002681986,237.08740002681986,0.0,0.0,0.0,0.0,237.08740002681986,0.4508686315224845,0.0,500.0,0.0,0.2,110.66434437783523,7.1126220008045955,14.225244001609187,89.32647837542146,9.700470568954142,9.700470568954142,1.2936366260061543,13.538897993555434,0.5479802353662173,3.251675753816552,329.94880636526966,2.842170943040401e-14,-2.961102006444566,237.08740002681986,237.08740002681986,0.0,0.0,0.0,0.0,237.08740002681986,0.0,500.0,0.0,0.2,110.66434437783523,7.1126220008045955,14.225244001609187,89.32647837542146,2.842170943040401e-14,0.0,0.0,9.483496001072792,329.94880636526966,0.0,9.483496001072792,1.0,0.5927185000670495,9.483496001072792,0.0,237.08740002681986,237.08740002681986,0.0,0.0,0.0,1.0,1.0,true_outside_cost,16.5
5,5,5,0,2024-09-20T16:00:00,proposed,H01,0,0,0,0.46856242418289185,16.719074581114135,0.021188321013470228,65.39305935835601,50.39305935835601,417.97686452785337,199.99999999999997,0.0,44.0,44.0,84.21052631578947,0.0,0.95,240.21052631578942,250.0,0.9608421052631577,0.16,93.71248483657835,38.65368421052631,12.0,43.05880062605205,10.447067592791555,10.447067592791555,1.886511162272204,13.538897993555434,0.3783689230398705,1.5735656175785846,346.81047194621453,0.0,-5.461102006444566,417.97686452785337,199.99999999999997,0.0,44.0,44.0,84.21052631578947,0.0,240.21052631578942,250.0,0.9608421052631577,0.16,93.71248483657835,38.65368421052631,12.0,43.05880062605205,0.0,0.8398843226392668,0.0,16.719074581114135,346.81047194621453,0.0,16.719074581114135,0.47849538329333124,2.089884322639267,8.0,0.0,417.97686452785337,199.99999999999997,217.9768645278534,0.0,0.0,1.0,0.47849538329333124,true_outside_cost,19.0
5,5,5,0,2024-09-20T16:00:00,proposed,H02,1,1,0,0.5294427871704102,7.453773304862549,0.021188321013470228,0.0,0.0,186.34433262156372,186.34433262156372,0.0,33.0,33.0,94.73684210526316,0.0,0.95,248.08117472682687,250.0,0.9923246989073075,0.16,98.65866283657068,39.8579879562923,11.180659957293823,47.620014922984566,10.365641388092103,10.365641388092103,1.6758213611741346,13.538897993555434,0.3783689230398705,1.5735656175785846,346.81047194621453,0.0,-5.461102006444566,186.34433262156372,186.34433262156372,0.0,33.0,33.0,94.73684210526316,0.0,248.08117472682687,250.0,0.9923246989073075,0.16,98.65866283657068,39.8579879562923,11.180659957293823,47.620014922984566,0.0,0.0,0.0,7.453773304862549,346.81047194621453,0.0,7.453773304862549,1.0,0.9317216631078187,7.453773304862549,0.0,186.34433262156372,186.34433262156372,0.0,0.0,0.0,1.0,1.0,true_outside_cost,19.0
5,5,5,0,2024-09-20T16:00:00,proposed,H03,2,2,0,0.5401561260223389,6.587095541717548,0.021188321013470228,0.0,0.0,164.6773885429387,164.6773885429387,0.0,33.0,33.0,110.52631578947368,0.0,0.95,242.20370433241237,350.0,0.6920105838068925,0.16,88.95150023882925,38.91759269318598,9.880643312576321,40.15326423306695,10.525276675265236,10.525276675265236,1.674613941476095,13.538897993555434,0.3783689230398705,1.5735656175785846,346.81047194621453,0.0,-5.461102006444566,164.6773885429387,164.6773885429387,0.0,33.0,33.0,110.52631578947368,0.0,242.20370433241237,350.0,0.6920105838068925,0.16,88.95150023882925,38.91759269318598,9.880643312576321,40.15326423306695,0.0,0.0,0.0,6.587095541717548,346.81047194621453,0.0,6.587095541717548,1.0,0.5489246284764623,6.587095541717548,0.0,164.6773885429387,164.6773885429387,0.0,0.0,0.0,1.0,1.0,true_outside_cost,19.0
5,5,5,0,2024-09-20T16:00:00,proposed,H04,3,3,0,0.497302770614624,7.549134485545141,0.021188321013470228,0.0,0.0,188.7283621386285,188.7283621386285,0.0,44.0,44.0,78.94736842105263,0.0,0.95,223.67573055968114,250.0,0.8947029222387246,0.16,93.85513738510006,36.00811688954898,11.323701728317712,46.52331876723338,13.138111989410085,13.138111989410085,4.0247508819614195,13.538897993555434,0.3783689230398705,1.5735656175785846,346.81047194621453,0.0,-5.461102006444566,188.7283621386285,188.7283621386285,0.0,44.0,44.0,78.94736842105263,0.0,223.67573055968114,250.0,0.8947029222387246,0.16,93.85513738510006,36.00811688954898,11.323701728317712,46.52331876723338,0.0,0.0,0.0,7.549134485545141,346.81047194621453,0.0,7.549134485545141,1.0,0.9436418106931427,7.549134485545141,0.0,188.7283621386285,188.7283621386285,0.0,0.0,0.0,1.0,1.0,true_outside_cost,19.0
5,5,5,0,2024-09-20T16:00:00,proposed,H05,4,4,0,0.5716525912284851,1.7930725800641811,0.021188321013470228,0.0,0.0,44.826814501604524,44.826814501604524,0.0,82.5,0.0,131.57894736842104,0.0,0.95,93.90576187002557,500.0,0.18781152374005114,0.16,25.62536466636086,15.437421899204091,2.6896088700962717,7.498333897060496,15.431504261848822,15.431504261848822,6.163599519512292,13.538897993555434,0.3783689230398705,1.5735656175785846,346.81047194621453,1.4210854715202004e-14,-5.461102006444566,44.826814501604524,44.826814501604524,0.0,82.5,0.0,131.57894736842104,0.0,93.90576187002557,500.0,0.18781152374005114,0.16,25.62536466636086,15.437421899204091,2.6896088700962717,7.498333897060496,1.4210854715202004e-14,0.0,0.0,1.7930725800641811,346.81047194621453,0.0,1.7930725800641811,1.0,0.11206703625401132,1.7930725800641811,0.0,44.826814501604524,44.826814501604524,0.0,0.0,0.0,1.0,1.0,true_outside_cost,19.0
5,5,5,0,2024-09-20T16:00:00,proposed,H06,5,5,0,0.48814189434051514,8.287675979568979,0.021188321013470228,0.0,0.0,207.19189948922448,207.19189948922448,0.0,110.0,110.0,126.31578947368422,0.0,0.95,223.5076889629087,700.0,0.319296698518441,0.16,101.13904630867965,36.31123023406539,12.431513969353468,52.396302105260794,13.406494431038054,13.406494431038054,4.620368709169241,13.538897993555434,0.3783689230398705,1.5735656175785846,346.81047194621453,0.0,-5.461102006444566,207.19189948922448,207.19189948922448,0.0,110.0,110.0,126.31578947368422,0.0,223.5076889629087,700.0,0.319296698518441,0.16,101.13904630867965,36.31123023406539,12.431513969353468,52.396302105260794,0.0,0.0,0.0,8.287675979568979,346.81047194621453,0.0,8.287675979568979,1.0,0.5179797487230612,8.287675979568979,0.0,207.19189948922448,207.19189948922448,0.0,0.0,0.0,1.0,1.0,true_outside_cost,19.0
5,5,5,0,2024-09-20T16:00:00,proposed,H07,6,6,0,0.5586836338043213,5.50234005975869,0.021188321013470228,0.0,0.0,137.55850149396724,137.55850149396724,0.0,27.5,27.5,126.31578947368422,0.0,0.95,236.37429096765146,350.0,0.6753551170504327,0.16,76.85168347532678,37.95738655482424,8.253510089638034,30.640786830864506,10.133851213349027,10.133851213349027,1.2090723652575859,13.538897993555434,0.3783689230398705,1.5735656175785846,346.81047194621453,0.0,-5.461102006444566,137.55850149396724,137.55850149396724,0.0,27.5,27.5,126.31578947368422,0.0,236.37429096765146,350.0,0.6753551170504327,0.16,76.85168347532678,37.95738655482424,8.253510089638034,30.640786830864506,0.0,0.0,0.0,5.50234005975869,346.81047194621453,0.0,5.50234005975869,1.0,0.45852833831322415,5.50234005975869,0.0,137.55850149396724,137.55850149396724,0.0,0.0,0.0,1.0,1.0,true_outside_cost,19.0
5,5,5,0,2024-09-20T16:00:00,proposed,H08,7,7,0,0.4315682053565979,31.822372196219206,0.021188321013470228,59.333895735822026,44.333895735822026,795.5593049054802,400.0,0.0,99.0,0.0,131.57894736842104,0.0,0.95,432.57894736842104,500.0,0.8651578947368421,0.16,172.62728214263916,69.70763157894737,23.999999999999996,78.91965056369179,9.988109478956535,9.988109478956535,1.3286666295745873,13.538897993555434,0.3783689230398705,1.5735656175785846,346.81047194621453,1.4210854715202004e-14,-5.461102006444566,795.5593049054802,400.0,0.0,99.0,0.0,131.57894736842104,0.0,432.57894736842104,500.0,0.8651578947368421,0.16,172.62728214263916,69.70763157894737,23.999999999999996,78.91965056369179,1.4210854715202004e-14,0.7388982622637005,0.0,31.822372196219206,346.81047194621453,0.0,31.822372196219206,0.5027909265011031,1.9888982622637004,15.999999999999998,0.0,795.5593049054802,400.0,395.5593049054802,0.0,0.0,1.0,0.5027909265011031,true_outside_cost,19.0
5,5,5,0,2024-09-20T17:00:00,proposed,H01,0,0,1,0.4716704785823822,0.0010314599691996214,0.04812476749857969,5.400795308125015,0.0,0.025786499229990534,199.99999999999997,0.0,28.0,28.0,0.0,0.0,0.95,171.99999999999997,250.0,0.6879999999999998,0.22,94.33409571647643,37.98,11.999999999999998,44.35409571647643,9.654399469144472,9.654399469144472,1.4793469623908673,13.538897993555434,0.7016016070688753,1.786187302516605,529.9300494116692,0.0,-5.461102006444566,0.025786499229990534,199.99999999999997,0.0,28.0,28.0,0.0,0.0,171.99999999999997,250.0,0.6879999999999998,0.22,94.33409571647643,37.98,11.999999999999998,44.35409571647643,0.0,0.0,0.0,0.0010314599691996214,529.9300494116692,8.719074581114135,8.720106041083335,0.9174200362139319,1.090013255135417,7.999999999999999,217.9768645278534,218.00265102708337,199.99999999999997,18.002651027083402,0.0,0.0,1.0,0.9174200362139319,true_outside_cost,19.0
5,5,5,0,2024-09-20T17:00:00,proposed,H02,1,1,1,0.5245147943496704,23.943172905161564,0.04812476749857969,119.57379678871173,104.57379678871173,598.5793226290391,200.0,0.0,21.0,21.0,0.0,0.0,0.95,179.0,250.0,0.716,0.22,104.90295886993408,39.485,12.0,53.41795886993408,9.816794375571122,9.816794375571122,1.4627020129934667,13.538897993555434,0.7016016070688753,1.786187302516605,529.9300494116692,0.0,-5.461102006444566,598.5793226290391,200.0,0.0,21.0,21.0,0.0,0.0,179.0,250.0,0.716,0.22,104.90295886993408,39.485,12.0,53.41795886993408,0.0,1.7428966131451955,0.0,23.943172905161564,529.9300494116692,0.0,23.943172905161564,0.3341244717936024,2.9928966131451955,8.0,0.0,598.5793226290391,200.0,398.5793226290391,0.0,0.0,1.0,0.3341244717936024,true_outside_cost,19.0
5,5,5,0,2024-09-20T17:00:00,proposed,H03,2,2,1,0.5425820350646973,16.992556018264793,0.04812476749857969,24.96278009132396,9.96278009132396,424.8139004566199,300.00000000000006,0.0,21.0,21.0,0.0,0.0,0.95,279.00000000000006,350.0,0.7971428571428573,0.22,162.7746105194092,61.48500000000001,18.0,83.2896105194092,10.602017272136825,10.602017272136825,2.095490915752011,13.538897993555434,0.7016016070688753,1.786187302516605,529.9300494116692,0.0,-5.461102006444566,424.8139004566199,300.00000000000006,0.0,21.0,21.0,0.0,0.0,279.00000000000006,350.0,0.7971428571428573,0.22,162.7746105194092,61.48500000000001,18.0,83.2896105194092,0.0,0.16604633485539935,0.0,16.992556018264793,529.9300494116692,0.0,16.992556018264793,0.706191581013566,1.4160463348553993,12.0,0.0,424.8139004566199,300.00000000000006,124.81390045661982,-5.551115123125783e-17,0.0,1.0,0.706191581013566,true_outside_cost,19.0
5,5,5,0,2024-09-20T17:00:00,proposed,H04,3,3,1,0.5061959624290466,16.144878760933135,0.04812476749857969,61.086590706998514,46.086590706998514,403.6219690233284,200.0,0.0,28.0,28.0,0.0,0.0,0.95,172.0,250.0,0.688,0.22,101.23919248580933,37.980000000000004,12.0,51.25919248580932,13.780044311574338,13.780044311574338,5.0460814991632414,13.538897993555434,0.7016016070688753,1.786187302516605,529.9300494116692,0.0,-5.461102006444566,403.6219690233284,200.0,0.0,28.0,28.0,0.0,0.0,172.0,250.0,0.688,0.22,101.23919248580933,37.980000000000004,12.0,51.25919248580932,0.0,0.7681098451166419,0.0,16.144878760933135,529.9300494116692,0.0,16.144878760933135,0.4955131666493616,2.018109845116642,8.0,0.0,403.6219690233284,200.0,203.6219690233284,0.0,0.0,1.0,0.4955131666493616,true_outside_cost,19.0
5,5,5,0,2024-09-20T17:00:00,proposed,H05,4,4,1,0.5749037265777588,3.9376502133648943,0.04812476749857969,0.0,0.0,98.44125533412236,98.44125533412236,0.0,52.5,52.5,0.0,0.0,0.95,45.94125533412236,500.0,0.09188251066824472,0.22,56.59424454057962,10.36957617350692,5.906475320047342,40.31819304702536,16.42822282257719,16.42822282257719,7.606104556572618,13.538897993555434,0.7016016070688753,1.786187302516605,529.9300494116692,0.0,-5.461102006444566,98.44125533412236,98.44125533412236,0.0,52.5,52.5,0.0,0.0,45.94125533412236,500.0,0.09188251066824472,0.22,56.59424454057962,10.36957617350692,5.906475320047342,40.31819304702536,0.0,0.0,0.0,3.9376502133648943,529.9300494116692,0.0,3.9376502133648943,1.0,0.2461031383353059,3.9376502133648943,0.0,98.44125533412236,98.44125533412236,0.0,0.0,0.0,1.0,1.0,true_outside_cost,19.0
5,5,5,0,2024-09-20T17:00:00,proposed,H06,5,5,1,0.489088237285614,24.00866453145871,0.04812476749857969,30.03249199297016,15.032491992970161,600.2166132864677,399.99999999999994,0.0,70.0,70.0,0.0,0.0,0.95,329.99999999999994,700.0,0.47142857142857136,0.22,195.63529491424558,72.94999999999999,24.0,98.68529491424559,12.835527925198644,12.835527925198644,4.5193513002853924,13.538897993555434,0.7016016070688753,1.786187302516605,529.9300494116692,0.0,-5.461102006444566,600.2166132864677,399.99999999999994,0.0,70.0,70.0,0.0,0.0,329.99999999999994,700.0,0.47142857142857136,0.22,195.63529491424558,72.94999999999999,24.0,98.68529491424559,0.0,0.25054153321616934,0.0,24.00866453145871,529.9300494116692,0.0,24.00866453145871,0.6664260720972254,1.5005415332161693,16.0,0.0,600.2166132864677,399.99999999999994,200.21661328646775,0.0,0.0,1.0,0.6664260720972254,true_outside_cost,19.0
5,5,5,0,2024-09-20T17:00:00,proposed,H07,6,6,1,0.5608768463134766,13.77091062178313,0.04812476749857969,8.854553108915653,0.0,344.27276554457825,300.0,0.0,17.5,17.5,0.0,0.0,0.95,282.5,350.0,0.8071428571428572,0.22,168.26305389404297,62.2375,18.0,88.02555389404297,10.38932524803035,10.38932524803035,1.867599260615684,13.538897993555434,0.7016016070688753,1.786187302516605,529.9300494116692,0.0,-5.461102006444566,344.27276554457825,300.0,0.0,17.5,17.5,0.0,0.0,282.5,350.0,0.8071428571428572,0.22,168.26305389404297,62.2375,18.0,88.02555389404297,0.0,0.0,0.0,13.77091062178313,529.9300494116692,0.0,13.77091062178313,0.871402068430982,1.1475758851485942,12.0,0.0,344.27276554457825,300.0,44.27276554457825,0.0,0.0,1.0,0.871402068430982,true_outside_cost,19.0
5,5,5,0,2024-09-20T17:00:00,proposed,H08,7,7,1,0.4241359233856201,0.005784622712015235,0.04812476749857969,0.0,0.0,0.14461556780038087,395.70392047328056,0.0,63.0,63.0,0.0,0.0,0.95,332.70392047328056,500.0,0.6654078409465611,0.22,167.83224769724484,73.50986250412173,23.742235228396833,70.58014996472627,9.478673548350114,9.478673548350114,1.2323015484440425,13.538897993555434,0.7016016070688753,1.786187302516605,529.9300494116692,0.0,-5.461102006444566,0.14461556780038087,395.70392047328056,0.0,63.0,63.0,0.0,0.0,332.70392047328056,500.0,0.6654078409465611,0.22,167.83224769724484,73.50986250412173,23.742235228396833,70.58014996472627,0.0,0.0,0.0,0.005784622712015235,529.9300494116692,15.822372196219206,15.828156818931221,1.0,0.9892598011832013,15.828156818931221,395.5593049054802,395.70392047328056,395.70392047328056,0.0,0.0,0.0,1.0,1.0,true_outside_cost,19.0
5,5,5,0,2024-09-20T18:00:00,proposed,H01,0,0,2,0.43315696716308594,23.871691088978427,0.04956737314390883,124.43847847546323,109.43847847546323,596.7922772244607,200.0,0.0,12.8,12.8,0.0,0.0,0.95,187.2,250.0,0.7487999999999999,0.3,86.63139343261719,56.224,12.0,18.40739343261719,10.164951650727835,10.164951650727835,1.6780415895844132,13.538897993555434,0.7090334370434734,-2.2086123181505855,256.83854487898964,0.0,-5.461102006444566,596.7922772244607,200.0,0.0,12.8,12.8,0.0,0.0,187.2,250.0,0.7487999999999999,0.3,86.63139343261719,56.224,12.0,18.40739343261719,0.0,1.8239746412577205,0.0,23.871691088978427,256.83854487898964,0.7201060410833353,24.591797130061764,0.32531172722714746,3.0739746412577205,8.0,18.002651027083402,614.7949282515441,200.0,414.7949282515441,0.0,0.0,1.0,0.32531172722714746,true_outside_cost,19.0
5,5,5,0,2024-09-20T18:00:00,proposed,H02,1,1,2,0.5584076046943665,2.9135646726668656e-08,0.04956737314390883,59.57379700722908,44.57379700722908,7.283911681667164e-07,199.99999999999997,0.0,9.6,9.6,0.0,0.0,0.95,190.39999999999998,250.0,0.7615999999999999,0.3,111.68152093887328,57.16799999999999,11.999999999999998,42.513520938873285,10.041445496191649,10.041445496191649,1.407426213436828,13.538897993555434,0.7090334370434734,-2.2086123181505855,256.83854487898964,0.0,-5.461102006444566,7.283911681667164e-07,199.99999999999997,0.0,9.6,9.6,0.0,0.0,190.39999999999998,250.0,0.7615999999999999,0.3,111.68152093887328,57.16799999999999,11.999999999999998,42.513520938873285,0.0,0.7428966167871514,0.0,2.9135646726668656e-08,256.83854487898964,15.943172905161564,15.94317293429721,0.5017821755411227,1.9928966167871514,7.999999999999999,398.5793226290391,398.57932335743027,199.99999999999997,198.5793233574303,0.0,0.0,1.0,0.5017821755411227,true_outside_cost,19.0
5,5,5,0,2024-09-20T18:00:00,proposed,H03,2,2,2,0.556944727897644,0.17457903530972768,0.04956737314390883,0.0,0.0,4.364475882743192,129.178376339363,0.0,9.6,9.6,0.0,0.0,0.95,119.57837633936302,350.0,0.3416525038267515,0.3,71.94521566058599,35.9215129018089,7.75070258036178,28.2730001784153,10.457510653795406,10.457510653795406,1.6975856184388052,13.538897993555434,0.7090334370434734,-2.2086123181505855,256.83854487898964,0.0,-5.461102006444566,4.364475882743192,129.178376339363,0.0,9.6,9.6,0.0,0.0,119.57837633936302,350.0,0.3416525038267515,0.3,71.94521566058599,35.9215129018089,7.75070258036178,28.2730001784153,0.0,0.0,0.0,0.17457903530972768,256.83854487898964,4.992556018264792,5.16713505357452,1.0,0.4305945877978767,5.16713505357452,124.81390045661982,129.178376339363,129.178376339363,0.0,0.0,0.0,1.0,1.0,true_outside_cost,19.0
5,5,5,0,2024-09-20T18:00:00,proposed,H04,3,3,2,0.49916717410087585,0.0006005908438681824,0.04956737314390883,1.0910951383275291,0.0,0.01501477109670456,200.0,0.0,12.8,12.8,0.0,0.0,0.95,187.2,250.0,0.7487999999999999,0.3,99.83343482017517,56.224,12.0,31.609434820175174,13.369696293840626,13.369696293840626,4.4004918054822655,13.538897993555434,0.7090334370434734,-2.2086123181505855,256.83854487898964,0.0,-5.461102006444566,0.01501477109670456,200.0,0.0,12.8,12.8,0.0,0.0,187.2,250.0,0.7487999999999999,0.3,99.83343482017517,56.224,12.0,31.609434820175174,0.0,0.0,0.0,0.0006005908438681824,256.83854487898964,8.144878760933135,8.145479351777004,0.9821398661153973,1.0181849189721255,8.0,203.6219690233284,203.6369837944251,200.0,3.636983794425106,0.0,0.0,1.0,0.9821398661153973,true_outside_cost,19.0
5,5,5,0,2024-09-20T18:00:00,proposed,H05,4,4,2,0.5851755738258362,2.7066131587894127,0.04956737314390883,0.0,0.0,67.66532896973533,67.66532896973533,0.0,24.0,24.0,0.0,0.0,0.95,43.66532896973533,500.0,0.08733065793947066,0.3,39.59609770797885,13.219598690920597,4.059919738184119,22.31657927887413,16.13147197634603,16.13147197634603,7.04364682897699,13.538897993555434,0.7090334370434734,-2.2086123181505855,256.83854487898964,0.0,-5.461102006444566,67.66532896973533,67.66532896973533,0.0,24.0,24.0,0.0,0.0,43.66532896973533,500.0,0.08733065793947066,0.3,39.59609770797885,13.219598690920597,4.059919738184119,22.31657927887413,0.0,0.0,0.0,2.7066131587894127,256.83854487898964,0.0,2.7066131587894127,1.0,0.1691633224243383,2.7066131587894127,0.0,67.66532896973533,67.66532896973533,0.0,0.0,0.0,1.0,1.0,true_outside_cost,19.0
5,5,5,0,2024-09-20T18:00:00,proposed,H06,5,5,2,0.5115818977355957,0.08927963883085137,0.04956737314390883,0.0,0.0,2.231990970771284,202.44860425723903,0.0,32.0,32.0,0.0,0.0,0.95,170.44860425723903,700.0,0.24349800608177002,0.3,103.56904115984094,51.2945812771717,12.146916255434341,40.12754362723489,13.160840448142,13.160840448142,4.5120637121851015,13.538897993555434,0.7090334370434734,-2.2086123181505855,256.83854487898964,0.0,-5.461102006444566,2.231990970771284,202.44860425723903,0.0,32.0,32.0,0.0,0.0,170.44860425723903,700.0,0.24349800608177002,0.3,103.56904115984094,51.2945812771717,12.146916255434341,40.12754362723489,0.0,0.0,0.0,0.08927963883085137,256.83854487898964,8.00866453145871,8.09794417028956,1.0,0.5061215106430975,8.09794417028956,200.21661328646775,202.44860425723903,202.44860425723903,0.0,0.0,0.0,1.0,1.0,true_outside_cost,19.0
5,5,5,0,2024-09-20T18:00:00,proposed,H07,6,6,2,0.5563558340072632,2.586170469583864,0.04956737314390883,0.0,0.0,64.65426173959659,108.92702728417484,0.0,8.0,8.0,0.0,0.0,0.95,100.92702728417484,350.0,0.2883629350976424,0.3,60.602187110619006,30.31810818525245,6.535621637050492,23.748457288316065,10.313546577861691,10.313546577861691,1.5182258539939018,13.538897993555434,0.7090334370434734,-2.2086123181505855,256.83854487898964,0.0,-5.461102006444566,64.65426173959659,108.92702728417484,0.0,8.0,8.0,0.0,0.0,100.92702728417484,350.0,0.2883629350976424,0.3,60.602187110619006,30.31810818525245,6.535621637050492,23.748457288316065,0.0,0.0,0.0,2.586170469583864,256.83854487898964,1.7709106217831305,4.357081091366995,1.0,0.3630900909472496,4.357081091366995,44.27276554457825,108.92702728417484,108.92702728417484,0.0,0.0,0.0,1.0,1.0,true_outside_cost,19.0
5,5,5,0,2024-09-20T18:00:00,proposed,H08,7,7,2,0.4633665382862091,42.62336343048848,0.04956737314390883,99.8376128643318,84.8376128643318,1065.584085762212,400.0,0.0,28.8,28.8,0.0,0.0,0.95,371.2,500.0,0.7424,0.3,185.34661531448364,111.504,24.0,49.84261531448364,9.854580952006353,9.854580952006353,1.3020083832482423,13.538897993555434,0.7090334370434734,-2.2086123181505855,256.83854487898964,0.0,-5.461102006444566,1065.584085762212,400.0,0.0,28.8,28.8,0.0,0.0,371.2,500.0,0.7424,0.3,185.34661531448364,111.504,24.0,49.84261531448364,0.0,1.41396021440553,0.0,42.62336343048848,256.83854487898964,0.0,42.62336343048848,0.3753809815148282,2.66396021440553,16.0,0.0,1065.584085762212,400.0,665.584085762212,0.0,0.0,1.0,0.3753809815148282,true_outside_cost,19.0
5,5,5,0,2024-09-20T19:00:00,proposed,H01,0,0,3,0.4833747446537018,3.795608393471194e-08,0.07188018457182468,64.43847876013386,49.43847876013386,9.489020983677986e-07,200.0,0.0,3.2,3.2,0.0,0.0,0.95,196.8,250.0,0.7872,0.34,96.67494893074036,66.92800000000001,12.0,17.746948930740345,9.598475205122792,9.598475205122792,1.3642985935432896,13.538897993555434,0.9068188359057411,0.7306597710333748,221.6181892890702,0.0,-5.461102006444566,9.489020983677986e-07,200.0,0.0,3.2,3.2,0.0,0.0,196.8,250.0,0.7872,0.34,96.67494893074036,66.92800000000001,12.0,17.746948930740345,0.0,0.823974646002231,0.0,3.795608393471194e-08,221.6181892890702,16.591797130061764,16.591797168017848,0.4821659714729822,2.073974646002231,8.0,414.7949282515441,414.7949292004462,200.0,214.79492920044618,0.0,0.0,1.0,0.4821659714729822,true_outside_cost,19.0
5,5,5,0,2024-09-20T19:00:00,proposed,H02,1,1,3,0.5353425741195679,0.0008390871468887107,0.07188018457182468,0.0,0.0,0.020977178672217763,198.6003005361025,0.0,2.4,2.4,0.0,0.0,0.95,196.2003005361025,250.0,0.78480120214441,0.34,106.31919610991692,66.72010218227486,11.91601803216615,27.68307589547591,9.579751765979864,9.579751765979864,1.1881205582248155,13.538897993555434,0.9068188359057411,0.7306597710333748,221.6181892890702,0.0,-5.461102006444566,0.020977178672217763,198.6003005361025,0.0,2.4,2.4,0.0,0.0,196.2003005361025,250.0,0.78480120214441,0.34,106.31919610991692,66.72010218227486,11.91601803216615,27.68307589547591,0.0,0.0,0.0,0.0008390871468887107,221.6181892890702,7.943172934297211,7.9440120214441,1.0,0.9930015026805125,7.9440120214441,198.5793233574303,198.6003005361025,198.6003005361025,0.0,0.0,0.0,1.0,1.0,true_outside_cost,19.0
5,5,5,0,2024-09-20T19:00:00,proposed,H03,2,2,3,0.5552196502685547,10.447414209558465,0.07188018457182468,0.0,0.0,261.1853552389616,261.1853552389616,0.0,2.4,2.4,0.0,0.0,0.95,258.78535523896164,350.0,0.7393867292541761,0.34,145.0152415910445,87.99902078124697,15.671121314337697,41.34509949545982,10.546272638010834,10.546272638010834,2.0216999366715283,13.538897993555434,0.9068188359057411,0.7306597710333748,221.6181892890702,0.0,-5.461102006444566,261.1853552389616,261.1853552389616,0.0,2.4,2.4,0.0,0.0,258.78535523896164,350.0,0.7393867292541761,0.34,145.0152415910445,87.99902078124697,15.671121314337697,41.34509949545982,0.0,0.0,0.0,10.447414209558465,221.6181892890702,0.0,10.447414209558465,1.0,0.8706178507965388,10.447414209558465,0.0,261.1853552389616,261.1853552389616,0.0,0.0,0.0,1.0,1.0,true_outside_cost,19.0
5,5,5,0,2024-09-20T19:00:00,proposed,H04,3,3,3,0.5040029883384705,9.811948998515401,0.07188018457182468,14.680712627193039,0.0,245.29872496288502,200.0,0.0,3.2,3.2,0.0,0.0,0.95,196.8,250.0,0.7872,0.34,100.80059766769409,66.92800000000001,12.0,21.87259766769408,13.942570864735552,13.942570864735552,5.190597456378504,13.538897993555434,0.9068188359057411,0.7306597710333748,221.6181892890702,0.0,-5.461102006444566,245.29872496288502,200.0,0.0,3.2,3.2,0.0,0.0,196.8,250.0,0.7872,0.34,100.80059766769409,66.92800000000001,12.0,21.87259766769408,0.0,0.0,0.0,9.811948998515401,221.6181892890702,0.14547935177700388,9.957428350292405,0.8034202927269947,1.2446785437865506,8.0,3.636983794425106,248.93570875731012,200.0,48.935708757310124,0.0,0.0,1.0,0.8034202927269947,true_outside_cost,19.0
5,5,5,0,2024-09-20T19:00:00,proposed,H05,4,4,3,0.5892564654350281,2.2328701835456983,0.07188018457182468,0.0,0.0,55.82175458864247,55.82175458864247,0.0,6.0,6.0,0.0,0.0,0.95,49.82175458864247,500.0,0.09964350917728494,0.34,32.89332980328502,16.969396560138442,3.3493052753185477,12.57462796782803,16.717325222994276,16.717325222994276,7.87979793938881,13.538897993555434,0.9068188359057411,0.7306597710333748,221.6181892890702,0.0,-5.461102006444566,55.82175458864247,55.82175458864247,0.0,6.0,6.0,0.0,0.0,49.82175458864247,500.0,0.09964350917728494,0.34,32.89332980328502,16.969396560138442,3.3493052753185477,12.57462796782803,0.0,0.0,0.0,2.2328701835456983,221.6181892890702,0.0,2.2328701835456983,1.0,0.13955438647160615,2.2328701835456983,0.0,55.82175458864247,55.82175458864247,0.0,0.0,0.0,1.0,1.0,true_outside_cost,19.0
5,5,5,0,2024-09-20T19:00:00,proposed,H06,5,5,3,0.5023579597473145,14.095826688279622,0.07188018457182468,0.0,0.0,352.39566720699054,352.39566720699054,0.0,8.0,8.0,0.0,0.0,0.95,344.39566720699054,700.0,0.4919938102957008,0.34,177.02876840189737,117.1345268503768,21.143740032419434,38.750501519101135,12.992629154438221,12.992629154438221,4.606731619731853,13.538897993555434,0.9068188359057411,0.7306597710333748,221.6181892890702,0.0,-5.461102006444566,352.39566720699054,352.39566720699054,0.0,8.0,8.0,0.0,0.0,344.39566720699054,700.0,0.4919938102957008,0.34,177.02876840189737,117.1345268503768,21.143740032419434,38.750501519101135,0.0,0.0,0.0,14.095826688279622,221.6181892890702,0.0,14.095826688279622,1.0,0.8809891680174764,14.095826688279622,0.0,352.39566720699054,352.39566720699054,0.0,0.0,0.0,1.0,1.0,true_outside_cost,19.0
5,5,5,0,2024-09-20T19:00:00,proposed,H07,6,6,3,0.5596604347229004,10.063039459254888,0.07188018457182468,0.0,0.0,251.57598648137218,251.57598648137218,0.0,2.0,2.0,0.0,0.0,0.95,249.57598648137218,350.0,0.7130742470896348,0.34,140.79712596000726,84.86583540366655,15.094559188882332,40.836731367458384,10.429765004764821,10.429765004764821,1.8954401014380156,13.538897993555434,0.9068188359057411,0.7306597710333748,221.6181892890702,0.0,-5.461102006444566,251.57598648137218,251.57598648137218,0.0,2.0,2.0,0.0,0.0,249.57598648137218,350.0,0.7130742470896348,0.34,140.79712596000726,84.86583540366655,15.094559188882332,40.836731367458384,0.0,0.0,0.0,10.063039459254888,221.6181892890702,0.0,10.063039459254888,1.0,0.838586621604574,10.063039459254888,0.0,251.57598648137218,251.57598648137218,0.0,0.0,0.0,1.0,1.0,true_outside_cost,19.0
5,5,5,0,2024-09-20T19:00:00,proposed,H08,7,7,3,0.44599151611328125,3.8582401839411285e-06,0.07188018457182468,39.837627332732495,24.837627332732495,9.645600459852821e-05,400.0,0.0,7.2,7.2,0.0,0.0,0.95,392.8,500.0,0.7856000000000001,0.34,178.3966064453125,133.58800000000002,24.0,20.808606445312478,9.518017724368734,9.518017724368734,1.2271145064818532,13.538897993555434,0.9068188359057411,0.7306597710333748,221.6181892890702,0.0,-5.461102006444566,9.645600459852821e-05,400.0,0.0,7.2,7.2,0.0,0.0,392.8,500.0,0.7856000000000001,0.34,178.3966064453125,133.58800000000002,24.0,20.808606445312478,0.0,0.41396045554554156,0.0,3.8582401839411285e-06,221.6181892890702,26.62336343048848,26.623367288728666,0.6009758204693288,1.6639604555455416,16.0,665.584085762212,665.5841822182166,400.0,265.5841822182166,0.0,0.0,1.0,0.6009758204693288,true_outside_cost,19.0
5,5,5,0,2024-09-20T20:00:00,proposed,H01,0,0,4,0.45875781774520874,0.0005609349746350415,0.05667887450296677,4.442685772443622,0.0,0.014023374365876038,199.99999999999997,0.0,0.0,0.0,0.0,0.0,0.95,199.99999999999997,250.0,0.7999999999999999,0.27,91.75156354904173,53.99999999999999,12.0,25.75156354904174,9.826779152480567,9.826779152480567,1.5123912649264306,13.538897993555434,0.7813984357339966,1.9796998300526167,218.05509537162825,0.0,-5.461102006444566,0.014023374365876038,199.99999999999997,0.0,0.0,0.0,0.0,0.0,199.99999999999997,250.0,0.7999999999999999,0.27,91.75156354904173,53.99999999999999,12.0,25.75156354904174,0.0,0.0,0.0,0.0005609349746350415,218.05509537162825,8.591797168017848,8.592358102992483,0.9310598911390598,1.0740447628740604,8.0,214.79492920044618,214.80895257481205,199.99999999999997,14.808952574812082,0.0,0.0,1.0,0.9310598911390598,true_outside_cost,19.0
5,5,5,0,2024-09-20T20:00:00,proposed,H02,1,1,4,0.5121740698814392,11.339007491091106,0.05667887450296677,25.042556183183294,10.042556183183295,283.47518727727766,200.0,0.0,0.0,0.0,0.0,0.0,0.95,200.0,250.0,0.8,0.27,102.43481397628784,54.0,12.0,36.43481397628784,9.827154706339439,9.827154706339439,1.3498896654732748,13.538897993555434,0.7813984357339966,1.9796998300526167,218.05509537162825,0.0,-5.461102006444566,283.47518727727766,200.0,0.0,0.0,0.0,0.0,0.0,200.0,250.0,0.8,0.27,102.43481397628784,54.0,12.0,36.43481397628784,0.0,0.16737593638638826,0.0,11.339007491091106,218.05509537162825,0.0,11.339007491091106,0.7055291220404858,1.4173759363863883,8.0,0.0,283.47518727727766,200.0,83.47518727727766,0.0,0.0,1.0,0.7055291220404858,true_outside_cost,19.0
5,5,5,0,2024-09-20T20:00:00,proposed,H03,2,2,4,0.5506810545921326,6.149368032012156,0.05667887450296677,0.0,0.0,153.7342008003039,153.7342008003039,0.0,0.0,0.0,0.0,0.0,0.95,153.7342008003039,350.0,0.439240573715154,0.27,84.65851182359003,41.50823421608206,9.224052048018235,33.92622555948974,10.562396454860414,10.562396454860414,1.9192609542946686,13.538897993555434,0.7813984357339966,1.9796998300526167,218.05509537162825,0.0,-5.461102006444566,153.7342008003039,153.7342008003039,0.0,0.0,0.0,0.0,0.0,153.7342008003039,350.0,0.439240573715154,0.27,84.65851182359003,41.50823421608206,9.224052048018235,33.92622555948974,0.0,0.0,0.0,6.149368032012156,218.05509537162825,0.0,6.149368032012156,1.0,0.512447336001013,6.149368032012156,0.0,153.7342008003039,153.7342008003039,0.0,0.0,0.0,1.0,1.0,true_outside_cost,19.0
5,5,5,0,2024-09-20T20:00:00,proposed,H04,3,3,4,0.5083112716674805,0.5694374034861562,0.05667887450296677,0.0,0.0,14.235935087153905,63.17164384446403,0.0,0.0,0.0,0.0,0.0,0.95,63.17164384446403,250.0,0.2526865753778561,0.27,32.110858615904675,17.05634383800529,3.790298630667842,11.264216147231544,13.667167067079982,13.667167067079982,4.757556942910638,13.538897993555434,0.7813984357339966,1.9796998300526167,218.05509537162825,0.0,-5.461102006444566,14.235935087153905,63.17164384446403,0.0,0.0,0.0,0.0,0.0,63.17164384446403,250.0,0.2526865753778561,0.27,32.110858615904675,17.05634383800529,3.790298630667842,11.264216147231544,0.0,0.0,0.0,0.5694374034861562,218.05509537162825,1.957428350292405,2.5268657537785613,1.0,0.31585821922232016,2.5268657537785613,48.935708757310124,63.17164384446403,63.17164384446403,0.0,0.0,0.0,1.0,1.0,true_outside_cost,19.0
5,5,5,0,2024-09-20T20:00:00,proposed,H05,4,4,4,0.5823586583137512,1.4675908867014598,0.05667887450296677,0.0,0.0,36.68977216753649,36.68977216753649,0.0,0.0,0.0,0.0,0.0,0.95,36.68977216753649,500.0,0.07337954433507297,0.27,21.36660649332376,9.906238485234853,2.2013863300521894,9.258981678036719,16.237698574825107,16.237698574825107,7.210346351514014,13.538897993555434,0.7813984357339966,1.9796998300526167,218.05509537162825,0.0,-5.461102006444566,36.68977216753649,36.68977216753649,0.0,0.0,0.0,0.0,0.0,36.68977216753649,500.0,0.07337954433507297,0.27,21.36660649332376,9.906238485234853,2.2013863300521894,9.258981678036719,0.0,0.0,0.0,1.4675908867014598,218.05509537162825,0.0,1.4675908867014598,1.0,0.09172443041884124,1.4675908867014598,0.0,36.68977216753649,36.68977216753649,0.0,0.0,0.0,1.0,1.0,true_outside_cost,19.0
5,5,5,0,2024-09-20T20:00:00,proposed,H06,5,5,4,0.49508342146873474,8.49539504746417,0.05667887450296677,0.0,0.0,212.38487618660423,212.38487618660423,0.0,0.0,0.0,0.0,0.0,0.95,212.38487618660423,700.0,0.3034069659808632,0.27,105.14823117067763,57.34391657038314,12.743092571196254,35.06122202909823,13.104514808130016,13.104514808130016,4.597321816475341,13.538897993555434,0.7813984357339966,1.9796998300526167,218.05509537162825,0.0,-5.461102006444566,212.38487618660423,212.38487618660423,0.0,0.0,0.0,0.0,0.0,212.38487618660423,700.0,0.3034069659808632,0.27,105.14823117067763,57.34391657038314,12.743092571196254,35.06122202909823,0.0,0.0,0.0,8.49539504746417,218.05509537162825,0.0,8.49539504746417,1.0,0.5309621904665106,8.49539504746417,0.0,212.38487618660423,212.38487618660423,0.0,0.0,0.0,1.0,1.0,true_outside_cost,19.0
5,5,5,0,2024-09-20T20:00:00,proposed,H07,6,6,4,0.5642297267913818,5.324781206667974,0.05667887450296677,0.0,0.0,133.11953016669935,133.11953016669935,0.0,0.0,0.0,0.0,0.0,0.95,133.11953016669935,350.0,0.3803415147619981,0.27,75.10999613655389,35.942273145008826,7.987171810001961,31.180551181543102,10.342152921413783,10.342152921413783,1.6654062492261146,13.538897993555434,0.7813984357339966,1.9796998300526167,218.05509537162825,0.0,-5.461102006444566,133.11953016669935,133.11953016669935,0.0,0.0,0.0,0.0,0.0,133.11953016669935,350.0,0.3803415147619981,0.27,75.10999613655389,35.942273145008826,7.987171810001961,31.180551181543102,0.0,0.0,0.0,5.324781206667974,218.05509537162825,0.0,5.324781206667974,1.0,0.44373176722233115,5.324781206667974,0.0,133.11953016669935,133.11953016669935,0.0,0.0,0.0,1.0,1.0,true_outside_cost,19.0
5,5,5,0,2024-09-20T20:00:00,proposed,H08,7,7,4,0.4620397686958313,0.033277023314866906,0.05667887450296677,0.0,0.0,0.8319255828716725,266.4161078010883,0.0,0.0,0.0,0.0,0.0,0.95,266.4161078010883,500.0,0.5328322156021765,0.27,123.09483682525848,71.93234910629384,15.984966468065299,35.177521250899346,9.664420325762904,9.664420325762904,1.2748698246047905,13.538897993555434,0.7813984357339966,1.9796998300526167,218.05509537162825,0.0,-5.461102006444566,0.8319255828716725,266.4161078010883,0.0,0.0,0.0,0.0,0.0,266.4161078010883,500.0,0.5328322156021765,0.27,123.09483682525848,71.93234910629384,15.984966468065299,35.177521250899346,0.0,0.0,0.0,0.033277023314866906,218.05509537162825,10.623367288728666,10.656644312043532,1.0,0.6660402695027208,10.656644312043532,265.5841822182166,266.4161078010883,266.4161078010883,0.0,0.0,0.0,1.0,1.0,true_outside_cost,19.0
5,5,5,0,2024-09-20T21:00:00,proposed,H01,0,0,5,0.4355459213256836,6.704910488532045,0.029853247871244007,0.0,0.0,167.62276221330114,182.43171478811323,0.0,0.0,0.0,0.0,100.0,0.42368421052631583,82.43171478811323,250.0,0.3297268591524529,0.2,79.45738929641311,19.486342957622647,10.945902887286792,49.02514345150367,9.937866861798522,9.937866861798522,1.5627954414078924,13.538897993555434,0.4954036804858109,3.1601081736651953,316.0108173665195,1.4210854715202004e-14,-5.461102006444566,167.62276221330114,182.43171478811323,0.0,0.0,0.0,0.0,100.0,82.43171478811323,250.0,0.3297268591524529,0.2,79.45738929641311,19.486342957622647,10.945902887286792,49.02514345150367,1.4210854715202004e-14,0.0,0.0,6.704910488532045,316.0108173665195,0.5923581029924829,7.297268591524528,1.0,0.912158573940566,7.297268591524528,14.808952574812082,182.43171478811323,182.43171478811323,0.0,0.0,0.0,1.0,1.0,true_outside_cost,19.0
5,5,5,0,2024-09-20T21:00:00,proposed,H02,1,1,5,0.5230745077133179,0.06968258574411135,0.029853247871244007,0.0,0.0,1.7420646436027838,85.21725192088044,0.0,0.0,0.0,0.0,85.21725192088044,0.5014881477848399,0.0,250.0,0.0,0.2,44.57497209719633,2.5565175576264134,5.113035115252826,36.90541942431709,9.81383904959719,9.81383904959719,1.2995738737246203,13.538897993555434,0.4954036804858109,3.1601081736651953,316.0108173665195,1.4210854715202004e-14,-5.461102006444566,1.7420646436027838,85.21725192088044,0.0,0.0,0.0,0.0,85.21725192088044,0.0,250.0,0.0,0.2,44.57497209719633,2.5565175576264134,5.113035115252826,36.90541942431709,1.4210854715202004e-14,0.0,0.0,0.06968258574411135,316.0108173665195,3.339007491091106,3.4086900768352173,1.0,0.42608625960440216,3.4086900768352173,83.47518727727766,85.21725192088044,85.21725192088044,0.0,0.0,0.0,1.0,1.0,true_outside_cost,19.0
5,5,5,0,2024-09-20T21:00:00,proposed,H03,2,2,5,0.5424516201019287,3.139917865088267,0.029853247871244007,0.0,0.0,78.49794662720667,78.49794662720667,0.0,0.0,0.0,0.0,78.49794662720667,0.6745686083255906,0.0,350.0,0.0,0.2,42.58133832260299,2.3549383988162003,4.7098767976324005,35.51652312615438,10.431397347943836,10.431397347943836,1.7540126148484012,13.538897993555434,0.4954036804858109,3.1601081736651953,316.0108173665195,1.4210854715202004e-14,-5.461102006444566,78.49794662720667,78.49794662720667,0.0,0.0,0.0,0.0,78.49794662720667,0.0,350.0,0.0,0.2,42.58133832260299,2.3549383988162003,4.7098767976324005,35.51652312615438,1.4210854715202004e-14,0.0,0.0,3.139917865088267,316.0108173665195,0.0,3.139917865088267,1.0,0.2616598220906889,3.139917865088267,0.0,78.49794662720667,78.49794662720667,0.0,0.0,0.0,1.0,1.0,true_outside_cost,19.0
5,5,5,0,2024-09-20T21:00:00,proposed,H04,3,3,5,0.5127078294754028,2.7481119286421323,0.029853247871244007,0.0,0.0,68.70279821605331,68.70279821605331,0.0,0.0,0.0,0.0,68.70279821605331,0.6607250601429334,0.0,250.0,0.0,0.2,35.224462552239274,2.0610839464815993,4.122167892963199,29.041210712794474,13.541381247322617,13.541381247322617,4.591124249010983,13.538897993555434,0.4954036804858109,3.1601081736651953,316.0108173665195,0.0,-5.461102006444566,68.70279821605331,68.70279821605331,0.0,0.0,0.0,0.0,68.70279821605331,0.0,250.0,0.0,0.2,35.224462552239274,2.0610839464815993,4.122167892963199,29.041210712794474,0.0,0.0,0.0,2.7481119286421323,316.0108173665195,0.0,2.7481119286421323,1.0,0.34351399108026653,2.7481119286421323,0.0,68.70279821605331,68.70279821605331,0.0,0.0,0.0,1.0,1.0,true_outside_cost,19.0
5,5,5,0,2024-09-20T21:00:00,proposed,H05,4,4,5,0.5759804248809814,0.7179629213837655,0.029853247871244007,0.0,0.0,17.94907303459414,17.94907303459414,0.0,0.0,0.0,0.0,17.94907303459414,0.9122124778219071,0.0,500.0,0.0,0.2,10.3383147126853,0.5384721910378242,1.0769443820756481,8.722898139571827,16.21012953745927,16.21012953745927,7.127214234316626,13.538897993555434,0.4954036804858109,3.1601081736651953,316.0108173665195,1.4210854715202004e-14,-5.461102006444566,17.94907303459414,17.94907303459414,0.0,0.0,0.0,0.0,17.94907303459414,0.0,500.0,0.0,0.2,10.3383147126853,0.5384721910378242,1.0769443820756481,8.722898139571827,1.4210854715202004e-14,0.0,0.0,0.7179629213837655,316.0108173665195,0.0,0.7179629213837655,1.0,0.044872682586485343,0.7179629213837655,0.0,17.94907303459414,17.94907303459414,0.0,0.0,0.0,1.0,1.0,true_outside_cost,19.0
5,5,5,0,2024-09-20T21:00:00,proposed,H06,5,5,5,0.4900837540626526,3.919633448385713,0.029853247871244007,0.0,0.0,97.99083620964284,97.99083620964284,0.0,0.0,0.0,0.0,97.99083620964284,0.7780862522637845,0.0,700.0,0.0,0.2,48.02371687336027,2.939725086289285,5.8794501725785695,39.20454161449241,13.330591759742441,13.330591759742441,4.730538935645388,13.538897993555434,0.4954036804858109,3.1601081736651953,316.0108173665195,0.0,-5.461102006444566,97.99083620964284,97.99083620964284,0.0,0.0,0.0,0.0,97.99083620964284,0.0,700.0,0.0,0.2,48.02371687336027,2.939725086289285,5.8794501725785695,39.20454161449241,0.0,0.0,0.0,3.919633448385713,316.0108173665195,0.0,3.919633448385713,1.0,0.24497709052410707,3.919633448385713,0.0,97.99083620964284,97.99083620964284,0.0,0.0,0.0,1.0,1.0,true_outside_cost,19.0
5,5,5,0,2024-09-20T21:00:00,proposed,H07,6,6,5,0.5672507882118225,2.3148797628403464,0.029853247871244007,0.0,0.0,57.87199407100866,57.87199407100866,0.0,0.0,0.0,0.0,57.87199407100866,0.7469403716806714,0.0,350.0,0.0,0.2,32.82793425216958,1.7361598221302597,3.4723196442605193,27.619454785778796,10.250935771077632,10.250935771077632,1.5322349549586454,13.538897993555434,0.4954036804858109,3.1601081736651953,316.0108173665195,0.0,-5.461102006444566,57.87199407100866,57.87199407100866,0.0,0.0,0.0,0.0,57.87199407100866,0.0,350.0,0.0,0.2,32.82793425216958,1.7361598221302597,3.4723196442605193,27.619454785778796,0.0,0.0,0.0,2.3148797628403464,316.0108173665195,0.0,2.3148797628403464,1.0,0.1929066469033622,2.3148797628403464,0.0,57.87199407100866,57.87199407100866,0.0,0.0,0.0,1.0,1.0,true_outside_cost,19.0
5,5,5,0,2024-09-20T21:00:00,proposed,H08,7,7,5,0.46927177906036377,9.489303563246304,0.029853247871244007,0.0,0.0,237.2325890811576,237.2325890811576,0.0,0.0,0.0,0.0,237.2325890811576,0.4505629703554577,0.0,500.0,0.0,0.2,111.32655912921106,7.116977672434728,14.233955344869457,89.97562611190688,9.757100245859,9.757100245859,1.303556415598429,13.538897993555434,0.4954036804858109,3.1601081736651953,316.0108173665195,2.842170943040401e-14,-5.461102006444566,237.2325890811576,237.2325890811576,0.0,0.0,0.0,0.0,237.2325890811576,0.0,500.0,0.0,0.2,111.32655912921106,7.116977672434728,14.233955344869457,89.97562611190688,2.842170943040401e-14,0.0,0.0,9.489303563246304,316.0108173665195,0.0,9.489303563246304,1.0,0.593081472702894,9.489303563246304,0.0,237.2325890811576,237.2325890811576,0.0,0.0,0.0,1.0,1.0,true_outside_cost,19.0
