seed,training_seed,scenario_seed,episode,timestamp,method,hub_id,hub_index,hub,period,price,arrivals,outside_share,wait_min,wait_excess_min,requested_energy_kwh,served_energy_kwh,unmet_energy_kwh,pv_used_kwh,pv_to_ev_kwh,battery_charge_kwh,battery_discharge_kwh,soc,grid_import_kwh,grid_limit_kwh,grid_utilization,grid_price_gbp_per_kwh,revenue_gbp,energy_cost_gbp,operating_cost_gbp,profit_gbp,access_mean_min,route_mean_min,detour_mean_min,outside_cost_estimate,outside_nll,reward,welfare,energy_balance_error_kwh,outside_cost_error_for_evaluation_only,requested_energy,served_energy,unmet_energy,pv_used,pv_to_ev,battery_charge,battery_discharge,grid_import,grid_limit,grid_limit_utilization,grid_price,revenue,energy_cost,operating_cost,profit,energy_balance,wait_violation,unmet,realized_demand,weighted_hub_profit_welfare,historical_equivalent_vehicles,pending_vehicles,admission_ratio,admission_pressure,admitted_vehicles,queued_energy_start_kwh,pending_energy_kwh,admitted_energy_kwh,queued_energy_next_kwh,queue_vehicle_conservation_error,queue_energy_conservation_error_kwh,admitted_full_service_ratio,pending_full_service_ratio,training_update,episode_index
,5,,1,2024-09-20T16:00:00,mappo_no_inference,H01,0,0,0,0.3541996479034424,39.70865587711759,0.04191368658663985,237.81491907838193,222.81491907838193,992.7163969279397,200.0,0.0,44.0,44.0,84.21052631578947,0.0,0.95,240.21052631578948,250.0,0.9608421052631579,0.16,70.83992958068848,38.653684210526315,12.0,20.186245370162162,10.523533255882333,10.523533255882333,1.9506634909476512,13.5,0.2660287698005368,-3.63384320513536,147.86024743584727,0.0,-3.0,992.7163969279397,200.0,0.0,44.0,44.0,84.21052631578947,0.0,240.21052631578948,250.0,0.9608421052631579,0.16,70.83992958068848,38.653684210526315,12.0,20.186245370162162,0.0,3.7135819846396987,0.0,39.70865587711759,147.86024743584727,0.0,39.70865587711759,0.20146740863646456,4.963581984639699,8.0,0.0,992.7163969279397,200.0,792.7163969279397,0.0,0.0,1.0,0.20146740863646456,0,1
,5,,1,2024-09-20T16:00:00,mappo_no_inference,H02,1,1,0,0.48653823137283325,6.598695360282425,0.04191368658663985,0.0,0.0,164.96738400706064,164.96738400706064,0.0,33.0,33.0,94.73684210526316,0.0,0.95,226.7042261123238,250.0,0.9068169044492952,0.16,80.26293924899831,36.43767617797181,9.898043040423637,33.92722003060286,10.479442469841132,10.479442469841132,1.7707097551672095,13.5,0.2660287698005368,-3.63384320513536,147.86024743584727,0.0,-3.0,164.96738400706064,164.96738400706064,0.0,33.0,33.0,94.73684210526316,0.0,226.7042261123238,250.0,0.9068169044492952,0.16,80.26293924899831,36.43767617797181,9.898043040423637,33.92722003060286,0.0,0.0,0.0,6.598695360282425,147.86024743584727,0.0,6.598695360282425,1.0,0.8248369200353032,6.598695360282425,0.0,164.96738400706064,164.96738400706064,0.0,0.0,0.0,1.0,1.0,0,1
,5,,1,2024-09-20T16:00:00,mappo_no_inference,H03,2,2,0,0.43047988414764404,14.868314443962749,0.04191368658663985,14.341572219813745,0.0,371.70786109906874,300.0,0.0,33.0,0.0,83.0,0.0,0.8628333333333335,350.0,350.0,1.0,0.16,129.1439652442932,56.165,18.0,54.97896524429322,10.527459860438006,10.527459860438006,1.6612176665955147,13.5,0.2660287698005368,-3.63384320513536,147.86024743584727,2.842170943040401e-14,-3.0,371.70786109906874,300.0,0.0,33.0,0.0,83.0,0.0,350.0,350.0,1.0,0.16,129.1439652442932,56.165,18.0,54.97896524429322,2.842170943040401e-14,0.0,0.0,14.868314443962749,147.86024743584727,0.0,14.868314443962749,0.807085432933696,1.2390262036635624,12.0,0.0,371.70786109906874,300.0,71.70786109906874,0.0,0.0,1.0,0.807085432933696,0,1
,5,,1,2024-09-20T16:00:00,mappo_no_inference,H04,3,3,0,0.6300966143608093,0.6152129461001139,0.04191368658663985,0.0,0.0,15.380323652502847,15.380323652502847,0.0,44.0,15.380323652502847,78.94736842105263,0.0,0.95,50.32769207355548,250.0,0.20131076829422193,0.16,9.69108986121552,8.272430731768878,0.9228194191501708,0.4958397102964709,13.071349381297058,13.071349381297058,3.9512880128464136,13.5,0.2660287698005368,-3.63384320513536,147.86024743584727,0.0,-3.0,15.380323652502847,15.380323652502847,0.0,44.0,15.380323652502847,78.94736842105263,0.0,50.32769207355548,250.0,0.20131076829422193,0.16,9.69108986121552,8.272430731768878,0.9228194191501708,0.4958397102964709,0.0,0.0,0.0,0.6152129461001139,147.86024743584727,0.0,0.6152129461001139,1.0,0.07690161826251424,0.6152129461001139,0.0,15.380323652502847,15.380323652502847,0.0,0.0,0.0,1.0,1.0,0,1
,5,,1,2024-09-20T16:00:00,mappo_no_inference,H05,4,4,0,0.7999297380447388,0.039390288221225304,0.04191368658663985,0.0,0.0,0.9847572055306326,0.9847572055306326,0.0,82.5,0.0,131.57894736842104,0.0,0.95,50.06370457395169,500.0,0.10012740914790338,0.16,0.7877365734577879,8.42269273183227,0.05908543233183795,-7.6940415907063215,15.365771094658424,15.365771094658424,6.09206420832217,13.5,0.2660287698005368,-3.63384320513536,147.86024743584727,1.4210854715202004e-14,-3.0,0.9847572055306326,0.9847572055306326,0.0,82.5,0.0,131.57894736842104,0.0,50.06370457395169,500.0,0.10012740914790338,0.16,0.7877365734577879,8.42269273183227,0.05908543233183795,-7.6940415907063215,1.4210854715202004e-14,0.0,0.0,0.039390288221225304,147.86024743584727,0.0,0.039390288221225304,1.0,0.0024618930138265815,0.039390288221225304,0.0,0.9847572055306326,0.9847572055306326,0.0,0.0,0.0,1.0,1.0,0,1
,5,,1,2024-09-20T16:00:00,mappo_no_inference,H06,5,5,0,0.7529645562171936,0.10929121670047165,0.04191368658663985,0.0,0.0,2.7322804175117916,2.7322804175117916,0.0,110.0,0.0,126.31578947368422,0.0,0.95,19.048069891196004,700.0,0.02721152841599429,0.16,2.0573103120326945,3.597691182591361,0.16393682505070747,-1.7043176956093737,13.375382943879307,13.375382943879307,4.587106624633267,13.5,0.2660287698005368,-3.63384320513536,147.86024743584727,0.0,-3.0,2.7322804175117916,2.7322804175117916,0.0,110.0,0.0,126.31578947368422,0.0,19.048069891196004,700.0,0.02721152841599429,0.16,2.0573103120326945,3.597691182591361,0.16393682505070747,-1.7043176956093737,0.0,0.0,0.0,0.10929121670047165,147.86024743584727,0.0,0.10929121670047165,1.0,0.006830701043779478,0.10929121670047165,0.0,2.7322804175117916,2.7322804175117916,0.0,0.0,0.0,1.0,1.0,0,1
,5,,1,2024-09-20T16:00:00,mappo_no_inference,H07,6,6,0,0.40912550687789917,21.561472979261936,0.04191368658663985,47.80736489630968,32.80736489630968,539.0368244815484,300.0,0.0,27.5,27.5,77.5,0.0,0.7954166666666667,350.0,350.0,1.0,0.16,122.73765206336975,56.1375,18.0,48.60015206336975,10.120061419945598,10.120061419945598,1.1796120748284036,13.5,0.2660287698005368,-3.63384320513536,147.86024743584727,0.0,-3.0,539.0368244815484,300.0,0.0,27.5,27.5,77.5,0.0,350.0,350.0,1.0,0.16,122.73765206336975,56.1375,18.0,48.60015206336975,0.0,0.5467894149384946,0.0,21.561472979261936,147.86024743584727,0.0,21.561472979261936,0.5565482474941176,1.7967894149384946,12.0,0.0,539.0368244815484,300.0,239.03682448154836,0.0,0.0,1.0,0.5565482474941176,0,1
,5,,1,2024-09-20T16:00:00,mappo_no_inference,H08,7,7,0,0.6994773149490356,0.39858535396142414,0.04191368658663985,0.0,0.0,9.964633849035604,9.964633849035604,0.0,99.0,0.0,131.57894736842104,0.0,0.95,42.54358121745666,500.0,0.08508716243491332,0.16,6.970035329173698,7.301972994793066,0.5978780309421362,-0.9298156965615038,10.008155029067781,10.008155029067781,1.3364225492047581,13.5,0.2660287698005368,-3.63384320513536,147.86024743584727,1.4210854715202004e-14,-3.0,9.964633849035604,9.964633849035604,0.0,99.0,0.0,131.57894736842104,0.0,42.54358121745666,500.0,0.08508716243491332,0.16,6.970035329173698,7.301972994793066,0.5978780309421362,-0.9298156965615038,1.4210854715202004e-14,0.0,0.0,0.39858535396142414,147.86024743584727,0.0,0.39858535396142414,1.0,0.02491158462258901,0.39858535396142414,0.0,9.964633849035604,9.964633849035604,0.0,0.0,0.0,1.0,1.0,0,1
,5,,1,2024-09-20T17:00:00,mappo_no_inference,H01,0,0,1,0.7480630278587341,2.780612483705779e-18,0.05672679990246792,177.81491907838193,162.81491907838193,6.951531209264447e-17,199.99999999999997,0.0,28.0,28.0,0.0,0.0,0.95,171.99999999999997,250.0,0.6879999999999998,0.22,149.6126055717468,37.98,12.0,99.63260557174681,10.051922825633927,10.051922825633927,1.790578465031397,13.5,0.33436859664949004,-11.98567084774565,217.81907769989027,0.0,-3.0,6.951531209264447e-17,199.99999999999997,0.0,28.0,28.0,0.0,0.0,171.99999999999997,250.0,0.6879999999999998,0.22,149.6126055717468,37.98,12.0,99.63260557174681,0.0,2.7135819846396987,0.0,2.780612483705779e-18,217.81907769989027,31.708655877117593,31.708655877117593,0.25229703936372666,3.963581984639699,8.0,792.7163969279397,792.7163969279397,199.99999999999997,592.7163969279397,0.0,0.0,1.0,0.25229703936372666,0,1
,5,,1,2024-09-20T17:00:00,mappo_no_inference,H02,1,1,1,0.3398035168647766,82.71708828784608,0.05672679990246792,560.3781621588456,545.3781621588456,2067.927207196152,199.99999999999997,0.0,21.0,21.0,0.0,0.0,0.95,178.99999999999997,250.0,0.7159999999999999,0.22,67.96070337295531,39.48499999999999,12.0,16.475703372955316,10.285706053264848,10.285706053264848,1.8349810063938183,13.5,0.33436859664949004,-11.98567084774565,217.81907769989027,0.0,-3.0,2067.927207196152,199.99999999999997,0.0,21.0,21.0,0.0,0.0,178.99999999999997,250.0,0.7159999999999999,0.22,67.96070337295531,39.48499999999999,12.0,16.475703372955316,0.0,9.08963603598076,0.0,82.71708828784608,217.81907769989027,0.0,82.71708828784608,0.09671520317737621,10.33963603598076,8.0,0.0,2067.927207196152,199.99999999999997,1867.9272071961518,0.0,0.0,1.0,0.09671520317737621,0,1
,5,,1,2024-09-20T17:00:00,mappo_no_inference,H03,2,2,1,0.3373808264732361,8.103375412230479,0.05672679990246792,0.0,0.0,202.58438530576197,274.29224640483073,0.0,21.0,21.0,27.52631578947366,0.0,0.95,280.8185621943044,350.0,0.802338749126584,0.22,92.54094478726232,61.88508368274696,16.45753478428984,14.198326320225519,10.485872144667338,10.485872144667338,1.86439670093802,13.5,0.33436859664949004,-11.98567084774565,217.81907769989027,0.0,-3.0,202.58438530576197,274.29224640483073,0.0,21.0,21.0,27.52631578947366,0.0,280.8185621943044,350.0,0.802338749126584,0.22,92.54094478726232,61.88508368274696,16.45753478428984,14.198326320225519,0.0,0.0,0.0,8.103375412230479,217.81907769989027,2.868314443962749,10.971689856193228,1.0,0.9143074880161023,10.971689856193228,71.70786109906874,274.29224640483073,274.29224640483073,0.0,0.0,0.0,1.0,1.0,0,1
,5,,1,2024-09-20T17:00:00,mappo_no_inference,H04,3,3,1,0.6133368611335754,1.192251630344082,0.05672679990246792,0.0,0.0,29.80629075860205,29.80629075860205,0.0,28.0,28.0,0.0,0.0,0.95,1.8062907586020494,250.0,0.007225163034408197,0.22,18.281296815915677,0.5373839668924509,1.788377445516123,15.955535403507103,13.285394601988987,13.285394601988987,4.441618801720392,13.5,0.33436859664949004,-11.98567084774565,217.81907769989027,0.0,-3.0,29.80629075860205,29.80629075860205,0.0,28.0,28.0,0.0,0.0,1.8062907586020494,250.0,0.007225163034408197,0.22,18.281296815915677,0.5373839668924509,1.788377445516123,15.955535403507103,0.0,0.0,0.0,1.192251630344082,217.81907769989027,0.0,1.192251630344082,1.0,0.14903145379301025,1.192251630344082,0.0,29.80629075860205,29.80629075860205,0.0,0.0,0.0,1.0,1.0,0,1
,5,,1,2024-09-20T17:00:00,mappo_no_inference,H05,4,4,1,0.777802050113678,0.07815192831505718,0.05672679990246792,0.0,0.0,1.9537982078764295,1.9537982078764295,0.0,1.9537982078764295,1.9537982078764295,0.0,0.0,0.95,0.0,500.0,0.0,0.22,1.5196682515947169,0.009768991039382148,0.11722789247258578,1.392671368082749,15.960653232961917,15.960653232961917,7.007463801455598,13.5,0.33436859664949004,-11.98567084774565,217.81907769989027,0.0,-3.0,1.9537982078764295,1.9537982078764295,0.0,1.9537982078764295,1.9537982078764295,0.0,0.0,0.0,500.0,0.0,0.22,1.5196682515947169,0.009768991039382148,0.11722789247258578,1.392671368082749,0.0,0.0,0.0,0.07815192831505718,217.81907769989027,0.0,0.07815192831505718,1.0,0.004884495519691074,0.07815192831505718,0.0,1.9537982078764295,1.9537982078764295,0.0,0.0,0.0,1.0,1.0,0,1
,5,,1,2024-09-20T17:00:00,mappo_no_inference,H06,5,5,1,0.5205307006835938,4.59120942686455,0.05672679990246792,0.0,0.0,114.78023567161377,114.78023567161377,0.0,70.0,70.0,0.0,0.0,0.95,44.78023567161377,700.0,0.06397176524516253,0.22,59.746636498773135,10.201651847755029,6.886814140296825,42.65817051072128,12.92275532214881,12.92275532214881,4.501187020080369,13.5,0.33436859664949004,-11.98567084774565,217.81907769989027,0.0,-3.0,114.78023567161377,114.78023567161377,0.0,70.0,70.0,0.0,0.0,44.78023567161377,700.0,0.06397176524516253,0.22,59.746636498773135,10.201651847755029,6.886814140296825,42.65817051072128,0.0,0.0,0.0,4.59120942686455,217.81907769989027,0.0,4.59120942686455,1.0,0.2869505891790344,4.59120942686455,0.0,114.78023567161377,114.78023567161377,0.0,0.0,0.0,1.0,1.0,0,1
,5,,1,2024-09-20T17:00:00,mappo_no_inference,H07,6,6,1,0.34959715604782104,0.0288779561418709,0.05672679990246792,0.0,0.0,0.7219489035467724,239.75877338509514,0.0,17.5,17.5,48.81578947368421,0.0,0.95,271.07456285877936,350.0,0.7744987510250839,0.22,83.81898531294327,59.723903828931455,14.385526403105711,9.709555080906103,10.22274072949571,10.22274072949571,1.5693828725421393,13.5,0.33436859664949004,-11.98567084774565,217.81907769989027,0.0,-3.0,0.7219489035467724,239.75877338509514,0.0,17.5,17.5,48.81578947368421,0.0,271.07456285877936,350.0,0.7744987510250839,0.22,83.81898531294327,59.723903828931455,14.385526403105711,9.709555080906103,0.0,0.0,0.0,0.0288779561418709,217.81907769989027,9.561472979261936,9.590350935403807,1.0,0.7991959112836505,9.590350935403807,239.03682448154836,239.75877338509514,239.75877338509514,0.0,0.0,0.0,1.0,1.0,0,1
,5,,1,2024-09-20T17:00:00,mappo_no_inference,H08,7,7,1,0.6578200459480286,1.2008035283817364,0.05672679990246792,0.0,0.0,30.020088209543413,30.020088209543413,0.0,30.020088209543413,30.020088209543413,0.0,0.0,0.95,0.0,500.0,0.0,0.22,19.74781580536572,0.15010044104771708,1.8012052925726048,17.7965100717454,9.65371243299722,9.65371243299722,1.2982526852891398,13.5,0.33436859664949004,-11.98567084774565,217.81907769989027,0.0,-3.0,30.020088209543413,30.020088209543413,0.0,30.020088209543413,30.020088209543413,0.0,0.0,0.0,500.0,0.0,0.22,19.74781580536572,0.15010044104771708,1.8012052925726048,17.7965100717454,0.0,0.0,0.0,1.2008035283817364,217.81907769989027,0.0,1.2008035283817364,1.0,0.07505022052385853,1.2008035283817364,0.0,30.020088209543413,30.020088209543413,0.0,0.0,0.0,1.0,1.0,0,1
,5,,1,2024-09-20T18:00:00,mappo_no_inference,H01,0,0,2,0.5188008546829224,1.845108305305665e-12,0.10413317382981391,117.81491907839577,102.81491907839577,4.612770763264163e-11,199.99999999999997,0.0,12.8,12.8,0.0,0.0,0.95,187.19999999999996,250.0,0.7487999999999998,0.3,103.76017093658446,56.22399999999999,11.999999999999998,35.53617093658447,9.828812474430165,9.828812474430165,1.4786878959090073,13.5,0.5247046560165748,-10.72191166778178,196.8738328195572,0.0,-3.0,4.612770763264163e-11,199.99999999999997,0.0,12.8,12.8,0.0,0.0,187.19999999999996,250.0,0.7487999999999998,0.3,103.76017093658446,56.22399999999999,11.999999999999998,35.53617093658447,0.0,1.7135819846399296,0.0,1.845108305305665e-12,196.8738328195572,23.708655877117593,23.708655877119437,0.33742950429005875,2.9635819846399296,7.999999999999999,592.7163969279397,592.7163969279859,199.99999999999997,392.7163969279859,0.0,0.0,1.0,0.33742950429005875,0,1
,5,,1,2024-09-20T18:00:00,mappo_no_inference,H02,1,1,2,0.2579900920391083,2.6194019792418305e-38,0.10413317382981391,500.3781621588456,485.3781621588456,6.5485049481045764e-37,199.99999999999997,0.0,9.6,9.6,0.0,0.0,0.95,190.39999999999998,250.0,0.7615999999999999,0.3,51.59801840782165,57.16799999999999,12.0,-17.569981592178344,9.796325350191513,9.796325350191513,1.2834757922608417,13.5,0.5247046560165748,-10.72191166778178,196.8738328195572,0.0,-3.0,6.5485049481045764e-37,199.99999999999997,0.0,9.6,9.6,0.0,0.0,190.39999999999998,250.0,0.7615999999999999,0.3,51.59801840782165,57.16799999999999,12.0,-17.569981592178344,0.0,8.08963603598076,0.0,2.6194019792418305e-38,196.8738328195572,74.71708828784608,74.71708828784608,0.10707055351488218,9.33963603598076,8.0,1867.9272071961518,1867.9272071961518,199.99999999999997,1667.9272071961518,0.0,0.0,1.0,0.10707055351488218,0,1
,5,,1,2024-09-20T18:00:00,mappo_no_inference,H03,2,2,2,0.49233293533325195,13.624378911765113,0.10413317382981391,8.121894558825566,0.0,340.6094727941278,299.99999999999994,0.0,9.6,9.6,0.0,0.0,0.95,290.3999999999999,350.0,0.8297142857142855,0.3,147.69988059997556,87.16799999999998,18.0,42.53188059997558,10.576702663548316,10.576702663548316,1.932539815305012,13.5,0.5247046560165748,-10.72191166778178,196.8738328195572,0.0,-3.0,340.6094727941278,299.99999999999994,0.0,9.6,9.6,0.0,0.0,290.3999999999999,350.0,0.8297142857142855,0.3,147.69988059997556,87.16799999999998,18.0,42.53188059997558,0.0,0.0,0.0,13.624378911765113,196.8738328195572,0.0,13.624378911765113,0.8807740945635029,1.1353649093137594,12.0,0.0,340.6094727941278,299.99999999999994,40.60947279412784,0.0,0.0,1.0,0.8807740945635029,0,1
,5,,1,2024-09-20T18:00:00,mappo_no_inference,H04,3,3,2,0.5005415081977844,7.065057006077686,0.10413317382981391,0.0,0.0,176.62642515194216,176.62642515194216,0.0,12.8,12.8,0.0,0.0,0.95,163.82642515194215,250.0,0.6553057006077686,0.3,88.40885723313622,49.21192754558264,10.597585509116529,28.59934417843705,13.71588715207299,13.71588715207299,4.857279149073445,13.5,0.5247046560165748,-10.72191166778178,196.8738328195572,0.0,-3.0,176.62642515194216,176.62642515194216,0.0,12.8,12.8,0.0,0.0,163.82642515194215,250.0,0.6553057006077686,0.3,88.40885723313622,49.21192754558264,10.597585509116529,28.59934417843705,0.0,0.0,0.0,7.065057006077686,196.8738328195572,0.0,7.065057006077686,1.0,0.8831321257597108,7.065057006077686,0.0,176.62642515194216,176.62642515194216,0.0,0.0,0.0,1.0,1.0,0,1
,5,,1,2024-09-20T18:00:00,mappo_no_inference,H05,4,4,2,0.6083364486694336,0.9935071806720692,0.10413317382981391,0.0,0.0,24.837679516801725,24.837679516801725,0.0,24.0,24.0,0.0,0.0,0.95,0.8376795168017246,500.0,0.0016753590336034492,0.3,15.109665750440694,0.3713038550405174,1.4902607710081037,13.248101124392072,16.437576536863368,16.437576536863368,7.483727002918987,13.5,0.5247046560165748,-10.72191166778178,196.8738328195572,0.0,-3.0,24.837679516801725,24.837679516801725,0.0,24.0,24.0,0.0,0.0,0.8376795168017246,500.0,0.0016753590336034492,0.3,15.109665750440694,0.3713038550405174,1.4902607710081037,13.248101124392072,0.0,0.0,0.0,0.9935071806720692,196.8738328195572,0.0,0.9935071806720692,1.0,0.062094198792004326,0.9935071806720692,0.0,24.837679516801725,24.837679516801725,0.0,0.0,0.0,1.0,1.0,0,1
,5,,1,2024-09-20T18:00:00,mappo_no_inference,H06,5,5,2,0.6780575513839722,0.7010364025076224,0.10413317382981391,0.0,0.0,17.52591006269056,17.52591006269056,0.0,17.52591006269056,17.52591006269056,0.0,0.0,0.95,0.0,700.0,0.0,0.3,11.883575662883679,0.0876295503134528,1.0515546037614336,10.744391508808793,12.975398248430551,12.975398248430551,4.47975582107675,13.5,0.5247046560165748,-10.72191166778178,196.8738328195572,0.0,-3.0,17.52591006269056,17.52591006269056,0.0,17.52591006269056,17.52591006269056,0.0,0.0,0.0,700.0,0.0,0.3,11.883575662883679,0.0876295503134528,1.0515546037614336,10.744391508808793,0.0,0.0,0.0,0.7010364025076224,196.8738328195572,0.0,0.7010364025076224,1.0,0.0438147751567264,0.7010364025076224,0.0,17.52591006269056,17.52591006269056,0.0,0.0,0.0,1.0,1.0,0,1
,5,,1,2024-09-20T18:00:00,mappo_no_inference,H07,6,6,2,0.4967629909515381,13.174506307837163,0.10413317382981391,5.872531539185819,0.0,329.3626576959291,300.0,0.0,8.0,8.0,0.0,0.0,0.95,292.0,350.0,0.8342857142857143,0.3,149.02889728546143,87.64,18.0,43.388897285461425,10.43862354927801,10.43862354927801,1.7756327980437754,13.5,0.5247046560165748,-10.72191166778178,196.8738328195572,0.0,-3.0,329.3626576959291,300.0,0.0,8.0,8.0,0.0,0.0,292.0,350.0,0.8342857142857143,0.3,149.02889728546143,87.64,18.0,43.388897285461425,0.0,0.0,0.0,13.174506307837163,196.8738328195572,0.0,13.174506307837163,0.9108500705534233,1.097875525653097,12.0,0.0,329.3626576959291,300.0,29.3626576959291,8.326672684688674e-17,0.0,1.0,0.9108500705534233,0,1
,5,,1,2024-09-20T18:00:00,mappo_no_inference,H08,7,7,2,0.43974757194519043,32.35717828310031,0.10413317382981391,61.33941856162616,46.33941856162616,808.9294570775078,400.0,0.0,28.8,28.8,0.0,0.0,0.95,371.2,500.0,0.7424,0.3,175.89902877807617,111.504,24.0,40.39502877807617,9.657816225767585,9.657816225767585,1.2473160911354784,13.5,0.5247046560165748,-10.72191166778178,196.8738328195572,0.0,-3.0,808.9294570775078,400.0,0.0,28.8,28.8,0.0,0.0,371.2,500.0,0.7424,0.3,175.89902877807617,111.504,24.0,40.39502877807617,0.0,0.7723236426937693,0.0,32.35717828310031,196.8738328195572,0.0,32.35717828310031,0.4944806948248813,2.0223236426937694,16.0,0.0,808.9294570775078,400.0,408.9294570775078,0.0,0.0,1.0,0.4944806948248813,0,1
,5,,1,2024-09-20T19:00:00,mappo_no_inference,H01,0,0,3,0.6336525678634644,1.5052810427552529e-09,0.02937329566904412,57.81491908968539,42.81491908968539,3.763202606888132e-08,200.0,0.0,3.2,3.2,0.0,0.0,0.95,196.8,250.0,0.7872,0.34,126.73051357269287,66.92800000000001,12.0,47.80251357269286,9.523322574290738,9.523322574290738,1.3176875552400138,13.5,0.2001142502122088,-10.762122699452602,-81.70575536359372,0.0,-3.0,3.763202606888132e-08,200.0,0.0,3.2,3.2,0.0,0.0,196.8,250.0,0.7872,0.34,126.73051357269287,66.92800000000001,12.0,47.80251357269286,0.0,0.7135819848280899,0.0,1.5052810427552529e-09,-81.70575536359372,15.708655877119437,15.708655878624718,0.5092733625214785,1.9635819848280898,8.0,392.7163969279859,392.71639696561795,200.0,192.71639696561795,0.0,0.0,1.0,0.5092733625214785,0,1
,5,,1,2024-09-20T19:00:00,mappo_no_inference,H02,1,1,3,0.2821691632270813,7.417694248092704e-35,0.02937329566904412,440.3781621588456,425.3781621588456,1.854423562023176e-33,199.99999999999997,0.0,2.4,2.4,0.0,0.0,0.95,197.59999999999997,250.0,0.7903999999999999,0.34,56.43383264541625,67.196,12.0,-22.762167354583745,9.484150543929202,9.484150543929202,1.1249343239475682,13.5,0.2001142502122088,-10.762122699452602,-81.70575536359372,0.0,-3.0,1.854423562023176e-33,199.99999999999997,0.0,2.4,2.4,0.0,0.0,197.59999999999997,250.0,0.7903999999999999,0.34,56.43383264541625,67.196,12.0,-22.762167354583745,0.0,7.08963603598076,0.0,7.417694248092704e-35,-81.70575536359372,66.71708828784608,66.71708828784608,0.1199093096731766,8.33963603598076,8.0,1667.9272071961518,1667.9272071961518,199.99999999999997,1467.9272071961518,0.0,0.0,1.0,0.1199093096731766,0,1
,5,,1,2024-09-20T19:00:00,mappo_no_inference,H03,2,2,3,0.4698096215724945,0.9209599845940134,0.02937329566904412,0.0,0.0,23.023999614850332,63.63347240897817,0.0,2.4,2.4,0.0,0.0,0.95,61.23347240897817,350.0,0.1749527783113662,0.34,29.895617591805806,20.83138061905258,3.81800834453869,5.246228628214535,10.505312480884875,10.505312480884875,2.029340273198395,13.5,0.2001142502122088,-10.762122699452602,-81.70575536359372,0.0,-3.0,23.023999614850332,63.63347240897817,0.0,2.4,2.4,0.0,0.0,61.23347240897817,350.0,0.1749527783113662,0.34,29.895617591805806,20.83138061905258,3.81800834453869,5.246228628214535,0.0,0.0,0.0,0.9209599845940134,-81.70575536359372,1.6243789117651133,2.5453388963591266,1.0,0.2121115746965939,2.5453388963591266,40.60947279412784,63.63347240897817,63.63347240897817,0.0,0.0,0.0,1.0,1.0,0,1
,5,,1,2024-09-20T19:00:00,mappo_no_inference,H04,3,3,3,0.6393728256225586,0.18600334598584845,0.02937329566904412,0.0,0.0,4.650083649646211,4.650083649646211,0.0,3.2,3.2,0.0,0.0,0.95,1.4500836496462108,250.0,0.005800334598584843,0.34,2.9731371224555576,0.5090284408797117,0.27900501897877267,2.1851036625970734,14.031607612706903,14.031607612706903,5.352050896104037,13.5,0.2001142502122088,-10.762122699452602,-81.70575536359372,0.0,-3.0,4.650083649646211,4.650083649646211,0.0,3.2,3.2,0.0,0.0,1.4500836496462108,250.0,0.005800334598584843,0.34,2.9731371224555576,0.5090284408797117,0.27900501897877267,2.1851036625970734,0.0,0.0,0.0,0.18600334598584845,-81.70575536359372,0.0,0.18600334598584845,1.0,0.023250418248231056,0.18600334598584845,0.0,4.650083649646211,4.650083649646211,0.0,0.0,0.0,1.0,1.0,0,1
,5,,1,2024-09-20T19:00:00,mappo_no_inference,H05,4,4,3,0.2689168155193329,18.21789127288624,0.02937329566904412,8.317092273323405,0.0,455.44728182215596,399.99999999999994,0.0,6.0,6.0,0.0,0.0,0.95,393.99999999999994,500.0,0.7879999999999999,0.34,107.56672620773314,133.98999999999998,24.0,-50.42327379226684,16.966689363696222,16.966689363696222,8.221581909377388,13.5,0.2001142502122088,-10.762122699452602,-81.70575536359372,0.0,-3.0,455.44728182215596,399.99999999999994,0.0,6.0,6.0,0.0,0.0,393.99999999999994,500.0,0.7879999999999999,0.34,107.56672620773314,133.98999999999998,24.0,-50.42327379226684,0.0,0.0,0.0,18.21789127288624,-81.70575536359372,0.0,18.21789127288624,0.878257519508466,1.13861820455539,16.0,0.0,455.44728182215596,399.99999999999994,55.447281822156015,0.0,0.0,1.0,0.878257519508466,0,1
,5,,1,2024-09-20T19:00:00,mappo_no_inference,H06,5,5,3,0.36376744508743286,9.825202952871434,0.02937329566904412,0.0,0.0,245.63007382178589,245.63007382178589,0.0,8.0,8.0,0.0,0.0,0.95,237.63007382178589,700.0,0.3394715340311227,0.34,89.35222439078858,80.8342250994072,14.73780442930715,-6.219805137925778,12.971004208889527,12.971004208889527,4.629856847580743,13.5,0.2001142502122088,-10.762122699452602,-81.70575536359372,0.0,-3.0,245.63007382178589,245.63007382178589,0.0,8.0,8.0,0.0,0.0,237.63007382178589,700.0,0.3394715340311227,0.34,89.35222439078858,80.8342250994072,14.73780442930715,-6.219805137925778,0.0,0.0,0.0,9.825202952871434,-81.70575536359372,0.0,9.825202952871434,1.0,0.6140751845544646,9.825202952871434,0.0,245.63007382178589,245.63007382178589,0.0,0.0,0.0,1.0,1.0,0,1
,5,,1,2024-09-20T19:00:00,mappo_no_inference,H07,6,6,3,0.27521467208862305,19.637528900623295,0.02937329566904412,44.060176042302295,29.06017604230229,490.9382225155825,300.0000000000001,0.0,2.0,2.0,0.0,0.0,0.95,298.0000000000001,350.0,0.8514285714285718,0.34,82.56440162658694,101.33000000000006,18.0,-36.76559837341311,10.449551560265219,10.449551560265219,1.9766647793502914,13.5,0.2001142502122088,-10.762122699452602,-81.70575536359372,0.0,-3.0,490.9382225155825,300.0000000000001,0.0,2.0,2.0,0.0,0.0,298.0000000000001,350.0,0.8514285714285718,0.34,82.56440162658694,101.33000000000006,18.0,-36.76559837341311,0.0,0.4843362673717049,0.0,19.637528900623295,-81.70575536359372,1.1745063078371638,20.812035208460458,0.576589453160342,1.7343362673717049,12.0,29.3626576959291,520.3008802115116,300.0000000000001,220.30088021151153,1.1102230246251565e-16,0.0,1.0,0.576589453160342,0,1
,5,,1,2024-09-20T19:00:00,mappo_no_inference,H08,7,7,3,0.34204810857772827,0.0009648347293808053,0.02937329566904412,1.3430366918613412,0.0,0.02412086823452014,400.0,0.0,7.2,7.2,0.0,0.0,0.95,392.8,500.0,0.7856000000000001,0.34,136.8192434310913,133.58800000000002,24.0,-20.768756568908714,9.468080853749173,9.468080853749173,1.2139916387375203,13.5,0.2001142502122088,-10.762122699452602,-81.70575536359372,0.0,-3.0,0.02412086823452014,400.0,0.0,7.2,7.2,0.0,0.0,392.8,500.0,0.7856000000000001,0.34,136.8192434310913,133.58800000000002,24.0,-20.768756568908714,0.0,0.0,0.0,0.0009648347293808053,-81.70575536359372,16.35717828310031,16.35814311782969,0.9781061263952795,1.0223839448643557,16.0,408.9294570775078,408.9535779457423,400.0,8.953577945742325,0.0,0.0,1.0,0.9781061263952795,0,1
,5,,1,2024-09-20T20:00:00,mappo_no_inference,H01,0,0,4,0.4446178078651428,0.00024781006654896133,0.02843164274695107,0.0,0.0,0.006195251663724033,192.72259221728166,0.0,0.0,0.0,0.0,0.0,0.95,192.72259221728166,250.0,0.7708903688691267,0.27,85.6878964777356,52.035099898666054,11.563355533036901,22.08944104603265,10.058548542125996,10.058548542125996,1.5733428216871979,13.5,0.19435433956158849,-7.692769823956195,56.39306699626222,0.0,-3.0,0.006195251663724033,192.72259221728166,0.0,0.0,0.0,0.0,0.0,192.72259221728166,250.0,0.7708903688691267,0.27,85.6878964777356,52.035099898666054,11.563355533036901,22.08944104603265,0.0,0.0,0.0,0.00024781006654896133,56.39306699626222,7.708655878624718,7.708903688691267,1.0,0.9636129610864084,7.708903688691267,192.71639696561795,192.72259221728166,192.72259221728166,0.0,0.0,0.0,1.0,1.0,0,1
,5,,1,2024-09-20T20:00:00,mappo_no_inference,H02,1,1,4,0.4572414755821228,8.346195531849564e-32,0.02843164274695107,380.3781621588456,365.3781621588456,2.0865488829623907e-30,199.99999999999997,0.0,0.0,0.0,0.0,0.0,0.95,199.99999999999997,250.0,0.7999999999999999,0.27,91.44829511642455,53.99999999999999,12.0,25.448295116424553,9.920499919897994,9.920499919897994,1.2893950575382338,13.5,0.19435433956158849,-7.692769823956195,56.39306699626222,0.0,-3.0,2.0865488829623907e-30,199.99999999999997,0.0,0.0,0.0,0.0,0.0,199.99999999999997,250.0,0.7999999999999999,0.27,91.44829511642455,53.99999999999999,12.0,25.448295116424553,0.0,6.08963603598076,0.0,8.346195531849564e-32,56.39306699626222,58.71708828784608,58.71708828784608,0.1362465379887703,7.33963603598076,8.0,1467.9272071961518,1467.9272071961518,199.99999999999997,1267.9272071961518,0.0,0.0,1.0,0.1362465379887703,0,1
,5,,1,2024-09-20T20:00:00,mappo_no_inference,H03,2,2,4,0.6571255922317505,0.18023945222934695,0.02843164274695107,0.0,0.0,4.505986305733673,4.505986305733673,0.0,0.0,0.0,0.0,0.0,0.95,4.505986305733673,350.0,0.012874246587810495,0.27,2.9609989197433975,1.2166163025480918,0.27035917834402046,1.4740234388512852,10.574458874961906,10.574458874961906,1.781483395543895,13.5,0.19435433956158849,-7.692769823956195,56.39306699626222,0.0,-3.0,4.505986305733673,4.505986305733673,0.0,0.0,0.0,0.0,0.0,4.505986305733673,350.0,0.012874246587810495,0.27,2.9609989197433975,1.2166163025480918,0.27035917834402046,1.4740234388512852,0.0,0.0,0.0,0.18023945222934695,56.39306699626222,0.0,0.18023945222934695,1.0,0.01501995435244558,0.18023945222934695,0.0,4.505986305733673,4.505986305733673,0.0,0.0,0.0,1.0,1.0,0,1
,5,,1,2024-09-20T20:00:00,mappo_no_inference,H04,3,3,4,0.526785135269165,0.6471720830605215,0.02843164274695107,0.0,0.0,16.17930207651304,16.17930207651304,0.0,0.0,0.0,0.0,0.0,0.95,16.17930207651304,250.0,0.06471720830605215,0.27,8.523015832936604,4.3684115606585205,0.9707581245907824,3.1838461476873015,13.532307492911468,13.532307492911468,4.468232789731571,13.5,0.19435433956158849,-7.692769823956195,56.39306699626222,0.0,-3.0,16.17930207651304,16.17930207651304,0.0,0.0,0.0,0.0,0.0,16.17930207651304,250.0,0.06471720830605215,0.27,8.523015832936604,4.3684115606585205,0.9707581245907824,3.1838461476873015,0.0,0.0,0.0,0.6471720830605215,56.39306699626222,0.0,0.6471720830605215,1.0,0.08089651038256519,0.6471720830605215,0.0,16.17930207651304,16.17930207651304,0.0,0.0,0.0,1.0,1.0,0,1
,5,,1,2024-09-20T20:00:00,mappo_no_inference,H05,4,4,4,0.7731288075447083,0.0035450453695562933,0.02843164274695107,0.0,0.0,0.08862613423890733,55.53590795639492,0.0,0.0,0.0,0.0,0.0,0.95,55.53590795639492,500.0,0.11107181591278985,0.27,42.93641029424028,14.99469514822663,3.332154477383697,24.609560668629957,16.02333702542889,16.02333702542889,6.825693544448454,13.5,0.19435433956158849,-7.692769823956195,56.39306699626222,0.0,-3.0,0.08862613423890733,55.53590795639492,0.0,0.0,0.0,0.0,0.0,55.53590795639492,500.0,0.11107181591278985,0.27,42.93641029424028,14.99469514822663,3.332154477383697,24.609560668629957,0.0,0.0,0.0,0.0035450453695562933,56.39306699626222,2.2178912728862414,2.221436318255798,1.0,0.13883976989098737,2.221436318255798,55.447281822156015,55.53590795639492,55.53590795639492,0.0,0.0,0.0,1.0,1.0,0,1
,5,,1,2024-09-20T20:00:00,mappo_no_inference,H06,5,5,4,0.4834119379520416,1.237688028891652,0.02843164274695107,0.0,0.0,30.942200722291304,30.942200722291304,0.0,0.0,0.0,0.0,0.0,0.95,30.942200722291304,700.0,0.04420314388898758,0.27,14.957829215663901,8.354394195018653,1.8565320433374781,4.74690297730777,13.265643436525922,13.265643436525922,4.564909041552999,13.5,0.19435433956158849,-7.692769823956195,56.39306699626222,0.0,-3.0,30.942200722291304,30.942200722291304,0.0,0.0,0.0,0.0,0.0,30.942200722291304,700.0,0.04420314388898758,0.27,14.957829215663901,8.354394195018653,1.8565320433374781,4.74690297730777,0.0,0.0,0.0,1.237688028891652,56.39306699626222,0.0,1.237688028891652,1.0,0.07735550180572826,1.237688028891652,0.0,30.942200722291304,30.942200722291304,0.0,0.0,0.0,1.0,1.0,0,1
,5,,1,2024-09-20T20:00:00,mappo_no_inference,H07,6,6,4,0.32262134552001953,0.013033676385805628,0.02843164274695107,0.0,0.0,0.3258419096451408,220.62672212115666,0.0,0.0,0.0,0.0,0.0,0.95,220.62672212115666,350.0,0.6303620632033048,0.27,71.17888994839902,59.5692149727123,13.237603327269396,-1.6279283515826801,10.342365476036603,10.342365476036603,1.501499389012921,13.5,0.19435433956158849,-7.692769823956195,56.39306699626222,0.0,-3.0,0.3258419096451408,220.62672212115666,0.0,0.0,0.0,0.0,0.0,220.62672212115666,350.0,0.6303620632033048,0.27,71.17888994839902,59.5692149727123,13.237603327269396,-1.6279283515826801,0.0,0.0,0.0,0.013033676385805628,56.39306699626222,8.812035208460458,8.825068884846264,1.0,0.735422407070522,8.825068884846264,220.30088021151153,220.62672212115666,220.62672212115666,0.0,0.0,0.0,1.0,1.0,0,1
,5,,1,2024-09-20T20:00:00,mappo_no_inference,H08,7,7,4,0.27117231488227844,32.297020225395705,0.02843164274695107,62.45686253709523,47.45686253709523,807.4255056348925,399.99999999999994,0.0,0.0,0.0,0.0,0.0,0.95,399.99999999999994,500.0,0.7999999999999999,0.27,108.46892595291136,107.99999999999999,24.0,-23.531074047088623,9.864813755987539,9.864813755987539,1.3039212261426305,13.5,0.19435433956158849,-7.692769823956195,56.39306699626222,0.0,-3.0,807.4255056348925,399.99999999999994,0.0,0.0,0.0,0.0,0.0,399.99999999999994,500.0,0.7999999999999999,0.27,108.46892595291136,107.99999999999999,24.0,-23.531074047088623,0.0,0.7909477089515872,0.0,32.297020225395705,56.39306699626222,0.358143117829691,32.6551633432254,0.4899684571113726,2.0409477089515873,16.0,8.953577945742325,816.3790835806349,399.99999999999994,416.3790835806349,0.0,0.0,1.0,0.4899684571113726,0,1
,5,,1,2024-09-20T21:00:00,mappo_no_inference,H01,0,0,5,0.2551397979259491,18.92352241542179,0.014359897649381812,81.92641811566342,66.92641811566342,473.0880603855446,199.99999999999994,0.0,0.0,0.0,0.0,100.0,0.42368421052631583,99.99999999999994,250.0,0.3999999999999998,0.2,51.027959585189805,22.99999999999999,12.0,16.027959585189816,10.273628608611107,10.273628608611107,1.798931577566172,13.5,0.10935323151353112,-5.255389222960621,219.07023825295596,1.4210854715202004e-14,-3.0,473.0880603855446,199.99999999999994,0.0,0.0,0.0,0.0,100.0,99.99999999999994,250.0,0.3999999999999998,0.2,51.027959585189805,22.99999999999999,12.0,16.027959585189816,1.4210854715202004e-14,1.1154403019277237,0.0,18.92352241542179,219.07023825295596,0.0,18.92352241542179,0.42275427504344393,2.3654403019277237,8.0,0.0,473.0880603855446,199.99999999999994,273.0880603855447,0.0,0.0,1.0,0.42275427504344393,0,1
,5,,1,2024-09-20T21:00:00,mappo_no_inference,H02,1,1,5,0.6009284257888794,9.457156550558798e-29,0.014359897649381812,320.3781621588456,305.3781621588456,2.3642891376397e-27,199.99999999999997,0.0,0.0,0.0,0.0,100.0,0.42368421052631583,99.99999999999997,250.0,0.3999999999999999,0.2,120.18568515777586,22.999999999999996,12.0,85.18568515777586,10.086466656990591,10.086466656990591,1.4857863327374359,13.5,0.10935323151353112,-5.255389222960621,219.07023825295596,1.4210854715202004e-14,-3.0,2.3642891376397e-27,199.99999999999997,0.0,0.0,0.0,0.0,100.0,99.99999999999997,250.0,0.3999999999999999,0.2,120.18568515777586,22.999999999999996,12.0,85.18568515777586,1.4210854715202004e-14,5.08963603598076,0.0,9.457156550558798e-29,219.07023825295596,50.71708828784608,50.71708828784608,0.15773776196685038,6.33963603598076,8.0,1267.9272071961518,1267.9272071961518,199.99999999999997,1067.9272071961518,0.0,0.0,1.0,0.15773776196685038,0,1
,5,,1,2024-09-20T21:00:00,mappo_no_inference,H03,2,2,5,0.6016870141029358,0.1729827297090091,0.014359897649381812,0.0,0.0,4.324568242725228,4.324568242725228,0.0,0.0,0.0,0.0,4.324568242725228,0.9348260763413149,0.0,350.0,0.0,0.2,2.6020365532497225,0.12973704728175683,0.25947409456351367,2.2128254114044523,10.279462620334886,10.279462620334886,1.5249324060440776,13.5,0.10935323151353112,-5.255389222960621,219.07023825295596,1.9539925233402755e-14,-3.0,4.324568242725228,4.324568242725228,0.0,0.0,0.0,0.0,4.324568242725228,0.0,350.0,0.0,0.2,2.6020365532497225,0.12973704728175683,0.25947409456351367,2.2128254114044523,1.9539925233402755e-14,0.0,0.0,0.1729827297090091,219.07023825295596,0.0,0.1729827297090091,1.0,0.01441522747575076,0.1729827297090091,0.0,4.324568242725228,4.324568242725228,0.0,0.0,0.0,1.0,1.0,0,1
,5,,1,2024-09-20T21:00:00,mappo_no_inference,H04,3,3,5,0.6737897992134094,0.03862811474218026,0.014359897649381812,0.0,0.0,0.9657028685545066,0.9657028685545066,0.0,0.0,0.0,0.0,0.9657028685545066,0.9459338826587178,0.0,250.0,0.0,0.2,0.6506807419031545,0.028971086056635197,0.05794217211327039,0.5637674837332489,13.183311787663284,13.183311787663284,4.173142729357178,13.5,0.10935323151353112,-5.255389222960621,219.07023825295596,7.993605777301127e-15,-3.0,0.9657028685545066,0.9657028685545066,0.0,0.0,0.0,0.0,0.9657028685545066,0.0,250.0,0.0,0.2,0.6506807419031545,0.028971086056635197,0.05794217211327039,0.5637674837332489,7.993605777301127e-15,0.0,0.0,0.03862811474218026,219.07023825295596,0.0,0.03862811474218026,1.0,0.0048285143427725325,0.03862811474218026,0.0,0.9657028685545066,0.9657028685545066,0.0,0.0,0.0,1.0,1.0,0,1
,5,,1,2024-09-20T21:00:00,mappo_no_inference,H05,4,4,5,0.5371114015579224,0.1556662800404342,0.014359897649381812,0.0,0.0,3.891657001010855,3.891657001010855,0.0,0.0,0.0,0.0,3.891657001010855,0.9418070378926087,0.0,500.0,0.0,0.2,2.090253346195641,0.11674971003032564,0.2334994200606513,1.7400042161046643,15.969552525111157,15.969552525111157,6.8111441768666,13.5,0.10935323151353112,-5.255389222960621,219.07023825295596,3.552713678800501e-15,-3.0,3.891657001010855,3.891657001010855,0.0,0.0,0.0,0.0,3.891657001010855,0.0,500.0,0.0,0.2,2.090253346195641,0.11674971003032564,0.2334994200606513,1.7400042161046643,3.552713678800501e-15,0.0,0.0,0.1556662800404342,219.07023825295596,0.0,0.1556662800404342,1.0,0.009729142502527138,0.1556662800404342,0.0,3.891657001010855,3.891657001010855,0.0,0.0,0.0,1.0,1.0,0,1
,5,,1,2024-09-20T21:00:00,mappo_no_inference,H06,5,5,5,0.26552915573120117,10.211531535203116,0.014359897649381812,0.0,0.0,255.28828838007792,255.28828838007792,0.0,0.0,0.0,0.0,255.28828838007792,0.5021258098595124,0.0,700.0,0.0,0.2,67.7864836816255,7.658648651402337,15.317297302804675,44.810537727418485,13.497827356863878,13.497827356863878,4.7836513270590055,13.5,0.10935323151353112,-5.255389222960621,219.07023825295596,0.0,-3.0,255.28828838007792,255.28828838007792,0.0,0.0,0.0,0.0,255.28828838007792,0.0,700.0,0.0,0.2,67.7864836816255,7.658648651402337,15.317297302804675,44.810537727418485,0.0,0.0,0.0,10.211531535203116,219.07023825295596,0.0,10.211531535203116,1.0,0.6382207209501948,10.211531535203116,0.0,255.28828838007792,255.28828838007792,0.0,0.0,0.0,1.0,1.0,0,1
,5,,1,2024-09-20T21:00:00,mappo_no_inference,H07,6,6,5,0.6737340688705444,0.06658958191454573,0.014359897649381812,0.0,0.0,1.6647395478636429,1.6647395478636429,0.0,0.0,0.0,0.0,1.6647395478636429,0.9441588086039872,0.0,350.0,0.0,0.2,1.1215917491918825,0.04994218643590929,0.09988437287181859,0.9717651898841546,10.110850809246863,10.110850809246863,1.305156159080652,13.5,0.10935323151353112,-5.255389222960621,219.07023825295596,1.9095836023552692e-14,-3.0,1.6647395478636429,1.6647395478636429,0.0,0.0,0.0,0.0,1.6647395478636429,0.0,350.0,0.0,0.2,1.1215917491918825,0.04994218643590929,0.09988437287181859,0.9717651898841546,1.9095836023552692e-14,0.0,0.0,0.06658958191454573,219.07023825295596,0.0,0.06658958191454573,1.0,0.0055491318262121435,0.06658958191454573,0.0,1.6647395478636429,1.6647395478636429,0.0,0.0,0.0,1.0,1.0,0,1
,5,,1,2024-09-20T21:00:00,mappo_no_inference,H08,7,7,5,0.3226442337036133,0.0002824134874703215,0.014359897649381812,2.4579215876732508,0.0,0.007060337186758037,400.0000000000001,0.0,0.0,0.0,0.0,250.0,0.42368421052631583,150.0000000000001,500.0,0.3000000000000002,0.2,129.05769348144534,37.50000000000003,24.0,67.55769348144531,9.920466340435576,9.920466340435576,1.362479474635265,13.5,0.10935323151353112,-5.255389222960621,219.07023825295596,5.684341886080802e-14,-3.0,0.007060337186758037,400.0000000000001,0.0,0.0,0.0,0.0,250.0,150.0000000000001,500.0,0.3000000000000002,0.2,129.05769348144534,37.50000000000003,24.0,67.55769348144531,5.684341886080802e-14,0.0,0.0,0.0002824134874703215,219.07023825295596,16.655163343225396,16.655445756712865,0.9606467598473796,1.040965359794554,16.0,416.3790835806349,416.3861439178217,400.0000000000001,16.386143917821585,1.1102230246251565e-16,0.0,1.0,0.9606467598473796,0,1
,5,,2,2024-09-20T16:00:00,mappo_no_inference,H01,0,0,0,0.6183668971061707,1.2456696597071535,0.046247172748477845,0.0,0.0,31.14174149267884,31.14174149267884,0.0,44.0,31.14174149267884,84.21052631578945,0.0,0.95,71.3522678084683,250.0,0.2854090712338732,0.16,19.2570220573103,11.636362849354928,1.8685044895607303,5.752154718394643,10.142678016508867,10.142678016508867,1.7152308130635894,13.5,0.2882137901247375,-1.9845497565073174,165.91017529831453,1.4210854715202004e-14,-3.0,31.14174149267884,31.14174149267884,0.0,44.0,31.14174149267884,84.21052631578945,0.0,71.3522678084683,250.0,0.2854090712338732,0.16,19.2570220573103,11.636362849354928,1.8685044895607303,5.752154718394643,1.4210854715202004e-14,0.0,0.0,1.2456696597071535,165.91017529831453,0.0,1.2456696597071535,1.0,0.15570870746339419,1.2456696597071535,0.0,31.14174149267884,31.14174149267884,0.0,0.0,0.0,1.0,1.0,1,2
,5,,2,2024-09-20T16:00:00,mappo_no_inference,H02,1,1,0,0.5870944261550903,1.929551252209428,0.046247172748477845,0.0,0.0,48.238781305235705,48.238781305235705,0.0,33.0,33.0,94.73684210526316,0.0,0.95,109.97562341049887,250.0,0.43990249364199546,0.16,28.320719628818257,17.761099745679818,2.894326878314142,7.665293004824297,10.196223184116793,10.196223184116793,1.6141649127893385,13.5,0.2882137901247375,-1.9845497565073174,165.91017529831453,0.0,-3.0,48.238781305235705,48.238781305235705,0.0,33.0,33.0,94.73684210526316,0.0,109.97562341049887,250.0,0.43990249364199546,0.16,28.320719628818257,17.761099745679818,2.894326878314142,7.665293004824297,0.0,0.0,0.0,1.929551252209428,165.91017529831453,0.0,1.929551252209428,1.0,0.2411939065261785,1.929551252209428,0.0,48.238781305235705,48.238781305235705,0.0,0.0,0.0,1.0,1.0,1,2
,5,,2,2024-09-20T16:00:00,mappo_no_inference,H03,2,2,0,0.34908607602119446,49.209704923924825,0.046247172748477845,186.04852461962415,171.04852461962415,1230.2426230981205,299.99999999999994,0.0,33.0,0.0,83.00000000000006,0.0,0.8628333333333335,350.0,350.0,1.0,0.16,104.72582280635832,56.165,18.0,30.560822806358324,10.670614748629529,10.670614748629529,1.9069312147305408,13.5,0.2882137901247375,-1.9845497565073174,165.91017529831453,2.842170943040401e-14,-3.0,1230.2426230981205,299.99999999999994,0.0,33.0,0.0,83.00000000000006,0.0,350.0,350.0,1.0,0.16,104.72582280635832,56.165,18.0,30.560822806358324,2.842170943040401e-14,2.8508087436604024,0.0,49.209704923924825,165.91017529831453,0.0,49.209704923924825,0.24385433764643094,4.100808743660402,12.0,0.0,1230.2426230981205,299.99999999999994,930.2426230981205,4.440892098500626e-16,0.0,1.0,0.24385433764643094,1,2
,5,,2,2024-09-20T16:00:00,mappo_no_inference,H04,3,3,0,0.5643841028213501,1.589232511502133,0.046247172748477845,0.0,0.0,39.730812787553326,39.730812787553326,0.0,44.0,39.730812787553326,78.94736842105263,0.0,0.95,74.67818120860596,250.0,0.29871272483442385,0.16,22.423439129466306,12.168508993376955,2.3838487672531996,7.871081368836151,13.39064076039727,13.39064076039727,4.347369595280905,13.5,0.2882137901247375,-1.9845497565073174,165.91017529831453,0.0,-3.0,39.730812787553326,39.730812787553326,0.0,44.0,39.730812787553326,78.94736842105263,0.0,74.67818120860596,250.0,0.29871272483442385,0.16,22.423439129466306,12.168508993376955,2.3838487672531996,7.871081368836151,0.0,0.0,0.0,1.589232511502133,165.91017529831453,0.0,1.589232511502133,1.0,0.19865406393776663,1.589232511502133,0.0,39.730812787553326,39.730812787553326,0.0,0.0,0.0,1.0,1.0,1,2
,5,,2,2024-09-20T16:00:00,mappo_no_inference,H05,4,4,0,0.7264871597290039,0.11458091774323503,0.046247172748477845,0.0,0.0,2.864522943580876,2.864522943580876,0.0,82.5,0.0,131.57894736842104,0.0,0.95,51.94347031200193,500.0,0.10388694062400386,0.16,2.0810391372606363,8.723455249920308,0.17187137661485255,-6.814287489274524,15.571748544216607,15.571748544216607,6.386891038634482,13.5,0.2882137901247375,-1.9845497565073174,165.91017529831453,1.4210854715202004e-14,-3.0,2.864522943580876,2.864522943580876,0.0,82.5,0.0,131.57894736842104,0.0,51.94347031200193,500.0,0.10388694062400386,0.16,2.0810391372606363,8.723455249920308,0.17187137661485255,-6.814287489274524,1.4210854715202004e-14,0.0,0.0,0.11458091774323503,165.91017529831453,0.0,0.11458091774323503,1.0,0.00716130735895219,0.11458091774323503,0.0,2.864522943580876,2.864522943580876,0.0,0.0,0.0,1.0,1.0,1,2
,5,,2,2024-09-20T16:00:00,mappo_no_inference,H06,5,5,0,0.7409296035766602,0.14611412646581287,0.046247172748477845,0.0,0.0,3.6528531616453224,3.6528531616453224,0.0,110.0,0.0,126.31578947368422,0.0,0.95,19.968642635329534,700.0,0.028526632336185048,0.16,2.706507044981618,3.7449828216527257,0.2191711896987193,-1.2576469663698266,13.185666953852982,13.185666953852982,4.547456586331089,13.5,0.2882137901247375,-1.9845497565073174,165.91017529831453,0.0,-3.0,3.6528531616453224,3.6528531616453224,0.0,110.0,0.0,126.31578947368422,0.0,19.968642635329534,700.0,0.028526632336185048,0.16,2.706507044981618,3.7449828216527257,0.2191711896987193,-1.2576469663698266,0.0,0.0,0.0,0.14611412646581287,165.91017529831453,0.0,0.14611412646581287,1.0,0.009132132904113304,0.14611412646581287,0.0,3.6528531616453224,3.6528531616453224,0.0,0.0,0.0,1.0,1.0,1,2
,5,,2,2024-09-20T16:00:00,mappo_no_inference,H07,6,6,0,0.4311867952346802,17.226810170979803,0.046247172748477845,26.134050854899012,11.134050854899012,430.67025427449505,300.0,0.0,27.5,27.5,77.5,0.0,0.7954166666666667,350.0,350.0,1.0,0.16,129.35603857040405,56.1375,18.0,55.21853857040405,10.241998119106182,10.241998119106182,1.412115129266,13.5,0.2882137901247375,-1.9845497565073174,165.91017529831453,0.0,-3.0,430.67025427449505,300.0,0.0,27.5,27.5,77.5,0.0,350.0,350.0,1.0,0.16,129.35603857040405,56.1375,18.0,55.21853857040405,0.0,0.18556751424831688,0.0,17.226810170979803,165.91017529831453,0.0,17.226810170979803,0.6965886244114502,1.4355675142483169,12.0,0.0,430.67025427449505,300.0,130.67025427449505,-5.551115123125783e-17,0.0,1.0,0.6965886244114502,1,2
,5,,2,2024-09-20T16:00:00,mappo_no_inference,H08,7,7,0,0.4608990252017975,12.058471519883414,0.046247172748477845,0.0,0.0,301.4617879970853,301.4617879970853,0.0,99.0,99.0,131.57894736842107,0.0,0.95,334.0407353655064,500.0,0.6680814707310128,0.16,138.94344422344756,53.941517658481025,18.08770727982512,66.91421928514141,9.811531769167413,9.811531769167413,1.282028710891188,13.5,0.2882137901247375,-1.9845497565073174,165.91017529831453,1.4210854715202004e-14,-3.0,301.4617879970853,301.4617879970853,0.0,99.0,99.0,131.57894736842107,0.0,334.0407353655064,500.0,0.6680814707310128,0.16,138.94344422344756,53.941517658481025,18.08770727982512,66.91421928514141,1.4210854715202004e-14,0.0,0.0,12.058471519883414,165.91017529831453,0.0,12.058471519883414,1.0,0.7536544699927133,12.058471519883414,0.0,301.4617879970853,301.4617879970853,0.0,0.0,0.0,1.0,1.0,1,2
,5,,2,2024-09-20T17:00:00,mappo_no_inference,H01,0,0,1,0.304735004901886,41.920578149989716,0.016518601658158872,254.40433612492288,239.40433612492288,1048.0144537497429,200.0,0.0,28.0,28.0,0.0,0.0,0.95,172.0,250.0,0.688,0.22,60.9470009803772,37.980000000000004,12.0,10.967000980377193,9.78831028303484,9.78831028303484,1.5544472921560528,13.5,0.1239577863275408,-5.486441733586231,223.96963636522116,0.0,-3.0,1048.0144537497429,200.0,0.0,28.0,28.0,0.0,0.0,172.0,250.0,0.688,0.22,60.9470009803772,37.980000000000004,12.0,10.967000980377193,0.0,3.9900722687487145,0.0,41.920578149989716,223.96963636522116,0.0,41.920578149989716,0.19083706268020453,5.2400722687487145,8.0,0.0,1048.0144537497429,200.0,848.0144537497429,0.0,0.0,1.0,0.19083706268020453,1,2
,5,,2,2024-09-20T17:00:00,mappo_no_inference,H02,1,1,1,0.40969061851501465,9.924865012817945,0.016518601658158872,14.436487596134583,0.0,248.12162532044857,199.99999999999994,0.0,21.0,21.0,0.0,0.0,0.95,178.99999999999994,250.0,0.7159999999999997,0.22,81.9381237030029,39.484999999999985,11.999999999999998,30.453123703002916,9.87684063948385,9.87684063948385,1.4719708665827043,13.5,0.1239577863275408,-5.486441733586231,223.96963636522116,0.0,-3.0,248.12162532044857,199.99999999999994,0.0,21.0,21.0,0.0,0.0,178.99999999999994,250.0,0.7159999999999997,0.22,81.9381237030029,39.484999999999985,11.999999999999998,30.453123703002916,0.0,0.0,0.0,9.924865012817945,223.96963636522116,0.0,9.924865012817945,0.8060563029993874,1.240608126602243,7.999999999999999,0.0,248.12162532044857,199.99999999999994,48.12162532044863,0.0,0.0,1.0,0.8060563029993874,1,2
,5,,2,2024-09-20T17:00:00,mappo_no_inference,H03,2,2,1,0.6731204986572266,1.1616917503465966e-14,0.016518601658158872,126.0485246196242,111.0485246196242,2.904229375866491e-13,299.99999999999994,0.0,21.0,21.0,27.52631578947366,0.0,0.95,306.5263157894736,350.0,0.8757894736842102,0.22,201.93614959716794,67.5407894736842,18.000000000000004,116.39536012348373,10.48417444851002,10.48417444851002,1.9369719458211951,13.5,0.1239577863275408,-5.486441733586231,223.96963636522116,0.0,-3.0,2.904229375866491e-13,299.99999999999994,0.0,21.0,21.0,27.52631578947366,0.0,306.5263157894736,350.0,0.8757894736842102,0.22,201.93614959716794,67.5407894736842,18.000000000000004,116.39536012348373,0.0,1.8508087436604035,0.0,1.1616917503465966e-14,223.96963636522116,37.20970492392483,37.209704923924846,0.3224965106424244,3.1008087436604037,12.000000000000002,930.2426230981205,930.2426230981208,299.99999999999994,630.2426230981209,-4.440892098500626e-16,0.0,1.0,0.3224965106424244,1,2
,5,,2,2024-09-20T17:00:00,mappo_no_inference,H04,3,3,1,0.38720452785491943,7.379071606251277,0.016518601658158872,0.0,0.0,184.47679015628194,184.47679015628194,0.0,28.0,28.0,0.0,0.0,0.95,156.47679015628194,250.0,0.6259071606251277,0.22,71.4302484326542,34.564893834382026,11.068607409376916,25.796747188895253,13.61183919218902,13.61183919218902,4.8575397374341405,13.5,0.1239577863275408,-5.486441733586231,223.96963636522116,0.0,-3.0,184.47679015628194,184.47679015628194,0.0,28.0,28.0,0.0,0.0,156.47679015628194,250.0,0.6259071606251277,0.22,71.4302484326542,34.564893834382026,11.068607409376916,25.796747188895253,0.0,0.0,0.0,7.379071606251277,223.96963636522116,0.0,7.379071606251277,1.0,0.9223839507814097,7.379071606251277,0.0,184.47679015628194,184.47679015628194,0.0,0.0,0.0,1.0,1.0,1,2
,5,,2,2024-09-20T17:00:00,mappo_no_inference,H05,4,4,1,0.25061333179473877,29.561078431300018,0.016518601658158872,50.85404411737507,35.85404411737507,739.0269607825004,400.0,0.0,52.5,52.5,0.0,0.0,0.95,347.5,500.0,0.695,0.22,100.24533271789551,76.7125,24.0,-0.46716728210449787,16.44129685199617,16.44129685199617,7.600849852701565,13.5,0.1239577863275408,-5.486441733586231,223.96963636522116,0.0,-3.0,739.0269607825004,400.0,0.0,52.5,52.5,0.0,0.0,347.5,500.0,0.695,0.22,100.24533271789551,76.7125,24.0,-0.46716728210449787,0.0,0.5975674019562511,0.0,29.561078431300018,223.96963636522116,0.0,29.561078431300018,0.5412522427821441,1.8475674019562511,16.0,0.0,739.0269607825004,400.0,339.0269607825004,0.0,0.0,1.0,0.5412522427821441,1,2
,5,,2,2024-09-20T17:00:00,mappo_no_inference,H06,5,5,1,0.7813354730606079,0.0370117068659339,0.016518601658158872,0.0,0.0,0.9252926716483474,0.9252926716483474,0.0,0.9252926716483474,0.9252926716483474,0.0,0.0,0.95,0.0,700.0,0.0,0.22,0.7229639873218753,0.004626463358241737,0.05551756029890085,0.6628199636647327,12.922839485288604,12.922839485288604,4.546940263307777,13.5,0.1239577863275408,-5.486441733586231,223.96963636522116,0.0,-3.0,0.9252926716483474,0.9252926716483474,0.0,0.9252926716483474,0.9252926716483474,0.0,0.0,0.0,700.0,0.0,0.22,0.7229639873218753,0.004626463358241737,0.05551756029890085,0.6628199636647327,0.0,0.0,0.0,0.0370117068659339,223.96963636522116,0.0,0.0370117068659339,1.0,0.0023132316791208687,0.0370117068659339,0.0,0.9252926716483474,0.9252926716483474,0.0,0.0,0.0,1.0,1.0,1,2
,5,,2,2024-09-20T17:00:00,mappo_no_inference,H07,6,6,1,0.25886473059654236,1.0267486827778831,0.016518601658158872,0.0,0.0,25.668717069447077,156.33897134394212,0.0,17.5,17.5,48.81578947368421,0.0,0.95,187.65476081762634,350.0,0.5361564594789324,0.22,40.470645698690134,41.371547379877796,9.380338280636527,-10.28123996182419,10.33633292072929,10.33633292072929,1.7758333196370615,13.5,0.1239577863275408,-5.486441733586231,223.96963636522116,0.0,-3.0,25.668717069447077,156.33897134394212,0.0,17.5,17.5,48.81578947368421,0.0,187.65476081762634,350.0,0.5361564594789324,0.22,40.470645698690134,41.371547379877796,9.380338280636527,-10.28123996182419,0.0,0.0,0.0,1.0267486827778831,223.96963636522116,5.226810170979802,6.253558853757685,1.0,0.5211299044798071,6.253558853757685,130.67025427449505,156.33897134394212,156.33897134394212,0.0,0.0,0.0,1.0,1.0,1,2
,5,,2,2024-09-20T17:00:00,mappo_no_inference,H08,7,7,1,0.4006209373474121,12.236015557880314,0.016518601658158872,0.0,0.0,305.9003889470079,305.9003889470079,0.0,63.0,63.0,0.0,0.0,0.95,242.9003889470079,500.0,0.4858007778940158,0.22,122.55010055488825,53.75308556834174,18.35402333682047,50.44299164972604,9.559531679208494,9.559531679208494,1.2546282201421701,13.5,0.1239577863275408,-5.486441733586231,223.96963636522116,0.0,-3.0,305.9003889470079,305.9003889470079,0.0,63.0,63.0,0.0,0.0,242.9003889470079,500.0,0.4858007778940158,0.22,122.55010055488825,53.75308556834174,18.35402333682047,50.44299164972604,0.0,0.0,0.0,12.236015557880314,223.96963636522116,0.0,12.236015557880314,1.0,0.7647509723675197,12.236015557880314,0.0,305.9003889470079,305.9003889470079,0.0,0.0,0.0,1.0,1.0,1,2
,5,,2,2024-09-20T18:00:00,mappo_no_inference,H01,0,0,2,0.5611687898635864,1.7053923288994002e-18,0.054463225899318846,194.40433612492288,179.40433612492288,4.2634808222485e-17,200.0,0.0,12.8,12.8,0.0,0.0,0.95,187.2,250.0,0.7487999999999999,0.3,112.23375797271729,56.224,12.0,44.00975797271729,9.964274892624275,9.964274892624275,1.541778390860224,13.5,0.32698997061922674,-5.833071060027442,188.19332561429883,0.0,-3.0,4.2634808222485e-17,200.0,0.0,12.8,12.8,0.0,0.0,187.2,250.0,0.7487999999999999,0.3,112.23375797271729,56.224,12.0,44.00975797271729,0.0,2.9900722687487145,0.0,1.7053923288994002e-18,188.19332561429883,33.920578149989716,33.920578149989716,0.23584503673922272,4.2400722687487145,8.0,848.0144537497429,848.0144537497429,200.0,648.0144537497429,0.0,0.0,1.0,0.23584503673922272,1,2
,5,,2,2024-09-20T18:00:00,mappo_no_inference,H02,1,1,2,0.4386480152606964,1.4879027562433607,0.054463225899318846,0.0,0.0,37.19756890608402,85.31919422653266,0.0,9.6,9.6,0.0,0.0,0.95,75.71919422653266,250.0,0.3028767769061307,0.3,37.42509521111042,22.763758267959798,5.119151653591958,9.542185289558661,9.867058931112174,9.867058931112174,1.2925245984492897,13.5,0.32698997061922674,-5.833071060027442,188.19332561429883,0.0,-3.0,37.19756890608402,85.31919422653266,0.0,9.6,9.6,0.0,0.0,75.71919422653266,250.0,0.3028767769061307,0.3,37.42509521111042,22.763758267959798,5.119151653591958,9.542185289558661,0.0,0.0,0.0,1.4879027562433607,188.19332561429883,1.9248650128179445,3.412767769061305,1.0,0.4265959711326631,3.412767769061305,48.12162532044863,85.31919422653266,85.31919422653266,0.0,0.0,0.0,1.0,1.0,1,2
,5,,2,2024-09-20T18:00:00,mappo_no_inference,H03,2,2,2,0.27290743589401245,1.3599807439218136e-07,0.054463225899318846,66.04852529961457,51.04852529961457,3.3999518598045344e-06,300.0,0.0,9.6,9.6,0.0,0.0,0.95,290.4,350.0,0.8297142857142856,0.3,81.87223076820374,87.16799999999999,18.0,-23.295769231796257,10.533377803253622,10.533377803253622,1.8284099103317382,13.5,0.32698997061922674,-5.833071060027442,188.19332561429883,0.0,-3.0,3.3999518598045344e-06,300.0,0.0,9.6,9.6,0.0,0.0,290.4,350.0,0.8297142857142856,0.3,81.87223076820374,87.16799999999999,18.0,-23.295769231796257,0.0,0.8508087549935761,0.0,1.3599807439218136e-07,188.19332561429883,25.20970492392484,25.209705059922914,0.4760071556361435,2.1008087549935763,12.0,630.2426230981209,630.2426264980728,300.0,330.2426264980728,0.0,0.0,1.0,0.4760071556361435,1,2
,5,,2,2024-09-20T18:00:00,mappo_no_inference,H04,3,3,2,0.4165191650390625,11.97400645964981,0.054463225899318846,29.80504844737358,14.805048447373581,299.3501614912452,199.99999999999997,0.0,12.8,12.8,0.0,0.0,0.95,187.19999999999996,250.0,0.7487999999999998,0.3,83.30383300781249,56.22399999999999,12.0,15.079833007812496,13.588027221636068,13.588027221636068,4.665826037494203,13.5,0.32698997061922674,-5.833071060027442,188.19332561429883,0.0,-3.0,299.3501614912452,199.99999999999997,0.0,12.8,12.8,0.0,0.0,187.19999999999996,250.0,0.7487999999999998,0.3,83.30383300781249,56.22399999999999,12.0,15.079833007812496,0.0,0.24675080745622635,0.0,11.97400645964981,188.19332561429883,0.0,11.97400645964981,0.6681138871069197,1.4967508074562264,8.0,0.0,299.3501614912452,199.99999999999997,99.35016149124525,0.0,0.0,1.0,0.6681138871069197,1,2
,5,,2,2024-09-20T18:00:00,mappo_no_inference,H05,4,4,2,0.7197371125221252,2.60172662921609e-05,0.054463225899318846,0.0,0.0,0.0006504316573040226,339.0276112141577,0.0,24.0,24.0,0.0,0.0,0.95,315.0276112141577,500.0,0.6300552224283154,0.3,244.01075396055154,94.62828336424731,20.341656672849464,129.04081392345478,16.30622031144315,16.30622031144315,7.2759543762900645,13.5,0.32698997061922674,-5.833071060027442,188.19332561429883,0.0,-3.0,0.0006504316573040226,339.0276112141577,0.0,24.0,24.0,0.0,0.0,315.0276112141577,500.0,0.6300552224283154,0.3,244.01075396055154,94.62828336424731,20.341656672849464,129.04081392345478,0.0,0.0,0.0,2.60172662921609e-05,188.19332561429883,13.561078431300018,13.56110444856631,1.0,0.8475690280353944,13.56110444856631,339.0269607825004,339.0276112141577,339.0276112141577,0.0,0.0,0.0,1.0,1.0,1,2
,5,,2,2024-09-20T18:00:00,mappo_no_inference,H06,5,5,2,0.7534477114677429,0.1279737189421459,0.054463225899318846,0.0,0.0,3.199342973553647,3.199342973553647,0.0,3.199342973553647,3.199342973553647,0.0,0.0,0.95,0.0,700.0,0.0,0.3,2.410537641624399,0.015996714867768234,0.19196057841321884,2.2025803483434117,13.08145491284869,13.08145491284869,4.500785042954959,13.5,0.32698997061922674,-5.833071060027442,188.19332561429883,0.0,-3.0,3.199342973553647,3.199342973553647,0.0,3.199342973553647,3.199342973553647,0.0,0.0,0.0,700.0,0.0,0.3,2.410537641624399,0.015996714867768234,0.19196057841321884,2.2025803483434117,0.0,0.0,0.0,0.1279737189421459,188.19332561429883,0.0,0.1279737189421459,1.0,0.007998357433884119,0.1279737189421459,0.0,3.199342973553647,3.199342973553647,0.0,0.0,0.0,1.0,1.0,1,2
,5,,2,2024-09-20T18:00:00,mappo_no_inference,H07,6,6,2,0.671649158000946,0.6266188400435071,0.054463225899318846,0.0,0.0,15.665471001087674,15.665471001087674,0.0,8.0,8.0,0.0,0.0,0.95,7.665471001087674,350.0,0.021901345717393356,0.3,10.521700407568774,2.3396413003263024,0.9399282600652606,7.242130847177211,10.393521611345067,10.393521611345067,1.6605996125872882,13.5,0.32698997061922674,-5.833071060027442,188.19332561429883,0.0,-3.0,15.665471001087674,15.665471001087674,0.0,8.0,8.0,0.0,0.0,7.665471001087674,350.0,0.021901345717393356,0.3,10.521700407568774,2.3396413003263024,0.9399282600652606,7.242130847177211,0.0,0.0,0.0,0.6266188400435071,188.19332561429883,0.0,0.6266188400435071,1.0,0.05221823667029226,0.6266188400435071,0.0,15.665471001087674,15.665471001087674,0.0,0.0,0.0,1.0,1.0,1,2
,5,,2,2024-09-20T18:00:00,mappo_no_inference,H08,7,7,2,0.3496894836425781,57.464614916429454,0.054463225899318846,155.49230593661045,140.49230593661045,1436.6153729107361,399.99999999999994,0.0,28.8,28.8,0.0,0.0,0.95,371.19999999999993,500.0,0.7423999999999998,0.3,139.87579345703122,111.50399999999998,24.0,4.371793457031245,9.753942464314024,9.753942464314024,1.2683660648775819,13.5,0.32698997061922674,-5.833071060027442,188.19332561429883,0.0,-3.0,1436.6153729107361,399.99999999999994,0.0,28.8,28.8,0.0,0.0,371.19999999999993,500.0,0.7423999999999998,0.3,139.87579345703122,111.50399999999998,24.0,4.371793457031245,0.0,2.341538432276841,0.0,57.464614916429454,188.19332561429883,0.0,57.464614916429454,0.2784322147336884,3.591538432276841,16.0,0.0,1436.6153729107361,399.99999999999994,1036.6153729107361,0.0,0.0,1.0,0.2784322147336884,1,2
,5,,2,2024-09-20T19:00:00,mappo_no_inference,H01,0,0,3,0.2814095914363861,3.7000728812388596e-12,0.18407721188107218,134.40433612495065,119.40433612495063,9.250182203097147e-11,200.00000000000003,0.0,3.2,3.2,0.0,0.0,0.95,196.80000000000004,250.0,0.7872000000000001,0.34,56.28191828727723,66.92800000000003,12.0,-22.646081712722797,9.758100465907237,9.758100465907237,1.4426976144223356,13.5,0.7427982606321007,-5.012529751298767,-21.43780956004236,0.0,-3.0,9.250182203097147e-11,200.00000000000003,0.0,3.2,3.2,0.0,0.0,196.80000000000004,250.0,0.7872000000000001,0.34,56.28191828727723,66.92800000000003,12.0,-22.646081712722797,0.0,1.9900722687491772,0.0,3.7000728812388596e-12,-21.43780956004236,25.920578149989716,25.920578149993414,0.30863509115062054,3.2400722687491768,8.0,648.0144537497429,648.0144537498354,200.00000000000003,448.0144537498354,4.440892098500626e-16,0.0,1.0,0.30863509115062054,1,2
,5,,2,2024-09-20T19:00:00,mappo_no_inference,H02,1,1,3,0.7690516114234924,0.3995276391639573,0.18407721188107218,0.0,0.0,9.988190979098933,9.988190979098933,0.0,2.4,2.4,0.0,0.0,0.95,7.588190979098933,250.0,0.03035276391639573,0.34,7.681434367681625,2.591984932893637,0.5992914587459359,4.4901579760420525,9.629025324287262,9.629025324287262,1.1775533316876046,13.5,0.7427982606321007,-5.012529751298767,-21.43780956004236,0.0,-3.0,9.988190979098933,9.988190979098933,0.0,2.4,2.4,0.0,0.0,7.588190979098933,250.0,0.03035276391639573,0.34,7.681434367681625,2.591984932893637,0.5992914587459359,4.4901579760420525,0.0,0.0,0.0,0.3995276391639573,-21.43780956004236,0.0,0.3995276391639573,1.0,0.04994095489549466,0.3995276391639573,0.0,9.988190979098933,9.988190979098933,0.0,0.0,0.0,1.0,1.0,1,2
,5,,2,2024-09-20T19:00:00,mappo_no_inference,H03,2,2,3,0.3231161832809448,0.00309625459761237,0.18407721188107218,6.0640065726026275,0.0,0.07740636494030925,300.0,0.0,2.4,2.4,0.0,0.0,0.95,297.6,350.0,0.8502857142857143,0.34,96.93485498428345,101.19600000000001,18.0,-22.261145015716565,10.434979849955557,10.434979849955557,1.8466334981996013,13.5,0.7427982606321007,-5.012529751298767,-21.43780956004236,0.0,-3.0,0.07740636494030925,300.0,0.0,2.4,2.4,0.0,0.0,297.6,350.0,0.8502857142857143,0.34,96.93485498428345,101.19600000000001,18.0,-22.261145015716565,0.0,0.0,0.0,0.00309625459761237,-21.43780956004236,13.209705059922914,13.212801314520526,0.9082101300359607,1.101066776210044,12.0,330.2426264980728,330.3200328630131,300.0,30.320032863013125,-2.7755575615628914e-17,0.0,1.0,0.9082101300359607,1,2
,5,,2,2024-09-20T19:00:00,mappo_no_inference,H04,3,3,3,0.5406168699264526,0.03461862797892022,0.18407721188107218,0.0,0.0,0.8654656994730056,100.21562719071825,0.0,3.2,3.2,0.0,0.0,0.95,97.01562719071825,250.0,0.388062508762873,0.34,54.1782586895624,33.001313244844205,6.012937631443097,15.164007813275095,13.747491541175293,13.747491541175293,4.920537901441128,13.5,0.7427982606321007,-5.012529751298767,-21.43780956004236,0.0,-3.0,0.8654656994730056,100.21562719071825,0.0,3.2,3.2,0.0,0.0,97.01562719071825,250.0,0.388062508762873,0.34,54.1782586895624,33.001313244844205,6.012937631443097,15.164007813275095,0.0,0.0,0.0,0.03461862797892022,-21.43780956004236,3.974006459649811,4.008625087628731,1.0,0.5010781359535914,4.008625087628731,99.35016149124525,100.21562719071825,100.21562719071825,0.0,0.0,0.0,1.0,1.0,1,2
,5,,2,2024-09-20T19:00:00,mappo_no_inference,H05,4,4,3,0.6722201704978943,0.4727001599687586,0.18407721188107218,0.0,0.0,11.817503999218964,11.817503999218964,0.0,6.0,6.0,0.0,0.0,0.95,5.817503999218964,500.0,0.011635007998437927,0.34,7.94396455321452,2.007951359734448,0.7090502399531379,5.226962953526934,16.55636229844391,16.55636229844391,7.621932938400052,13.5,0.7427982606321007,-5.012529751298767,-21.43780956004236,0.0,-3.0,11.817503999218964,11.817503999218964,0.0,6.0,6.0,0.0,0.0,5.817503999218964,500.0,0.011635007998437927,0.34,7.94396455321452,2.007951359734448,0.7090502399531379,5.226962953526934,0.0,0.0,0.0,0.4727001599687586,-21.43780956004236,0.0,0.4727001599687586,1.0,0.02954375999804741,0.4727001599687586,0.0,11.817503999218964,11.817503999218964,0.0,0.0,0.0,1.0,1.0,1,2
,5,,2,2024-09-20T19:00:00,mappo_no_inference,H06,5,5,3,0.41169267892837524,30.66958419078581,0.18407721188107218,55.010940715446786,40.010940715446786,766.7396047696452,399.99999999999994,0.0,8.0,8.0,0.0,0.0,0.95,391.99999999999994,700.0,0.5599999999999999,0.34,164.67707157135007,133.32,23.999999999999996,7.35707157135008,13.211686288558829,13.211686288558829,4.711635080933087,13.5,0.7427982606321007,-5.012529751298767,-21.43780956004236,0.0,-3.0,766.7396047696452,399.99999999999994,0.0,8.0,8.0,0.0,0.0,391.99999999999994,700.0,0.5599999999999999,0.34,164.67707157135007,133.32,23.999999999999996,7.35707157135008,0.0,0.666849011924113,0.0,30.66958419078581,-21.43780956004236,0.0,30.66958419078581,0.5216894986403808,1.916849011924113,15.999999999999998,0.0,766.7396047696452,399.99999999999994,366.73960476964527,0.0,0.0,1.0,0.5216894986403808,1,2
,5,,2,2024-09-20T19:00:00,mappo_no_inference,H07,6,6,3,0.5339315533638,9.432832070190015,0.18407721188107218,0.0,0.0,235.8208017547504,235.8208017547504,0.0,2.0,2.0,0.0,0.0,0.95,233.8208017547504,350.0,0.6680594335850011,0.34,125.91216699641062,79.50907259661514,14.149248105285022,32.25384629451045,10.328200845413631,10.328200845413631,1.7160908388674312,13.5,0.7427982606321007,-5.012529751298767,-21.43780956004236,0.0,-3.0,235.8208017547504,235.8208017547504,0.0,2.0,2.0,0.0,0.0,233.8208017547504,350.0,0.6680594335850011,0.34,125.91216699641062,79.50907259661514,14.149248105285022,32.25384629451045,0.0,0.0,0.0,9.432832070190015,-21.43780956004236,0.0,9.432832070190015,1.0,0.7860693391825012,9.432832070190015,0.0,235.8208017547504,235.8208017547504,0.0,0.0,0.0,1.0,1.0,1,2
,5,,2,2024-09-20T19:00:00,mappo_no_inference,H08,7,7,3,0.29141342639923096,2.109144900646308e-09,0.18407721188107218,95.49230594451976,80.49230594451976,5.272862251615771e-08,399.9999999999999,0.0,7.2,7.2,0.0,0.0,0.95,392.7999999999999,500.0,0.7855999999999997,0.34,116.56537055969235,133.58799999999997,24.0,-41.02262944030761,9.637861949248187,9.637861949248187,1.257053733554127,13.5,0.7427982606321007,-5.012529751298767,-21.43780956004236,0.0,-3.0,5.272862251615771e-08,399.9999999999999,0.0,7.2,7.2,0.0,0.0,392.7999999999999,500.0,0.7855999999999997,0.34,116.56537055969235,133.58799999999997,24.0,-41.02262944030761,0.0,1.3415384324086626,0.0,2.109144900646308e-09,-21.43780956004236,41.464614916429454,41.4646149185386,0.3858711827285411,2.5915384324086626,16.0,1036.6153729107361,1036.6153729634648,399.9999999999999,636.6153729634649,0.0,0.0,1.0,0.3858711827285411,1,2
,5,,2,2024-09-20T20:00:00,mappo_no_inference,H01,0,0,4,0.3964955806732178,1.9759608977882813e-09,0.03176199610163463,74.40433613977034,59.404336139770336,4.939902244470703e-08,199.99999999999997,0.0,0.0,0.0,0.0,0.0,0.95,199.99999999999997,250.0,0.7999999999999999,0.27,79.29911613464354,53.99999999999999,12.0,13.299116134643548,9.405403743154949,9.405403743154949,1.2974035729541038,13.5,0.21312026151940155,-0.5592419343534197,345.8126661876285,0.0,-3.0,4.939902244470703e-08,199.99999999999997,0.0,0.0,0.0,0.0,0.0,199.99999999999997,250.0,0.7999999999999999,0.27,79.29911613464354,53.99999999999999,12.0,13.299116134643548,0.0,0.9900722689961723,0.0,1.9759608977882813e-09,345.8126661876285,17.920578149993418,17.92057815196938,0.4464141687929215,2.2400722689961725,8.0,448.0144537498354,448.01445379923445,199.99999999999997,248.01445379923447,-2.220446049250313e-16,0.0,1.0,0.4464141687929215,1,2
,5,,2,2024-09-20T20:00:00,mappo_no_inference,H02,1,1,4,0.4331251382827759,5.087246275960505,0.03176199610163463,0.0,0.0,127.1811568990126,127.1811568990126,0.0,0.0,0.0,0.0,0.0,0.95,127.1811568990126,250.0,0.5087246275960504,0.27,55.08535616884825,34.3389123627334,7.630869413940757,13.11557439217409,9.502163850697308,9.502163850697308,1.2257585171875003,13.5,0.21312026151940155,-0.5592419343534197,345.8126661876285,0.0,-3.0,127.1811568990126,127.1811568990126,0.0,0.0,0.0,0.0,0.0,127.1811568990126,250.0,0.5087246275960504,0.27,55.08535616884825,34.3389123627334,7.630869413940757,13.11557439217409,0.0,0.0,0.0,5.087246275960505,345.8126661876285,0.0,5.087246275960505,1.0,0.6359057844950631,5.087246275960505,0.0,127.1811568990126,127.1811568990126,0.0,0.0,0.0,1.0,1.0,1,2
,5,,2,2024-09-20T20:00:00,mappo_no_inference,H03,2,2,4,0.7804598212242126,0.013501040357619336,0.03176199610163463,0.0,0.0,0.33752600894048346,30.657558871953608,0.0,0.0,0.0,0.0,0.0,0.95,30.657558871953608,350.0,0.08759302534843888,0.27,23.92699291637569,8.277540895427475,1.839453532317217,13.809998488630997,10.617229148536708,10.617229148536708,2.1968892373158573,13.5,0.21312026151940155,-0.5592419343534197,345.8126661876285,0.0,-3.0,0.33752600894048346,30.657558871953608,0.0,0.0,0.0,0.0,0.0,30.657558871953608,350.0,0.08759302534843888,0.27,23.92699291637569,8.277540895427475,1.839453532317217,13.809998488630997,0.0,0.0,0.0,0.013501040357619336,345.8126661876285,1.2128013145205254,1.2263023548781447,1.0,0.10219186290651205,1.2263023548781447,30.320032863013125,30.657558871953608,30.657558871953608,0.0,0.0,0.0,1.0,1.0,1,2
,5,,2,2024-09-20T20:00:00,mappo_no_inference,H04,3,3,4,0.25864771008491516,26.12957169253626,0.03176199610163463,135.97178769402194,120.97178769402194,653.2392923134065,200.0,0.0,0.0,0.0,0.0,0.0,0.95,200.0,250.0,0.8,0.27,51.72954201698303,54.0,12.0,-14.270457983016968,14.145418832952537,14.145418832952537,5.4768400227684255,13.5,0.21312026151940155,-0.5592419343534197,345.8126661876285,0.0,-3.0,653.2392923134065,200.0,0.0,0.0,0.0,0.0,0.0,200.0,250.0,0.8,0.27,51.72954201698303,54.0,12.0,-14.270457983016968,0.0,2.0161964615670325,0.0,26.12957169253626,345.8126661876285,0.0,26.12957169253626,0.30616651869135486,3.2661964615670325,8.0,0.0,653.2392923134065,200.0,453.2392923134065,0.0,0.0,1.0,0.30616651869135486,1,2
,5,,2,2024-09-20T20:00:00,mappo_no_inference,H05,4,4,4,0.7540720105171204,0.017955994450461466,0.03176199610163463,0.0,0.0,0.4488998612615367,0.4488998612615367,0.0,0.0,0.0,0.0,0.0,0.95,0.4488998612615367,500.0,0.0008977997225230734,0.27,0.33850282090234335,0.12120296254061491,0.0269339916756922,0.19036586668603622,16.797070739951224,16.797070739951224,8.04658941387701,13.5,0.21312026151940155,-0.5592419343534197,345.8126661876285,0.0,-3.0,0.4488998612615367,0.4488998612615367,0.0,0.0,0.0,0.0,0.0,0.4488998612615367,500.0,0.0008977997225230734,0.27,0.33850282090234335,0.12120296254061491,0.0269339916756922,0.19036586668603622,0.0,0.0,0.0,0.017955994450461466,345.8126661876285,0.0,0.017955994450461466,1.0,0.0011222496531538416,0.017955994450461466,0.0,0.4488998612615367,0.4488998612615367,0.0,0.0,0.0,1.0,1.0,1,2
,5,,2,2024-09-20T20:00:00,mappo_no_inference,H06,5,5,4,0.7088655233383179,7.4899164610912885e-06,0.03176199610163463,0.0,0.0,0.00018724791152728223,366.7397920175568,0.0,0.0,0.0,0.0,0.0,0.95,366.7397920175568,700.0,0.5239139885965097,0.27,259.96919459751126,99.01974384474035,22.004387521053406,138.9450632317175,12.892444509666252,12.892444509666252,4.638978371440753,13.5,0.21312026151940155,-0.5592419343534197,345.8126661876285,0.0,-3.0,0.00018724791152728223,366.7397920175568,0.0,0.0,0.0,0.0,0.0,366.7397920175568,700.0,0.5239139885965097,0.27,259.96919459751126,99.01974384474035,22.004387521053406,138.9450632317175,0.0,0.0,0.0,7.4899164610912885e-06,345.8126661876285,14.669584190785809,14.66959168070227,1.0,0.9168494800438919,14.66959168070227,366.73960476964527,366.7397920175568,366.7397920175568,0.0,0.0,0.0,1.0,1.0,1,2
,5,,2,2024-09-20T20:00:00,mappo_no_inference,H07,6,6,4,0.462377667427063,3.01281926390021,0.03176199610163463,0.0,0.0,75.32048159750525,75.32048159750525,0.0,0.0,0.0,0.0,0.0,0.95,75.32048159750525,350.0,0.21520137599287215,0.27,34.8265085905375,20.33653003132642,4.519228895850315,9.970749663360767,10.44222062038612,10.44222062038612,2.0153007318420433,13.5,0.21312026151940155,-0.5592419343534197,345.8126661876285,0.0,-3.0,75.32048159750525,75.32048159750525,0.0,0.0,0.0,0.0,0.0,75.32048159750525,350.0,0.21520137599287215,0.27,34.8265085905375,20.33653003132642,4.519228895850315,9.970749663360767,0.0,0.0,0.0,3.01281926390021,345.8126661876285,0.0,3.01281926390021,1.0,0.2510682719916842,3.01281926390021,0.0,75.32048159750525,75.32048159750525,0.0,0.0,0.0,1.0,1.0,1,2
,5,,2,2024-09-20T20:00:00,mappo_no_inference,H08,7,7,4,0.7568806409835815,8.846186040755399e-09,0.03176199610163463,35.49230597769295,20.49230597769295,2.21154651018885e-07,399.9999999999999,0.0,0.0,0.0,0.0,0.0,0.95,399.9999999999999,500.0,0.7999999999999998,0.27,302.7522563934325,107.99999999999997,24.0,170.75225639343253,9.373207139109478,9.373207139109478,1.2103703595960569,13.5,0.21312026151940155,-0.5592419343534197,345.8126661876285,0.0,-3.0,2.21154651018885e-07,399.9999999999999,0.0,0.0,0.0,0.0,0.0,399.9999999999999,500.0,0.7999999999999998,0.27,302.7522563934325,107.99999999999997,24.0,170.75225639343253,0.0,0.3415384329615492,0.0,8.846186040755399e-09,345.8126661876285,25.4646149185386,25.464614927384787,0.6283228725675137,1.5915384329615492,16.0,636.6153729634649,636.6153731846196,399.9999999999999,236.61537318461967,0.0,0.0,1.0,0.6283228725675137,1,2
,5,,2,2024-09-20T21:00:00,mappo_no_inference,H01,0,0,5,0.34676292538642883,2.350779262474459e-05,0.012220787193119535,14.404512448215021,0.0,0.0005876948156186147,200.0,0.0,0.0,0.0,0.0,100.0,0.42368421052631583,100.0,250.0,0.4,0.2,69.35258507728577,23.0,12.0,34.35258507728577,9.77927317577874,9.77927317577874,1.5102913549949744,13.5,0.09584695905511582,1.7997170475007391,301.9152801588972,1.4210854715202004e-14,-3.0,0.0005876948156186147,200.0,0.0,0.0,0.0,0.0,100.0,100.0,250.0,0.4,0.2,69.35258507728577,23.0,12.0,34.35258507728577,1.4210854715202004e-14,0.0,0.0,2.350779262474459e-05,301.9152801588972,9.920578151969378,9.920601659762003,0.8064027036231108,1.2400752074702504,8.0,248.01445379923447,248.01504149405008,200.0,48.01504149405008,0.0,0.0,1.0,0.8064027036231108,1,2
,5,,2,2024-09-20T21:00:00,mappo_no_inference,H02,1,1,5,0.32731857895851135,6.669471249036828,0.012220787193119535,0.0,0.0,166.7367812259207,166.7367812259207,0.0,0.0,0.0,0.0,100.0,0.42368421052631583,66.73678122592071,250.0,0.26694712490368283,0.2,54.576046290984564,16.347356245184145,10.004206873555242,28.22448317224518,9.811977147142246,9.811977147142246,1.3770904861447035,13.5,0.09584695905511582,1.7997170475007391,301.9152801588972,1.4210854715202004e-14,-3.0,166.7367812259207,166.7367812259207,0.0,0.0,0.0,0.0,100.0,66.73678122592071,250.0,0.26694712490368283,0.2,54.576046290984564,16.347356245184145,10.004206873555242,28.22448317224518,1.4210854715202004e-14,0.0,0.0,6.669471249036828,301.9152801588972,0.0,6.669471249036828,1.0,0.8336839061296035,6.669471249036828,0.0,166.7367812259207,166.7367812259207,0.0,0.0,0.0,1.0,1.0,1,2
,5,,2,2024-09-20T21:00:00,mappo_no_inference,H03,2,2,5,0.2662743330001831,14.238269139567132,0.012220787193119535,11.191345697835665,0.0,355.9567284891784,300.00000000000006,0.0,0.0,0.0,0.0,150.0,0.4236842105263158,150.00000000000006,350.0,0.4285714285714287,0.2,79.88229990005495,34.500000000000014,18.0,27.38229990005493,10.540168809554253,10.540168809554253,1.93201833626339,13.5,0.09584695905511582,1.7997170475007391,301.9152801588972,0.0,-3.0,355.9567284891784,300.00000000000006,0.0,0.0,0.0,0.0,150.0,150.00000000000006,350.0,0.4285714285714287,0.2,79.88229990005495,34.500000000000014,18.0,27.38229990005493,0.0,0.0,0.0,14.238269139567132,301.9152801588972,0.0,14.238269139567132,0.8427990707559291,1.186522428297261,12.0,0.0,355.9567284891784,300.00000000000006,55.95672848917832,8.326672684688674e-17,0.0,1.0,0.8427990707559291,1,2
,5,,2,2024-09-20T21:00:00,mappo_no_inference,H04,3,3,5,0.2715032398700714,1.3852923627183333e-09,0.012220787193119535,75.97178770441164,60.97178770441164,3.463230906795833e-08,200.0,0.0,0.0,0.0,0.0,100.0,0.5289473684210527,100.0,250.0,0.4,0.2,54.30064797401428,23.0,12.0,19.300647974014282,13.677508197314763,13.677508197314763,4.795533969568493,13.5,0.09584695905511582,1.7997170475007391,301.9152801588972,2.842170943040401e-14,-3.0,3.463230906795833e-08,200.0,0.0,0.0,0.0,0.0,100.0,100.0,250.0,0.4,0.2,54.30064797401428,23.0,12.0,19.300647974014282,2.842170943040401e-14,1.016196461740194,0.0,1.3852923627183333e-09,301.9152801588972,18.12957169253626,18.12957169392155,0.44126800870217053,2.266196461740194,8.0,453.2392923134065,453.2392923480388,200.0,253.23929234803882,0.0,0.0,1.0,0.44126800870217053,1,2
,5,,2,2024-09-20T21:00:00,mappo_no_inference,H05,4,4,5,0.7055150866508484,0.012412937053542787,0.012220787193119535,0.0,0.0,0.3103234263385697,0.3103234263385697,0.0,0.0,0.0,0.0,0.3103234263385697,0.9493466875234977,0.0,500.0,0.0,0.2,0.21893785902304416,0.00930970279015709,0.01861940558031418,0.1910087506525729,16.26955264801299,16.26955264801299,7.270357925796376,13.5,0.09584695905511582,1.7997170475007391,301.9152801588972,6.439293542825908e-15,-3.0,0.3103234263385697,0.3103234263385697,0.0,0.0,0.0,0.0,0.3103234263385697,0.0,500.0,0.0,0.2,0.21893785902304416,0.00930970279015709,0.01861940558031418,0.1910087506525729,6.439293542825908e-15,0.0,0.0,0.012412937053542787,301.9152801588972,0.0,0.012412937053542787,1.0,0.0007758085658464242,0.012412937053542787,0.0,0.3103234263385697,0.3103234263385697,0.0,0.0,0.0,1.0,1.0,1,2
,5,,2,2024-09-20T21:00:00,mappo_no_inference,H06,5,5,5,0.37585246562957764,2.0195126600000517,0.012220787193119535,0.0,0.0,50.48781650000129,50.48781650000129,0.0,0.0,0.0,0.0,50.48781650000129,0.861424883333331,0.0,700.0,0.0,0.2,18.975970315779158,1.5146344950000385,3.0292689900000775,14.432066830779043,13.103095412204716,13.103095412204716,4.636708327613082,13.5,0.09584695905511582,1.7997170475007391,301.9152801588972,4.263256414560601e-14,-3.0,50.48781650000129,50.48781650000129,0.0,0.0,0.0,0.0,50.48781650000129,0.0,700.0,0.0,0.2,18.975970315779158,1.5146344950000385,3.0292689900000775,14.432066830779043,4.263256414560601e-14,0.0,0.0,2.0195126600000517,301.9152801588972,0.0,2.0195126600000517,1.0,0.12621954125000323,2.0195126600000517,0.0,50.48781650000129,50.48781650000129,0.0,0.0,0.0,1.0,1.0,1,2
,5,,2,2024-09-20T21:00:00,mappo_no_inference,H07,6,6,5,0.3243110179901123,6.693547346717332,0.012220787193119535,0.0,0.0,167.3386836679333,167.3386836679333,0.0,0.0,0.0,0.0,150.0,0.4236842105263158,17.33868366793331,350.0,0.04953909619409517,0.2,54.26977884947283,7.967736733586662,10.040321020075998,36.26172109581017,10.317252220654433,10.317252220654433,1.6770216136348346,13.5,0.09584695905511582,1.7997170475007391,301.9152801588972,0.0,-3.0,167.3386836679333,167.3386836679333,0.0,0.0,0.0,0.0,150.0,17.33868366793331,350.0,0.04953909619409517,0.2,54.26977884947283,7.967736733586662,10.040321020075998,36.26172109581017,0.0,0.0,0.0,6.693547346717332,301.9152801588972,0.0,6.693547346717332,1.0,0.5577956122264444,6.693547346717332,0.0,167.3386836679333,167.3386836679333,0.0,0.0,0.0,1.0,1.0,1,2
,5,,2,2024-09-20T21:00:00,mappo_no_inference,H08,7,7,5,0.6891511678695679,0.000139542653599055,0.012220787193119535,0.0,0.0,0.0034885663399763754,236.61886175095964,0.0,0.0,0.0,0.0,236.61886175095964,0.4518550278927166,0.0,500.0,0.0,0.2,163.06616491564165,7.098565852528789,14.19713170505758,141.77046735805527,9.624467594397013,9.624467594397013,1.2783271546440496,13.5,0.09584695905511582,1.7997170475007391,301.9152801588972,2.842170943040401e-14,-3.0,0.0034885663399763754,236.61886175095964,0.0,0.0,0.0,0.0,236.61886175095964,0.0,500.0,0.0,0.2,163.06616491564165,7.098565852528789,14.19713170505758,141.77046735805527,2.842170943040401e-14,0.0,0.0,0.000139542653599055,301.9152801588972,9.464614927384787,9.464754470038386,1.0,0.5915471543773991,9.464754470038386,236.61537318461967,236.61886175095964,236.61886175095964,0.0,0.0,0.0,1.0,1.0,1,2
,5,,3,2024-09-20T16:00:00,mappo_no_inference,H01,0,0,0,0.4394279420375824,4.417338191886047,0.013836460688000339,0.0,0.0,110.43345479715117,110.43345479715117,0.0,44.0,44.0,84.21052631578947,0.0,0.95,150.64398111294065,250.0,0.6025759244517626,0.16,48.52754577361252,24.323036978070505,6.62600728782907,17.57850150771295,10.075444510807246,10.075444510807246,1.664429057837912,13.5,0.10666173508352934,-3.7775213873853772,53.755560225604754,0.0,-3.0,110.43345479715117,110.43345479715117,0.0,44.0,44.0,84.21052631578947,0.0,150.64398111294065,250.0,0.6025759244517626,0.16,48.52754577361252,24.323036978070505,6.62600728782907,17.57850150771295,0.0,0.0,0.0,4.417338191886047,53.755560225604754,0.0,4.417338191886047,1.0,0.5521672739857558,4.417338191886047,0.0,110.43345479715117,110.43345479715117,0.0,0.0,0.0,1.0,1.0,2,3
,5,,3,2024-09-20T16:00:00,mappo_no_inference,H02,1,1,0,0.5605896711349487,0.8501364427531151,0.013836460688000339,0.0,0.0,21.253411068827873,21.253411068827873,0.0,33.0,21.253411068827873,94.73684210526316,0.0,0.95,82.99025317409104,250.0,0.33196101269636413,0.16,11.914442721570097,13.443440507854566,1.2752046641296726,-2.8042024504141416,10.051998664700696,10.051998664700696,1.4998204212749866,13.5,0.10666173508352934,-3.7775213873853772,53.755560225604754,0.0,-3.0,21.253411068827873,21.253411068827873,0.0,33.0,21.253411068827873,94.73684210526316,0.0,82.99025317409104,250.0,0.33196101269636413,0.16,11.914442721570097,13.443440507854566,1.2752046641296726,-2.8042024504141416,0.0,0.0,0.0,0.8501364427531151,53.755560225604754,0.0,0.8501364427531151,1.0,0.10626705534413938,0.8501364427531151,0.0,21.253411068827873,21.253411068827873,0.0,0.0,0.0,1.0,1.0,2,3
,5,,3,2024-09-20T16:00:00,mappo_no_inference,H03,2,2,0,0.6037386655807495,0.45054048315686196,0.013836460688000339,0.0,0.0,11.26351207892155,11.26351207892155,0.0,33.0,0.0,110.5263157894737,0.0,0.95,88.78982786839525,350.0,0.2536852224811293,0.16,6.8002177522807505,14.37137245894324,0.6758107247352929,-8.246965431397783,10.580560332498983,10.580560332498983,1.8572562358899634,13.5,0.10666173508352934,-3.7775213873853772,53.755560225604754,1.4210854715202004e-14,-3.0,11.26351207892155,11.26351207892155,0.0,33.0,0.0,110.5263157894737,0.0,88.78982786839525,350.0,0.2536852224811293,0.16,6.8002177522807505,14.37137245894324,0.6758107247352929,-8.246965431397783,1.4210854715202004e-14,0.0,0.0,0.45054048315686196,53.755560225604754,0.0,0.45054048315686196,1.0,0.03754504026307183,0.45054048315686196,0.0,11.26351207892155,11.26351207892155,0.0,0.0,0.0,1.0,1.0,2,3
,5,,3,2024-09-20T16:00:00,mappo_no_inference,H04,3,3,0,0.2620939314365387,30.070495128729547,0.013836460688000339,165.5287134654716,150.5287134654716,751.7623782182387,200.00000000000003,0.0,44.0,44.0,78.94736842105263,0.0,0.95,234.94736842105266,250.0,0.9397894736842106,0.16,52.418786287307746,37.811578947368425,12.0,2.607207339939322,13.438661158385395,13.438661158385395,4.439990115773541,13.5,0.10666173508352934,-3.7775213873853772,53.755560225604754,0.0,-3.0,751.7623782182387,200.00000000000003,0.0,44.0,44.0,78.94736842105263,0.0,234.94736842105266,250.0,0.9397894736842106,0.16,52.418786287307746,37.811578947368425,12.0,2.607207339939322,0.0,2.5088118910911934,0.0,30.070495128729547,53.755560225604754,0.0,30.070495128729547,0.2660415123114068,3.7588118910911934,8.0,0.0,751.7623782182387,200.00000000000003,551.7623782182387,0.0,0.0,1.0,0.2660415123114068,2,3
,5,,3,2024-09-20T16:00:00,mappo_no_inference,H05,4,4,0,0.6625391244888306,0.08005401017036878,0.013836460688000339,0.0,0.0,2.00135025425922,2.00135025425922,0.0,82.5,0.0,131.57894736842104,0.0,0.95,51.08029762268028,500.0,0.10216059524536056,0.16,1.325972845252402,8.585347619628845,0.12008101525555318,-7.379455789631996,15.751399877847335,15.751399877847335,6.610451259279213,13.5,0.10666173508352934,-3.7775213873853772,53.755560225604754,1.4210854715202004e-14,-3.0,2.00135025425922,2.00135025425922,0.0,82.5,0.0,131.57894736842104,0.0,51.08029762268028,500.0,0.10216059524536056,0.16,1.325972845252402,8.585347619628845,0.12008101525555318,-7.379455789631996,1.4210854715202004e-14,0.0,0.0,0.08005401017036878,53.755560225604754,0.0,0.08005401017036878,1.0,0.005003375635648049,0.08005401017036878,0.0,2.00135025425922,2.00135025425922,0.0,0.0,0.0,1.0,1.0,2,3
,5,,3,2024-09-20T16:00:00,mappo_no_inference,H06,5,5,0,0.7110894918441772,0.065156330870351,0.013836460688000339,0.0,0.0,1.6289082717587748,1.6289082717587748,0.0,110.0,0.0,126.31578947368422,0.0,0.95,17.944697745442987,700.0,0.02563528249348998,0.16,1.1582995552257243,3.421151639270878,0.0977344963055265,-2.36058658035068,13.25158275847598,13.25158275847598,4.6263799850789855,13.5,0.10666173508352934,-3.7775213873853772,53.755560225604754,0.0,-3.0,1.6289082717587748,1.6289082717587748,0.0,110.0,0.0,126.31578947368422,0.0,17.944697745442987,700.0,0.02563528249348998,0.16,1.1582995552257243,3.421151639270878,0.0977344963055265,-2.36058658035068,0.0,0.0,0.0,0.065156330870351,53.755560225604754,0.0,0.065156330870351,1.0,0.004072270679396937,0.065156330870351,0.0,1.6289082717587748,1.6289082717587748,0.0,0.0,0.0,1.0,1.0,2,3
,5,,3,2024-09-20T16:00:00,mappo_no_inference,H07,6,6,0,0.32944363355636597,20.906247163323176,0.013836460688000339,44.531235816615876,29.53123581661588,522.6561790830795,300.0,0.0,27.5,27.5,77.5,0.0,0.7954166666666667,350.0,350.0,1.0,0.16,98.83309006690979,56.1375,18.0,24.695590066909787,10.23148339868791,10.23148339868791,1.4468295547389454,13.5,0.10666173508352934,-3.7775213873853772,53.755560225604754,0.0,-3.0,522.6561790830795,300.0,0.0,27.5,27.5,77.5,0.0,350.0,350.0,1.0,0.16,98.83309006690979,56.1375,18.0,24.695590066909787,0.0,0.49218726361026466,0.0,20.906247163323176,53.755560225604754,0.0,20.906247163323176,0.5739911092724557,1.7421872636102647,12.0,0.0,522.6561790830795,300.0,222.65617908307945,0.0,0.0,1.0,0.5739911092724557,2,3
,5,,3,2024-09-20T16:00:00,mappo_no_inference,H08,7,7,0,0.30843275785446167,29.51837338666234,0.013836460688000339,50.69390019998377,35.69390019998377,737.9593346665584,399.99999999999994,0.0,99.0,0.0,131.57894736842104,0.0,0.95,432.578947368421,500.0,0.865157894736842,0.16,123.37310314178465,69.70763157894736,23.999999999999996,29.6654715628373,9.786937743626876,9.786937743626876,1.279725372512592,13.5,0.10666173508352934,-3.7775213873853772,53.755560225604754,1.4210854715202004e-14,-3.0,737.9593346665584,399.99999999999994,0.0,99.0,0.0,131.57894736842104,0.0,432.578947368421,500.0,0.865157894736842,0.16,123.37310314178465,69.70763157894736,23.999999999999996,29.6654715628373,1.4210854715202004e-14,0.5948983366663962,0.0,29.51837338666234,53.755560225604754,0.0,29.51837338666234,0.5420352873247914,1.8448983366663962,15.999999999999998,0.0,737.9593346665584,399.99999999999994,337.9593346665585,0.0,0.0,1.0,0.5420352873247914,2,3
,5,,3,2024-09-20T17:00:00,mappo_no_inference,H01,0,0,1,0.3029538094997406,91.95031270646652,0.0400376662188184,629.6273452984989,614.6273452984989,2298.757817661663,200.0,0.0,28.0,28.0,0.0,0.0,0.95,172.0,250.0,0.688,0.22,60.59076189994812,37.980000000000004,11.999999999999998,10.610761899948118,10.415601990026998,10.415601990026998,1.96476674422446,13.5,0.252214715186926,-10.27037489074998,383.27462845329217,0.0,-3.0,2298.757817661663,200.0,0.0,28.0,28.0,0.0,0.0,172.0,250.0,0.688,0.22,60.59076189994812,37.980000000000004,11.999999999999998,10.610761899948118,0.0,10.243789088308315,0.0,91.95031270646652,383.27462845329217,0.0,91.95031270646652,0.08700351053224194,11.493789088308315,7.999999999999999,0.0,2298.757817661663,200.0,2098.757817661663,0.0,0.0,1.0,0.08700351053224194,2,3
,5,,3,2024-09-20T17:00:00,mappo_no_inference,H02,1,1,1,0.5277777910232544,4.268798666875828,0.0400376662188184,0.0,0.0,106.71996667189566,106.71996667189566,0.0,21.0,21.0,0.0,0.0,0.95,85.71996667189566,250.0,0.34287986668758264,0.22,56.324428268168425,18.963392667817047,6.403198000313742,30.957837600037635,10.423089976555849,10.423089976555849,1.8150158078170655,13.5,0.252214715186926,-10.27037489074998,383.27462845329217,0.0,-3.0,106.71996667189566,106.71996667189566,0.0,21.0,21.0,0.0,0.0,85.71996667189566,250.0,0.34287986668758264,0.22,56.324428268168425,18.963392667817047,6.403198000313742,30.957837600037635,0.0,0.0,0.0,4.268798666875828,383.27462845329217,0.0,4.268798666875828,1.0,0.5335998333594785,4.268798666875828,0.0,106.71996667189566,106.71996667189566,0.0,0.0,0.0,1.0,1.0,2,3
,5,,3,2024-09-20T17:00:00,mappo_no_inference,H03,2,2,1,0.6841118335723877,0.5323242594688078,0.0400376662188184,0.0,0.0,13.308106486720193,13.308106486720193,0.0,13.308106486720193,13.308106486720193,0.0,0.0,0.95,0.0,350.0,0.0,0.22,9.104233130006739,0.06654053243360097,0.7984863892032117,8.239206208369925,10.31692688733445,10.31692688733445,1.5743168304450235,13.5,0.252214715186926,-10.27037489074998,383.27462845329217,0.0,-3.0,13.308106486720193,13.308106486720193,0.0,13.308106486720193,13.308106486720193,0.0,0.0,0.0,350.0,0.0,0.22,9.104233130006739,0.06654053243360097,0.7984863892032117,8.239206208369925,0.0,0.0,0.0,0.5323242594688078,383.27462845329217,0.0,0.5323242594688078,1.0,0.04436035495573398,0.5323242594688078,0.0,13.308106486720193,13.308106486720193,0.0,0.0,0.0,1.0,1.0,2,3
,5,,3,2024-09-20T17:00:00,mappo_no_inference,H04,3,3,1,0.3982570171356201,2.3283620832604502e-11,0.0400376662188184,105.52871346564623,90.52871346564623,5.820905208151125e-10,200.0,0.0,28.0,28.0,0.0,0.0,0.95,172.0,250.0,0.688,0.22,79.65140342712402,37.980000000000004,12.0,29.67140342712402,13.024478288854691,13.024478288854691,4.08054566291693,13.5,0.252214715186926,-10.27037489074998,383.27462845329217,0.0,-3.0,5.820905208151125e-10,200.0,0.0,28.0,28.0,0.0,0.0,172.0,250.0,0.688,0.22,79.65140342712402,37.980000000000004,12.0,29.67140342712402,0.0,1.508811891094104,0.0,2.3283620832604502e-11,383.27462845329217,22.070495128729547,22.07049512875283,0.362474876677226,2.758811891094104,8.0,551.7623782182387,551.7623782188208,200.0,351.7623782188208,0.0,0.0,1.0,0.362474876677226,2,3
,5,,3,2024-09-20T17:00:00,mappo_no_inference,H05,4,4,1,0.729425847530365,0.10972068126189823,0.0400376662188184,0.0,0.0,2.743017031547456,2.743017031547456,0.0,2.743017031547456,2.743017031547456,0.0,0.0,0.95,0.0,500.0,0.0,0.22,2.0008275230267287,0.01371508515773728,0.16458102189284735,1.822531415976144,15.83720724566813,15.83720724566813,6.765219915490589,13.5,0.252214715186926,-10.27037489074998,383.27462845329217,0.0,-3.0,2.743017031547456,2.743017031547456,0.0,2.743017031547456,2.743017031547456,0.0,0.0,0.0,500.0,0.0,0.22,2.0008275230267287,0.01371508515773728,0.16458102189284735,1.822531415976144,0.0,0.0,0.0,0.10972068126189823,383.27462845329217,0.0,0.10972068126189823,1.0,0.006857542578868639,0.10972068126189823,0.0,2.743017031547456,2.743017031547456,0.0,0.0,0.0,1.0,1.0,2,3
,5,,3,2024-09-20T17:00:00,mappo_no_inference,H06,5,5,1,0.528700590133667,2.7827294238511895,0.0400376662188184,0.0,0.0,69.56823559627975,69.56823559627975,0.0,69.56823559627975,69.56823559627975,0.0,0.0,0.95,0.0,700.0,0.0,0.22,36.78076721431108,0.34784117798139874,4.174094135776784,32.2588319005529,13.194611082133031,13.194611082133031,4.57734906126681,13.5,0.252214715186926,-10.27037489074998,383.27462845329217,0.0,-3.0,69.56823559627975,69.56823559627975,0.0,69.56823559627975,69.56823559627975,0.0,0.0,0.0,700.0,0.0,0.22,36.78076721431108,0.34784117798139874,4.174094135776784,32.2588319005529,0.0,0.0,0.0,2.7827294238511895,383.27462845329217,0.0,2.7827294238511895,1.0,0.17392058899069934,2.7827294238511895,0.0,69.56823559627975,69.56823559627975,0.0,0.0,0.0,1.0,1.0,2,3
,5,,3,2024-09-20T17:00:00,mappo_no_inference,H07,6,6,1,0.7464107275009155,0.00015180923371415148,0.0400376662188184,0.0,0.0,0.0037952308428537865,222.6599743139223,0.0,17.5,17.5,48.81578947368421,0.0,0.95,253.97576378760652,350.0,0.7256450393931615,0.22,166.1957934129899,55.962168033273436,13.359598458835334,96.87402692088114,10.121526685270675,10.121526685270675,1.3361249553123953,13.5,0.252214715186926,-10.27037489074998,383.27462845329217,0.0,-3.0,0.0037952308428537865,222.6599743139223,0.0,17.5,17.5,48.81578947368421,0.0,253.97576378760652,350.0,0.7256450393931615,0.22,166.1957934129899,55.962168033273436,13.359598458835334,96.87402692088114,0.0,0.0,0.0,0.00015180923371415148,383.27462845329217,8.906247163323176,8.90639897255689,1.0,0.7421999143797408,8.90639897255689,222.65617908307945,222.6599743139223,222.6599743139223,0.0,0.0,0.0,1.0,1.0,2,3
,5,,3,2024-09-20T17:00:00,mappo_no_inference,H08,7,7,1,0.7513419389724731,5.2699305387077454e-05,0.0400376662188184,0.0,0.0,0.0013174826346769365,337.9606521491932,0.0,63.0,63.0,0.0,0.0,0.95,274.9606521491932,500.0,0.5499213042983864,0.22,253.92401168217634,60.806343472822505,20.27763912895159,172.84002908040225,9.881815004136183,9.881815004136183,1.3477191964434923,13.5,0.252214715186926,-10.27037489074998,383.27462845329217,0.0,-3.0,0.0013174826346769365,337.9606521491932,0.0,63.0,63.0,0.0,0.0,274.9606521491932,500.0,0.5499213042983864,0.22,253.92401168217634,60.806343472822505,20.27763912895159,172.84002908040225,0.0,0.0,0.0,5.2699305387077454e-05,383.27462845329217,13.51837338666234,13.518426085967727,1.0,0.8449016303729829,13.518426085967727,337.9593346665585,337.9606521491932,337.9606521491932,0.0,0.0,0.0,1.0,1.0,2,3
,5,,3,2024-09-20T18:00:00,mappo_no_inference,H01,0,0,2,0.7221564650535583,6.120053298556988e-47,0.013666683724793537,569.6273452984989,554.6273452984989,1.530013324639247e-45,200.0,0.0,12.8,12.8,0.0,0.0,0.95,187.2,250.0,0.7487999999999999,0.3,144.43129301071167,56.224,12.0,76.20729301071168,9.880613427624445,9.880613427624445,1.5633959600124467,13.5,0.10552253181682711,-12.998526966902991,174.973131020646,0.0,-3.0,1.530013324639247e-45,200.0,0.0,12.8,12.8,0.0,0.0,187.2,250.0,0.7487999999999999,0.3,144.43129301071167,56.224,12.0,76.20729301071168,0.0,9.243789088308315,0.0,6.120053298556988e-47,174.973131020646,83.95031270646652,83.95031270646652,0.09529446338064416,10.493789088308315,8.0,2098.757817661663,2098.757817661663,200.0,1898.757817661663,0.0,0.0,1.0,0.09529446338064416,2,3
,5,,3,2024-09-20T18:00:00,mappo_no_inference,H02,1,1,2,0.299975723028183,26.95139502081566,0.013666683724793537,142.13546265611745,127.13546265611745,673.7848755203916,200.0,0.0,9.6,9.6,0.0,0.0,0.95,190.4,250.0,0.7616,0.3,59.9951446056366,57.168,12.0,-9.172855394363403,9.922025529802529,9.922025529802529,1.4331425787647407,13.5,0.10552253181682711,-12.998526966902991,174.973131020646,0.0,-3.0,673.7848755203916,200.0,0.0,9.6,9.6,0.0,0.0,190.4,250.0,0.7616,0.3,59.9951446056366,57.168,12.0,-9.172855394363403,0.0,2.1189243776019575,0.0,26.95139502081566,174.973131020646,0.0,26.95139502081566,0.2968306461992514,3.3689243776019575,8.0,0.0,673.7848755203916,200.0,473.78487552039155,0.0,0.0,1.0,0.2968306461992514,2,3
,5,,3,2024-09-20T18:00:00,mappo_no_inference,H03,2,2,2,0.3169592022895813,20.024278486406462,0.013666683724793537,40.12139243203231,25.12139243203231,500.60696216016146,299.99999999999994,0.0,9.6,9.6,0.0,0.0,0.95,290.3999999999999,350.0,0.8297142857142855,0.3,95.08776068687438,87.16799999999998,18.0,-10.080239313125603,10.539773400074907,10.539773400074907,1.9093906547193848,13.5,0.10552253181682711,-12.998526966902991,174.973131020646,0.0,-3.0,500.60696216016146,299.99999999999994,0.0,9.6,9.6,0.0,0.0,290.3999999999999,350.0,0.8297142857142855,0.3,95.08776068687438,87.16799999999998,18.0,-10.080239313125603,0.0,0.41868987386720513,0.0,20.024278486406462,174.973131020646,0.0,20.024278486406462,0.5992725285031485,1.6686898738672051,12.0,0.0,500.60696216016146,299.99999999999994,200.60696216016152,0.0,0.0,1.0,0.5992725285031485,2,3
,5,,3,2024-09-20T18:00:00,mappo_no_inference,H04,3,3,2,0.7996550798416138,4.236923393952899e-10,0.013666683724793537,45.52871346882393,30.52871346882393,1.0592308484882249e-08,200.0,0.0,12.8,12.8,0.0,0.0,0.95,187.2,250.0,0.7487999999999999,0.3,159.93101596832275,56.224,12.0,91.70701596832276,13.587252090353884,13.587252090353884,4.7415957396572335,13.5,0.10552253181682711,-12.998526966902991,174.973131020646,0.0,-3.0,1.0592308484882249e-08,200.0,0.0,12.8,12.8,0.0,0.0,187.2,250.0,0.7487999999999999,0.3,159.93101596832275,56.224,12.0,91.70701596832276,0.0,0.5088118911470655,0.0,4.236923393952899e-10,174.973131020646,14.070495128752832,14.070495129176525,0.5685656351503389,1.7588118911470656,8.0,351.7623782188208,351.7623782294131,200.0,151.76237822941312,-1.1102230246251565e-16,0.0,1.0,0.5685656351503389,2,3
,5,,3,2024-09-20T18:00:00,mappo_no_inference,H05,4,4,2,0.3542652726173401,4.376319079122581,0.013666683724793537,0.0,0.0,109.40797697806453,109.40797697806453,0.0,24.0,24.0,0.0,0.0,0.95,85.40797697806453,500.0,0.17081595395612906,0.3,38.7594467906457,25.74239309341936,6.5644786186838715,6.452575078542466,16.32164188358618,16.32164188358618,7.37855116599612,13.5,0.10552253181682711,-12.998526966902991,174.973131020646,0.0,-3.0,109.40797697806453,109.40797697806453,0.0,24.0,24.0,0.0,0.0,85.40797697806453,500.0,0.17081595395612906,0.3,38.7594467906457,25.74239309341936,6.5644786186838715,6.452575078542466,0.0,0.0,0.0,4.376319079122581,174.973131020646,0.0,4.376319079122581,1.0,0.2735199424451613,4.376319079122581,0.0,109.40797697806453,109.40797697806453,0.0,0.0,0.0,1.0,1.0,2,3
,5,,3,2024-09-20T18:00:00,mappo_no_inference,H06,5,5,2,0.33013007044792175,11.029401826218903,0.013666683724793537,0.0,0.0,275.73504565547256,275.73504565547256,0.0,32.0,32.0,0.0,0.0,0.95,243.73504565547256,700.0,0.3481929223649608,0.3,91.02843004720208,73.28051369664176,16.544102739328356,1.2038136112319613,12.955351321860196,12.955351321860196,4.490117427168017,13.5,0.10552253181682711,-12.998526966902991,174.973131020646,0.0,-3.0,275.73504565547256,275.73504565547256,0.0,32.0,32.0,0.0,0.0,243.73504565547256,700.0,0.3481929223649608,0.3,91.02843004720208,73.28051369664176,16.544102739328356,1.2038136112319613,0.0,0.0,0.0,11.029401826218903,174.973131020646,0.0,11.029401826218903,1.0,0.6893376141386814,11.029401826218903,0.0,275.73504565547256,275.73504565547256,0.0,0.0,0.0,1.0,1.0,2,3
,5,,3,2024-09-20T18:00:00,mappo_no_inference,H07,6,6,2,0.36547791957855225,10.6238586289813,0.013666683724793537,0.0,0.0,265.59646572453244,265.59646572453244,0.0,8.0,8.0,0.0,0.0,0.95,257.59646572453244,350.0,0.7359899020700926,0.3,97.06964374041837,77.31893971735974,15.935787943471949,3.8149160795866823,10.373475862118294,10.373475862118294,1.7224636803661273,13.5,0.10552253181682711,-12.998526966902991,174.973131020646,0.0,-3.0,265.59646572453244,265.59646572453244,0.0,8.0,8.0,0.0,0.0,257.59646572453244,350.0,0.7359899020700926,0.3,97.06964374041837,77.31893971735974,15.935787943471949,3.8149160795866823,0.0,0.0,0.0,10.6238586289813,174.973131020646,0.0,10.6238586289813,1.0,0.8853215524151082,10.6238586289813,0.0,265.59646572453244,265.59646572453244,0.0,0.0,0.0,1.0,1.0,2,3
,5,,3,2024-09-20T18:00:00,mappo_no_inference,H08,7,7,2,0.5034884214401245,1.768675664854806,0.013666683724793537,0.0,0.0,44.21689162137015,44.21689162137015,0.0,28.8,28.8,0.0,0.0,0.95,15.416891621370151,500.0,0.030833783242740304,0.3,22.262692963432727,4.769067486411045,2.6530134972822093,14.84061197973947,9.64909389045499,9.64909389045499,1.263531035617052,13.5,0.10552253181682711,-12.998526966902991,174.973131020646,0.0,-3.0,44.21689162137015,44.21689162137015,0.0,28.8,28.8,0.0,0.0,15.416891621370151,500.0,0.030833783242740304,0.3,22.262692963432727,4.769067486411045,2.6530134972822093,14.84061197973947,0.0,0.0,0.0,1.768675664854806,174.973131020646,0.0,1.768675664854806,1.0,0.11054222905342538,1.768675664854806,0.0,44.21689162137015,44.21689162137015,0.0,0.0,0.0,1.0,1.0,2,3
,5,,3,2024-09-20T19:00:00,mappo_no_inference,H01,0,0,3,0.28171199560165405,4.342062408093703e-40,0.017113525804112725,509.6273452984989,494.6273452984989,1.0855156020234259e-38,200.0,0.0,3.2,3.2,0.0,0.0,0.95,196.8,250.0,0.7872,0.34,56.34239912033081,66.92800000000001,12.0,-22.5856008796692,9.871924634784545,9.871924634784545,1.4929458251376728,13.5,0.1276256511889727,-12.190209077989559,-47.46959410780206,0.0,-3.0,1.0855156020234259e-38,200.0,0.0,3.2,3.2,0.0,0.0,196.8,250.0,0.7872,0.34,56.34239912033081,66.92800000000001,12.0,-22.5856008796692,0.0,8.243789088308315,0.0,4.342062408093703e-40,-47.46959410780206,75.95031270646652,75.95031270646652,0.10533202188276004,9.493789088308315,8.0,1898.757817661663,1898.757817661663,200.0,1698.757817661663,0.0,0.0,1.0,0.10533202188276004,2,3
,5,,3,2024-09-20T19:00:00,mappo_no_inference,H02,1,1,3,0.2539176046848297,2.8399373086556287e-09,0.017113525804112725,82.13546267741697,67.13546267741697,7.099843271639072e-08,200.00000000000003,0.0,2.4,2.4,0.0,0.0,0.95,197.60000000000002,250.0,0.7904000000000001,0.34,50.78352093696595,67.19600000000001,12.0,-28.412479063034063,9.727043160844259,9.727043160844259,1.2095991504391874,13.5,0.1276256511889727,-12.190209077989559,-47.46959410780206,0.0,-3.0,7.099843271639072e-08,200.00000000000003,0.0,2.4,2.4,0.0,0.0,197.60000000000002,250.0,0.7904000000000001,0.34,50.78352093696595,67.19600000000001,12.0,-28.412479063034063,0.0,1.1189243779569495,0.0,2.8399373086556287e-09,-47.46959410780206,18.95139502081566,18.951395023655596,0.42213251267329943,2.3689243779569495,8.0,473.78487552039155,473.78487559139,200.00000000000003,273.78487559139,0.0,0.0,1.0,0.42213251267329943,2,3
,5,,3,2024-09-20T19:00:00,mappo_no_inference,H03,2,2,3,0.7553355097770691,5.42804167859808e-05,0.017113525804112725,0.0,0.0,0.0013570104196495199,200.60831917058115,0.0,2.4,2.4,0.0,0.0,0.95,198.20831917058115,350.0,0.5663094833445176,0.34,151.5265870262319,67.40282851799759,12.03649915023487,72.08725935799944,10.454016080586625,10.454016080586625,1.801128541564942,13.5,0.1276256511889727,-12.190209077989559,-47.46959410780206,0.0,-3.0,0.0013570104196495199,200.60831917058115,0.0,2.4,2.4,0.0,0.0,198.20831917058115,350.0,0.5663094833445176,0.34,151.5265870262319,67.40282851799759,12.03649915023487,72.08725935799944,0.0,0.0,0.0,5.42804167859808e-05,-47.46959410780206,8.024278486406462,8.024332766823248,1.0,0.6686943972352707,8.024332766823248,200.60696216016152,200.60831917058115,200.60831917058115,0.0,0.0,0.0,1.0,1.0,2,3
,5,,3,2024-09-20T19:00:00,mappo_no_inference,H04,3,3,3,0.5333261489868164,0.00027012684740997973,0.017113525804112725,0.0,0.0,0.006753171185249493,151.76913140059835,0.0,3.2,3.2,0.0,0.0,0.95,148.56913140059837,250.0,0.5942765256023934,0.34,80.94244638495523,50.529504676203445,9.106147884035902,21.306793824715886,13.652188387851373,13.652188387851373,4.7651158059137595,13.5,0.1276256511889727,-12.190209077989559,-47.46959410780206,0.0,-3.0,0.006753171185249493,151.76913140059835,0.0,3.2,3.2,0.0,0.0,148.56913140059837,250.0,0.5942765256023934,0.34,80.94244638495523,50.529504676203445,9.106147884035902,21.306793824715886,0.0,0.0,0.0,0.00027012684740997973,-47.46959410780206,6.070495129176524,6.070765256023934,1.0,0.7588456570029918,6.070765256023934,151.76237822941312,151.76913140059835,151.76913140059835,0.0,0.0,0.0,1.0,1.0,2,3
,5,,3,2024-09-20T19:00:00,mappo_no_inference,H05,4,4,3,0.32923784852027893,5.010148663228206,0.017113525804112725,0.0,0.0,125.25371658070512,125.25371658070512,0.0,6.0,6.0,0.0,0.0,0.95,119.25371658070512,500.0,0.23850743316141024,0.34,41.23826416620014,40.576263637439745,7.515222994842309,-6.853222466081914,16.43943517194967,16.43943517194967,7.440343352400565,13.5,0.1276256511889727,-12.190209077989559,-47.46959410780206,0.0,-3.0,125.25371658070512,125.25371658070512,0.0,6.0,6.0,0.0,0.0,119.25371658070512,500.0,0.23850743316141024,0.34,41.23826416620014,40.576263637439745,7.515222994842309,-6.853222466081914,0.0,0.0,0.0,5.010148663228206,-47.46959410780206,0.0,5.010148663228206,1.0,0.31313429145176286,5.010148663228206,0.0,125.25371658070512,125.25371658070512,0.0,0.0,0.0,1.0,1.0,2,3
,5,,3,2024-09-20T19:00:00,mappo_no_inference,H06,5,5,3,0.2800077497959137,17.50007485111906,0.017113525804112725,5.625280691696473,0.0,437.50187127797653,400.00000000000006,0.0,8.0,8.0,0.0,0.0,0.95,392.00000000000006,700.0,0.56,0.34,112.00309991836549,133.32000000000002,24.0,-45.31690008163453,13.20417968214924,13.20417968214924,4.642152208398916,13.5,0.1276256511889727,-12.190209077989559,-47.46959410780206,0.0,-3.0,437.50187127797653,400.00000000000006,0.0,8.0,8.0,0.0,0.0,392.00000000000006,700.0,0.56,0.34,112.00309991836549,133.32000000000002,24.0,-45.31690008163453,0.0,0.0,0.0,17.50007485111906,-47.46959410780206,0.0,17.50007485111906,0.9142818037133632,1.0937546781949412,16.0,0.0,437.50187127797653,400.00000000000006,37.50187127797648,0.0,0.0,1.0,0.9142818037133632,2,3
,5,,3,2024-09-20T19:00:00,mappo_no_inference,H07,6,6,3,0.5759677886962891,0.4908143357619141,0.017113525804112725,0.0,0.0,12.270358394047852,12.270358394047852,0.0,2.0,2.0,0.0,0.0,0.95,10.270358394047852,350.0,0.029343881125851005,0.34,7.06733119073069,3.5019218539762695,0.7362215036428711,2.8291878331115496,10.341777498329778,10.341777498329778,1.6613054661456768,13.5,0.1276256511889727,-12.190209077989559,-47.46959410780206,0.0,-3.0,12.270358394047852,12.270358394047852,0.0,2.0,2.0,0.0,0.0,10.270358394047852,350.0,0.029343881125851005,0.34,7.06733119073069,3.5019218539762695,0.7362215036428711,2.8291878331115496,0.0,0.0,0.0,0.4908143357619141,-47.46959410780206,0.0,0.4908143357619141,1.0,0.04090119464682617,0.4908143357619141,0.0,12.270358394047852,12.270358394047852,0.0,0.0,0.0,1.0,1.0,2,3
,5,,3,2024-09-20T19:00:00,mappo_no_inference,H08,7,7,3,0.29265841841697693,26.403426365242957,0.017113525804112725,39.01284886966109,24.01284886966109,660.0856591310738,399.99999999999994,0.0,7.2,7.2,0.0,0.0,0.95,392.79999999999995,500.0,0.7855999999999999,0.34,117.06336736679076,133.588,24.0,-40.52463263320924,9.71430197879447,9.71430197879447,1.2703540148432666,13.5,0.1276256511889727,-12.190209077989559,-47.46959410780206,0.0,-3.0,660.0856591310738,399.99999999999994,0.0,7.2,7.2,0.0,0.0,392.79999999999995,500.0,0.7855999999999999,0.34,117.06336736679076,133.588,24.0,-40.52463263320924,0.0,0.4002141478276849,0.0,26.403426365242957,-47.46959410780206,0.0,26.403426365242957,0.6059819577455349,1.6502141478276848,16.0,0.0,660.0856591310738,399.99999999999994,260.0856591310739,0.0,0.0,1.0,0.6059819577455349,2,3
,5,,3,2024-09-20T20:00:00,mappo_no_inference,H01,0,0,4,0.5708248615264893,8.81482886113523e-37,0.12826078284850917,449.6273452984989,434.6273452984989,2.203707215283807e-35,200.0,0.0,0.0,0.0,0.0,0.0,0.95,200.0,250.0,0.8,0.27,114.16497230529785,54.0,12.0,48.16497230529785,9.728032842706185,9.728032842706185,1.430963501800129,13.5,0.6021074172686383,-7.366005356562409,160.7248479859972,0.0,-3.0,2.203707215283807e-35,200.0,0.0,0.0,0.0,0.0,0.0,200.0,250.0,0.8,0.27,114.16497230529785,54.0,12.0,48.16497230529785,0.0,7.243789088308315,0.0,8.81482886113523e-37,160.7248479859972,67.95031270646652,67.95031270646652,0.1177330858587598,8.493789088308315,8.0,1698.757817661663,1698.757817661663,200.0,1498.757817661663,0.0,0.0,1.0,0.1177330858587598,2,3
,5,,3,2024-09-20T20:00:00,mappo_no_inference,H02,1,1,4,0.3506707549095154,7.975013193959215e-05,0.12826078284850917,22.136060803406515,7.136060803406517,0.0019937532984898036,200.00000000000006,0.0,0.0,0.0,0.0,0.0,0.95,200.00000000000006,250.0,0.8000000000000003,0.27,70.13415098190309,54.00000000000002,11.999999999999998,4.134150981903071,9.695231887347681,9.695231887347681,1.2430574429579058,13.5,0.6021074172686383,-7.366005356562409,160.7248479859972,0.0,-3.0,0.0019937532984898036,200.00000000000006,0.0,0.0,0.0,0.0,0.0,200.00000000000006,250.0,0.8000000000000003,0.27,70.13415098190309,54.00000000000002,11.999999999999998,4.134150981903071,0.0,0.11893434672344196,0.0,7.975013193959215e-05,160.7248479859972,10.951395023655596,10.951474773787536,0.73049522235563,1.368934346723442,7.999999999999999,273.78487559139,273.7868693446885,200.00000000000006,73.78686934468845,-1.1102230246251565e-16,0.0,1.0,0.73049522235563,2,3
,5,,3,2024-09-20T20:00:00,mappo_no_inference,H03,2,2,4,0.43864214420318604,16.379857143842735,0.12826078284850917,21.89928571921367,6.899285719213668,409.49642859606837,300.0,0.0,0.0,0.0,0.0,0.0,0.95,300.0,350.0,0.8571428571428571,0.27,131.5926432609558,81.0,18.0,32.59264326095581,10.584548542777274,10.584548542777274,1.9697591953152604,13.5,0.6021074172686383,-7.366005356562409,160.7248479859972,0.0,-3.0,409.49642859606837,300.0,0.0,0.0,0.0,0.0,0.0,300.0,350.0,0.8571428571428571,0.27,131.5926432609558,81.0,18.0,32.59264326095581,0.0,0.1149880953202278,0.0,16.379857143842735,160.7248479859972,0.0,16.379857143842735,0.7326071219437257,1.3649880953202278,12.0,0.0,409.49642859606837,300.0,109.49642859606837,-5.551115123125783e-17,0.0,1.0,0.7326071219437257,2,3
,5,,3,2024-09-20T20:00:00,mappo_no_inference,H04,3,3,4,0.6156141757965088,0.8216407790264593,0.12826078284850917,0.0,0.0,20.541019475661482,20.541019475661482,0.0,0.0,0.0,0.0,0.0,0.95,20.541019475661482,250.0,0.08216407790264593,0.27,12.645342774529379,5.5460752584286,1.232461168539689,5.86680634756109,13.810094852510273,13.810094852510273,4.9194459956828585,13.5,0.6021074172686383,-7.366005356562409,160.7248479859972,0.0,-3.0,20.541019475661482,20.541019475661482,0.0,0.0,0.0,0.0,0.0,20.541019475661482,250.0,0.08216407790264593,0.27,12.645342774529379,5.5460752584286,1.232461168539689,5.86680634756109,0.0,0.0,0.0,0.8216407790264593,160.7248479859972,0.0,0.8216407790264593,1.0,0.10270509737830741,0.8216407790264593,0.0,20.541019475661482,20.541019475661482,0.0,0.0,0.0,1.0,1.0,2,3
,5,,3,2024-09-20T20:00:00,mappo_no_inference,H05,4,4,4,0.7773218750953674,0.05640947961219982,0.12826078284850917,0.0,0.0,1.4102369903049956,1.4102369903049956,0.0,0.0,0.0,0.0,0.0,0.95,1.4102369903049956,500.0,0.002820473980609991,0.27,1.0962080616327268,0.38076398738234885,0.08461421941829972,0.6308298548320782,16.34101879882399,16.34101879882399,7.332686717253598,13.5,0.6021074172686383,-7.366005356562409,160.7248479859972,0.0,-3.0,1.4102369903049956,1.4102369903049956,0.0,0.0,0.0,0.0,0.0,1.4102369903049956,500.0,0.002820473980609991,0.27,1.0962080616327268,0.38076398738234885,0.08461421941829972,0.6308298548320782,0.0,0.0,0.0,0.05640947961219982,160.7248479859972,0.0,0.05640947961219982,1.0,0.0035255924757624886,0.05640947961219982,0.0,1.4102369903049956,1.4102369903049956,0.0,0.0,0.0,1.0,1.0,2,3
,5,,3,2024-09-20T20:00:00,mappo_no_inference,H06,5,5,4,0.35873061418533325,12.460596350387261,0.12826078284850917,0.0,0.0,311.51490875968153,349.016780037658,0.0,0.0,0.0,0.0,0.0,0.95,349.016780037658,700.0,0.49859540005379716,0.27,125.20300386389641,94.23453061016767,20.94100680225948,10.027466451469266,13.129164785777057,13.129164785777057,4.635884685456142,13.5,0.6021074172686383,-7.366005356562409,160.7248479859972,0.0,-3.0,311.51490875968153,349.016780037658,0.0,0.0,0.0,0.0,0.0,349.016780037658,700.0,0.49859540005379716,0.27,125.20300386389641,94.23453061016767,20.94100680225948,10.027466451469266,0.0,0.0,0.0,12.460596350387261,160.7248479859972,1.5000748511190594,13.96067120150632,1.0,0.872541950094145,13.96067120150632,37.50187127797648,349.016780037658,349.016780037658,0.0,0.0,0.0,1.0,1.0,2,3
,5,,3,2024-09-20T20:00:00,mappo_no_inference,H07,6,6,4,0.6367886066436768,1.118648323232728,0.12826078284850917,0.0,0.0,27.966208080818202,27.966208080818202,0.0,0.0,0.0,0.0,0.0,0.95,27.966208080818202,350.0,0.07990345165948058,0.27,17.808562676891356,7.550876181820915,1.677972484849092,8.579714010221348,10.370474006133621,10.370474006133621,1.7226070366404982,13.5,0.6021074172686383,-7.366005356562409,160.7248479859972,0.0,-3.0,27.966208080818202,27.966208080818202,0.0,0.0,0.0,0.0,0.0,27.966208080818202,350.0,0.07990345165948058,0.27,17.808562676891356,7.550876181820915,1.677972484849092,8.579714010221348,0.0,0.0,0.0,1.118648323232728,160.7248479859972,0.0,1.118648323232728,1.0,0.09322069360272733,1.118648323232728,0.0,27.966208080818202,27.966208080818202,0.0,0.0,0.0,1.0,1.0,2,3
,5,,3,2024-09-20T20:00:00,mappo_no_inference,H08,7,7,4,0.5248709917068481,0.00926037267218176,0.12826078284850917,0.0,0.0,0.23150931680454398,260.31716844787843,0.0,0.0,0.0,0.0,0.0,0.95,260.31716844787843,500.0,0.5206343368957569,0.27,136.6329303615566,70.28563548092718,15.61903010687271,50.72826477375669,9.625510175815247,9.625510175815247,1.2567956942980307,13.5,0.6021074172686383,-7.366005356562409,160.7248479859972,0.0,-3.0,0.23150931680454398,260.31716844787843,0.0,0.0,0.0,0.0,0.0,260.31716844787843,500.0,0.5206343368957569,0.27,136.6329303615566,70.28563548092718,15.61903010687271,50.72826477375669,0.0,0.0,0.0,0.00926037267218176,160.7248479859972,10.403426365242957,10.41268673791514,1.0,0.6507929211196962,10.41268673791514,260.0856591310739,260.31716844787843,260.31716844787843,0.0,0.0,0.0,1.0,1.0,2,3
,5,,3,2024-09-20T21:00:00,mappo_no_inference,H01,0,0,5,0.7565506100654602,1.0307597463282038e-33,0.1138701716930495,389.6273452984989,374.6273452984989,2.57689936582051e-32,200.0,0.0,0.0,0.0,0.0,100.0,0.42368421052631583,100.0,250.0,0.4,0.2,151.31012201309204,23.0,12.0,116.31012201309204,9.700563397740396,9.700563397740396,1.4341369101305075,13.5,0.5574986832745168,-4.42000793770307,328.83868526217583,1.4210854715202004e-14,-3.0,2.57689936582051e-32,200.0,0.0,0.0,0.0,0.0,100.0,100.0,250.0,0.4,0.2,151.31012201309204,23.0,12.0,116.31012201309204,1.4210854715202004e-14,6.243789088308315,0.0,1.0307597463282038e-33,328.83868526217583,59.95031270646652,59.95031270646652,0.13344384105501225,7.493789088308315,8.0,1498.757817661663,1498.757817661663,200.0,1298.757817661663,0.0,0.0,1.0,0.13344384105501225,2,3
,5,,3,2024-09-20T21:00:00,mappo_no_inference,H02,1,1,5,0.7372708320617676,0.005917753090661577,0.1138701716930495,0.0,0.0,0.14794382726653943,73.934813171955,0.0,0.0,0.0,0.0,73.934813171955,0.5608694043581316,0.0,250.0,0.0,0.2,54.509981225618596,2.2180443951586497,4.436088790317296,47.85584804014265,9.638215586200548,9.638215586200548,1.2245696924085097,13.5,0.5574986832745168,-4.42000793770307,328.83868526217583,1.4210854715202004e-14,-3.0,0.14794382726653943,73.934813171955,0.0,0.0,0.0,0.0,73.934813171955,0.0,250.0,0.0,0.2,54.509981225618596,2.2180443951586497,4.436088790317296,47.85584804014265,1.4210854715202004e-14,0.0,0.0,0.005917753090661577,328.83868526217583,2.9514747737875355,2.957392526878197,1.0,0.36967406585977464,2.957392526878197,73.78686934468845,73.934813171955,73.934813171955,0.0,0.0,0.0,1.0,1.0,2,3
,5,,3,2024-09-20T21:00:00,mappo_no_inference,H03,2,2,5,0.2829984426498413,2.873830446087521,0.1138701716930495,0.0,0.0,71.84576115218803,181.3421897482564,0.0,0.0,0.0,0.0,150.0,0.4236842105263158,31.342189748256402,350.0,0.08954911356644686,0.2,51.319557285468576,10.76843794965128,10.880531384895383,29.670587950921913,10.476703990564088,10.476703990564088,1.9054782310144462,13.5,0.5574986832745168,-4.42000793770307,328.83868526217583,0.0,-3.0,71.84576115218803,181.3421897482564,0.0,0.0,0.0,0.0,150.0,31.342189748256402,350.0,0.08954911356644686,0.2,51.319557285468576,10.76843794965128,10.880531384895383,29.670587950921913,0.0,0.0,0.0,2.873830446087521,328.83868526217583,4.379857143842734,7.253687589930255,1.0,0.6044739658275212,7.253687589930255,109.49642859606837,181.3421897482564,181.3421897482564,0.0,0.0,0.0,1.0,1.0,2,3
,5,,3,2024-09-20T21:00:00,mappo_no_inference,H04,3,3,5,0.7925049066543579,0.054380694431836546,0.1138701716930495,0.0,0.0,1.359517360795914,1.359517360795914,0.0,0.0,0.0,0.0,1.359517360795914,0.9442757163755962,0.0,250.0,0.0,0.2,1.0774241791125447,0.040785520823877416,0.08157104164775482,0.9550676166409124,13.786305426700821,13.786305426700821,4.947756481197205,13.5,0.5574986832745168,-4.42000793770307,328.83868526217583,5.995204332975845e-15,-3.0,1.359517360795914,1.359517360795914,0.0,0.0,0.0,0.0,1.359517360795914,0.0,250.0,0.0,0.2,1.0774241791125447,0.040785520823877416,0.08157104164775482,0.9550676166409124,5.995204332975845e-15,0.0,0.0,0.054380694431836546,328.83868526217583,0.0,0.054380694431836546,1.0,0.006797586803979568,0.054380694431836546,0.0,1.359517360795914,1.359517360795914,0.0,0.0,0.0,1.0,1.0,2,3
,5,,3,2024-09-20T21:00:00,mappo_no_inference,H05,4,4,5,0.7774658203125,0.041485557048514934,0.1138701716930495,0.0,0.0,1.0371389262128732,1.0371389262128732,0.0,0.0,0.0,0.0,1.0371389262128732,0.9478165496290255,0.0,500.0,0.0,0.2,0.8063400660461169,0.031114167786386194,0.0622283355727724,0.7129975626869582,16.48317790777,16.48317790777,7.5304040236488285,13.5,0.5574986832745168,-4.42000793770307,328.83868526217583,2.220446049250313e-16,-3.0,1.0371389262128732,1.0371389262128732,0.0,0.0,0.0,0.0,1.0371389262128732,0.0,500.0,0.0,0.2,0.8063400660461169,0.031114167786386194,0.0622283355727724,0.7129975626869582,2.220446049250313e-16,0.0,0.0,0.041485557048514934,328.83868526217583,0.0,0.041485557048514934,1.0,0.0025928473155321834,0.041485557048514934,0.0,1.0371389262128732,1.0371389262128732,0.0,0.0,0.0,1.0,1.0,2,3
,5,,3,2024-09-20T21:00:00,mappo_no_inference,H06,5,5,5,0.4549996852874756,6.2385389853651585,0.1138701716930495,0.0,0.0,155.96347463412894,155.96347463412894,0.0,0.0,0.0,0.0,155.96347463412894,0.6763798690629317,0.0,700.0,0.0,0.2,70.96333187486985,4.678904239023868,9.357808478047737,56.92661915779825,13.196481216116652,13.196481216116652,4.730897876106128,13.5,0.5574986832745168,-4.42000793770307,328.83868526217583,2.842170943040401e-14,-3.0,155.96347463412894,155.96347463412894,0.0,0.0,0.0,0.0,155.96347463412894,0.0,700.0,0.0,0.2,70.96333187486985,4.678904239023868,9.357808478047737,56.92661915779825,2.842170943040401e-14,0.0,0.0,6.2385389853651585,328.83868526217583,0.0,6.2385389853651585,1.0,0.3899086865853224,6.2385389853651585,0.0,155.96347463412894,155.96347463412894,0.0,0.0,0.0,1.0,1.0,2,3
,5,,3,2024-09-20T21:00:00,mappo_no_inference,H07,6,6,5,0.4181549549102783,17.158478843548494,0.1138701716930495,25.792394217742473,10.792394217742473,428.96197108871235,300.0,0.0,0.0,0.0,0.0,150.0,0.4236842105263158,150.0,350.0,0.42857142857142855,0.2,125.4464864730835,34.5,18.0,72.9464864730835,10.317054162369901,10.317054162369901,1.7182665494014528,13.5,0.5574986832745168,-4.42000793770307,328.83868526217583,0.0,-3.0,428.96197108871235,300.0,0.0,0.0,0.0,0.0,150.0,150.0,350.0,0.42857142857142855,0.2,125.4464864730835,34.5,18.0,72.9464864730835,0.0,0.17987323696237453,0.0,17.158478843548494,328.83868526217583,0.0,17.158478843548494,0.6993626946430593,1.4298732369623746,12.0,0.0,428.96197108871235,300.0,128.96197108871235,1.1102230246251565e-16,0.0,1.0,0.6993626946430593,2,3
,5,,3,2024-09-20T21:00:00,mappo_no_inference,H08,7,7,5,0.7452900409698486,0.21126256963632808,0.1138701716930495,0.0,0.0,5.281564240908202,5.281564240908202,0.0,0.0,0.0,0.0,5.281564240908202,0.9388809173875616,0.0,500.0,0.0,0.2,3.9362972294913616,0.15844692722724607,0.31689385445449214,3.4609564478096235,9.60094110578427,9.60094110578427,1.2642071036120905,13.5,0.5574986832745168,-4.42000793770307,328.83868526217583,8.881784197001252e-16,-3.0,5.281564240908202,5.281564240908202,0.0,0.0,0.0,0.0,5.281564240908202,0.0,500.0,0.0,0.2,3.9362972294913616,0.15844692722724607,0.31689385445449214,3.4609564478096235,8.881784197001252e-16,0.0,0.0,0.21126256963632808,328.83868526217583,0.0,0.21126256963632808,1.0,0.013203910602270505,0.21126256963632808,0.0,5.281564240908202,5.281564240908202,0.0,0.0,0.0,1.0,1.0,2,3
