seed,training_seed,scenario_seed,episode,timestamp,method,hub_id,hub_index,hub,period,price,arrivals,outside_share,wait_min,wait_excess_min,requested_energy_kwh,served_energy_kwh,unmet_energy_kwh,pv_used_kwh,pv_to_ev_kwh,battery_charge_kwh,battery_discharge_kwh,soc,grid_import_kwh,grid_limit_kwh,grid_utilization,grid_price_gbp_per_kwh,revenue_gbp,energy_cost_gbp,operating_cost_gbp,profit_gbp,access_mean_min,route_mean_min,detour_mean_min,outside_cost_estimate,outside_nll,reward,welfare,energy_balance_error_kwh,outside_cost_error_for_evaluation_only,requested_energy,served_energy,unmet_energy,pv_used,pv_to_ev,battery_charge,battery_discharge,grid_import,grid_limit,grid_limit_utilization,grid_price,revenue,energy_cost,operating_cost,profit,energy_balance,wait_violation,unmet,realized_demand,weighted_hub_profit_welfare,historical_equivalent_vehicles,pending_vehicles,admission_ratio,admission_pressure,admitted_vehicles,queued_energy_start_kwh,pending_energy_kwh,admitted_energy_kwh,queued_energy_next_kwh,queue_vehicle_conservation_error,queue_energy_conservation_error_kwh,admitted_full_service_ratio,pending_full_service_ratio,training_update,episode_index
,5,,1,2024-09-20T16:00:00,proposed,H01,0,0,0,0.3541996479034424,39.70865587711759,0.04191368658663985,237.81491907838193,222.81491907838193,992.7163969279397,200.0,0.0,44.0,44.0,84.21052631578947,0.0,0.95,240.21052631578948,250.0,0.9608421052631579,0.16,70.83992958068848,38.653684210526315,12.0,20.186245370162162,10.523533255882333,10.523533255882333,1.9506634909476512,13.503140923648665,0.2660287698005368,-3.63384320513536,147.86024743584727,0.0,-2.9968590763513347,992.7163969279397,200.0,0.0,44.0,44.0,84.21052631578947,0.0,240.21052631578948,250.0,0.9608421052631579,0.16,70.83992958068848,38.653684210526315,12.0,20.186245370162162,0.0,3.7135819846396987,0.0,39.70865587711759,147.86024743584727,0.0,39.70865587711759,0.20146740863646456,4.963581984639699,8.0,0.0,992.7163969279397,200.0,792.7163969279397,0.0,0.0,1.0,0.20146740863646456,0,1
,5,,1,2024-09-20T16:00:00,proposed,H02,1,1,0,0.48653823137283325,6.598695360282425,0.04191368658663985,0.0,0.0,164.96738400706064,164.96738400706064,0.0,33.0,33.0,94.73684210526316,0.0,0.95,226.7042261123238,250.0,0.9068169044492952,0.16,80.26293924899831,36.43767617797181,9.898043040423637,33.92722003060286,10.479442469841132,10.479442469841132,1.7707097551672095,13.503140923648665,0.2660287698005368,-3.63384320513536,147.86024743584727,0.0,-2.9968590763513347,164.96738400706064,164.96738400706064,0.0,33.0,33.0,94.73684210526316,0.0,226.7042261123238,250.0,0.9068169044492952,0.16,80.26293924899831,36.43767617797181,9.898043040423637,33.92722003060286,0.0,0.0,0.0,6.598695360282425,147.86024743584727,0.0,6.598695360282425,1.0,0.8248369200353032,6.598695360282425,0.0,164.96738400706064,164.96738400706064,0.0,0.0,0.0,1.0,1.0,0,1
,5,,1,2024-09-20T16:00:00,proposed,H03,2,2,0,0.43047988414764404,14.868314443962749,0.04191368658663985,14.341572219813745,0.0,371.70786109906874,300.0,0.0,33.0,0.0,83.0,0.0,0.8628333333333335,350.0,350.0,1.0,0.16,129.1439652442932,56.165,18.0,54.97896524429322,10.527459860438006,10.527459860438006,1.6612176665955147,13.503140923648665,0.2660287698005368,-3.63384320513536,147.86024743584727,2.842170943040401e-14,-2.9968590763513347,371.70786109906874,300.0,0.0,33.0,0.0,83.0,0.0,350.0,350.0,1.0,0.16,129.1439652442932,56.165,18.0,54.97896524429322,2.842170943040401e-14,0.0,0.0,14.868314443962749,147.86024743584727,0.0,14.868314443962749,0.807085432933696,1.2390262036635624,12.0,0.0,371.70786109906874,300.0,71.70786109906874,0.0,0.0,1.0,0.807085432933696,0,1
,5,,1,2024-09-20T16:00:00,proposed,H04,3,3,0,0.6300966143608093,0.6152129461001139,0.04191368658663985,0.0,0.0,15.380323652502847,15.380323652502847,0.0,44.0,15.380323652502847,78.94736842105263,0.0,0.95,50.32769207355548,250.0,0.20131076829422193,0.16,9.69108986121552,8.272430731768878,0.9228194191501708,0.4958397102964709,13.071349381297058,13.071349381297058,3.9512880128464136,13.503140923648665,0.2660287698005368,-3.63384320513536,147.86024743584727,0.0,-2.9968590763513347,15.380323652502847,15.380323652502847,0.0,44.0,15.380323652502847,78.94736842105263,0.0,50.32769207355548,250.0,0.20131076829422193,0.16,9.69108986121552,8.272430731768878,0.9228194191501708,0.4958397102964709,0.0,0.0,0.0,0.6152129461001139,147.86024743584727,0.0,0.6152129461001139,1.0,0.07690161826251424,0.6152129461001139,0.0,15.380323652502847,15.380323652502847,0.0,0.0,0.0,1.0,1.0,0,1
,5,,1,2024-09-20T16:00:00,proposed,H05,4,4,0,0.7999297380447388,0.039390288221225304,0.04191368658663985,0.0,0.0,0.9847572055306326,0.9847572055306326,0.0,82.5,0.0,131.57894736842104,0.0,0.95,50.06370457395169,500.0,0.10012740914790338,0.16,0.7877365734577879,8.42269273183227,0.05908543233183795,-7.6940415907063215,15.365771094658424,15.365771094658424,6.09206420832217,13.503140923648665,0.2660287698005368,-3.63384320513536,147.86024743584727,1.4210854715202004e-14,-2.9968590763513347,0.9847572055306326,0.9847572055306326,0.0,82.5,0.0,131.57894736842104,0.0,50.06370457395169,500.0,0.10012740914790338,0.16,0.7877365734577879,8.42269273183227,0.05908543233183795,-7.6940415907063215,1.4210854715202004e-14,0.0,0.0,0.039390288221225304,147.86024743584727,0.0,0.039390288221225304,1.0,0.0024618930138265815,0.039390288221225304,0.0,0.9847572055306326,0.9847572055306326,0.0,0.0,0.0,1.0,1.0,0,1
,5,,1,2024-09-20T16:00:00,proposed,H06,5,5,0,0.7529645562171936,0.10929121670047165,0.04191368658663985,0.0,0.0,2.7322804175117916,2.7322804175117916,0.0,110.0,0.0,126.31578947368422,0.0,0.95,19.048069891196004,700.0,0.02721152841599429,0.16,2.0573103120326945,3.597691182591361,0.16393682505070747,-1.7043176956093737,13.375382943879307,13.375382943879307,4.587106624633267,13.503140923648665,0.2660287698005368,-3.63384320513536,147.86024743584727,0.0,-2.9968590763513347,2.7322804175117916,2.7322804175117916,0.0,110.0,0.0,126.31578947368422,0.0,19.048069891196004,700.0,0.02721152841599429,0.16,2.0573103120326945,3.597691182591361,0.16393682505070747,-1.7043176956093737,0.0,0.0,0.0,0.10929121670047165,147.86024743584727,0.0,0.10929121670047165,1.0,0.006830701043779478,0.10929121670047165,0.0,2.7322804175117916,2.7322804175117916,0.0,0.0,0.0,1.0,1.0,0,1
,5,,1,2024-09-20T16:00:00,proposed,H07,6,6,0,0.40912550687789917,21.561472979261936,0.04191368658663985,47.80736489630968,32.80736489630968,539.0368244815484,300.0,0.0,27.5,27.5,77.5,0.0,0.7954166666666667,350.0,350.0,1.0,0.16,122.73765206336975,56.1375,18.0,48.60015206336975,10.120061419945598,10.120061419945598,1.1796120748284036,13.503140923648665,0.2660287698005368,-3.63384320513536,147.86024743584727,0.0,-2.9968590763513347,539.0368244815484,300.0,0.0,27.5,27.5,77.5,0.0,350.0,350.0,1.0,0.16,122.73765206336975,56.1375,18.0,48.60015206336975,0.0,0.5467894149384946,0.0,21.561472979261936,147.86024743584727,0.0,21.561472979261936,0.5565482474941176,1.7967894149384946,12.0,0.0,539.0368244815484,300.0,239.03682448154836,0.0,0.0,1.0,0.5565482474941176,0,1
,5,,1,2024-09-20T16:00:00,proposed,H08,7,7,0,0.6994773149490356,0.39858535396142414,0.04191368658663985,0.0,0.0,9.964633849035604,9.964633849035604,0.0,99.0,0.0,131.57894736842104,0.0,0.95,42.54358121745666,500.0,0.08508716243491332,0.16,6.970035329173698,7.301972994793066,0.5978780309421362,-0.9298156965615038,10.008155029067781,10.008155029067781,1.3364225492047581,13.503140923648665,0.2660287698005368,-3.63384320513536,147.86024743584727,1.4210854715202004e-14,-2.9968590763513347,9.964633849035604,9.964633849035604,0.0,99.0,0.0,131.57894736842104,0.0,42.54358121745666,500.0,0.08508716243491332,0.16,6.970035329173698,7.301972994793066,0.5978780309421362,-0.9298156965615038,1.4210854715202004e-14,0.0,0.0,0.39858535396142414,147.86024743584727,0.0,0.39858535396142414,1.0,0.02491158462258901,0.39858535396142414,0.0,9.964633849035604,9.964633849035604,0.0,0.0,0.0,1.0,1.0,0,1
,5,,1,2024-09-20T17:00:00,proposed,H01,0,0,1,0.7480634450912476,2.780339066946017e-18,0.05672167065029785,177.81491907838193,162.81491907838193,6.950847667365043e-17,199.99999999999997,0.0,28.0,28.0,0.0,0.0,0.95,171.99999999999997,250.0,0.6879999999999998,0.22,149.61268901824948,37.98,12.0,99.6326890182495,10.0519329168747,10.0519329168747,1.7905866837398252,13.507066289257617,0.30003288730632127,-11.98593334504521,217.8138627515022,0.0,-2.992933710742383,6.950847667365043e-17,199.99999999999997,0.0,28.0,28.0,0.0,0.0,171.99999999999997,250.0,0.6879999999999998,0.22,149.61268901824948,37.98,12.0,99.6326890182495,0.0,2.7135819846396987,0.0,2.780339066946017e-18,217.8138627515022,31.708655877117593,31.708655877117593,0.25229703936372666,3.963581984639699,8.0,792.7163969279397,792.7163969279397,199.99999999999997,592.7163969279397,0.0,0.0,1.0,0.25229703936372666,0,1
,5,,1,2024-09-20T17:00:00,proposed,H02,1,1,1,0.3397955596446991,82.7184906066173,0.05672167065029785,560.3886795496297,545.3886795496297,2067.962265165432,199.99999999999997,0.0,21.0,21.0,0.0,0.0,0.95,178.99999999999997,250.0,0.7159999999999999,0.22,67.9591119289398,39.48499999999999,12.0,16.474111928939813,10.285716483791633,10.285716483791633,1.834989613409902,13.507066289257617,0.30003288730632127,-11.98593334504521,217.8138627515022,0.0,-2.992933710742383,2067.962265165432,199.99999999999997,0.0,21.0,21.0,0.0,0.0,178.99999999999997,250.0,0.7159999999999999,0.22,67.9591119289398,39.48499999999999,12.0,16.474111928939813,0.0,9.089811325827162,0.0,82.7184906066173,217.8138627515022,0.0,82.7184906066173,0.09671356357365662,10.339811325827162,8.0,0.0,2067.962265165432,199.99999999999997,1867.9622651654322,0.0,0.0,1.0,0.09671356357365662,0,1
,5,,1,2024-09-20T17:00:00,proposed,H03,2,2,1,0.3373800814151764,8.102732300536015,0.05672167065029785,0.0,0.0,202.56830751340036,274.27616861246906,0.0,21.0,21.0,27.52631578947366,0.0,0.95,280.8024844019427,350.0,0.8022928125769792,0.22,92.53531609671747,61.881546568427396,16.456570116748146,14.197199411541924,10.48586651425806,10.48586651425806,1.8643892826183235,13.507066289257617,0.30003288730632127,-11.98593334504521,217.8138627515022,0.0,-2.992933710742383,202.56830751340036,274.27616861246906,0.0,21.0,21.0,27.52631578947366,0.0,280.8024844019427,350.0,0.8022928125769792,0.22,92.53531609671747,61.881546568427396,16.456570116748146,14.197199411541924,0.0,0.0,0.0,8.102732300536015,217.8138627515022,2.868314443962749,10.971046744498764,1.0,0.914253895374897,10.971046744498764,71.70786109906874,274.27616861246906,274.27616861246906,0.0,0.0,0.0,1.0,1.0,0,1
,5,,1,2024-09-20T17:00:00,proposed,H04,3,3,1,0.6133299469947815,1.1922593763011275,0.05672167065029785,0.0,0.0,29.80648440752818,29.80648440752818,0.0,28.0,28.0,0.0,0.0,0.95,1.8064844075281812,250.0,0.007225937630112725,0.22,18.28120950177004,0.5374265696562,1.7883890644516913,15.955393867662147,13.285382956158449,13.285382956158449,4.441605955076531,13.507066289257617,0.30003288730632127,-11.98593334504521,217.8138627515022,0.0,-2.992933710742383,29.80648440752818,29.80648440752818,0.0,28.0,28.0,0.0,0.0,1.8064844075281812,250.0,0.007225937630112725,0.22,18.28120950177004,0.5374265696562,1.7883890644516913,15.955393867662147,0.0,0.0,0.0,1.1922593763011275,217.8138627515022,0.0,1.1922593763011275,1.0,0.14903242203764094,1.1922593763011275,0.0,29.80648440752818,29.80648440752818,0.0,0.0,0.0,1.0,1.0,0,1
,5,,1,2024-09-20T17:00:00,proposed,H05,4,4,1,0.7778035402297974,0.078143362110178,0.05672167065029785,0.0,0.0,1.9535840527544497,1.9535840527544497,0.0,1.9535840527544497,1.9535840527544497,0.0,0.0,0.95,0.0,500.0,0.0,0.22,1.5195045923688861,0.009767920263772248,0.117215043165267,1.392521628939847,15.960646407508548,15.960646407508548,7.0074554444489765,13.507066289257617,0.30003288730632127,-11.98593334504521,217.8138627515022,0.0,-2.992933710742383,1.9535840527544497,1.9535840527544497,0.0,1.9535840527544497,1.9535840527544497,0.0,0.0,0.0,500.0,0.0,0.22,1.5195045923688861,0.009767920263772248,0.117215043165267,1.392521628939847,0.0,0.0,0.0,0.078143362110178,217.8138627515022,0.0,0.078143362110178,1.0,0.004883960131886125,0.078143362110178,0.0,1.9535840527544497,1.9535840527544497,0.0,0.0,0.0,1.0,1.0,0,1
,5,,1,2024-09-20T17:00:00,proposed,H06,5,5,1,0.5205255746841431,4.591115320617029,0.05672167065029785,0.0,0.0,114.77788301542572,114.77788301542572,0.0,70.0,70.0,0.0,0.0,0.95,44.777883015425715,700.0,0.06396840430775103,0.22,59.74482351763381,10.201134263393657,6.886672980925544,42.65701627331461,12.922759057840572,12.922759057840572,4.501188590099259,13.507066289257617,0.30003288730632127,-11.98593334504521,217.8138627515022,0.0,-2.992933710742383,114.77788301542572,114.77788301542572,0.0,70.0,70.0,0.0,0.0,44.777883015425715,700.0,0.06396840430775103,0.22,59.74482351763381,10.201134263393657,6.886672980925544,42.65701627331461,0.0,0.0,0.0,4.591115320617029,217.8138627515022,0.0,4.591115320617029,1.0,0.2869447075385643,4.591115320617029,0.0,114.77788301542572,114.77788301542572,0.0,0.0,0.0,1.0,1.0,0,1
,5,,1,2024-09-20T17:00:00,proposed,H07,6,6,1,0.349600225687027,0.02887414916688344,0.05672167065029785,0.0,0.0,0.7218537291720861,239.75867821072046,0.0,17.5,17.5,48.81578947368421,0.0,0.95,271.0744676844047,350.0,0.774498479098299,0.22,83.81968801289115,59.72388289056903,14.38552069264323,9.71028442967889,10.222735721895406,10.222735721895406,1.5693758579377974,13.507066289257617,0.30003288730632127,-11.98593334504521,217.8138627515022,0.0,-2.992933710742383,0.7218537291720861,239.75867821072046,0.0,17.5,17.5,48.81578947368421,0.0,271.0744676844047,350.0,0.774498479098299,0.22,83.81968801289115,59.72388289056903,14.38552069264323,9.71028442967889,0.0,0.0,0.0,0.02887414916688344,217.8138627515022,9.561472979261936,9.590347128428819,1.0,0.7991955940357349,9.590347128428819,239.03682448154836,239.75867821072046,239.75867821072046,0.0,0.0,0.0,1.0,1.0,0,1
,5,,1,2024-09-20T17:00:00,proposed,H08,7,7,1,0.6578211784362793,1.2006754711505745,0.05672167065029785,0.0,0.0,30.01688677876436,30.01688677876436,0.0,30.01688677876436,30.01688677876436,0.0,0.0,0.95,0.0,500.0,0.0,0.22,19.745743833795142,0.1500844338938218,1.8010132067258617,17.79464619317546,9.653716443485767,9.653716443485767,1.2982544306781987,13.507066289257617,0.30003288730632127,-11.98593334504521,217.8138627515022,0.0,-2.992933710742383,30.01688677876436,30.01688677876436,0.0,30.01688677876436,30.01688677876436,0.0,0.0,0.0,500.0,0.0,0.22,19.745743833795142,0.1500844338938218,1.8010132067258617,17.79464619317546,0.0,0.0,0.0,1.2006754711505745,217.8138627515022,0.0,1.2006754711505745,1.0,0.0750422169469109,1.2006754711505745,0.0,30.01688677876436,30.01688677876436,0.0,0.0,0.0,1.0,1.0,0,1
,5,,1,2024-09-20T18:00:00,proposed,H01,0,0,2,0.5187978744506836,1.8451013305189202e-12,0.10412839649992774,117.81491907839577,102.81491907839577,4.6127533262973006e-11,199.99999999999997,0.0,12.8,12.8,0.0,0.0,0.95,187.19999999999996,250.0,0.7487999999999998,0.3,103.7595748901367,56.22399999999999,11.999999999999998,35.535574890136715,9.82880672045687,9.82880672045687,1.4786848301243483,13.513035675674697,0.37456594396259363,-10.722149498278373,196.87481079198312,0.0,-2.986964324325303,4.6127533262973006e-11,199.99999999999997,0.0,12.8,12.8,0.0,0.0,187.19999999999996,250.0,0.7487999999999998,0.3,103.7595748901367,56.22399999999999,11.999999999999998,35.535574890136715,0.0,1.7135819846399296,0.0,1.8451013305189202e-12,196.87481079198312,23.708655877117593,23.708655877119437,0.33742950429005875,2.9635819846399296,7.999999999999999,592.7163969279397,592.7163969279859,199.99999999999997,392.7163969279859,0.0,0.0,1.0,0.33742950429005875,0,1
,5,,1,2024-09-20T18:00:00,proposed,H02,1,1,2,0.2579892873764038,2.6147717597822437e-38,0.10412839649992774,500.3886795496297,485.3886795496297,6.536929399455609e-37,199.99999999999997,0.0,9.6,9.6,0.0,0.0,0.95,190.39999999999998,250.0,0.7615999999999999,0.3,51.597857475280755,57.16799999999999,12.0,-17.570142524719238,9.796320182243043,9.796320182243043,1.2834734109367898,13.513035675674697,0.37456594396259363,-10.722149498278373,196.87481079198312,0.0,-2.986964324325303,6.536929399455609e-37,199.99999999999997,0.0,9.6,9.6,0.0,0.0,190.39999999999998,250.0,0.7615999999999999,0.3,51.597857475280755,57.16799999999999,12.0,-17.570142524719238,0.0,8.089811325827162,0.0,2.6147717597822437e-38,196.87481079198312,74.7184906066173,74.7184906066173,0.10706854401166792,9.339811325827162,8.0,1867.9622651654322,1867.9622651654322,199.99999999999997,1667.9622651654322,0.0,0.0,1.0,0.10706854401166792,0,1
,5,,1,2024-09-20T18:00:00,proposed,H03,2,2,2,0.49232953786849976,13.624389967572721,0.10412839649992774,8.121949837863607,0.0,340.60974918931805,300.00000000000006,0.0,9.6,9.6,0.0,0.0,0.95,290.40000000000003,350.0,0.8297142857142858,0.3,147.69886136054996,87.168,18.0,42.53086136054995,10.576702969022481,10.576702969022481,1.932542821011554,13.513035675674697,0.37456594396259363,-10.722149498278373,196.87481079198312,0.0,-2.986964324325303,340.60974918931805,300.00000000000006,0.0,9.6,9.6,0.0,0.0,290.40000000000003,350.0,0.8297142857142858,0.3,147.69886136054996,87.168,18.0,42.53086136054995,0.0,0.0,0.0,13.624389967572721,196.87481079198312,0.0,13.624389967572721,0.8807733798402045,1.1353658306310601,12.0,0.0,340.60974918931805,300.00000000000006,40.609749189317995,0.0,0.0,1.0,0.8807733798402045,0,1
,5,,1,2024-09-20T18:00:00,proposed,H04,3,3,2,0.500518798828125,7.066932568811945,0.10412839649992774,0.0,0.0,176.6733142202986,176.6733142202986,0.0,12.8,12.8,0.0,0.0,0.95,163.8733142202986,250.0,0.6554932568811944,0.3,88.42831501852775,49.22599426608958,10.600398853217918,28.601921899220258,13.71589293951692,13.71589293951692,4.8572872773819755,13.513035675674697,0.37456594396259363,-10.722149498278373,196.87481079198312,0.0,-2.986964324325303,176.6733142202986,176.6733142202986,0.0,12.8,12.8,0.0,0.0,163.8733142202986,250.0,0.6554932568811944,0.3,88.42831501852775,49.22599426608958,10.600398853217918,28.601921899220258,0.0,0.0,0.0,7.066932568811945,196.87481079198312,0.0,7.066932568811945,1.0,0.8833665711014931,7.066932568811945,0.0,176.6733142202986,176.6733142202986,0.0,0.0,0.0,1.0,1.0,0,1
,5,,1,2024-09-20T18:00:00,proposed,H05,4,4,2,0.6083416938781738,0.993389008242267,0.10412839649992774,0.0,0.0,24.834725206056675,24.834725206056675,0.0,24.0,24.0,0.0,0.0,0.95,0.8347252060566746,500.0,0.0016694504121133491,0.3,15.107998798851497,0.37041756181700236,1.4900835123634004,13.247497724671096,16.437581968653884,16.437581968653884,7.4837349756670974,13.513035675674697,0.37456594396259363,-10.722149498278373,196.87481079198312,0.0,-2.986964324325303,24.834725206056675,24.834725206056675,0.0,24.0,24.0,0.0,0.0,0.8347252060566746,500.0,0.0016694504121133491,0.3,15.107998798851497,0.37041756181700236,1.4900835123634004,13.247497724671096,0.0,0.0,0.0,0.993389008242267,196.87481079198312,0.0,0.993389008242267,1.0,0.062086813015141684,0.993389008242267,0.0,24.834725206056675,24.834725206056675,0.0,0.0,0.0,1.0,1.0,0,1
,5,,1,2024-09-20T18:00:00,proposed,H06,5,5,2,0.6780511140823364,0.7010662581219476,0.10412839649992774,0.0,0.0,17.526656453048687,17.526656453048687,0.0,17.526656453048687,17.526656453048687,0.0,0.0,0.95,0.0,700.0,0.0,0.3,11.883968934128033,0.08763328226524345,1.0515993871829212,10.744736264679869,12.97539787939825,12.97539787939825,4.479758002973208,13.513035675674697,0.37456594396259363,-10.722149498278373,196.87481079198312,0.0,-2.986964324325303,17.526656453048687,17.526656453048687,0.0,17.526656453048687,17.526656453048687,0.0,0.0,0.0,700.0,0.0,0.3,11.883968934128033,0.08763328226524345,1.0515993871829212,10.744736264679869,0.0,0.0,0.0,0.7010662581219476,196.87481079198312,0.0,0.7010662581219476,1.0,0.04381664113262172,0.7010662581219476,0.0,17.526656453048687,17.526656453048687,0.0,0.0,0.0,1.0,1.0,0,1
,5,,1,2024-09-20T18:00:00,proposed,H07,6,6,2,0.49677032232284546,13.172573343420492,0.10412839649992774,5.862866717102455,0.0,329.3143335855123,300.00000000000006,0.0,8.0,8.0,0.0,0.0,0.95,292.00000000000006,350.0,0.8342857142857144,0.3,149.03109669685367,87.64000000000001,18.0,43.39109669685365,10.438623931616535,10.438623931616535,1.7756360511229285,13.513035675674697,0.37456594396259363,-10.722149498278373,196.87481079198312,0.0,-2.986964324325303,329.3143335855123,300.00000000000006,0.0,8.0,8.0,0.0,0.0,292.00000000000006,350.0,0.8342857142857144,0.3,149.03109669685367,87.64000000000001,18.0,43.39109669685365,0.0,0.0,0.0,13.172573343420492,196.87481079198312,0.0,13.172573343420492,0.9109837301451675,1.097714445285041,12.0,0.0,329.3143335855123,300.00000000000006,29.31433358551226,-6.938893903907228e-17,0.0,1.0,0.9109837301451675,0,1
,5,,1,2024-09-20T18:00:00,proposed,H08,7,7,2,0.43974316120147705,32.35767511516927,0.10412839649992774,61.341281681884766,46.341281681884766,808.9418778792317,399.99999999999994,0.0,28.8,28.8,0.0,0.0,0.95,371.19999999999993,500.0,0.7423999999999998,0.3,175.8972644805908,111.50399999999998,24.0,40.393264480590815,9.657812766680381,9.657812766680381,1.2473153486639683,13.513035675674697,0.37456594396259363,-10.722149498278373,196.87481079198312,0.0,-2.986964324325303,808.9418778792317,399.99999999999994,0.0,28.8,28.8,0.0,0.0,371.19999999999993,500.0,0.7423999999999998,0.3,175.8972644805908,111.50399999999998,24.0,40.393264480590815,0.0,0.7723546946980794,0.0,32.35767511516927,196.87481079198312,0.0,32.35767511516927,0.4944731023799421,2.0223546946980795,16.0,0.0,808.9418778792317,399.99999999999994,408.94187787923175,0.0,0.0,1.0,0.4944731023799421,0,1
,5,,1,2024-09-20T19:00:00,proposed,H01,0,0,3,0.6336416006088257,1.5045439711759284e-09,0.02935492759201284,57.814919089679854,42.814919089679854,3.7613599279398215e-08,199.99999999999997,0.0,3.2,3.2,0.0,0.0,0.95,196.79999999999998,250.0,0.7871999999999999,0.34,126.72832012176512,66.928,12.0,47.800320121765125,9.52340177831993,9.52340177831993,1.3177291303069911,13.515357849115329,0.3523072120440918,-10.763978238462157,-81.71039865662753,0.0,-2.984642150884671,3.7613599279398215e-08,199.99999999999997,0.0,3.2,3.2,0.0,0.0,196.79999999999998,250.0,0.7871999999999999,0.34,126.72832012176512,66.928,12.0,47.800320121765125,0.0,0.7135819848279976,0.0,1.5045439711759284e-09,-81.71039865662753,15.708655877119437,15.708655878623981,0.5092733625215023,1.9635819848279976,8.0,392.7163969279859,392.7163969655995,199.99999999999997,192.7163969655995,0.0,0.0,1.0,0.5092733625215023,0,1
,5,,1,2024-09-20T19:00:00,proposed,H02,1,1,3,0.2821652293205261,7.400457604930903e-35,0.02935492759201284,440.3886795496297,425.3886795496297,1.850114401232726e-33,200.0,0.0,2.4,2.4,0.0,0.0,0.95,197.6,250.0,0.7904,0.34,56.433045864105225,67.196,12.0,-22.762954135894773,9.484267911159385,9.484267911159385,1.1250019188892073,13.515357849115329,0.3523072120440918,-10.763978238462157,-81.71039865662753,0.0,-2.984642150884671,1.850114401232726e-33,200.0,0.0,2.4,2.4,0.0,0.0,197.6,250.0,0.7904,0.34,56.433045864105225,67.196,12.0,-22.762954135894773,0.0,7.089811325827162,0.0,7.400457604930903e-35,-81.71039865662753,66.7184906066173,66.7184906066173,0.11990678936622319,8.339811325827162,8.0,1667.9622651654322,1667.9622651654322,200.0,1467.9622651654322,0.0,0.0,1.0,0.11990678936622319,0,1
,5,,1,2024-09-20T19:00:00,proposed,H03,2,2,3,0.46980297565460205,0.9204489131414663,0.02935492759201284,0.0,0.0,23.011222828536656,63.620972017854655,0.0,2.4,2.4,0.0,0.0,0.95,61.220972017854656,350.0,0.17491706290815617,0.34,29.889321968026287,20.827130486070587,3.8172583210712814,5.244933160884419,10.505384509591613,10.505384509591613,2.029354886847546,13.515357849115329,0.3523072120440918,-10.763978238462157,-81.71039865662753,0.0,-2.984642150884671,23.011222828536656,63.620972017854655,0.0,2.4,2.4,0.0,0.0,61.220972017854656,350.0,0.17491706290815617,0.34,29.889321968026287,20.827130486070587,3.8172583210712814,5.244933160884419,0.0,0.0,0.0,0.9204489131414663,-81.71039865662753,1.6243899675727214,2.5448388807141877,1.0,0.2120699067261823,2.5448388807141877,40.609749189317995,63.620972017854655,63.620972017854655,0.0,0.0,0.0,1.0,1.0,0,1
,5,,1,2024-09-20T19:00:00,proposed,H04,3,3,3,0.639325737953186,0.18600994616955333,0.02935492759201284,0.0,0.0,4.650248654238834,4.650248654238834,0.0,3.2,3.2,0.0,0.0,0.95,1.450248654238834,250.0,0.005800994616955336,0.34,2.973023652537053,0.5090845424412036,0.27901491925433,2.184924190841519,14.03153030864933,14.03153030864933,5.351910083375751,13.515357849115329,0.3523072120440918,-10.763978238462157,-81.71039865662753,0.0,-2.984642150884671,4.650248654238834,4.650248654238834,0.0,3.2,3.2,0.0,0.0,1.450248654238834,250.0,0.005800994616955336,0.34,2.973023652537053,0.5090845424412036,0.27901491925433,2.184924190841519,0.0,0.0,0.0,0.18600994616955333,-81.71039865662753,0.0,0.18600994616955333,1.0,0.023251243271194166,0.18600994616955333,0.0,4.650248654238834,4.650248654238834,0.0,0.0,0.0,1.0,1.0,0,1
,5,,1,2024-09-20T19:00:00,proposed,H05,4,4,3,0.2689247727394104,18.20503696799848,0.02935492759201284,8.268888629994304,0.0,455.125924199962,399.99999999999994,0.0,6.0,6.0,0.0,0.0,0.95,393.99999999999994,500.0,0.7879999999999999,0.34,107.56990909576415,133.98999999999998,23.999999999999996,-50.420090904235835,16.966502612276734,16.966502612276734,8.221323480992703,13.515357849115329,0.3523072120440918,-10.763978238462157,-81.71039865662753,0.0,-2.984642150884671,455.125924199962,399.99999999999994,0.0,6.0,6.0,0.0,0.0,393.99999999999994,500.0,0.7879999999999999,0.34,107.56990909576415,133.98999999999998,23.999999999999996,-50.420090904235835,0.0,0.0,0.0,18.20503696799848,-81.71039865662753,0.0,18.20503696799848,0.8788776440347481,1.137814810499905,15.999999999999998,0.0,455.125924199962,399.99999999999994,55.12592419996207,0.0,0.0,1.0,0.8788776440347481,0,1
,5,,1,2024-09-20T19:00:00,proposed,H06,5,5,3,0.3637499213218689,9.821565246831303,0.02935492759201284,0.0,0.0,245.5391311707826,245.5391311707826,0.0,8.0,8.0,0.0,0.0,0.95,237.5391311707826,700.0,0.33934161595826084,0.34,89.31483964481222,80.8033045980661,14.732347870246954,-6.220812823500836,12.97093155724104,12.97093155724104,4.629748137529352,13.515357849115329,0.3523072120440918,-10.763978238462157,-81.71039865662753,0.0,-2.984642150884671,245.5391311707826,245.5391311707826,0.0,8.0,8.0,0.0,0.0,237.5391311707826,700.0,0.33934161595826084,0.34,89.31483964481222,80.8033045980661,14.732347870246954,-6.220812823500836,0.0,0.0,0.0,9.821565246831303,-81.71039865662753,0.0,9.821565246831303,1.0,0.6138478279269565,9.821565246831303,0.0,245.5391311707826,245.5391311707826,0.0,0.0,0.0,1.0,1.0,0,1
,5,,1,2024-09-20T19:00:00,proposed,H07,6,6,3,0.2752183973789215,19.655449447676403,0.02935492759201284,44.14011395548448,29.140113955484477,491.38623619191014,300.00000000000006,0.0,2.0,2.0,0.0,0.0,0.95,298.00000000000006,350.0,0.8514285714285716,0.34,82.56551921367647,101.33000000000003,18.0,-36.76448078632356,10.449588248624163,10.449588248624163,1.9766390663721376,13.515357849115329,0.3523072120440918,-10.763978238462157,-81.71039865662753,0.0,-2.984642150884671,491.38623619191014,300.00000000000006,0.0,2.0,2.0,0.0,0.0,298.00000000000006,350.0,0.8514285714285716,0.34,82.56551921367647,101.33000000000003,18.0,-36.76448078632356,0.0,0.4856685659247413,0.0,19.655449447676403,-81.71039865662753,1.172573343420491,20.828022791096895,0.5761468633080955,1.7356685659247413,12.0,29.31433358551226,520.7005697774224,300.00000000000006,220.70056977742234,0.0,0.0,1.0,0.5761468633080955,0,1
,5,,1,2024-09-20T19:00:00,proposed,H08,7,7,3,0.34203940629959106,0.000964041265719391,0.02935492759201284,1.3448968366312175,0.0,0.024101031642984775,400.0,0.0,7.2,7.2,0.0,0.0,0.95,392.8,500.0,0.7856000000000001,0.34,136.81576251983643,133.58800000000002,24.0,-20.772237480163597,9.468127963809403,9.468127963809403,1.2139987623248445,13.515357849115329,0.3523072120440918,-10.763978238462157,-81.71039865662753,0.0,-2.984642150884671,0.024101031642984775,400.0,0.0,7.2,7.2,0.0,0.0,392.8,500.0,0.7856000000000001,0.34,136.81576251983643,133.58800000000002,24.0,-20.772237480163597,0.0,0.0,0.0,0.000964041265719391,-81.71039865662753,16.357675115169272,16.35863915643499,0.9780764675468795,1.0224149472771868,16.0,408.94187787923175,408.96597891087475,400.0,8.965978910874753,1.1102230246251565e-16,0.0,1.0,0.9780764675468795,0,1
,5,,1,2024-09-20T20:00:00,proposed,H01,0,0,4,0.444610595703125,0.00024786402102951443,0.028434909115092884,0.0,0.0,0.00619660052573786,192.72259356612523,0.0,0.0,0.0,0.0,0.0,0.95,192.72259356612523,250.0,0.7708903742645009,0.27,85.68650713088618,52.03510026285382,11.563355613967516,22.08805125406485,10.058528644301948,10.058528644301948,1.5733331363947984,13.51760732602542,0.30546320747413663,-7.694573737063302,56.22988039912012,0.0,-2.98239267397458,0.00619660052573786,192.72259356612523,0.0,0.0,0.0,0.0,0.0,192.72259356612523,250.0,0.7708903742645009,0.27,85.68650713088618,52.03510026285382,11.563355613967516,22.08805125406485,0.0,0.0,0.0,0.00024786402102951443,56.22988039912012,7.708655878623981,7.708903742645011,1.0,0.9636129678306263,7.708903742645011,192.7163969655995,192.72259356612523,192.72259356612523,0.0,0.0,0.0,1.0,1.0,0,1
,5,,1,2024-09-20T20:00:00,proposed,H02,1,1,4,0.4572356939315796,8.333368980926536e-32,0.028434909115092884,380.3886795496297,365.3886795496297,2.0833422452316342e-30,199.99999999999997,0.0,0.0,0.0,0.0,0.0,0.95,199.99999999999997,250.0,0.7999999999999999,0.27,91.4471387863159,53.99999999999999,12.0,25.44713878631591,9.920483163257103,9.920483163257103,1.2893884138848166,13.51760732602542,0.30546320747413663,-7.694573737063302,56.22988039912012,0.0,-2.98239267397458,2.0833422452316342e-30,199.99999999999997,0.0,0.0,0.0,0.0,0.0,199.99999999999997,250.0,0.7999999999999999,0.27,91.4471387863159,53.99999999999999,12.0,25.44713878631591,0.0,6.089811325827162,0.0,8.333368980926536e-32,56.22988039912012,58.718490606617294,58.718490606617294,0.13624328414018255,7.339811325827162,8.0,1467.9622651654322,1467.9622651654322,199.99999999999997,1267.9622651654322,0.0,0.0,1.0,0.13624328414018255,0,1
,5,,1,2024-09-20T20:00:00,proposed,H03,2,2,4,0.6571124792098999,0.18029272268507088,0.028434909115092884,0.0,0.0,4.507318067126771,4.507318067126771,0.0,0.0,0.0,0.0,0.0,0.95,4.507318067126771,350.0,0.012878051620362204,0.27,2.961814949677247,1.2169758781242284,0.2704390840276063,1.4743999875254123,10.57445707606532,10.57445707606532,1.7814918056518778,13.51760732602542,0.30546320747413663,-7.694573737063302,56.22988039912012,0.0,-2.98239267397458,4.507318067126771,4.507318067126771,0.0,0.0,0.0,0.0,0.0,4.507318067126771,350.0,0.012878051620362204,0.27,2.961814949677247,1.2169758781242284,0.2704390840276063,1.4743999875254123,0.0,0.0,0.0,0.18029272268507088,56.22988039912012,0.0,0.18029272268507088,1.0,0.01502439355708924,0.18029272268507088,0.0,4.507318067126771,4.507318067126771,0.0,0.0,0.0,1.0,1.0,0,1
,5,,1,2024-09-20T20:00:00,proposed,H04,3,3,4,0.5267266035079956,0.6477658045878477,0.028434909115092884,0.0,0.0,16.19414511469619,16.19414511469619,0.0,0.0,0.0,0.0,0.0,0.95,16.19414511469619,250.0,0.06477658045878476,0.27,8.529887052979525,4.372419180967972,0.9716487068817716,3.1858191651297814,13.532323227740587,13.532323227740587,4.468258445861007,13.51760732602542,0.30546320747413663,-7.694573737063302,56.22988039912012,0.0,-2.98239267397458,16.19414511469619,16.19414511469619,0.0,0.0,0.0,0.0,0.0,16.19414511469619,250.0,0.06477658045878476,0.27,8.529887052979525,4.372419180967972,0.9716487068817716,3.1858191651297814,0.0,0.0,0.0,0.6477658045878477,56.22988039912012,0.0,0.6477658045878477,1.0,0.08097072557348096,0.6477658045878477,0.0,16.19414511469619,16.19414511469619,0.0,0.0,0.0,1.0,1.0,0,1
,5,,1,2024-09-20T20:00:00,proposed,H05,4,4,4,0.7731314897537231,0.003573618923966726,0.028434909115092884,0.0,0.0,0.08934047309916815,55.21526467306124,0.0,0.0,0.0,0.0,0.0,0.95,55.21526467306124,500.0,0.11043052934612248,0.27,42.68865983382996,14.908121461726536,3.3129158803836716,24.46762249171975,16.023358766583893,16.023358766583893,6.825725942943807,13.51760732602542,0.30546320747413663,-7.694573737063302,56.22988039912012,0.0,-2.98239267397458,0.08934047309916815,55.21526467306124,0.0,0.0,0.0,0.0,0.0,55.21526467306124,500.0,0.11043052934612248,0.27,42.68865983382996,14.908121461726536,3.3129158803836716,24.46762249171975,0.0,0.0,0.0,0.003573618923966726,56.22988039912012,2.205036967998481,2.2086105869224477,1.0,0.13803816168265298,2.2086105869224477,55.12592419996207,55.21526467306124,55.21526467306124,0.0,0.0,0.0,1.0,1.0,0,1
,5,,1,2024-09-20T20:00:00,proposed,H06,5,5,4,0.4833984076976776,1.238061216883815,0.028434909115092884,0.0,0.0,30.951530422095374,30.951530422095374,0.0,0.0,0.0,0.0,0.0,0.95,30.951530422095374,700.0,0.04421647203156482,0.27,14.961920521847132,8.356913213965752,1.8570918253257225,4.747915482555657,13.265638294917503,13.265638294917503,4.564914738451435,13.51760732602542,0.30546320747413663,-7.694573737063302,56.22988039912012,0.0,-2.98239267397458,30.951530422095374,30.951530422095374,0.0,0.0,0.0,0.0,0.0,30.951530422095374,700.0,0.04421647203156482,0.27,14.961920521847132,8.356913213965752,1.8570918253257225,4.747915482555657,0.0,0.0,0.0,1.238061216883815,56.22988039912012,0.0,1.238061216883815,1.0,0.07737882605523844,1.238061216883815,0.0,30.951530422095374,30.951530422095374,0.0,0.0,0.0,1.0,1.0,0,1
,5,,1,2024-09-20T20:00:00,proposed,H07,6,6,4,0.3225556015968323,0.012876002803571915,0.028434909115092884,0.0,0.0,0.3219000700892979,221.02246984751164,0.0,0.0,0.0,0.0,0.0,0.95,221.02246984751164,350.0,0.6314927709928904,0.27,71.29203572808184,59.67606685882815,13.2613481908507,-1.6453793215970087,10.34236708211724,10.34236708211724,1.5015120749749147,13.51760732602542,0.30546320747413663,-7.694573737063302,56.22988039912012,0.0,-2.98239267397458,0.3219000700892979,221.02246984751164,0.0,0.0,0.0,0.0,0.0,221.02246984751164,350.0,0.6314927709928904,0.27,71.29203572808184,59.67606685882815,13.2613481908507,-1.6453793215970087,0.0,0.0,0.0,0.012876002803571915,56.22988039912012,8.828022791096895,8.840898793900466,1.0,0.7367415661583722,8.840898793900466,220.70056977742234,221.02246984751164,221.02246984751164,0.0,0.0,0.0,1.0,1.0,0,1
,5,,1,2024-09-20T20:00:00,proposed,H08,7,7,4,0.2711607813835144,32.29601351105713,0.028434909115092884,62.45494750309546,47.45494750309546,807.4003377764283,399.99999999999994,0.0,0.0,0.0,0.0,0.0,0.95,399.99999999999994,500.0,0.7999999999999999,0.27,108.46431255340575,107.99999999999999,24.0,-23.53568744659424,9.864800391719122,9.864800391719122,1.3039182982870516,13.51760732602542,0.30546320747413663,-7.694573737063302,56.22988039912012,0.0,-2.98239267397458,807.4003377764283,399.99999999999994,0.0,0.0,0.0,0.0,0.0,399.99999999999994,500.0,0.7999999999999999,0.27,108.46431255340575,107.99999999999999,24.0,-23.53568744659424,0.0,0.7909157917182577,0.0,32.29601351105713,56.22988039912012,0.35863915643499134,32.65465266749212,0.4899761195723292,2.0409157917182577,16.0,8.965978910874753,816.366316687303,399.99999999999994,416.366316687303,0.0,0.0,1.0,0.4899761195723292,0,1
,5,,1,2024-09-20T21:00:00,proposed,H01,0,0,5,0.2551359534263611,18.923759218440733,0.014359339749693105,81.9281941383055,66.9281941383055,473.0939804610183,200.0,0.0,0.0,0.0,0.0,100.0,0.42368421052631583,100.0,250.0,0.4,0.2,51.02719068527222,23.0,12.0,16.027190685272217,10.273636538592449,10.273636538592449,1.7989368130641203,13.518821215083058,0.16718993555851805,-5.255714604001651,219.06228697570546,1.4210854715202004e-14,-2.981178784916942,473.0939804610183,200.0,0.0,0.0,0.0,0.0,100.0,100.0,250.0,0.4,0.2,51.02719068527222,23.0,12.0,16.027190685272217,1.4210854715202004e-14,1.1154699023050916,0.0,18.923759218440733,219.06228697570546,0.0,18.923759218440733,0.4227489848953584,2.3654699023050916,8.0,0.0,473.0939804610183,200.0,273.0939804610183,0.0,0.0,1.0,0.4227489848953584,0,1
,5,,1,2024-09-20T21:00:00,proposed,H02,1,1,5,0.6009213924407959,9.441291526797769e-29,0.014359339749693105,320.3886795496297,305.3886795496297,2.3603228816994422e-27,199.99999999999997,0.0,0.0,0.0,0.0,100.0,0.42368421052631583,99.99999999999997,250.0,0.3999999999999999,0.2,120.18427848815917,22.999999999999996,12.0,85.18427848815917,10.086474926891624,10.086474926891624,1.4857917159921503,13.518821215083058,0.16718993555851805,-5.255714604001651,219.06228697570546,1.4210854715202004e-14,-2.981178784916942,2.3603228816994422e-27,199.99999999999997,0.0,0.0,0.0,0.0,100.0,99.99999999999997,250.0,0.3999999999999999,0.2,120.18427848815917,22.999999999999996,12.0,85.18427848815917,1.4210854715202004e-14,5.089811325827162,0.0,9.441291526797769e-29,219.06228697570546,50.718490606617294,50.718490606617294,0.15773340066544156,6.339811325827162,8.0,1267.9622651654322,1267.9622651654322,199.99999999999997,1067.9622651654322,0.0,0.0,1.0,0.15773340066544156,0,1
,5,,1,2024-09-20T21:00:00,proposed,H03,2,2,5,0.6016649007797241,0.17302861300052025,0.014359339749693105,0.0,0.0,4.325715325013006,4.325715325013006,0.0,0.0,0.0,0.0,4.325715325013006,0.9348220514911826,0.0,350.0,0.0,0.2,2.6026310818252822,0.12977145975039017,0.25954291950078034,2.2133167025741116,10.279462324532942,10.279462324532942,1.5249295059465815,13.518821215083058,0.16718993555851805,-5.255714604001651,219.06228697570546,2.842170943040401e-14,-2.981178784916942,4.325715325013006,4.325715325013006,0.0,0.0,0.0,0.0,4.325715325013006,0.0,350.0,0.0,0.2,2.6026310818252822,0.12977145975039017,0.25954291950078034,2.2133167025741116,2.842170943040401e-14,0.0,0.0,0.17302861300052025,219.06228697570546,0.0,0.17302861300052025,1.0,0.014419051083376688,0.17302861300052025,0.0,4.325715325013006,4.325715325013006,0.0,0.0,0.0,1.0,1.0,0,1
,5,,1,2024-09-20T21:00:00,proposed,H04,3,3,5,0.6737518310546875,0.0386468280640395,0.014359339749693105,0.0,0.0,0.9661707016009874,0.9661707016009874,0.0,0.0,0.0,0.0,0.9661707016009874,0.9459319128353643,0.0,250.0,0.0,0.2,0.6509592793150574,0.02898512104802962,0.05797024209605925,0.5640039161709685,13.183305337644668,13.183305337644668,4.1731341343612565,13.518821215083058,0.16718993555851805,-5.255714604001651,219.06228697570546,9.325873406851315e-15,-2.981178784916942,0.9661707016009874,0.9661707016009874,0.0,0.0,0.0,0.0,0.9661707016009874,0.0,250.0,0.0,0.2,0.6509592793150574,0.02898512104802962,0.05797024209605925,0.5640039161709685,9.325873406851315e-15,0.0,0.0,0.0386468280640395,219.06228697570546,0.0,0.0386468280640395,1.0,0.004830853508004937,0.0386468280640395,0.0,0.9661707016009874,0.9661707016009874,0.0,0.0,0.0,1.0,1.0,0,1
,5,,1,2024-09-20T21:00:00,proposed,H05,4,4,5,0.5371345281600952,0.15561094209818416,0.014359339749693105,0.0,0.0,3.8902735524546044,3.8902735524546044,0.0,0.0,0.0,0.0,3.8902735524546044,0.941809950415885,0.0,500.0,0.0,0.2,2.089600249011401,0.11670820657363813,0.23341641314727624,1.7394756292904867,15.969545612809853,15.969545612809853,6.8111349313794864,13.518821215083058,0.16718993555851805,-5.255714604001651,219.06228697570546,6.217248937900877e-15,-2.981178784916942,3.8902735524546044,3.8902735524546044,0.0,0.0,0.0,0.0,3.8902735524546044,0.0,500.0,0.0,0.2,2.089600249011401,0.11670820657363813,0.23341641314727624,1.7394756292904867,6.217248937900877e-15,0.0,0.0,0.15561094209818416,219.06228697570546,0.0,0.15561094209818416,1.0,0.00972568388113651,0.15561094209818416,0.0,3.8902735524546044,3.8902735524546044,0.0,0.0,0.0,1.0,1.0,0,1
,5,,1,2024-09-20T21:00:00,proposed,H06,5,5,5,0.2655278146266937,10.21132430820126,0.014359339749693105,0.0,0.0,255.2831077050315,255.2831077050315,0.0,0.0,0.0,0.0,255.2831077050315,0.5021348987631026,0.0,700.0,0.0,0.2,67.78476570002789,7.6584932311509455,15.31698646230189,44.80928600657506,13.497827195148796,13.497827195148796,4.783648765352465,13.518821215083058,0.16718993555851805,-5.255714604001651,219.06228697570546,0.0,-2.981178784916942,255.2831077050315,255.2831077050315,0.0,0.0,0.0,0.0,255.2831077050315,0.0,700.0,0.0,0.2,67.78476570002789,7.6584932311509455,15.31698646230189,44.80928600657506,0.0,0.0,0.0,10.21132430820126,219.06228697570546,0.0,10.21132430820126,1.0,0.6382077692625787,10.21132430820126,0.0,255.2831077050315,255.2831077050315,0.0,0.0,0.0,1.0,1.0,0,1
,5,,1,2024-09-20T21:00:00,proposed,H07,6,6,5,0.6737555265426636,0.06656736305645197,0.014359339749693105,0.0,0.0,1.6641840764112992,1.6641840764112992,0.0,0.0,0.0,0.0,1.6641840764112992,0.9441607576266271,0.0,350.0,0.0,0.2,1.1212532186664113,0.04992552229233897,0.09985104458467796,0.9714766517893944,10.110849730368612,10.110849730368612,1.3051522966136626,13.518821215083058,0.16718993555851805,-5.255714604001651,219.06228697570546,2.3314683517128287e-14,-2.981178784916942,1.6641840764112992,1.6641840764112992,0.0,0.0,0.0,0.0,1.6641840764112992,0.0,350.0,0.0,0.2,1.1212532186664113,0.04992552229233897,0.09985104458467796,0.9714766517893944,2.3314683517128287e-14,0.0,0.0,0.06656736305645197,219.06228697570546,0.0,0.06656736305645197,1.0,0.005547280254704331,0.06656736305645197,0.0,1.6641840764112992,1.6641840764112992,0.0,0.0,0.0,1.0,1.0,0,1
,5,,1,2024-09-20T21:00:00,proposed,H08,7,7,5,0.32263314723968506,0.0002825346480259506,0.014359339749693105,2.456007008025556,0.0,0.007063366200648765,400.0,0.0,0.0,0.0,0.0,250.0,0.42368421052631583,150.0,500.0,0.3,0.2,129.05325889587402,37.5,24.0,67.55325889587402,9.920470122365211,9.920470122365211,1.362480612207456,13.518821215083058,0.16718993555851805,-5.255714604001651,219.06228697570546,5.684341886080802e-14,-2.981178784916942,0.007063366200648765,400.0,0.0,0.0,0.0,0.0,250.0,150.0,500.0,0.3,0.2,129.05325889587402,37.5,24.0,67.55325889587402,5.684341886080802e-14,0.0,0.0,0.0002825346480259506,219.06228697570546,16.654652667492122,16.654935202140148,0.9606762083315707,1.0409334501337593,16.0,416.366316687303,416.3733800535037,400.0,16.373380053503695,0.0,0.0,1.0,0.9606762083315707,0,1
,5,,2,2024-09-20T16:00:00,proposed,H01,0,0,0,0.6183565855026245,1.2458345172993521,0.04624677786388556,0.0,0.0,31.145862932483805,31.145862932483805,0.0,44.0,31.145862932483805,84.21052631578947,0.0,0.95,71.35638924827327,250.0,0.2854255569930931,0.16,19.259249455463447,11.637022279723725,1.8687517759490282,5.753475399790694,10.142682151504957,10.142682151504957,1.715234185217738,13.522193171695431,0.19631131806322397,-1.9837933448096203,165.94294585319716,0.0,-2.977806828304569,31.145862932483805,31.145862932483805,0.0,44.0,31.145862932483805,84.21052631578947,0.0,71.35638924827327,250.0,0.2854255569930931,0.16,19.259249455463447,11.637022279723725,1.8687517759490282,5.753475399790694,0.0,0.0,0.0,1.2458345172993521,165.94294585319716,0.0,1.2458345172993521,1.0,0.15572931466241902,1.2458345172993521,0.0,31.145862932483805,31.145862932483805,0.0,0.0,0.0,1.0,1.0,1,2
,5,,2,2024-09-20T16:00:00,proposed,H02,1,1,0,0.5870510339736938,1.9306849060669133,0.04624677786388556,0.0,0.0,48.26712265167283,48.26712265167283,0.0,33.0,33.0,94.73684210526316,0.0,0.95,110.003964756936,250.0,0.440015859027744,0.16,28.335264259599633,17.76563436110976,2.89602735910037,7.673602539389502,10.196226413191217,10.196226413191217,1.6141678460511413,13.522193171695431,0.19631131806322397,-1.9837933448096203,165.94294585319716,0.0,-2.977806828304569,48.26712265167283,48.26712265167283,0.0,33.0,33.0,94.73684210526316,0.0,110.003964756936,250.0,0.440015859027744,0.16,28.335264259599633,17.76563436110976,2.89602735910037,7.673602539389502,0.0,0.0,0.0,1.9306849060669133,165.94294585319716,0.0,1.9306849060669133,1.0,0.24133561325836417,1.9306849060669133,0.0,48.26712265167283,48.26712265167283,0.0,0.0,0.0,1.0,1.0,1,2
,5,,2,2024-09-20T16:00:00,proposed,H03,2,2,0,0.34908661246299744,49.208942605864955,0.04624677786388556,186.04471302932475,171.04471302932475,1230.2235651466237,300.0,0.0,33.0,0.0,83.0,0.0,0.8628333333333335,350.0,350.0,1.0,0.16,104.72598373889923,56.165,18.0,30.560983738899232,10.670611766688095,10.670611766688095,1.906927757584322,13.522193171695431,0.19631131806322397,-1.9837933448096203,165.94294585319716,2.842170943040401e-14,-2.977806828304569,1230.2235651466237,300.0,0.0,33.0,0.0,83.0,0.0,350.0,350.0,1.0,0.16,104.72598373889923,56.165,18.0,30.560983738899232,2.842170943040401e-14,2.8507452171554126,0.0,49.208942605864955,165.94294585319716,0.0,49.208942605864955,0.2438581153046313,4.100745217155413,12.0,0.0,1230.2235651466237,300.0,930.2235651466237,0.0,0.0,1.0,0.2438581153046313,1,2
,5,,2,2024-09-20T16:00:00,proposed,H04,3,3,0,0.5642805099487305,1.591485460249369,0.04624677786388556,0.0,0.0,39.78713650623422,39.78713650623422,0.0,44.0,39.78713650623422,78.94736842105263,0.0,0.95,74.73450492728685,250.0,0.2989380197091474,0.16,22.451105677137594,12.177520788365896,2.3872281903740538,7.886356698397644,13.390635738452543,13.390635738452543,4.347363802780774,13.522193171695431,0.19631131806322397,-1.9837933448096203,165.94294585319716,0.0,-2.977806828304569,39.78713650623422,39.78713650623422,0.0,44.0,39.78713650623422,78.94736842105263,0.0,74.73450492728685,250.0,0.2989380197091474,0.16,22.451105677137594,12.177520788365896,2.3872281903740538,7.886356698397644,0.0,0.0,0.0,1.591485460249369,165.94294585319716,0.0,1.591485460249369,1.0,0.19893568253117114,1.591485460249369,0.0,39.78713650623422,39.78713650623422,0.0,0.0,0.0,1.0,1.0,1,2
,5,,2,2024-09-20T16:00:00,proposed,H05,4,4,0,0.7265068292617798,0.11454904594342022,0.04624677786388556,0.0,0.0,2.8637261485855054,2.8637261485855054,0.0,82.5,0.0,131.57894736842104,0.0,0.95,51.94267351700656,500.0,0.10388534703401313,0.16,2.080516604082904,8.72332776272105,0.17182356891513034,-6.814634727553276,15.571743694532055,15.571743694532055,6.38688500215775,13.522193171695431,0.19631131806322397,-1.9837933448096203,165.94294585319716,1.4210854715202004e-14,-2.977806828304569,2.8637261485855054,2.8637261485855054,0.0,82.5,0.0,131.57894736842104,0.0,51.94267351700656,500.0,0.10388534703401313,0.16,2.080516604082904,8.72332776272105,0.17182356891513034,-6.814634727553276,1.4210854715202004e-14,0.0,0.0,0.11454904594342022,165.94294585319716,0.0,0.11454904594342022,1.0,0.007159315371463764,0.11454904594342022,0.0,2.8637261485855054,2.8637261485855054,0.0,0.0,0.0,1.0,1.0,1,2
,5,,2,2024-09-20T16:00:00,proposed,H06,5,5,0,0.7408874034881592,0.14619756521546023,0.04624677786388556,0.0,0.0,3.6549391303865058,3.6549391303865058,0.0,110.0,0.0,126.31578947368422,0.0,0.95,19.970728604070718,700.0,0.0285296122915296,0.16,2.707898362219329,3.745316576651315,0.21929634782319035,-1.2567145622551765,13.1856719086767,13.1856719086767,4.547459929148908,13.522193171695431,0.19631131806322397,-1.9837933448096203,165.94294585319716,0.0,-2.977806828304569,3.6549391303865058,3.6549391303865058,0.0,110.0,0.0,126.31578947368422,0.0,19.970728604070718,700.0,0.0285296122915296,0.16,2.707898362219329,3.745316576651315,0.21929634782319035,-1.2567145622551765,0.0,0.0,0.0,0.14619756521546023,165.94294585319716,0.0,0.14619756521546023,1.0,0.009137347825966265,0.14619756521546023,0.0,3.6549391303865058,3.6549391303865058,0.0,0.0,0.0,1.0,1.0,1,2
,5,,2,2024-09-20T16:00:00,proposed,H07,6,6,0,0.43120110034942627,17.223285427550973,0.04624677786388556,26.11642713775486,11.116427137754862,430.5821356887743,300.0,0.0,27.5,27.5,77.5,0.0,0.7954166666666667,350.0,350.0,1.0,0.16,129.36033010482788,56.1375,18.0,55.22283010482788,10.241994464563714,10.241994464563714,1.412110661720423,13.522193171695431,0.19631131806322397,-1.9837933448096203,165.94294585319716,0.0,-2.977806828304569,430.5821356887743,300.0,0.0,27.5,27.5,77.5,0.0,350.0,350.0,1.0,0.16,129.36033010482788,56.1375,18.0,55.22283010482788,0.0,0.1852737856292477,0.0,17.223285427550973,165.94294585319716,0.0,17.223285427550973,0.6967311811952195,1.4352737856292477,12.0,0.0,430.5821356887743,300.0,130.58213568877431,-5.551115123125783e-17,0.0,1.0,0.6967311811952195,1,2
,5,,2,2024-09-20T16:00:00,proposed,H08,7,7,0,0.46089404821395874,12.059190134269123,0.04624677786388556,0.0,0.0,301.4797533567281,301.4797533567281,0.0,99.0,99.0,131.57894736842107,0.0,0.95,334.05870072514915,500.0,0.6681174014502983,0.16,138.95022397912822,53.94439211602386,18.088785201403685,66.91704666170068,9.811533652920577,9.811533652920577,1.282029494803356,13.522193171695431,0.19631131806322397,-1.9837933448096203,165.94294585319716,1.4210854715202004e-14,-2.977806828304569,301.4797533567281,301.4797533567281,0.0,99.0,99.0,131.57894736842107,0.0,334.05870072514915,500.0,0.6681174014502983,0.16,138.95022397912822,53.94439211602386,18.088785201403685,66.91704666170068,1.4210854715202004e-14,0.0,0.0,12.059190134269123,165.94294585319716,0.0,12.059190134269123,1.0,0.7536993833918202,12.059190134269123,0.0,301.4797533567281,301.4797533567281,0.0,0.0,0.0,1.0,1.0,1,2
,5,,2,2024-09-20T17:00:00,proposed,H01,0,0,1,0.3047226369380951,41.915228794393485,0.016513549781860766,254.36421595795113,239.36421595795113,1047.8807198598372,200.0,0.0,28.0,28.0,0.0,0.0,0.95,172.0,250.0,0.688,0.22,60.94452738761902,37.980000000000004,11.999999999999998,10.964527387619016,9.788273160050494,9.788273160050494,1.554423342294468,13.52357757308214,0.1728603765812423,-5.485005594857601,223.9554431667267,0.0,-2.9764224269178605,1047.8807198598372,200.0,0.0,28.0,28.0,0.0,0.0,172.0,250.0,0.688,0.22,60.94452738761902,37.980000000000004,11.999999999999998,10.964527387619016,0.0,3.9894035992991856,0.0,41.915228794393485,223.9554431667267,0.0,41.915228794393485,0.19086141791668013,5.239403599299186,7.999999999999999,0.0,1047.8807198598372,200.0,847.8807198598372,0.0,0.0,1.0,0.19086141791668013,1,2
,5,,2,2024-09-20T17:00:00,proposed,H02,1,1,1,0.4096471667289734,9.927801969029288,0.016513549781860766,14.458514767719656,0.0,248.1950492257322,200.0,0.0,21.0,21.0,0.0,0.0,0.95,179.0,250.0,0.716,0.22,81.92943334579468,39.485,12.0,30.44443334579468,9.876826018962124,9.876826018962124,1.4719660437524884,13.52357757308214,0.1728603765812423,-5.485005594857601,223.9554431667267,0.0,-2.9764224269178605,248.1950492257322,200.0,0.0,21.0,21.0,0.0,0.0,179.0,250.0,0.716,0.22,81.92943334579468,39.485,12.0,30.44443334579468,0.0,0.0,0.0,9.927801969029288,223.9554431667267,0.0,9.927801969029288,0.8058178461815367,1.240975246128661,8.0,0.0,248.1950492257322,200.0,48.19504922573219,0.0,0.0,1.0,0.8058178461815367,1,2
,5,,2,2024-09-20T17:00:00,proposed,H03,2,2,1,0.6731168627738953,1.1621176067679878e-14,0.016513549781860766,126.04471302932481,111.04471302932481,2.90529401691997e-13,300.0,0.0,21.0,21.0,27.52631578947366,0.0,0.95,306.52631578947364,350.0,0.8757894736842105,0.22,201.93505883216858,67.5407894736842,18.0,116.3942693584844,10.484216502022937,10.484216502022937,1.937020788528684,13.52357757308214,0.1728603765812423,-5.485005594857601,223.9554431667267,0.0,-2.9764224269178605,2.90529401691997e-13,300.0,0.0,21.0,21.0,27.52631578947366,0.0,306.52631578947364,350.0,0.8757894736842105,0.22,201.93505883216858,67.5407894736842,18.0,116.3942693584844,0.0,1.8507452171554135,0.0,1.1621176067679878e-14,223.9554431667267,37.20894260586495,37.20894260586496,0.3225031177883709,3.1007452171554135,12.0,930.2235651466237,930.2235651466241,300.0,630.2235651466241,0.0,0.0,1.0,0.3225031177883709,1,2
,5,,2,2024-09-20T17:00:00,proposed,H04,3,3,1,0.38708066940307617,7.389333530234692,0.016513549781860766,0.0,0.0,184.73333825586732,184.73333825586732,0.0,28.0,28.0,0.0,0.0,0.95,156.73333825586732,250.0,0.6269333530234693,0.22,71.50670423314602,34.621334416290814,11.084000295352038,25.801369521503172,13.611889909590747,13.611889909590747,4.857591365831833,13.52357757308214,0.1728603765812423,-5.485005594857601,223.9554431667267,0.0,-2.9764224269178605,184.73333825586732,184.73333825586732,0.0,28.0,28.0,0.0,0.0,156.73333825586732,250.0,0.6269333530234693,0.22,71.50670423314602,34.621334416290814,11.084000295352038,25.801369521503172,0.0,0.0,0.0,7.389333530234692,223.9554431667267,0.0,7.389333530234692,1.0,0.9236666912793365,7.389333530234692,0.0,184.73333825586732,184.73333825586732,0.0,0.0,0.0,1.0,1.0,1,2
,5,,2,2024-09-20T17:00:00,proposed,H05,4,4,1,0.25061407685279846,29.55175262372465,0.016513549781860766,50.81907233896744,35.81907233896744,738.7938155931163,400.0,0.0,52.5,52.5,0.0,0.0,0.95,347.5,500.0,0.695,0.22,100.24563074111938,76.7125,23.999999999999996,-0.46686925888061737,16.441287388795324,16.441287388795324,7.600840642789125,13.52357757308214,0.1728603765812423,-5.485005594857601,223.9554431667267,0.0,-2.9764224269178605,738.7938155931163,400.0,0.0,52.5,52.5,0.0,0.0,347.5,500.0,0.695,0.22,100.24563074111938,76.7125,23.999999999999996,-0.46686925888061737,0.0,0.5969845389827906,0.0,29.55175262372465,223.9554431667267,0.0,29.55175262372465,0.5414230487011767,1.8469845389827906,15.999999999999998,0.0,738.7938155931163,400.0,338.7938155931163,0.0,0.0,1.0,0.5414230487011767,1,2
,5,,2,2024-09-20T17:00:00,proposed,H06,5,5,1,0.7812978029251099,0.037019730216666345,0.016513549781860766,0.0,0.0,0.9254932554166586,0.9254932554166586,0.0,0.9254932554166586,0.9254932554166586,0.0,0.0,0.95,0.0,700.0,0.0,0.22,0.7230858470790429,0.004627466277083293,0.055529595324999514,0.6629287854769601,12.922808452751337,12.922808452751337,4.546923067453992,13.52357757308214,0.1728603765812423,-5.485005594857601,223.9554431667267,0.0,-2.9764224269178605,0.9254932554166586,0.9254932554166586,0.0,0.9254932554166586,0.9254932554166586,0.0,0.0,0.0,700.0,0.0,0.22,0.7230858470790429,0.004627466277083293,0.055529595324999514,0.6629287854769601,0.0,0.0,0.0,0.037019730216666345,223.9554431667267,0.0,0.037019730216666345,1.0,0.0023137331385416466,0.037019730216666345,0.0,0.9254932554166586,0.9254932554166586,0.0,0.0,0.0,1.0,1.0,1,2
,5,,2,2024-09-20T17:00:00,proposed,H07,6,6,1,0.25886547565460205,1.0294098939396799,0.016513549781860766,0.0,0.0,25.735247348492,156.31738303726632,0.0,17.5,17.5,48.81578947368421,0.0,0.95,187.63317251095054,350.0,0.5360947786027158,0.22,40.46517371302457,41.366797952409115,9.379042982235978,-10.280667221620524,10.336354854951525,10.336354854951525,1.7758614840881726,13.52357757308214,0.1728603765812423,-5.485005594857601,223.9554431667267,0.0,-2.9764224269178605,25.735247348492,156.31738303726632,0.0,17.5,17.5,48.81578947368421,0.0,187.63317251095054,350.0,0.5360947786027158,0.22,40.46517371302457,41.366797952409115,9.379042982235978,-10.280667221620524,0.0,0.0,0.0,1.0294098939396799,223.9554431667267,5.223285427550972,6.252695321490652,1.0,0.5210579434575543,6.252695321490652,130.58213568877431,156.31738303726632,156.31738303726632,0.0,0.0,0.0,1.0,1.0,1,2
,5,,2,2024-09-20T17:00:00,proposed,H08,7,7,1,0.40060287714004517,12.235346991104393,0.016513549781860766,0.0,0.0,305.8836747776098,305.8836747776098,0.0,63.0,63.0,0.0,0.0,0.95,242.88367477760983,500.0,0.48576734955521966,0.22,122.53788018608036,53.74940845107416,18.35302048665659,50.43545124834961,9.559511362104564,9.559511362104564,1.2546211833078436,13.52357757308214,0.1728603765812423,-5.485005594857601,223.9554431667267,0.0,-2.9764224269178605,305.8836747776098,305.8836747776098,0.0,63.0,63.0,0.0,0.0,242.88367477760983,500.0,0.48576734955521966,0.22,122.53788018608036,53.74940845107416,18.35302048665659,50.43545124834961,0.0,0.0,0.0,12.235346991104393,223.9554431667267,0.0,12.235346991104393,1.0,0.7647091869440246,12.235346991104393,0.0,305.8836747776098,305.8836747776098,0.0,0.0,0.0,1.0,1.0,1,2
,5,,2,2024-09-20T18:00:00,proposed,H01,0,0,2,0.5611573457717896,1.7164591738648798e-18,0.05444571554637323,194.36421595795113,179.36421595795113,4.291147934662199e-17,200.00000000000003,0.0,12.8,12.8,0.0,0.0,0.95,187.20000000000002,250.0,0.7488,0.3,112.23146915435792,56.224000000000004,12.0,44.00746915435792,9.96421382808673,9.96421382808673,1.5417355821435197,13.52738921336537,0.24480565061309822,-5.834240588407147,188.08014330298957,0.0,-2.9726107866346307,4.291147934662199e-17,200.00000000000003,0.0,12.8,12.8,0.0,0.0,187.20000000000002,250.0,0.7488,0.3,112.23146915435792,56.224000000000004,12.0,44.00746915435792,0.0,2.9894035992991856,0.0,1.7164591738648798e-18,188.08014330298957,33.915228794393485,33.915228794393485,0.23588223592707938,4.239403599299186,8.0,847.8807198598372,847.8807198598372,200.00000000000003,647.8807198598372,0.0,0.0,1.0,0.23588223592707938,1,2
,5,,2,2024-09-20T18:00:00,proposed,H02,1,1,2,0.43858984112739563,1.4832324362215388,0.05444571554637323,0.0,0.0,37.08081090553846,85.27586013127066,0.0,9.6,9.6,0.0,0.0,0.95,75.67586013127067,250.0,0.3027034405250827,0.3,37.40112594697601,22.750758039381196,5.116551607876239,9.533816299718573,9.866995431923801,9.866995431923801,1.2924800054156094,13.52738921336537,0.24480565061309822,-5.834240588407147,188.08014330298957,0.0,-2.9726107866346307,37.08081090553846,85.27586013127066,0.0,9.6,9.6,0.0,0.0,75.67586013127067,250.0,0.3027034405250827,0.3,37.40112594697601,22.750758039381196,5.116551607876239,9.533816299718573,0.0,0.0,0.0,1.4832324362215388,188.08014330298957,1.9278019690292876,3.4110344052508266,1.0,0.4263793006563533,3.4110344052508266,48.19504922573219,85.27586013127066,85.27586013127066,0.0,0.0,0.0,1.0,1.0,1,2
,5,,2,2024-09-20T18:00:00,proposed,H03,2,2,2,0.27290984988212585,1.3603516993181556e-07,0.05444571554637323,66.04471370950066,51.04471370950066,3.4008792482953888e-06,300.0,0.0,9.6,9.6,0.0,0.0,0.95,290.4,350.0,0.8297142857142856,0.3,81.87295496463776,87.16799999999999,18.0,-23.295045035362236,10.533389586382814,10.533389586382814,1.828442035409401,13.52738921336537,0.24480565061309822,-5.834240588407147,188.08014330298957,0.0,-2.9726107866346307,3.4008792482953888e-06,300.0,0.0,9.6,9.6,0.0,0.0,290.4,350.0,0.8297142857142856,0.3,81.87295496463776,87.16799999999999,18.0,-23.295045035362236,0.0,0.8507452284916777,0.0,1.3603516993181556e-07,188.08014330298957,25.208942605864962,25.20894274190013,0.4760215500848687,2.1007452284916774,12.0,630.2235651466241,630.2235685475033,300.0,330.2235685475033,2.220446049250313e-16,0.0,1.0,0.4760215500848687,1,2
,5,,2,2024-09-20T18:00:00,proposed,H04,3,3,2,0.4164610505104065,11.9795924434062,0.05444571554637323,29.846943325546505,14.846943325546507,299.48981108515505,200.00000000000003,0.0,12.8,12.8,0.0,0.0,0.95,187.20000000000002,250.0,0.7488,0.3,83.29221010208131,56.224000000000004,12.0,15.06821010208131,13.588097489742266,13.588097489742266,4.6659165101817495,13.52738921336537,0.24480565061309822,-5.834240588407147,188.08014330298957,0.0,-2.9726107866346307,299.48981108515505,200.00000000000003,0.0,12.8,12.8,0.0,0.0,187.20000000000002,250.0,0.7488,0.3,83.29221010208131,56.224000000000004,12.0,15.06821010208131,0.0,0.2474490554257751,0.0,11.9795924434062,188.08014330298957,0.0,11.9795924434062,0.6678023511896145,1.497449055425775,8.0,0.0,299.48981108515505,200.00000000000003,99.48981108515503,0.0,0.0,1.0,0.6678023511896145,1,2
,5,,2,2024-09-20T18:00:00,proposed,H05,4,4,2,0.7197547554969788,2.6152732450455125e-05,0.05444571554637323,0.0,0.0,0.0006538183112613782,338.79446941142754,0.0,24.0,24.0,0.0,0.0,0.95,314.79446941142754,500.0,0.629588938822855,0.3,243.84893049495068,94.55834082342827,20.32766816468565,128.96292150683675,16.306297469896993,16.306297469896993,7.276055644298585,13.52738921336537,0.24480565061309822,-5.834240588407147,188.08014330298957,0.0,-2.9726107866346307,0.0006538183112613782,338.79446941142754,0.0,24.0,24.0,0.0,0.0,314.79446941142754,500.0,0.629588938822855,0.3,243.84893049495068,94.55834082342827,20.32766816468565,128.96292150683675,0.0,0.0,0.0,2.6152732450455125e-05,188.08014330298957,13.55175262372465,13.5517787764571,1.0,0.8469861735285688,13.5517787764571,338.7938155931163,338.79446941142754,338.79446941142754,0.0,0.0,0.0,1.0,1.0,1,2
,5,,2,2024-09-20T18:00:00,proposed,H06,5,5,2,0.7534107565879822,0.1279978670926211,0.05444571554637323,0.0,0.0,3.1999466773155274,3.1999466773155274,0.0,3.1999466773155274,3.1999466773155274,0.0,0.0,0.95,0.0,700.0,0.0,0.3,2.410874247197491,0.015999733386577637,0.19199680063893165,2.202877713171982,13.081439114066699,13.081439114066699,4.500789574911814,13.52738921336537,0.24480565061309822,-5.834240588407147,188.08014330298957,0.0,-2.9726107866346307,3.1999466773155274,3.1999466773155274,0.0,3.1999466773155274,3.1999466773155274,0.0,0.0,0.0,700.0,0.0,0.3,2.410874247197491,0.015999733386577637,0.19199680063893165,2.202877713171982,0.0,0.0,0.0,0.1279978670926211,188.08014330298957,0.0,0.1279978670926211,1.0,0.007999866693288818,0.1279978670926211,0.0,3.1999466773155274,3.1999466773155274,0.0,0.0,0.0,1.0,1.0,1,2
,5,,2,2024-09-20T18:00:00,proposed,H07,6,6,2,0.671701967716217,0.6259604479137925,0.05444571554637323,0.0,0.0,15.649011197844812,15.649011197844812,0.0,8.0,8.0,0.0,0.0,0.95,7.649011197844812,350.0,0.021854317708128033,0.3,10.511471614405474,2.3347033593534436,0.9389406718706887,7.237827583181342,10.393544068941257,10.393544068941257,1.6606454299862305,13.52738921336537,0.24480565061309822,-5.834240588407147,188.08014330298957,0.0,-2.9726107866346307,15.649011197844812,15.649011197844812,0.0,8.0,8.0,0.0,0.0,7.649011197844812,350.0,0.021854317708128033,0.3,10.511471614405474,2.3347033593534436,0.9389406718706887,7.237827583181342,0.0,0.0,0.0,0.6259604479137925,188.08014330298957,0.0,0.6259604479137925,1.0,0.052163370659482705,0.6259604479137925,0.0,15.649011197844812,15.649011197844812,0.0,0.0,0.0,1.0,1.0,1,2
,5,,2,2024-09-20T18:00:00,proposed,H08,7,7,2,0.34966516494750977,57.465660821027676,0.05444571554637323,155.4962280788538,140.4962280788538,1436.6415205256922,400.00000000000006,0.0,28.8,28.8,0.0,0.0,0.95,371.20000000000005,500.0,0.7424000000000001,0.3,139.86606597900393,111.50400000000002,24.0,4.362065979003916,9.753911734588243,9.753911734588243,1.2683555567809326,13.52738921336537,0.24480565061309822,-5.834240588407147,188.08014330298957,0.0,-2.9726107866346307,1436.6415205256922,400.00000000000006,0.0,28.8,28.8,0.0,0.0,371.20000000000005,500.0,0.7424000000000001,0.3,139.86606597900393,111.50400000000002,24.0,4.362065979003916,0.0,2.3416038013142297,0.0,57.465660821027676,188.08014330298957,0.0,57.465660821027676,0.2784271471241017,3.5916038013142297,16.0,0.0,1436.6415205256922,400.00000000000006,1036.6415205256922,0.0,0.0,1.0,0.2784271471241017,1,2
,5,,2,2024-09-20T19:00:00,proposed,H01,0,0,3,0.28139638900756836,3.72388381851164e-12,0.18400774580872262,134.36421595797907,119.36421595797907,9.309709546279101e-11,200.00000000000003,0.0,3.2,3.2,0.0,0.0,0.95,196.80000000000004,250.0,0.7872000000000001,0.34,56.27927780151368,66.92800000000003,12.0,-22.648722198486347,9.75814044985007,9.75814044985007,1.442717572414916,13.53507732844937,0.3950500128051055,-5.01312689979945,-21.476712760293452,0.0,-2.96492267155063,9.309709546279101e-11,200.00000000000003,0.0,3.2,3.2,0.0,0.0,196.80000000000004,250.0,0.7872000000000001,0.34,56.27927780151368,66.92800000000003,12.0,-22.648722198486347,0.0,1.9894035992996513,0.0,3.72388381851164e-12,-21.476712760293452,25.915228794393485,25.91522879439721,0.30869879882093015,3.239403599299651,8.0,647.8807198598372,647.8807198599303,200.00000000000003,447.8807198599303,0.0,0.0,1.0,0.30869879882093015,1,2
,5,,2,2024-09-20T19:00:00,proposed,H02,1,1,3,0.7690314054489136,0.39948757289234493,0.18400774580872262,0.0,0.0,9.987189322308625,9.987189322308625,0.0,2.4,2.4,0.0,0.0,0.95,7.587189322308625,250.0,0.030348757289234498,0.34,7.680462241019384,2.5916443695849325,0.5992313593385175,4.489586512095935,9.62900850517499,9.62900850517499,1.1775303405840198,13.53507732844937,0.3950500128051055,-5.01312689979945,-21.476712760293452,0.0,-2.96492267155063,9.987189322308625,9.987189322308625,0.0,2.4,2.4,0.0,0.0,7.587189322308625,250.0,0.030348757289234498,0.34,7.680462241019384,2.5916443695849325,0.5992313593385175,4.489586512095935,0.0,0.0,0.0,0.39948757289234493,-21.476712760293452,0.0,0.39948757289234493,1.0,0.04993594661154312,0.39948757289234493,0.0,9.987189322308625,9.987189322308625,0.0,0.0,0.0,1.0,1.0,1,2
,5,,2,2024-09-20T19:00:00,proposed,H03,2,2,3,0.32312026619911194,0.003096890066685828,0.18400774580872262,6.060198159834087,0.0,0.0774222516671457,300.0,0.0,2.4,2.4,0.0,0.0,0.95,297.6,350.0,0.8502857142857143,0.34,96.93607985973358,101.19600000000001,18.0,-22.25992014026643,10.434917879550138,10.434917879550138,1.84656270004904,13.53507732844937,0.3950500128051055,-5.01312689979945,-21.476712760293452,0.0,-2.96492267155063,0.0774222516671457,300.0,0.0,2.4,2.4,0.0,0.0,297.6,350.0,0.8502857142857143,0.34,96.93607985973358,101.19600000000001,18.0,-22.25992014026643,0.0,0.0,0.0,0.003096890066685828,-21.476712760293452,13.208942741900131,13.212039631966817,0.9082624889321206,1.1010033026639015,12.0,330.2235685475033,330.30099079917045,300.0,30.30099079917045,0.0,0.0,1.0,0.9082624889321206,1,2
,5,,2,2024-09-20T19:00:00,proposed,H04,3,3,3,0.5405396223068237,0.034403956831196555,0.18400774580872262,0.0,0.0,0.8600989207799139,100.34991000593494,0.0,3.2,3.2,0.0,0.0,0.95,97.14991000593494,250.0,0.38859964002373976,0.34,54.243102453131826,33.04696940201788,6.020994600356096,15.17513845075785,13.747435994075296,13.747435994075296,4.92046342114012,13.53507732844937,0.3950500128051055,-5.01312689979945,-21.476712760293452,0.0,-2.96492267155063,0.8600989207799139,100.34991000593494,0.0,3.2,3.2,0.0,0.0,97.14991000593494,250.0,0.38859964002373976,0.34,54.243102453131826,33.04696940201788,6.020994600356096,15.17513845075785,0.0,0.0,0.0,0.034403956831196555,-21.476712760293452,3.979592443406201,4.013996400237398,1.0,0.5017495500296747,4.013996400237398,99.48981108515503,100.34991000593494,100.34991000593494,0.0,0.0,0.0,1.0,1.0,1,2
,5,,2,2024-09-20T19:00:00,proposed,H05,4,4,3,0.6722690463066101,0.47220658875715843,0.18400774580872262,0.0,0.0,11.80516471892896,11.80516471892896,0.0,6.0,6.0,0.0,0.0,0.95,5.80516471892896,500.0,0.011610329437857921,0.34,7.936246827086813,2.0037560044358464,0.7083098831357376,5.224180939515229,16.556317301006683,16.556317301006683,7.621857668709319,13.53507732844937,0.3950500128051055,-5.01312689979945,-21.476712760293452,0.0,-2.96492267155063,11.80516471892896,11.80516471892896,0.0,6.0,6.0,0.0,0.0,5.80516471892896,500.0,0.011610329437857921,0.34,7.936246827086813,2.0037560044358464,0.7083098831357376,5.224180939515229,0.0,0.0,0.0,0.47220658875715843,-21.476712760293452,0.0,0.47220658875715843,1.0,0.029512911797322402,0.47220658875715843,0.0,11.80516471892896,11.80516471892896,0.0,0.0,0.0,1.0,1.0,1,2
,5,,2,2024-09-20T19:00:00,proposed,H06,5,5,3,0.4116341769695282,30.682011884024245,0.18400774580872262,55.05754456509092,40.05754456509092,767.050297100606,400.0,0.0,8.0,8.0,0.0,0.0,0.95,392.0,700.0,0.56,0.34,164.65367078781128,133.32,24.0,7.333670787811286,13.21181850971944,13.21181850971944,4.711726330712455,13.53507732844937,0.3950500128051055,-5.01312689979945,-21.476712760293452,0.0,-2.96492267155063,767.050297100606,400.0,0.0,8.0,8.0,0.0,0.0,392.0,700.0,0.56,0.34,164.65367078781128,133.32,24.0,7.333670787811286,0.0,0.6676257427515153,0.0,30.682011884024245,-21.476712760293452,0.0,30.682011884024245,0.5214781892556077,1.9176257427515153,16.0,0.0,767.050297100606,400.0,367.05029710060603,0.0,0.0,1.0,0.5214781892556077,1,2
,5,,2,2024-09-20T19:00:00,proposed,H07,6,6,3,0.5339679718017578,9.424643762242015,0.18400774580872262,0.0,0.0,235.61609405605037,235.61609405605037,0.0,2.0,2.0,0.0,0.0,0.95,233.61609405605037,350.0,0.6674745544458582,0.34,125.81144786696142,79.43947197905713,14.136965643363023,32.23501024454126,10.328141374641055,10.328141374641055,1.7160156925916448,13.53507732844937,0.3950500128051055,-5.01312689979945,-21.476712760293452,0.0,-2.96492267155063,235.61609405605037,235.61609405605037,0.0,2.0,2.0,0.0,0.0,233.61609405605037,350.0,0.6674745544458582,0.34,125.81144786696142,79.43947197905713,14.136965643363023,32.23501024454126,0.0,0.0,0.0,9.424643762242015,-21.476712760293452,0.0,9.424643762242015,1.0,0.7853869801868346,9.424643762242015,0.0,235.61609405605037,235.61609405605037,0.0,0.0,0.0,1.0,1.0,1,2
,5,,2,2024-09-20T19:00:00,proposed,H08,7,7,3,0.2914058566093445,2.1071925965248348e-09,0.18400774580872262,95.49622808675576,80.49622808675576,5.2679814913120866e-08,400.0000000000001,0.0,7.2,7.2,0.0,0.0,0.95,392.8000000000001,500.0,0.7856000000000003,0.34,116.56234264373782,133.58800000000005,24.0,-41.02565735626223,9.63789770819396,9.63789770819396,1.2570649350204937,13.53507732844937,0.3950500128051055,-5.01312689979945,-21.476712760293452,0.0,-2.96492267155063,5.2679814913120866e-08,400.0000000000001,0.0,7.2,7.2,0.0,0.0,392.8000000000001,500.0,0.7856000000000003,0.34,116.56234264373782,133.58800000000005,24.0,-41.02565735626223,0.0,1.3416038014459295,0.0,2.1071925965248348e-09,-21.476712760293452,41.465660821027676,41.46566082313487,0.38586144974863507,2.5916038014459293,16.0,1036.6415205256922,1036.641520578372,400.0000000000001,636.6415205783718,0.0,0.0,1.0,0.38586144974863507,1,2
,5,,2,2024-09-20T20:00:00,proposed,H01,0,0,4,0.3964316248893738,1.9904449587670895e-09,0.03175595656196887,74.3642159729074,59.3642159729074,4.976112396917724e-08,200.00000000000009,0.0,0.0,0.0,0.0,0.0,0.95,200.00000000000009,250.0,0.8000000000000004,0.27,79.28632497787478,54.00000000000003,12.0,13.286324977874756,9.405427072243345,9.405427072243345,1.297422886604168,13.537525671801431,0.42430516811898517,-0.557690997871689,345.89922074937346,0.0,-2.962474328198569,4.976112396917724e-08,200.00000000000009,0.0,0.0,0.0,0.0,0.0,200.00000000000009,250.0,0.8000000000000004,0.27,79.28632497787478,54.00000000000003,12.0,13.286324977874756,0.0,0.9894035995484567,0.0,1.9904449587670895e-09,345.89922074937346,17.91522879439721,17.91522879638765,0.4465474647810853,2.2394035995484565,8.0,447.8807198599303,447.88071990969144,200.00000000000009,247.88071990969135,2.220446049250313e-16,0.0,1.0,0.4465474647810853,1,2
,5,,2,2024-09-20T20:00:00,proposed,H02,1,1,4,0.4330635368824005,5.0905549858918855,0.03175595656196887,0.0,0.0,127.26387464729716,127.26387464729716,0.0,0.0,0.0,0.0,0.0,0.95,127.26387464729716,250.0,0.5090554985891886,0.27,55.11334367211697,34.361246154770235,7.635832478837829,13.116265038508905,9.502197059221412,9.502197059221412,1.2257860670652,13.537525671801431,0.42430516811898517,-0.557690997871689,345.89922074937346,0.0,-2.962474328198569,127.26387464729716,127.26387464729716,0.0,0.0,0.0,0.0,0.0,127.26387464729716,250.0,0.5090554985891886,0.27,55.11334367211697,34.361246154770235,7.635832478837829,13.116265038508905,0.0,0.0,0.0,5.0905549858918855,345.89922074937346,0.0,5.0905549858918855,1.0,0.6363193732364857,5.0905549858918855,0.0,127.26387464729716,127.26387464729716,0.0,0.0,0.0,1.0,1.0,1,2
,5,,2,2024-09-20T20:00:00,proposed,H03,2,2,4,0.7804563045501709,0.013507608399150267,0.03175595656196887,0.0,0.0,0.3376902099787567,30.638681009149206,0.0,0.0,0.0,0.0,0.0,0.95,30.638681009149206,350.0,0.08753908859756916,0.27,23.91215175669209,8.272443872470285,1.8383208605489516,13.801387023672852,10.617228854241066,10.617228854241066,2.196878682681288,13.537525671801431,0.42430516811898517,-0.557690997871689,345.89922074937346,0.0,-2.962474328198569,0.3376902099787567,30.638681009149206,0.0,0.0,0.0,0.0,0.0,30.638681009149206,350.0,0.08753908859756916,0.27,23.91215175669209,8.272443872470285,1.8383208605489516,13.801387023672852,0.0,0.0,0.0,0.013507608399150267,345.89922074937346,1.2120396319668174,1.2255472403659677,1.0,0.10212893669716398,1.2255472403659677,30.30099079917045,30.638681009149206,30.638681009149206,0.0,0.0,0.0,1.0,1.0,1,2
,5,,2,2024-09-20T20:00:00,proposed,H04,3,3,4,0.2586336135864258,26.129828823396277,0.03175595656196887,135.97371617547208,120.97371617547208,653.245720584907,200.0,0.0,0.0,0.0,0.0,0.0,0.95,200.0,250.0,0.8,0.27,51.726722717285156,54.0,12.0,-14.273277282714844,14.145376587691162,14.145376587691162,5.476784023542878,13.537525671801431,0.42430516811898517,-0.557690997871689,345.89922074937346,0.0,-2.962474328198569,653.245720584907,200.0,0.0,0.0,0.0,0.0,0.0,200.0,250.0,0.8,0.27,51.726722717285156,54.0,12.0,-14.273277282714844,0.0,2.0162286029245347,0.0,26.129828823396277,345.89922074937346,0.0,26.129828823396277,0.30616350585645297,3.2662286029245347,8.0,0.0,653.245720584907,200.0,453.24572058490696,0.0,0.0,1.0,0.30616350585645297,1,2
,5,,2,2024-09-20T20:00:00,proposed,H05,4,4,4,0.754109263420105,0.01794354270384584,0.03175595656196887,0.0,0.0,0.448588567596146,0.448588567596146,0.0,0.0,0.0,0.0,0.0,0.95,0.448588567596146,500.0,0.000897177135192292,0.27,0.33828479428860964,0.12111891325095943,0.02691531405576876,0.19025056698188147,16.79701419222851,16.79701419222851,8.046516144105558,13.537525671801431,0.42430516811898517,-0.557690997871689,345.89922074937346,0.0,-2.962474328198569,0.448588567596146,0.448588567596146,0.0,0.0,0.0,0.0,0.0,0.448588567596146,500.0,0.000897177135192292,0.27,0.33828479428860964,0.12111891325095943,0.02691531405576876,0.19025056698188147,0.0,0.0,0.0,0.01794354270384584,345.89922074937346,0.0,0.01794354270384584,1.0,0.001121471418990365,0.01794354270384584,0.0,0.448588567596146,0.448588567596146,0.0,0.0,0.0,1.0,1.0,1,2
,5,,2,2024-09-20T20:00:00,proposed,H06,5,5,4,0.708838939666748,7.433845374288867e-06,0.03175595656196887,0.0,0.0,0.00018584613435722165,367.0504829467404,0.0,0.0,0.0,0.0,0.0,0.95,367.0504829467404,700.0,0.5243578327810576,0.27,260.17967513613524,99.1036303956199,22.02302897680443,139.0530157637109,12.892445944880766,12.892445944880766,4.638972427529774,13.537525671801431,0.42430516811898517,-0.557690997871689,345.89922074937346,0.0,-2.962474328198569,0.00018584613435722165,367.0504829467404,0.0,0.0,0.0,0.0,0.0,367.0504829467404,700.0,0.5243578327810576,0.27,260.17967513613524,99.1036303956199,22.02302897680443,139.0530157637109,0.0,0.0,0.0,7.433845374288867e-06,345.89922074937346,14.682011884024245,14.682019317869619,1.0,0.9176262073668512,14.682019317869619,367.05029710060603,367.0504829467404,367.0504829467404,0.0,0.0,0.0,1.0,1.0,1,2
,5,,2,2024-09-20T20:00:00,proposed,H07,6,6,4,0.4624447822570801,3.009473071991513,0.03175595656196887,0.0,0.0,75.23682679978782,75.23682679978782,0.0,0.0,0.0,0.0,0.0,0.95,75.23682679978782,350.0,0.21496236228510807,0.27,34.79287798714152,20.313943235942713,4.51420960798727,9.964725143211542,10.442209928207063,10.442209928207063,2.015277589554664,13.537525671801431,0.42430516811898517,-0.557690997871689,345.89922074937346,0.0,-2.962474328198569,75.23682679978782,75.23682679978782,0.0,0.0,0.0,0.0,0.0,75.23682679978782,350.0,0.21496236228510807,0.27,34.79287798714152,20.313943235942713,4.51420960798727,9.964725143211542,0.0,0.0,0.0,3.009473071991513,345.89922074937346,0.0,3.009473071991513,1.0,0.25078942266595944,3.009473071991513,0.0,75.23682679978782,75.23682679978782,0.0,0.0,0.0,1.0,1.0,1,2
,5,,2,2024-09-20T20:00:00,proposed,H08,7,7,4,0.7569013237953186,8.836247721563963e-09,0.03175595656196887,35.49622811989168,20.496228119891683,2.2090619303909909e-07,400.0,0.0,0.0,0.0,0.0,0.0,0.95,400.0,500.0,0.8,0.27,302.76052951812744,108.0,24.0,170.76052951812744,9.373218756883762,9.373218756883762,1.2103753526742607,13.537525671801431,0.42430516811898517,-0.557690997871689,345.89922074937346,0.0,-2.962474328198569,2.2090619303909909e-07,400.0,0.0,0.0,0.0,0.0,0.0,400.0,500.0,0.8,0.27,302.76052951812744,108.0,24.0,170.76052951812744,0.0,0.34160380199819473,0.0,8.836247721563963e-09,345.89922074937346,25.46566082313487,25.465660831971118,0.6282970666095042,1.5916038019981948,16.0,636.6415205783718,636.6415207992779,400.0,236.64152079927794,-1.1102230246251565e-16,0.0,1.0,0.6282970666095042,1,2
,5,,2,2024-09-20T21:00:00,proposed,H01,0,0,5,0.3466958999633789,3.177234490302646e-05,0.016545153478154478,14.364454265494171,0.0,0.0007943086225756616,200.00000000000003,0.0,0.0,0.0,0.0,100.0,0.42368421052631583,100.00000000000003,250.0,0.40000000000000013,0.2,69.3391799926758,23.000000000000007,12.0,34.33917999267579,9.821900177891967,9.821900177891967,1.5450263343087152,13.538897993555434,0.35699669448305277,-0.0074426956124679575,163.42962347101056,1.4210854715202004e-14,-2.961102006444566,0.0007943086225756616,200.00000000000003,0.0,0.0,0.0,0.0,100.0,100.00000000000003,250.0,0.40000000000000013,0.2,69.3391799926758,23.000000000000007,12.0,34.33917999267579,1.4210854715202004e-14,0.0,0.0,3.177234490302646e-05,163.42962347101056,9.915228796387654,9.915260568732556,0.806837091626995,1.2394075710915695,8.0,247.88071990969135,247.88151421831392,200.00000000000003,47.881514218313896,0.0,0.0,1.0,0.806837091626995,1,2
,5,,2,2024-09-20T21:00:00,proposed,H02,1,1,5,0.3272862732410431,8.923313582497965,0.016545153478154478,6.924851868734736,0.0,223.08283956244912,200.0,0.0,0.0,0.0,0.0,100.0,0.42368421052631583,100.0,250.0,0.4,0.2,65.45725464820862,23.0,12.0,30.457254648208618,9.880389750746087,9.880389750746087,1.4329685178284957,13.538897993555434,0.35699669448305277,-0.0074426956124679575,163.42962347101056,1.4210854715202004e-14,-2.961102006444566,223.08283956244912,200.0,0.0,0.0,0.0,0.0,100.0,100.0,250.0,0.4,0.2,65.45725464820862,23.0,12.0,30.457254648208618,1.4210854715202004e-14,0.0,0.0,8.923313582497965,163.42962347101056,0.0,8.923313582497965,0.8965279462655066,1.1154141978122456,8.0,0.0,223.08283956244912,200.0,23.082839562449124,0.0,0.0,1.0,0.8965279462655066,1,2
,5,,2,2024-09-20T21:00:00,proposed,H03,2,2,5,0.2662737965583801,19.22264606529412,0.016545153478154478,36.1132303264706,21.113230326470603,480.566151632353,299.99999999999994,0.0,0.0,0.0,0.0,150.0,0.4236842105263158,149.99999999999994,350.0,0.42857142857142844,0.2,79.88213896751402,34.499999999999986,18.0,27.382138967514038,10.55532610603794,10.55532610603794,1.928213162620499,13.538897993555434,0.35699669448305277,-0.0074426956124679575,163.42962347101056,0.0,-2.961102006444566,480.566151632353,299.99999999999994,0.0,0.0,0.0,0.0,150.0,149.99999999999994,350.0,0.42857142857142844,0.2,79.88213896751402,34.499999999999986,18.0,27.382138967514038,0.0,0.35188717210784337,0.0,19.22264606529412,163.42962347101056,0.0,19.22264606529412,0.6242636918579914,1.6018871721078434,12.0,0.0,480.566151632353,299.99999999999994,180.56615163235307,0.0,0.0,1.0,0.6242636918579914,1,2
,5,,2,2024-09-20T21:00:00,proposed,H04,3,3,5,0.2714812457561493,1.891466942414291e-09,0.016545153478154478,75.97371618965808,60.97371618965808,4.7286673560357283e-08,200.0,0.0,0.0,0.0,0.0,100.0,0.5289473684210527,100.0,250.0,0.4,0.2,54.29624915122986,23.0,12.0,19.29624915122986,13.625298051181542,13.625298051181542,4.720174775215599,13.538897993555434,0.35699669448305277,-0.0074426956124679575,163.42962347101056,2.842170943040401e-14,-2.961102006444566,4.7286673560357283e-08,200.0,0.0,0.0,0.0,0.0,100.0,100.0,250.0,0.4,0.2,54.29624915122986,23.0,12.0,19.29624915122986,2.842170943040401e-14,1.016228603160968,0.0,1.891466942414291e-09,163.42962347101056,18.129828823396277,18.129828825287746,0.441261750295264,2.266228603160968,8.0,453.24572058490696,453.24572063219364,200.0,253.24572063219364,-2.220446049250313e-16,0.0,1.0,0.441261750295264,1,2
,5,,2,2024-09-20T21:00:00,proposed,H05,4,4,5,0.7055382132530212,0.017063367252582097,0.016545153478154478,0.0,0.0,0.42658418131455234,0.42658418131455234,0.0,0.0,0.0,0.0,0.42658418131455234,0.9491019280393377,0.0,500.0,0.0,0.2,0.3009714410866721,0.01279752543943657,0.025595050878873146,0.2625788647683624,16.175251585802656,16.175251585802656,7.149764825495343,13.538897993555434,0.35699669448305277,-0.0074426956124679575,163.42962347101056,2.4369395390522186e-14,-2.961102006444566,0.42658418131455234,0.42658418131455234,0.0,0.0,0.0,0.0,0.42658418131455234,0.0,500.0,0.0,0.2,0.3009714410866721,0.01279752543943657,0.025595050878873146,0.2625788647683624,2.4369395390522186e-14,0.0,0.0,0.017063367252582097,163.42962347101056,0.0,0.017063367252582097,1.0,0.001066460453286381,0.017063367252582097,0.0,0.42658418131455234,0.42658418131455234,0.0,0.0,0.0,1.0,1.0,1,2
,5,,2,2024-09-20T21:00:00,proposed,H06,5,5,5,0.4346059560775757,1.2208181249890089,0.016545153478154478,0.0,0.0,30.520453124725222,30.520453124725222,0.0,0.0,0.0,0.0,30.520453124725222,0.896455345395219,0.0,700.0,0.0,0.2,13.264370710192038,0.9156135937417567,1.8312271874835133,10.517529928966768,13.094664785090766,13.094664785090766,4.616810280912355,13.538897993555434,0.35699669448305277,-0.0074426956124679575,163.42962347101056,4.973799150320701e-14,-2.961102006444566,30.520453124725222,30.520453124725222,0.0,0.0,0.0,0.0,30.520453124725222,0.0,700.0,0.0,0.2,13.264370710192038,0.9156135937417567,1.8312271874835133,10.517529928966768,4.973799150320701e-14,0.0,0.0,1.2208181249890089,163.42962347101056,0.0,1.2208181249890089,1.0,0.07630113281181305,1.2208181249890089,0.0,30.520453124725222,30.520453124725222,0.0,0.0,0.0,1.0,1.0,1,2
,5,,2,2024-09-20T21:00:00,proposed,H07,6,6,5,0.7017682790756226,0.05058818522687085,0.016545153478154478,0.0,0.0,1.2647046306717713,1.2647046306717713,0.0,0.0,0.0,0.0,1.2647046306717713,0.9455624398923798,0.0,350.0,0.0,0.2,0.8875295922054998,0.03794113892015314,0.07588227784030627,0.7737061754450403,10.30639364010995,10.30639364010995,1.6439121962638834,13.538897993555434,0.35699669448305277,-0.0074426956124679575,163.42962347101056,1.354472090042691e-14,-2.961102006444566,1.2647046306717713,1.2647046306717713,0.0,0.0,0.0,0.0,1.2647046306717713,0.0,350.0,0.0,0.2,0.8875295922054998,0.03794113892015314,0.07588227784030627,0.7737061754450403,1.354472090042691e-14,0.0,0.0,0.05058818522687085,163.42962347101056,0.0,0.05058818522687085,1.0,0.004215682102239237,0.05058818522687085,0.0,1.2647046306717713,1.2647046306717713,0.0,0.0,0.0,1.0,1.0,1,2
,5,,2,2024-09-20T21:00:00,proposed,H08,7,7,5,0.25948774814605713,0.06918429615844779,0.016545153478154478,0.0,0.0,1.7296074039611948,238.37112820323912,0.0,0.0,0.0,0.0,238.37112820323912,0.4481660458879177,0.0,500.0,0.0,0.2,61.85438728049361,7.151133846097173,14.302267692194345,40.400985742202096,9.643704162378782,9.643704162378782,1.2859508630387244,13.538897993555434,0.35699669448305277,-0.0074426956124679575,163.42962347101056,2.842170943040401e-14,-2.961102006444566,1.7296074039611948,238.37112820323912,0.0,0.0,0.0,0.0,238.37112820323912,0.0,500.0,0.0,0.2,61.85438728049361,7.151133846097173,14.302267692194345,40.400985742202096,2.842170943040401e-14,0.0,0.0,0.06918429615844779,163.42962347101056,9.465660831971116,9.534845128129563,1.0,0.5959278205080977,9.534845128129563,236.64152079927794,238.37112820323912,238.37112820323912,0.0,0.0,0.0,1.0,1.0,1,2
,5,,3,2024-09-20T16:00:00,proposed,H01,0,0,0,0.7047868967056274,0.07736039334490655,0.009609016339049202,0.0,0.0,1.9340098336226639,1.9340098336226639,0.0,44.0,1.9340098336226639,84.21052631578947,0.0,0.95,42.14453614941213,250.0,0.16857814459764853,0.16,1.3630647888370842,6.963125783905941,0.11604059001735982,-5.716101585086217,10.246777728830805,10.246777728830805,1.7522468023144864,13.539722861391773,0.1369145088868293,-2.3236098992149468,37.772360683308705,0.0,-2.9602771386082267,1.9340098336226639,1.9340098336226639,0.0,44.0,1.9340098336226639,84.21052631578947,0.0,42.14453614941213,250.0,0.16857814459764853,0.16,1.3630647888370842,6.963125783905941,0.11604059001735982,-5.716101585086217,0.0,0.0,0.0,0.07736039334490655,37.772360683308705,0.0,0.07736039334490655,1.0,0.009670049168113318,0.07736039334490655,0.0,1.9340098336226639,1.9340098336226639,0.0,0.0,0.0,1.0,1.0,2,3
,5,,3,2024-09-20T16:00:00,proposed,H02,1,1,0,0.4632972180843353,2.1988871691240526,0.009609016339049202,0.0,0.0,54.972179228101304,54.972179228101304,0.0,33.0,33.0,94.73684210526316,0.0,0.95,116.70902133336446,250.0,0.46683608533345783,0.16,25.468457708412817,18.838443413338315,3.298330753686079,3.331683541388424,10.171670266454719,10.171670266454719,1.5447807897901737,13.539722861391773,0.1369145088868293,-2.3236098992149468,37.772360683308705,0.0,-2.9602771386082267,54.972179228101304,54.972179228101304,0.0,33.0,33.0,94.73684210526316,0.0,116.70902133336446,250.0,0.46683608533345783,0.16,25.468457708412817,18.838443413338315,3.298330753686079,3.331683541388424,0.0,0.0,0.0,2.1988871691240526,37.772360683308705,0.0,2.1988871691240526,1.0,0.27486089614050657,2.1988871691240526,0.0,54.972179228101304,54.972179228101304,0.0,0.0,0.0,1.0,1.0,2,3
,5,,3,2024-09-20T16:00:00,proposed,H03,2,2,0,0.7736427187919617,0.030351955062751956,0.009609016339049202,0.0,0.0,0.758798876568799,0.758798876568799,0.0,33.0,0.0,110.5263157894737,0.0,0.95,78.2851146660425,350.0,0.22367175618869287,0.16,0.5870392258849718,12.6906183465668,0.045527932594127934,-12.149107053275957,10.557034148202948,10.557034148202948,1.7635648401377304,13.539722861391773,0.1369145088868293,-2.3236098992149468,37.772360683308705,1.4210854715202004e-14,-2.9602771386082267,0.758798876568799,0.758798876568799,0.0,33.0,0.0,110.5263157894737,0.0,78.2851146660425,350.0,0.22367175618869287,0.16,0.5870392258849718,12.6906183465668,0.045527932594127934,-12.149107053275957,1.4210854715202004e-14,0.0,0.0,0.030351955062751956,37.772360683308705,0.0,0.030351955062751956,1.0,0.002529329588562663,0.030351955062751956,0.0,0.758798876568799,0.758798876568799,0.0,0.0,0.0,1.0,1.0,2,3
,5,,3,2024-09-20T16:00:00,proposed,H04,3,3,0,0.34369227290153503,6.955099807050895,0.009609016339049202,0.0,0.0,173.87749517627236,173.87749517627236,0.0,44.0,44.0,78.94736842105263,0.0,0.95,208.824863597325,250.0,0.8352994543893,0.16,59.76035152355874,33.631978175572,10.432649710576342,15.695723637410396,13.306114429010439,13.306114429010439,4.2411262293290894,13.539722861391773,0.1369145088868293,-2.3236098992149468,37.772360683308705,0.0,-2.9602771386082267,173.87749517627236,173.87749517627236,0.0,44.0,44.0,78.94736842105263,0.0,208.824863597325,250.0,0.8352994543893,0.16,59.76035152355874,33.631978175572,10.432649710576342,15.695723637410396,0.0,0.0,0.0,6.955099807050895,37.772360683308705,0.0,6.955099807050895,1.0,0.8693874758813619,6.955099807050895,0.0,173.87749517627236,173.87749517627236,0.0,0.0,0.0,1.0,1.0,2,3
,5,,3,2024-09-20T16:00:00,proposed,H05,4,4,0,0.6139957904815674,0.11123140934463996,0.009609016339049202,0.0,0.0,2.780785233615999,2.780785233615999,0.0,82.5,0.0,131.57894736842104,0.0,0.95,51.859732602037056,500.0,0.10371946520407412,0.16,1.7073904276735252,8.710057216325929,0.16684711401695995,-7.1695139026693635,15.603598441056782,15.603598441056782,6.389517383022868,13.539722861391773,0.1369145088868293,-2.3236098992149468,37.772360683308705,1.4210854715202004e-14,-2.9602771386082267,2.780785233615999,2.780785233615999,0.0,82.5,0.0,131.57894736842104,0.0,51.859732602037056,500.0,0.10371946520407412,0.16,1.7073904276735252,8.710057216325929,0.16684711401695995,-7.1695139026693635,1.4210854715202004e-14,0.0,0.0,0.11123140934463996,37.772360683308705,0.0,0.11123140934463996,1.0,0.006951963084039997,0.11123140934463996,0.0,2.780785233615999,2.780785233615999,0.0,0.0,0.0,1.0,1.0,2,3
,5,,3,2024-09-20T16:00:00,proposed,H06,5,5,0,0.3079368472099304,11.41490316895733,0.009609016339049202,0.0,0.0,285.37257922393326,285.37257922393326,0.0,110.0,110.0,126.31578947368422,0.0,0.95,301.6883686976175,700.0,0.43098338385373924,0.16,87.8767323263841,48.8201389916188,17.122354753435996,21.934238581329307,13.344882509227688,13.344882509227688,4.626594473479518,13.539722861391773,0.1369145088868293,-2.3236098992149468,37.772360683308705,0.0,-2.9602771386082267,285.37257922393326,285.37257922393326,0.0,110.0,110.0,126.31578947368422,0.0,301.6883686976175,700.0,0.43098338385373924,0.16,87.8767323263841,48.8201389916188,17.122354753435996,21.934238581329307,0.0,0.0,0.0,11.41490316895733,37.772360683308705,0.0,11.41490316895733,1.0,0.7134314480598332,11.41490316895733,0.0,285.37257922393326,285.37257922393326,0.0,0.0,0.0,1.0,1.0,2,3
,5,,3,2024-09-20T16:00:00,proposed,H07,6,6,0,0.2765667140483856,30.231226633006717,0.009609016339049202,91.1561331650336,76.1561331650336,755.780665825168,300.0,0.0,27.5,27.5,77.5,0.0,0.7954166666666667,350.0,350.0,1.0,0.16,82.97001421451569,56.1375,18.0,8.832514214515683,10.192605381437664,10.192605381437664,1.3308528960260029,13.539722861391773,0.1369145088868293,-2.3236098992149468,37.772360683308705,0.0,-2.9602771386082267,755.780665825168,300.0,0.0,27.5,27.5,77.5,0.0,350.0,350.0,1.0,0.16,82.97001421451569,56.1375,18.0,8.832514214515683,0.0,1.2692688860838932,0.0,30.231226633006717,37.772360683308705,0.0,30.231226633006717,0.39694055903435604,2.519268886083893,12.0,0.0,755.780665825168,300.0,455.78066582516794,2.220446049250313e-16,0.0,1.0,0.39694055903435604,2,3
,5,,3,2024-09-20T16:00:00,proposed,H08,7,7,0,0.2668013870716095,35.70947790329816,0.009609016339049202,73.9105421373681,58.91054213736809,892.736947582454,400.0,0.0,99.0,0.0,131.57894736842104,0.0,0.95,432.57894736842104,500.0,0.8651578947368421,0.16,106.7205548286438,69.70763157894737,24.0,13.012923249696428,9.893763339916122,9.893763339916122,1.301842805659202,13.539722861391773,0.1369145088868293,-2.3236098992149468,37.772360683308705,1.4210854715202004e-14,-2.9602771386082267,892.736947582454,400.0,0.0,99.0,0.0,131.57894736842104,0.0,432.57894736842104,500.0,0.8651578947368421,0.16,106.7205548286438,69.70763157894737,24.0,13.012923249696428,1.4210854715202004e-14,0.9818423689561349,0.0,35.70947790329816,37.772360683308705,0.0,35.70947790329816,0.448060317300865,2.231842368956135,16.0,0.0,892.736947582454,400.0,492.73694758245404,0.0,0.0,1.0,0.448060317300865,2,3
,5,,3,2024-09-20T17:00:00,proposed,H01,0,0,1,0.25115951895713806,82.03083216611337,0.01673151600429038,555.2312412458502,540.2312412458502,2050.7708041528344,200.00000000000003,0.0,28.0,28.0,0.0,0.0,0.95,172.00000000000003,250.0,0.6880000000000002,0.22,50.23190379142762,37.980000000000004,12.0,0.25190379142761543,10.173118462615767,10.173118462615767,1.8045579037650674,13.541099421382075,0.10763013104042601,-9.794242275118204,133.35052865716915,0.0,-2.958900578617925,2050.7708041528344,200.00000000000003,0.0,28.0,28.0,0.0,0.0,172.00000000000003,250.0,0.6880000000000002,0.22,50.23190379142762,37.980000000000004,12.0,0.25190379142761543,0.0,9.003854020764171,0.0,82.03083216611337,133.35052865716915,0.0,82.03083216611337,0.09752430627303535,10.253854020764171,8.0,0.0,2050.7708041528344,200.00000000000003,1850.7708041528344,0.0,0.0,1.0,0.09752430627303535,2,3
,5,,3,2024-09-20T17:00:00,proposed,H02,1,1,1,0.5247596502304077,1.9367256469665257,0.01673151600429038,0.0,0.0,48.41814117416315,48.41814117416315,0.0,21.0,21.0,0.0,0.0,0.95,27.418141174163154,250.0,0.10967256469665261,0.22,25.407886827360358,6.136991058315894,2.9050884704497886,16.365807298594675,10.202085880841905,10.202085880841905,1.671642099342983,13.541099421382075,0.10763013104042601,-9.794242275118204,133.35052865716915,0.0,-2.958900578617925,48.41814117416315,48.41814117416315,0.0,21.0,21.0,0.0,0.0,27.418141174163154,250.0,0.10967256469665261,0.22,25.407886827360358,6.136991058315894,2.9050884704497886,16.365807298594675,0.0,0.0,0.0,1.9367256469665257,133.35052865716915,0.0,1.9367256469665257,1.0,0.24209070587081571,1.9367256469665257,0.0,48.41814117416315,48.41814117416315,0.0,0.0,0.0,1.0,1.0,2,3
,5,,3,2024-09-20T17:00:00,proposed,H03,2,2,1,0.7681092619895935,0.06967877144978944,0.01673151600429038,0.0,0.0,1.7419692862447358,1.7419692862447358,0.0,1.7419692862447358,1.7419692862447358,0.0,0.0,0.95,0.0,350.0,0.0,0.22,1.338022742865983,0.008709846431223679,0.10451815717468416,1.224794739260075,10.360698539203991,10.360698539203991,1.6898540457169504,13.541099421382075,0.10763013104042601,-9.794242275118204,133.35052865716915,0.0,-2.958900578617925,1.7419692862447358,1.7419692862447358,0.0,1.7419692862447358,1.7419692862447358,0.0,0.0,0.0,350.0,0.0,0.22,1.338022742865983,0.008709846431223679,0.10451815717468416,1.224794739260075,0.0,0.0,0.0,0.06967877144978944,133.35052865716915,0.0,0.06967877144978944,1.0,0.005806564287482454,0.06967877144978944,0.0,1.7419692862447358,1.7419692862447358,0.0,0.0,0.0,1.0,1.0,2,3
,5,,3,2024-09-20T17:00:00,proposed,H04,3,3,1,0.5325335264205933,1.0796748821489452,0.01673151600429038,0.0,0.0,26.991872053723633,26.991872053723633,0.0,26.991872053723633,26.991872053723633,0.0,0.0,0.95,0.0,250.0,0.0,0.22,14.374076809462906,0.13495936026861816,1.6195123232234179,12.61960512597087,13.219549413382396,13.219549413382396,4.345884982678155,13.541099421382075,0.10763013104042601,-9.794242275118204,133.35052865716915,0.0,-2.958900578617925,26.991872053723633,26.991872053723633,0.0,26.991872053723633,26.991872053723633,0.0,0.0,0.0,250.0,0.0,0.22,14.374076809462906,0.13495936026861816,1.6195123232234179,12.61960512597087,0.0,0.0,0.0,1.0796748821489452,133.35052865716915,0.0,1.0796748821489452,1.0,0.13495936026861816,1.0796748821489452,0.0,26.991872053723633,26.991872053723633,0.0,0.0,0.0,1.0,1.0,2,3
,5,,3,2024-09-20T17:00:00,proposed,H05,4,4,1,0.30302566289901733,15.497946496442033,0.01673151600429038,0.0,0.0,387.44866241105086,387.44866241105086,0.0,52.5,52.5,0.0,0.0,0.95,334.94866241105086,500.0,0.6698973248221017,0.22,117.40688776644626,73.9512057304312,23.24691974466305,20.208762291352013,16.07032153092911,16.07032153092911,7.084186097199117,13.541099421382075,0.10763013104042601,-9.794242275118204,133.35052865716915,0.0,-2.958900578617925,387.44866241105086,387.44866241105086,0.0,52.5,52.5,0.0,0.0,334.94866241105086,500.0,0.6698973248221017,0.22,117.40688776644626,73.9512057304312,23.24691974466305,20.208762291352013,0.0,0.0,0.0,15.497946496442033,133.35052865716915,0.0,15.497946496442033,1.0,0.9686216560276271,15.497946496442033,0.0,387.44866241105086,387.44866241105086,0.0,0.0,0.0,1.0,1.0,2,3
,5,,3,2024-09-20T17:00:00,proposed,H06,5,5,1,0.513740599155426,1.4479734733938634,0.01673151600429038,0.0,0.0,36.199336834846584,36.199336834846584,0.0,36.199336834846584,36.199336834846584,0.0,0.0,0.95,0.0,700.0,0.0,0.22,18.597068994563166,0.18099668417423292,2.171960210090795,16.24411210029814,13.09984126772073,13.09984126772073,4.571379568179885,13.541099421382075,0.10763013104042601,-9.794242275118204,133.35052865716915,0.0,-2.958900578617925,36.199336834846584,36.199336834846584,0.0,36.199336834846584,36.199336834846584,0.0,0.0,0.0,700.0,0.0,0.22,18.597068994563166,0.18099668417423292,2.171960210090795,16.24411210029814,0.0,0.0,0.0,1.4479734733938634,133.35052865716915,0.0,1.4479734733938634,1.0,0.09049834208711646,1.4479734733938634,0.0,36.199336834846584,36.199336834846584,0.0,0.0,0.0,1.0,1.0,2,3
,5,,3,2024-09-20T17:00:00,proposed,H07,6,6,1,0.5102629661560059,7.347221817658419e-07,0.01673151600429038,31.1561368386445,16.1561368386445,1.8368054544146046e-05,299.99999999999994,0.0,17.5,17.5,48.81578947368421,0.0,0.95,331.31578947368416,350.0,0.9466165413533834,0.22,153.07888984680173,72.97697368421052,18.0,62.10191616259121,10.195854625922259,10.195854625922259,1.4935832994808669,13.541099421382075,0.10763013104042601,-9.794242275118204,133.35052865716915,0.0,-2.958900578617925,1.8368054544146046e-05,299.99999999999994,0.0,17.5,17.5,48.81578947368421,0.0,331.31578947368416,350.0,0.9466165413533834,0.22,153.07888984680173,72.97697368421052,18.0,62.10191616259121,0.0,0.26926894731074164,0.0,7.347221817658419e-07,133.35052865716915,18.23122663300672,18.231227367728902,0.6582113073331092,1.519268947310742,12.0,455.78066582516794,455.7806841932225,299.99999999999994,155.78068419322256,-1.1102230246251565e-16,0.0,1.0,0.6582113073331092,2,3
,5,,3,2024-09-20T17:00:00,proposed,H08,7,7,1,0.2569715678691864,0.00043646751797915545,0.01673151600429038,13.912178890560511,0.0,0.010911687949478884,400.0000000000001,0.0,63.0,63.0,0.0,0.0,0.95,337.0000000000001,500.0,0.6740000000000003,0.22,102.78862714767459,74.45500000000003,24.0,4.333627147674562,9.763067612070712,9.763067612070712,1.3136794551746884,13.541099421382075,0.10763013104042601,-9.794242275118204,133.35052865716915,0.0,-2.958900578617925,0.010911687949478884,400.0000000000001,0.0,63.0,63.0,0.0,0.0,337.0000000000001,500.0,0.6740000000000003,0.22,102.78862714767459,74.45500000000003,24.0,4.333627147674562,0.0,0.0,0.0,0.00043646751797915545,133.35052865716915,19.709477903298158,19.709914370816136,0.8117742014998659,1.2318696481760085,16.0,492.73694758245404,492.7478592704035,400.0000000000001,92.74785927040341,0.0,0.0,1.0,0.8117742014998659,2,3
,5,,3,2024-09-20T18:00:00,proposed,H01,0,0,2,0.6894159317016602,3.6590624522938668e-40,0.242143774405351,495.2312412458503,480.2312412458503,9.147656130734666e-39,200.00000000000003,0.0,12.8,12.8,0.0,0.0,0.95,187.20000000000002,250.0,0.7488,0.3,137.88318634033206,56.224000000000004,12.0,69.65918634033206,9.870260076419509,9.870260076419509,1.510549305171204,13.54931098263214,0.3470126400963632,-9.099758867562356,240.81875839586337,0.0,-2.9506890173678606,9.147656130734666e-39,200.00000000000003,0.0,12.8,12.8,0.0,0.0,187.20000000000002,250.0,0.7488,0.3,137.88318634033206,56.224000000000004,12.0,69.65918634033206,0.0,8.003854020764171,0.0,3.6590624522938668e-40,240.81875839586337,74.03083216611337,74.03083216611337,0.1080630835278101,9.253854020764171,8.0,1850.7708041528344,1850.7708041528344,200.00000000000003,1650.7708041528344,0.0,0.0,1.0,0.1080630835278101,2,3
,5,,3,2024-09-20T18:00:00,proposed,H02,1,1,2,0.7740144729614258,0.7250326390056304,0.242143774405351,0.0,0.0,18.12581597514076,18.12581597514076,0.0,9.6,9.6,0.0,0.0,0.95,8.52581597514076,250.0,0.03410326390056304,0.3,14.029643898994367,2.6057447925422283,1.0875489585084457,10.336350147943692,9.737075841946577,9.737075841946577,1.241592804429028,13.54931098263214,0.3470126400963632,-9.099758867562356,240.81875839586337,0.0,-2.9506890173678606,18.12581597514076,18.12581597514076,0.0,9.6,9.6,0.0,0.0,8.52581597514076,250.0,0.03410326390056304,0.3,14.029643898994367,2.6057447925422283,1.0875489585084457,10.336350147943692,0.0,0.0,0.0,0.7250326390056304,240.81875839586337,0.0,0.7250326390056304,1.0,0.0906290798757038,0.7250326390056304,0.0,18.12581597514076,18.12581597514076,0.0,0.0,0.0,1.0,1.0,2,3
,5,,3,2024-09-20T18:00:00,proposed,H03,2,2,2,0.7896915078163147,0.5437130557523742,0.242143774405351,0.0,0.0,13.592826393809355,13.592826393809355,0.0,9.6,9.6,0.0,0.0,0.95,3.992826393809356,350.0,0.011408075410883874,0.3,10.73413957041271,1.2458479181428068,0.8155695836285612,8.672722068641342,10.426427012685394,10.426427012685394,1.7995571365753729,13.54931098263214,0.3470126400963632,-9.099758867562356,240.81875839586337,0.0,-2.9506890173678606,13.592826393809355,13.592826393809355,0.0,9.6,9.6,0.0,0.0,3.992826393809356,350.0,0.011408075410883874,0.3,10.73413957041271,1.2458479181428068,0.8155695836285612,8.672722068641342,0.0,0.0,0.0,0.5437130557523742,240.81875839586337,0.0,0.5437130557523742,1.0,0.04530942131269785,0.5437130557523742,0.0,13.592826393809355,13.592826393809355,0.0,0.0,0.0,1.0,1.0,2,3
,5,,3,2024-09-20T18:00:00,proposed,H04,3,3,2,0.6118013858795166,3.597632794189704,0.242143774405351,0.0,0.0,89.94081985474259,89.94081985474259,0.0,12.8,12.8,0.0,0.0,0.95,77.14081985474259,250.0,0.3085632794189703,0.3,55.02591823427146,23.206245956422777,5.396449191284557,26.423223086564125,13.626457947307689,13.626457947307689,4.77480656905067,13.54931098263214,0.3470126400963632,-9.099758867562356,240.81875839586337,0.0,-2.9506890173678606,89.94081985474259,89.94081985474259,0.0,12.8,12.8,0.0,0.0,77.14081985474259,250.0,0.3085632794189703,0.3,55.02591823427146,23.206245956422777,5.396449191284557,26.423223086564125,0.0,0.0,0.0,3.597632794189704,240.81875839586337,0.0,3.597632794189704,1.0,0.449704099273713,3.597632794189704,0.0,89.94081985474259,89.94081985474259,0.0,0.0,0.0,1.0,1.0,2,3
,5,,3,2024-09-20T18:00:00,proposed,H05,4,4,2,0.7832064628601074,0.20782813005473727,0.242143774405351,0.0,0.0,5.195703251368433,5.195703251368433,0.0,5.195703251368433,5.195703251368433,0.0,0.0,0.95,0.0,500.0,0.0,0.3,4.06930836557503,0.025978516256842166,0.3117421950821059,3.7315876542360824,16.44218578889972,16.44218578889972,7.481452331173149,13.54931098263214,0.3470126400963632,-9.099758867562356,240.81875839586337,0.0,-2.9506890173678606,5.195703251368433,5.195703251368433,0.0,5.195703251368433,5.195703251368433,0.0,0.0,0.0,500.0,0.0,0.3,4.06930836557503,0.025978516256842166,0.3117421950821059,3.7315876542360824,0.0,0.0,0.0,0.20782813005473727,240.81875839586337,0.0,0.20782813005473727,1.0,0.01298925812842108,0.20782813005473727,0.0,5.195703251368433,5.195703251368433,0.0,0.0,0.0,1.0,1.0,2,3
,5,,3,2024-09-20T18:00:00,proposed,H06,5,5,2,0.43338584899902344,45.37762168805308,0.242143774405351,110.16608133019906,95.16608133019906,1134.440542201327,400.0,0.0,32.0,32.0,0.0,0.0,0.95,368.0,700.0,0.5257142857142857,0.3,173.35433959960938,110.55999999999999,24.0,38.79433959960939,13.196592787006825,13.196592787006825,4.660748986655947,13.54931098263214,0.3470126400963632,-9.099758867562356,240.81875839586337,0.0,-2.9506890173678606,1134.440542201327,400.0,0.0,32.0,32.0,0.0,0.0,368.0,700.0,0.5257142857142857,0.3,173.35433959960938,110.55999999999999,24.0,38.79433959960939,0.0,1.5861013555033177,0.0,45.37762168805308,240.81875839586337,0.0,45.37762168805308,0.35259670746940985,2.8361013555033177,16.0,0.0,1134.440542201327,400.0,734.4405422013269,0.0,0.0,1.0,0.35259670746940985,2,3
,5,,3,2024-09-20T18:00:00,proposed,H07,6,6,2,0.6770998239517212,0.015319066291173336,0.242143774405351,0.0,0.0,0.3829766572793334,156.16366085050188,0.0,8.0,8.0,0.0,0.0,0.95,148.16366085050188,350.0,0.42332474528714825,0.3,105.73838726953112,44.489098255150566,9.36981965103011,51.87946936335044,10.316474005411632,10.316474005411632,1.6630131549115443,13.54931098263214,0.3470126400963632,-9.099758867562356,240.81875839586337,0.0,-2.9506890173678606,0.3829766572793334,156.16366085050188,0.0,8.0,8.0,0.0,0.0,148.16366085050188,350.0,0.42332474528714825,0.3,105.73838726953112,44.489098255150566,9.36981965103011,51.87946936335044,0.0,0.0,0.0,0.015319066291173336,240.81875839586337,6.2312273677289,6.246546434020074,1.0,0.5205455361683394,6.246546434020074,155.78068419322256,156.16366085050188,156.16366085050188,0.0,0.0,0.0,1.0,1.0,2,3
,5,,3,2024-09-20T18:00:00,proposed,H08,7,7,2,0.44536352157592773,6.985933088983637,0.242143774405351,0.0,0.0,174.64832722459093,267.39618649499437,0.0,28.8,28.8,0.0,0.0,0.95,238.59618649499436,500.0,0.47719237298998873,0.3,119.08850727338422,71.7228559484983,16.043771189699658,31.32188013518626,9.691161914969683,9.691161914969683,1.2645887370751776,13.54931098263214,0.3470126400963632,-9.099758867562356,240.81875839586337,0.0,-2.9506890173678606,174.64832722459093,267.39618649499437,0.0,28.8,28.8,0.0,0.0,238.59618649499436,500.0,0.47719237298998873,0.3,119.08850727338422,71.7228559484983,16.043771189699658,31.32188013518626,0.0,0.0,0.0,6.985933088983637,240.81875839586337,3.7099143708161364,10.695847459799772,1.0,0.6684904662374858,10.695847459799772,92.74785927040341,267.39618649499437,267.39618649499437,0.0,0.0,0.0,1.0,1.0,2,3
,5,,3,2024-09-20T19:00:00,proposed,H01,0,0,3,0.7744539976119995,1.544488379746874e-37,0.025399979514581904,435.2312412458503,420.2312412458503,3.8612209493671844e-36,200.00000000000003,0.0,3.2,3.2,0.0,0.0,0.95,196.80000000000004,250.0,0.7872000000000001,0.34,154.89079952239993,66.92800000000003,12.0,75.9627995223999,9.988552775945205,9.988552775945205,1.5523230176346388,13.551311120141234,0.37959813197843406,-10.887127524716302,-8.25699182405009,0.0,-2.948688879858766,3.8612209493671844e-36,200.00000000000003,0.0,3.2,3.2,0.0,0.0,196.80000000000004,250.0,0.7872000000000001,0.34,154.89079952239993,66.92800000000003,12.0,75.9627995223999,0.0,7.003854020764171,0.0,1.544488379746874e-37,-8.25699182405009,66.03083216611337,66.03083216611337,0.12115552292108704,8.253854020764171,8.0,1650.7708041528344,1650.7708041528344,200.00000000000003,1450.7708041528344,0.0,0.0,1.0,0.12115552292108704,2,3
,5,,3,2024-09-20T19:00:00,proposed,H02,1,1,3,0.49738848209381104,2.2162314113659214,0.025399979514581904,0.0,0.0,55.40578528414803,55.40578528414803,0.0,2.4,2.4,0.0,0.0,0.95,53.00578528414803,250.0,0.21202314113659212,0.34,27.558199441698,18.03396699661033,3.324347117048882,6.199885328038787,9.875888817293559,9.875888817293559,1.2891566172066529,13.551311120141234,0.37959813197843406,-10.887127524716302,-8.25699182405009,0.0,-2.948688879858766,55.40578528414803,55.40578528414803,0.0,2.4,2.4,0.0,0.0,53.00578528414803,250.0,0.21202314113659212,0.34,27.558199441698,18.03396699661033,3.324347117048882,6.199885328038787,0.0,0.0,0.0,2.2162314113659214,-8.25699182405009,0.0,2.2162314113659214,1.0,0.2770289264207402,2.2162314113659214,0.0,55.40578528414803,55.40578528414803,0.0,0.0,0.0,1.0,1.0,2,3
,5,,3,2024-09-20T19:00:00,proposed,H03,2,2,3,0.6672019958496094,0.20052798640776087,0.025399979514581904,0.0,0.0,5.013199660194021,5.013199660194021,0.0,2.4,2.4,0.0,0.0,0.95,2.6131996601940215,350.0,0.00746628474341149,0.34,3.3448168188740346,0.9004878844659674,0.3007919796116413,2.1435369547964256,10.528210900448824,10.528210900448824,1.8007302032443733,13.551311120141234,0.37959813197843406,-10.887127524716302,-8.25699182405009,0.0,-2.948688879858766,5.013199660194021,5.013199660194021,0.0,2.4,2.4,0.0,0.0,2.6131996601940215,350.0,0.00746628474341149,0.34,3.3448168188740346,0.9004878844659674,0.3007919796116413,2.1435369547964256,0.0,0.0,0.0,0.20052798640776087,-8.25699182405009,0.0,0.20052798640776087,1.0,0.01671066553398007,0.20052798640776087,0.0,5.013199660194021,5.013199660194021,0.0,0.0,0.0,1.0,1.0,2,3
,5,,3,2024-09-20T19:00:00,proposed,H04,3,3,3,0.4265732169151306,3.236050690485142,0.025399979514581904,0.0,0.0,80.90126726212856,80.90126726212856,0.0,3.2,3.2,0.0,0.0,0.95,77.70126726212855,250.0,0.31080506904851424,0.34,34.51031382851692,26.43443086912371,4.854076035727713,3.2218069236654987,13.565616190448479,13.565616190448479,4.603122454347178,13.551311120141234,0.37959813197843406,-10.887127524716302,-8.25699182405009,0.0,-2.948688879858766,80.90126726212856,80.90126726212856,0.0,3.2,3.2,0.0,0.0,77.70126726212855,250.0,0.31080506904851424,0.34,34.51031382851692,26.43443086912371,4.854076035727713,3.2218069236654987,0.0,0.0,0.0,3.236050690485142,-8.25699182405009,0.0,3.236050690485142,1.0,0.40450633631064276,3.236050690485142,0.0,80.90126726212856,80.90126726212856,0.0,0.0,0.0,1.0,1.0,2,3
,5,,3,2024-09-20T19:00:00,proposed,H05,4,4,3,0.7690715789794922,0.018163967337642917,0.025399979514581904,0.0,0.0,0.45409918344107286,0.45409918344107286,0.0,0.45409918344107286,0.45409918344107286,0.0,0.0,0.95,0.0,500.0,0.0,0.34,0.349234776022324,0.002270495917205364,0.027245951006464375,0.3197183290986543,16.243100261542963,16.243100261542963,7.163793324189335,13.551311120141234,0.37959813197843406,-10.887127524716302,-8.25699182405009,0.0,-2.948688879858766,0.45409918344107286,0.45409918344107286,0.0,0.45409918344107286,0.45409918344107286,0.0,0.0,0.0,500.0,0.0,0.34,0.349234776022324,0.002270495917205364,0.027245951006464375,0.3197183290986543,0.0,0.0,0.0,0.018163967337642917,-8.25699182405009,0.0,0.018163967337642917,1.0,0.0011352479586026823,0.018163967337642917,0.0,0.45409918344107286,0.45409918344107286,0.0,0.0,0.0,1.0,1.0,2,3
,5,,3,2024-09-20T19:00:00,proposed,H06,5,5,3,0.2519799470901489,4.926207590836371e-07,0.025399979514581904,50.1660831775269,35.1660831775269,1.2315518977090928e-05,399.99999999999994,0.0,8.0,8.0,0.0,0.0,0.95,391.99999999999994,700.0,0.5599999999999999,0.34,100.79197883605956,133.32,24.0,-56.52802116394044,13.147101364943127,13.147101364943127,4.533180722908698,13.551311120141234,0.37959813197843406,-10.887127524716302,-8.25699182405009,0.0,-2.948688879858766,1.2315518977090928e-05,399.99999999999994,0.0,8.0,8.0,0.0,0.0,391.99999999999994,700.0,0.5599999999999999,0.34,100.79197883605956,133.32,24.0,-56.52802116394044,0.0,0.5861013862921151,0.0,4.926207590836371e-07,-8.25699182405009,29.377621688053082,29.377622180673843,0.5446322340725605,1.8361013862921152,16.0,734.4405422013269,734.440554516846,399.99999999999994,334.440554516846,-1.1102230246251565e-16,0.0,1.0,0.5446322340725605,2,3
,5,,3,2024-09-20T19:00:00,proposed,H07,6,6,3,0.5789777040481567,0.6958139080388862,0.025399979514581904,0.0,0.0,17.395347700972156,17.395347700972156,0.0,2.0,2.0,0.0,0.0,0.95,15.395347700972156,350.0,0.043986707717063304,0.34,10.07151847302824,5.244418218330533,1.0437208620583294,3.783379392639378,10.370540579596918,10.370540579596918,1.6098231192227817,13.551311120141234,0.37959813197843406,-10.887127524716302,-8.25699182405009,0.0,-2.948688879858766,17.395347700972156,17.395347700972156,0.0,2.0,2.0,0.0,0.0,15.395347700972156,350.0,0.043986707717063304,0.34,10.07151847302824,5.244418218330533,1.0437208620583294,3.783379392639378,0.0,0.0,0.0,0.6958139080388862,-8.25699182405009,0.0,0.6958139080388862,1.0,0.05798449233657385,0.6958139080388862,0.0,17.395347700972156,17.395347700972156,0.0,0.0,0.0,1.0,1.0,2,3
,5,,3,2024-09-20T19:00:00,proposed,H08,7,7,3,0.2855697572231293,42.62148157344342,0.025399979514581904,99.83055590041282,84.83055590041282,1065.5370393360854,400.0,0.0,7.2,7.2,0.0,0.0,0.95,392.8,500.0,0.7856000000000001,0.34,114.22790288925171,133.58800000000002,24.0,-43.36009711074831,9.786051807889823,9.786051807889823,1.283500790876512,13.551311120141234,0.37959813197843406,-10.887127524716302,-8.25699182405009,0.0,-2.948688879858766,1065.5370393360854,400.0,0.0,7.2,7.2,0.0,0.0,392.8,500.0,0.7856000000000001,0.34,114.22790288925171,133.58800000000002,24.0,-43.36009711074831,0.0,1.4138425983402136,0.0,42.62148157344342,-8.25699182405009,0.0,42.62148157344342,0.375397555630006,2.6638425983402136,16.0,0.0,1065.5370393360854,400.0,665.5370393360854,0.0,0.0,1.0,0.375397555630006,2,3
,5,,3,2024-09-20T20:00:00,proposed,H01,0,0,4,0.5310537219047546,1.095508910976527e-31,0.04532774995279049,375.2312412458503,360.2312412458503,2.7387722774413172e-30,200.00000000000003,0.0,0.0,0.0,0.0,0.0,0.95,200.00000000000003,250.0,0.8000000000000002,0.27,106.21074438095094,54.000000000000014,12.0,40.21074438095093,9.954191581838623,9.954191581838623,1.6407207171701912,13.554554401799189,0.431434741213445,-8.196409691555218,171.99370015395556,0.0,-2.945445598200811,2.7387722774413172e-30,200.00000000000003,0.0,0.0,0.0,0.0,0.0,200.00000000000003,250.0,0.8000000000000002,0.27,106.21074438095094,54.000000000000014,12.0,40.21074438095093,0.0,6.003854020764171,0.0,1.095508910976527e-31,171.99370015395556,58.03083216611337,58.03083216611337,0.13785775080908688,7.253854020764171,8.0,1450.7708041528344,1450.7708041528344,200.00000000000003,1250.7708041528344,0.0,0.0,1.0,0.13785775080908688,2,3
,5,,3,2024-09-20T20:00:00,proposed,H02,1,1,4,0.3361675441265106,24.767404141602558,0.04532774995279049,125.75553106201919,110.75553106201919,619.1851035400639,200.0,0.0,0.0,0.0,0.0,0.0,0.95,200.0,250.0,0.8,0.27,67.23350882530212,54.0,12.0,1.233508825302124,10.047472835520047,10.047472835520047,1.5543025380377309,13.554554401799189,0.431434741213445,-8.196409691555218,171.99370015395556,0.0,-2.945445598200811,619.1851035400639,200.0,0.0,0.0,0.0,0.0,0.0,200.0,250.0,0.8,0.27,67.23350882530212,54.0,12.0,1.233508825302124,0.0,1.8459255177003198,0.0,24.767404141602558,171.99370015395556,0.0,24.767404141602558,0.323005186747131,3.0959255177003198,8.0,0.0,619.1851035400639,200.0,419.1851035400639,0.0,0.0,1.0,0.323005186747131,2,3
,5,,3,2024-09-20T20:00:00,proposed,H03,2,2,4,0.4449079632759094,5.330587292960307,0.04532774995279049,0.0,0.0,133.26468232400768,133.26468232400768,0.0,0.0,0.0,0.0,0.0,0.95,133.26468232400768,350.0,0.3807562352114505,0.27,59.29051838938535,35.98146422748208,7.995880939440461,15.313173222462808,10.543829274164889,10.543829274164889,1.8762760162992707,13.554554401799189,0.431434741213445,-8.196409691555218,171.99370015395556,0.0,-2.945445598200811,133.26468232400768,133.26468232400768,0.0,0.0,0.0,0.0,0.0,133.26468232400768,350.0,0.3807562352114505,0.27,59.29051838938535,35.98146422748208,7.995880939440461,15.313173222462808,0.0,0.0,0.0,5.330587292960307,171.99370015395556,0.0,5.330587292960307,1.0,0.4442156077466923,5.330587292960307,0.0,133.26468232400768,133.26468232400768,0.0,0.0,0.0,1.0,1.0,2,3
,5,,3,2024-09-20T20:00:00,proposed,H04,3,3,4,0.6203657388687134,0.286438091153969,0.04532774995279049,0.0,0.0,7.1609522788492255,7.1609522788492255,0.0,0.0,0.0,0.0,0.0,0.95,7.1609522788492255,250.0,0.028643809115396903,0.27,4.442409451471897,1.933457115289291,0.4296571367309535,2.0792951994516526,13.475715681112584,13.475715681112584,4.5517972217637235,13.554554401799189,0.431434741213445,-8.196409691555218,171.99370015395556,0.0,-2.945445598200811,7.1609522788492255,7.1609522788492255,0.0,0.0,0.0,0.0,0.0,7.1609522788492255,250.0,0.028643809115396903,0.27,4.442409451471897,1.933457115289291,0.4296571367309535,2.0792951994516526,0.0,0.0,0.0,0.286438091153969,171.99370015395556,0.0,0.286438091153969,1.0,0.035804761394246126,0.286438091153969,0.0,7.1609522788492255,7.1609522788492255,0.0,0.0,0.0,1.0,1.0,2,3
,5,,3,2024-09-20T20:00:00,proposed,H05,4,4,4,0.40840965509414673,3.3476353443762923,0.04532774995279049,0.0,0.0,83.69088360940731,83.69088360940731,0.0,0.0,0.0,0.0,0.0,0.95,83.69088360940731,500.0,0.16738176721881462,0.27,34.18016490944242,22.596538574539974,5.021453016564438,6.562173318338006,16.072079984091463,16.072079984091463,7.030535883086817,13.554554401799189,0.431434741213445,-8.196409691555218,171.99370015395556,0.0,-2.945445598200811,83.69088360940731,83.69088360940731,0.0,0.0,0.0,0.0,0.0,83.69088360940731,500.0,0.16738176721881462,0.27,34.18016490944242,22.596538574539974,5.021453016564438,6.562173318338006,0.0,0.0,0.0,3.3476353443762923,171.99370015395556,0.0,3.3476353443762923,1.0,0.20922720902351827,3.3476353443762923,0.0,83.69088360940731,83.69088360940731,0.0,0.0,0.0,1.0,1.0,2,3
,5,,3,2024-09-20T20:00:00,proposed,H06,5,5,4,0.6311627626419067,6.798215925764542e-05,0.04532774995279049,0.0,0.0,0.0016995539814411355,334.44225407082746,0.0,0.0,0.0,0.0,0.0,0.95,334.44225407082746,700.0,0.47777464867261066,0.27,211.08749702352995,90.29940859912342,20.06653524424965,100.72155318015687,13.042157398899592,13.042157398899592,4.54169470528994,13.554554401799189,0.431434741213445,-8.196409691555218,171.99370015395556,0.0,-2.945445598200811,0.0016995539814411355,334.44225407082746,0.0,0.0,0.0,0.0,0.0,334.44225407082746,700.0,0.47777464867261066,0.27,211.08749702352995,90.29940859912342,20.06653524424965,100.72155318015687,0.0,0.0,0.0,6.798215925764542e-05,171.99370015395556,13.377622180673841,13.3776901628331,1.0,0.8361056351770687,13.3776901628331,334.440554516846,334.44225407082746,334.44225407082746,0.0,0.0,0.0,1.0,1.0,2,3
,5,,3,2024-09-20T20:00:00,proposed,H07,6,6,4,0.7895599603652954,0.04894299661308968,0.04532774995279049,0.0,0.0,1.2235749153272417,1.2235749153272417,0.0,0.0,0.0,0.0,0.0,0.95,1.2235749153272417,350.0,0.003495928329506405,0.27,0.9660857616497467,0.3303652271383553,0.07341449491963452,0.562306039591757,10.29518688890319,10.29518688890319,1.59316454074478,13.554554401799189,0.431434741213445,-8.196409691555218,171.99370015395556,0.0,-2.945445598200811,1.2235749153272417,1.2235749153272417,0.0,0.0,0.0,0.0,0.0,1.2235749153272417,350.0,0.003495928329506405,0.27,0.9660857616497467,0.3303652271383553,0.07341449491963452,0.562306039591757,0.0,0.0,0.0,0.04894299661308968,171.99370015395556,0.0,0.04894299661308968,1.0,0.004078583051090806,0.04894299661308968,0.0,1.2235749153272417,1.2235749153272417,0.0,0.0,0.0,1.0,1.0,2,3
,5,,3,2024-09-20T20:00:00,proposed,H08,7,7,4,0.34327736496925354,1.7190550303157992e-06,0.04532774995279049,39.83056234686918,24.83056234686918,4.2976375757894983e-05,399.99999999999994,0.0,0.0,0.0,0.0,0.0,0.95,399.99999999999994,500.0,0.7999999999999999,0.27,137.3109459877014,107.99999999999999,23.999999999999996,5.310945987701405,9.695651213208155,9.695651213208155,1.2998230410894327,13.554554401799189,0.431434741213445,-8.196409691555218,171.99370015395556,0.0,-2.945445598200811,4.2976375757894983e-05,399.99999999999994,0.0,0.0,0.0,0.0,0.0,399.99999999999994,500.0,0.7999999999999999,0.27,137.3109459877014,107.99999999999999,23.999999999999996,5.310945987701405,0.0,0.413842705781153,0.0,1.7190550303157992e-06,171.99370015395556,26.62148157344342,26.62148329249845,0.6010183513894798,1.6638427057811531,15.999999999999998,665.5370393360854,665.5370823124612,399.99999999999994,265.5370823124612,-1.1102230246251565e-16,0.0,1.0,0.6010183513894798,2,3
,5,,3,2024-09-20T21:00:00,proposed,H01,0,0,5,0.5087740421295166,1.1231705252762576e-27,0.018401940832930074,315.2312412458503,300.2312412458503,2.8079263131906445e-26,200.00000000000003,0.0,0.0,0.0,0.0,100.0,0.42368421052631583,100.00000000000003,250.0,0.40000000000000013,0.2,101.75480842590333,23.000000000000007,12.0,66.75480842590332,9.494159192291448,9.494159192291448,1.3432005867125996,13.556050480071002,0.19567797078855867,-4.131654240725574,314.43434372113757,1.4210854715202004e-14,-2.9439495199289976,2.8079263131906445e-26,200.00000000000003,0.0,0.0,0.0,0.0,100.0,100.00000000000003,250.0,0.40000000000000013,0.2,101.75480842590333,23.000000000000007,12.0,66.75480842590332,1.4210854715202004e-14,5.003854020764171,0.0,1.1231705252762576e-27,314.43434372113757,50.03083216611337,50.03083216611337,0.15990139787078175,6.253854020764171,8.0,1250.7708041528344,1250.7708041528344,200.00000000000003,1050.7708041528344,0.0,0.0,1.0,0.15990139787078175,2,3
,5,,3,2024-09-20T21:00:00,proposed,H02,1,1,5,0.6770775318145752,8.422462332323007e-11,0.018401940832930074,65.75553106265087,50.75553106265087,2.105615583080752e-09,199.99999999999997,0.0,0.0,0.0,0.0,100.0,0.42368421052631583,99.99999999999997,250.0,0.3999999999999999,0.2,135.415506362915,22.999999999999996,12.0,100.41550636291501,9.529918655528538,9.529918655528538,1.219429302113961,13.556050480071002,0.19567797078855867,-4.131654240725574,314.43434372113757,1.4210854715202004e-14,-2.9439495199289976,2.105615583080752e-09,199.99999999999997,0.0,0.0,0.0,0.0,100.0,99.99999999999997,250.0,0.3999999999999999,0.2,135.415506362915,22.999999999999996,12.0,100.41550636291501,1.4210854715202004e-14,0.8459255177108478,0.0,8.422462332323007e-11,314.43434372113757,16.767404141602558,16.767404141686782,0.4771161911765794,2.095925517710848,8.0,419.1851035400639,419.1851035421695,199.99999999999997,219.18510354216951,0.0,0.0,1.0,0.4771161911765794,2,3
,5,,3,2024-09-20T21:00:00,proposed,H03,2,2,5,0.3778723478317261,4.630784916788418,0.018401940832930074,0.0,0.0,115.76962291971043,115.76962291971043,0.0,0.0,0.0,0.0,115.76962291971043,0.543790796772946,0.0,350.0,0.0,0.2,43.74613922026459,3.473088687591313,6.946177375182627,33.326873157490645,10.53665195722185,10.53665195722185,2.075047728873459,13.556050480071002,0.19567797078855867,-4.131654240725574,314.43434372113757,2.842170943040401e-14,-2.9439495199289976,115.76962291971043,115.76962291971043,0.0,0.0,0.0,0.0,115.76962291971043,0.0,350.0,0.0,0.2,43.74613922026459,3.473088687591313,6.946177375182627,33.326873157490645,2.842170943040401e-14,0.0,0.0,4.630784916788418,314.43434372113757,0.0,4.630784916788418,1.0,0.3858987430657015,4.630784916788418,0.0,115.76962291971043,115.76962291971043,0.0,0.0,0.0,1.0,1.0,2,3
,5,,3,2024-09-20T21:00:00,proposed,H04,3,3,5,0.26671597361564636,11.708414878446177,0.018401940832930074,27.81311158834633,12.813111588346331,292.71037196115446,200.0,0.0,0.0,0.0,0.0,100.0,0.5289473684210527,100.0,250.0,0.4,0.2,53.34319472312927,23.0,12.0,18.343194723129272,14.010890084790889,14.010890084790889,5.29241473879537,13.556050480071002,0.19567797078855867,-4.131654240725574,314.43434372113757,2.842170943040401e-14,-2.9439495199289976,292.71037196115446,200.0,0.0,0.0,0.0,0.0,100.0,100.0,250.0,0.4,0.2,53.34319472312927,23.0,12.0,18.343194723129272,2.842170943040401e-14,0.21355185980577218,0.0,11.708414878446177,314.43434372113757,0.0,11.708414878446177,0.6832692625819968,1.4635518598057722,8.0,0.0,292.71037196115446,200.0,92.71037196115446,0.0,0.0,1.0,0.6832692625819968,2,3
,5,,3,2024-09-20T21:00:00,proposed,H05,4,4,5,0.7921271920204163,0.005288723902865114,0.018401940832930074,0.0,0.0,0.13221809757162784,0.13221809757162784,0.0,0.0,0.0,0.0,0.13221809757162784,0.9497216461103756,0.0,500.0,0.0,0.2,0.10473355036369497,0.003966542927148835,0.00793308585429767,0.09283392158224847,16.716709364719613,16.716709364719613,7.90513444131609,13.556050480071002,0.19567797078855867,-4.131654240725574,314.43434372113757,1.940114735532461e-14,-2.9439495199289976,0.13221809757162784,0.13221809757162784,0.0,0.0,0.0,0.0,0.13221809757162784,0.0,500.0,0.0,0.2,0.10473355036369497,0.003966542927148835,0.00793308585429767,0.09283392158224847,1.940114735532461e-14,0.0,0.0,0.005288723902865114,314.43434372113757,0.0,0.005288723902865114,1.0,0.0003305452439290696,0.005288723902865114,0.0,0.13221809757162784,0.13221809757162784,0.0,0.0,0.0,1.0,1.0,2,3
,5,,3,2024-09-20T21:00:00,proposed,H06,5,5,5,0.7475755214691162,0.018502676128931844,0.018401940832930074,0.0,0.0,0.4625669032232961,0.4625669032232961,0.0,0.0,0.0,0.0,0.4625669032232961,0.9491884791171521,0.0,700.0,0.0,0.2,0.3458036938915098,0.013877007096698882,0.027754014193397764,0.3041726726014131,13.02453506201014,13.02453506201014,4.706389020511502,13.556050480071002,0.19567797078855867,-4.131654240725574,314.43434372113757,4.213296378452469e-14,-2.9439495199289976,0.4625669032232961,0.4625669032232961,0.0,0.0,0.0,0.0,0.4625669032232961,0.0,700.0,0.0,0.2,0.3458036938915098,0.013877007096698882,0.027754014193397764,0.3041726726014131,4.213296378452469e-14,0.0,0.0,0.018502676128931844,314.43434372113757,0.0,0.018502676128931844,1.0,0.0011564172580582402,0.018502676128931844,0.0,0.4625669032232961,0.4625669032232961,0.0,0.0,0.0,1.0,1.0,2,3
,5,,3,2024-09-20T21:00:00,proposed,H07,6,6,5,0.30472397804260254,13.06593113159753,0.018401940832930074,5.329655657987655,0.0,326.6482782899382,299.99999999999994,0.0,0.0,0.0,0.0,150.0,0.4236842105263158,149.99999999999994,350.0,0.42857142857142844,0.2,91.41719341278075,34.499999999999986,18.0,38.91719341278076,10.377309966248983,10.377309966248983,1.902415024315392,13.556050480071002,0.19567797078855867,-4.131654240725574,314.43434372113757,0.0,-2.9439495199289976,326.6482782899382,299.99999999999994,0.0,0.0,0.0,0.0,150.0,149.99999999999994,350.0,0.42857142857142844,0.2,91.41719341278075,34.499999999999986,18.0,38.91719341278076,0.0,0.0,0.0,13.06593113159753,314.43434372113757,0.0,13.06593113159753,0.9184190456185879,1.0888275942997943,12.0,0.0,326.6482782899382,299.99999999999994,26.648278289938276,8.326672684688674e-17,0.0,1.0,0.9184190456185879,2,3
,5,,3,2024-09-20T21:00:00,proposed,H08,7,7,5,0.31180116534233093,0.01901944806394707,0.018401940832930074,0.0,0.0,0.4754862015986768,266.0125685140599,0.0,0.0,0.0,0.0,250.0,0.42368421052631583,16.01256851405992,500.0,0.03202513702811984,0.2,82.94302885839053,10.702513702811984,15.960754110843592,56.279761044734954,9.444140128006573,9.444140128006573,1.2319348462797322,13.556050480071002,0.19567797078855867,-4.131654240725574,314.43434372113757,5.684341886080802e-14,-2.9439495199289976,0.4754862015986768,266.0125685140599,0.0,0.0,0.0,0.0,250.0,16.01256851405992,500.0,0.03202513702811984,0.2,82.94302885839053,10.702513702811984,15.960754110843592,56.279761044734954,5.684341886080802e-14,0.0,0.0,0.01901944806394707,314.43434372113757,10.621483292498448,10.640502740562395,1.0,0.6650314212851497,10.640502740562395,265.5370823124612,266.0125685140599,266.0125685140599,0.0,0.0,0.0,1.0,1.0,2,3
