seed,training_seed,scenario_seed,episode,timestamp,method,hub_id,hub_index,hub,period,price,arrivals,outside_share,wait_min,wait_excess_min,requested_energy_kwh,served_energy_kwh,unmet_energy_kwh,pv_used_kwh,pv_to_ev_kwh,battery_charge_kwh,battery_discharge_kwh,soc,grid_import_kwh,grid_limit_kwh,grid_utilization,grid_price_gbp_per_kwh,revenue_gbp,energy_cost_gbp,operating_cost_gbp,profit_gbp,access_mean_min,route_mean_min,detour_mean_min,outside_cost_estimate,outside_nll,reward,welfare,energy_balance_error_kwh,outside_cost_error_for_evaluation_only,requested_energy,served_energy,unmet_energy,pv_used,pv_to_ev,battery_charge,battery_discharge,grid_import,grid_limit,grid_limit_utilization,grid_price,revenue,energy_cost,operating_cost,profit,energy_balance,wait_violation,unmet,realized_demand,weighted_hub_profit_welfare,historical_equivalent_vehicles,pending_vehicles,admission_ratio,admission_pressure,admitted_vehicles,queued_energy_start_kwh,pending_energy_kwh,admitted_energy_kwh,queued_energy_next_kwh,queue_vehicle_conservation_error,queue_energy_conservation_error_kwh,admitted_full_service_ratio,pending_full_service_ratio
101,,101,0,2024-09-20T16:00:00,fixed_tariff,H01,0,0,0,0.45,11.98624712870717,0.04527566743543794,29.896853465303774,14.896853465303774,299.6561782176792,200.0,0.0,44.0,44.0,84.21052631578947,0.0,0.95,240.21052631578948,250.0,0.9608421052631579,0.16,90.0,38.653684210526315,12.0,39.346315789473685,10.289385279540998,10.289385279540998,1.8088700379889642,13.5,0.28370343354658295,3.0777851502568696,371.098453112549,0.0,-3.0,299.6561782176792,200.0,0.0,44.0,44.0,84.21052631578947,0.0,240.21052631578948,250.0,0.9608421052631579,0.16,90.0,38.653684210526315,12.0,39.346315789473685,0.0,0.24828089108839624,0.0,11.98624712870717,371.098453112549,0.0,11.98624712870717,0.6674315917314877,1.4982808910883962,8.0,0.0,299.6561782176792,200.0,99.65617821767921,0.0,0.0,1.0,0.6674315917314877
101,,101,0,2024-09-20T16:00:00,fixed_tariff,H02,1,1,0,0.45,12.235082077083634,0.04527566743543794,31.763115578127255,16.763115578127255,305.87705192709086,200.00000000000003,0.0,33.0,33.0,82.99999999999997,0.0,0.8942499999999999,250.0,250.0,1.0,0.16,90.00000000000001,40.165,12.0,37.835000000000015,10.263145803347566,10.263145803347566,1.6436684341973367,13.5,0.28370343354658295,3.0777851502568696,371.098453112549,0.0,-3.0,305.87705192709086,200.00000000000003,0.0,33.0,33.0,82.99999999999997,0.0,250.0,250.0,1.0,0.16,90.00000000000001,40.165,12.0,37.835000000000015,0.0,0.27938525963545424,0.0,12.235082077083634,371.098453112549,0.0,12.235082077083634,0.6538574853522264,1.5293852596354542,8.0,0.0,305.87705192709086,200.00000000000003,105.87705192709083,0.0,0.0,1.0,0.6538574853522264
101,,101,0,2024-09-20T16:00:00,fixed_tariff,H03,2,2,0,0.45,12.26182098093095,0.04527566743543794,1.3091049046547587,0.0,306.5455245232738,300.0,0.0,33.0,0.0,83.0,0.0,0.8628333333333335,350.0,350.0,1.0,0.16,135.0,56.165,18.0,60.83500000000001,10.54377777257144,10.54377777257144,1.7553453596136455,13.5,0.28370343354658295,3.0777851502568696,371.098453112549,2.842170943040401e-14,-3.0,306.5455245232738,300.0,0.0,33.0,0.0,83.0,0.0,350.0,350.0,1.0,0.16,135.0,56.165,18.0,60.83500000000001,2.842170943040401e-14,0.0,0.0,12.26182098093095,371.098453112549,0.0,12.26182098093095,0.9786474634283012,1.0218184150775793,12.0,0.0,306.5455245232738,300.0,6.545524523273798,7.632783294297951e-17,0.0,1.0,0.9786474634283012
101,,101,0,2024-09-20T16:00:00,fixed_tariff,H04,3,3,0,0.45,7.676421365741855,0.04527566743543794,0.0,0.0,191.91053414354639,191.91053414354639,0.0,44.0,44.0,78.94736842105263,0.0,0.95,226.85790256459902,250.0,0.907431610258396,0.16,86.35974036459588,36.51726441033584,11.514632048612782,38.327843905647256,13.24013956682249,13.24013956682249,4.184380232588157,13.5,0.28370343354658295,3.0777851502568696,371.098453112549,0.0,-3.0,191.91053414354639,191.91053414354639,0.0,44.0,44.0,78.94736842105263,0.0,226.85790256459902,250.0,0.907431610258396,0.16,86.35974036459588,36.51726441033584,11.514632048612782,38.327843905647256,0.0,0.0,0.0,7.676421365741855,371.098453112549,0.0,7.676421365741855,1.0,0.9595526707177319,7.676421365741855,0.0,191.91053414354639,191.91053414354639,0.0,0.0,0.0,1.0,1.0
101,,101,0,2024-09-20T16:00:00,fixed_tariff,H05,4,4,0,0.45,5.051820412707781,0.04527566743543794,0.0,0.0,126.29551031769452,126.29551031769452,0.0,82.5,82.5,131.57894736842107,0.0,0.95,175.3744576861156,500.0,0.3507489153722312,0.16,56.832979642962535,28.472413229778496,7.577730619061672,20.782835794122366,15.549063215017503,15.549063215017503,6.344191684753173,13.5,0.28370343354658295,3.0777851502568696,371.098453112549,1.4210854715202004e-14,-3.0,126.29551031769452,126.29551031769452,0.0,82.5,82.5,131.57894736842107,0.0,175.3744576861156,500.0,0.3507489153722312,0.16,56.832979642962535,28.472413229778496,7.577730619061672,20.782835794122366,1.4210854715202004e-14,0.0,0.0,5.051820412707781,371.098453112549,0.0,5.051820412707781,1.0,0.3157387757942363,5.051820412707781,0.0,126.29551031769452,126.29551031769452,0.0,0.0,0.0,1.0,1.0
101,,101,0,2024-09-20T16:00:00,fixed_tariff,H06,5,5,0,0.45,7.6582168942991125,0.04527566743543794,0.0,0.0,191.4554223574778,191.4554223574778,0.0,110.0,110.0,126.31578947368422,0.0,0.95,207.77121183116202,700.0,0.29681601690166004,0.16,86.15494006086502,33.79339389298592,11.487325341448669,40.87422082643043,13.317908294398809,13.317908294398809,4.618044087917267,13.5,0.28370343354658295,3.0777851502568696,371.098453112549,0.0,-3.0,191.4554223574778,191.4554223574778,0.0,110.0,110.0,126.31578947368422,0.0,207.77121183116202,700.0,0.29681601690166004,0.16,86.15494006086502,33.79339389298592,11.487325341448669,40.87422082643043,0.0,0.0,0.0,7.6582168942991125,371.098453112549,0.0,7.6582168942991125,1.0,0.47863855589369453,7.6582168942991125,0.0,191.4554223574778,191.4554223574778,0.0,0.0,0.0,1.0,1.0
101,,101,0,2024-09-20T16:00:00,fixed_tariff,H07,6,6,0,0.45,13.180406443065124,0.04527566743543794,5.902032215325623,0.0,329.5101610766281,300.0,0.0,27.5,27.5,77.5,0.0,0.7954166666666667,350.0,350.0,1.0,0.16,135.0,56.1375,18.0,60.8625,10.164814492903282,10.164814492903282,1.3078753622469699,13.5,0.28370343354658295,3.0777851502568696,371.098453112549,0.0,-3.0,329.5101610766281,300.0,0.0,27.5,27.5,77.5,0.0,350.0,350.0,1.0,0.16,135.0,56.1375,18.0,60.8625,0.0,0.0,0.0,13.180406443065124,371.098453112549,0.0,13.180406443065124,0.9104423336136045,1.0983672035887604,12.0,0.0,329.5101610766281,300.0,29.510161076628094,8.326672684688674e-17,0.0,1.0,0.9104423336136045
101,,101,0,2024-09-20T16:00:00,fixed_tariff,H08,7,7,0,0.45,13.555194500143063,0.04527566743543794,0.0,0.0,338.8798625035766,338.8798625035766,0.0,99.0,99.0,131.57894736842107,0.0,0.95,371.4588098719977,500.0,0.7429176197439954,0.16,152.49593812660947,59.92840957951963,20.332791750214597,72.23473679687524,9.890213613143395,9.890213613143395,1.3090734557406114,13.5,0.28370343354658295,3.0777851502568696,371.098453112549,1.4210854715202004e-14,-3.0,338.8798625035766,338.8798625035766,0.0,99.0,99.0,131.57894736842107,0.0,371.4588098719977,500.0,0.7429176197439954,0.16,152.49593812660947,59.92840957951963,20.332791750214597,72.23473679687524,1.4210854715202004e-14,0.0,0.0,13.555194500143063,371.098453112549,0.0,13.555194500143063,1.0,0.8471996562589414,13.555194500143063,0.0,338.8798625035766,338.8798625035766,0.0,0.0,0.0,1.0,1.0
101,,101,0,2024-09-20T17:00:00,fixed_tariff,H01,0,0,1,0.45,0.19303678240635253,0.07518254690939993,0.0,0.0,4.825919560158813,104.48209777783802,0.0,28.0,28.0,0.0,0.0,0.95,76.48209777783802,250.0,0.30592839111135206,0.22,47.01694400002711,16.966061511124366,6.268925866670283,23.78195662223246,9.639508756329237,9.639508756329237,1.4384606483343285,13.5,0.4172708947465841,2.1863029662415134,383.9830581018766,0.0,-3.0,4.825919560158813,104.48209777783802,0.0,28.0,28.0,0.0,0.0,76.48209777783802,250.0,0.30592839111135206,0.22,47.01694400002711,16.966061511124366,6.268925866670283,23.78195662223246,0.0,0.0,0.0,0.19303678240635253,383.9830581018766,3.98624712870717,4.179283911113522,1.0,0.5224104888891903,4.179283911113522,99.65617821767921,104.48209777783802,104.48209777783802,0.0,0.0,0.0,1.0,1.0
101,,101,0,2024-09-20T17:00:00,fixed_tariff,H02,1,1,1,0.45,0.14149025926546052,0.07518254690939993,0.0,0.0,3.5372564816365126,109.41430840872735,0.0,21.0,21.0,11.736842105263195,0.0,0.95,100.15115051399054,250.0,0.40060460205596216,0.22,49.23643878392731,22.13825311307792,6.564858504523642,20.53332716632575,9.743277825734216,9.743277825734216,1.3695400242279696,13.5,0.4172708947465841,2.1863029662415134,383.9830581018766,0.0,-3.0,3.5372564816365126,109.41430840872735,0.0,21.0,21.0,11.736842105263195,0.0,100.15115051399054,250.0,0.40060460205596216,0.22,49.23643878392731,22.13825311307792,6.564858504523642,20.53332716632575,0.0,0.0,0.0,0.14149025926546052,383.9830581018766,4.235082077083634,4.376572336349095,1.0,0.5470715420436368,4.376572336349095,105.87705192709083,109.41430840872735,109.41430840872735,0.0,0.0,0.0,1.0,1.0
101,,101,0,2024-09-20T17:00:00,fixed_tariff,H03,2,2,1,0.45,19.328655738992147,0.07518254690939993,37.95238359961549,22.952383599615487,483.21639347480374,300.0,0.0,21.0,21.0,27.52631578947366,0.0,0.95,306.52631578947364,350.0,0.8757894736842105,0.22,135.0,67.5407894736842,18.0,49.4592105263158,10.602780469270085,10.602780469270085,2.085664621305609,13.5,0.4172708947465841,2.1863029662415134,383.9830581018766,0.0,-3.0,483.21639347480374,300.0,0.0,21.0,21.0,27.52631578947366,0.0,306.52631578947364,350.0,0.8757894736842105,0.22,135.0,67.5407894736842,18.0,49.4592105263158,0.0,0.3825397266602581,0.0,19.328655738992147,383.9830581018766,0.26182098093095174,19.5904767199231,0.6125425211218191,1.6325397266602584,12.0,6.545524523273798,489.76191799807754,300.0,189.76191799807754,-1.1102230246251565e-16,0.0,1.0,0.6125425211218191
101,,101,0,2024-09-20T17:00:00,fixed_tariff,H04,3,3,1,0.45,13.691840188833025,0.07518254690939993,42.688801416247685,27.688801416247685,342.2960047208255,199.99999999999991,0.0,28.0,28.0,0.0,0.0,0.95,171.99999999999991,250.0,0.6879999999999996,0.22,89.99999999999996,37.97999999999998,11.999999999999998,40.019999999999975,13.840766192431477,13.840766192431477,5.099140439964717,13.5,0.4172708947465841,2.1863029662415134,383.9830581018766,0.0,-3.0,342.2960047208255,199.99999999999991,0.0,28.0,28.0,0.0,0.0,171.99999999999991,250.0,0.6879999999999996,0.22,89.99999999999996,37.97999999999998,11.999999999999998,40.019999999999975,0.0,0.4614800236041281,0.0,13.691840188833025,383.9830581018766,0.0,13.691840188833025,0.5842896126208621,1.711480023604128,7.999999999999999,0.0,342.2960047208255,199.99999999999991,142.2960047208256,0.0,0.0,1.0,0.5842896126208621
101,,101,0,2024-09-20T17:00:00,fixed_tariff,H05,4,4,1,0.45,8.5516029842778,0.07518254690939993,0.0,0.0,213.79007460694498,213.79007460694498,0.0,52.5,52.5,0.0,0.0,0.95,161.29007460694498,500.0,0.32258014921388994,0.22,96.20553357312525,35.7463164135279,12.8274044764167,47.631812683180655,16.506510799556352,16.506510799556352,7.67810740374707,13.5,0.4172708947465841,2.1863029662415134,383.9830581018766,0.0,-3.0,213.79007460694498,213.79007460694498,0.0,52.5,52.5,0.0,0.0,161.29007460694498,500.0,0.32258014921388994,0.22,96.20553357312525,35.7463164135279,12.8274044764167,47.631812683180655,0.0,0.0,0.0,8.5516029842778,383.9830581018766,0.0,8.5516029842778,1.0,0.5344751865173625,8.5516029842778,0.0,213.79007460694498,213.79007460694498,0.0,0.0,0.0,1.0,1.0
101,,101,0,2024-09-20T17:00:00,fixed_tariff,H06,5,5,1,0.45,16.153295663443988,0.07518254690939993,0.5748587379149539,0.0,403.8323915860997,400.0,0.0,70.0,70.0,0.0,0.0,0.95,330.0,700.0,0.4714285714285714,0.22,180.0,72.94999999999999,24.0,83.05000000000001,12.868065317219896,12.868065317219896,4.526873660907929,13.5,0.4172708947465841,2.1863029662415134,383.9830581018766,0.0,-3.0,403.8323915860997,400.0,0.0,70.0,70.0,0.0,0.0,330.0,700.0,0.4714285714285714,0.22,180.0,72.94999999999999,24.0,83.05000000000001,0.0,0.0,0.0,16.153295663443988,383.9830581018766,0.0,16.153295663443988,0.9905099450515905,1.0095809789652492,16.0,0.0,403.8323915860997,400.0,3.832391586099675,0.0,0.0,1.0,0.9905099450515905
101,,101,0,2024-09-20T17:00:00,fixed_tariff,H07,6,6,1,0.45,9.393411154119,0.07518254690939993,0.0,0.0,234.83527885297502,264.3454399296031,0.0,17.5,17.5,48.81578947368421,0.0,0.95,295.66122940328734,350.0,0.8447463697236781,0.22,118.95544796832141,65.13297046872322,15.860726395776187,37.96175110382201,10.416415910105442,10.416415910105442,1.885722686892369,13.5,0.4172708947465841,2.1863029662415134,383.9830581018766,0.0,-3.0,234.83527885297502,264.3454399296031,0.0,17.5,17.5,48.81578947368421,0.0,295.66122940328734,350.0,0.8447463697236781,0.22,118.95544796832141,65.13297046872322,15.860726395776187,37.96175110382201,0.0,0.0,0.0,9.393411154119,383.9830581018766,1.1804064430651247,10.573817597184124,1.0,0.8811514664320104,10.573817597184124,29.510161076628094,264.3454399296031,264.3454399296031,0.0,0.0,0.0,1.0,1.0
101,,101,0,2024-09-20T17:00:00,fixed_tariff,H08,7,7,1,0.45,28.54271885946652,0.07518254690939993,47.035195722999454,32.035195722999454,713.5679714866629,399.99999999999994,0.0,63.0,63.0,0.0,0.0,0.95,336.99999999999994,500.0,0.6739999999999999,0.22,179.99999999999997,74.45499999999998,24.0,81.54499999999999,9.4927966007629,9.4927966007629,1.225946729053429,13.5,0.4172708947465841,2.1863029662415134,383.9830581018766,0.0,-3.0,713.5679714866629,399.99999999999994,0.0,63.0,63.0,0.0,0.0,336.99999999999994,500.0,0.6739999999999999,0.22,179.99999999999997,74.45499999999998,24.0,81.54499999999999,0.0,0.5339199287166576,0.0,28.54271885946652,383.9830581018766,0.0,28.54271885946652,0.560563276357025,1.7839199287166576,16.0,0.0,713.5679714866629,399.99999999999994,313.567971486663,0.0,0.0,1.0,0.560563276357025
101,,101,0,2024-09-20T18:00:00,fixed_tariff,H01,0,0,2,0.45,17.739435568646165,0.07304347515594575,73.04576676484623,58.045766764846235,443.4858892161541,199.99999999999997,0.0,12.8,12.8,0.0,0.0,0.95,187.19999999999996,250.0,0.7487999999999998,0.3,89.99999999999999,56.22399999999999,12.0,21.775999999999996,9.984591500828689,9.984591500828689,1.6181441329208102,13.5,0.4077396884393747,-0.6775892255338264,199.19757190458463,0.0,-3.0,443.4858892161541,199.99999999999997,0.0,12.8,12.8,0.0,0.0,187.19999999999996,250.0,0.7487999999999998,0.3,89.99999999999999,56.22399999999999,12.0,21.775999999999996,0.0,0.9674294460807705,0.0,17.739435568646165,199.19757190458463,0.0,17.739435568646165,0.4509726348982445,2.2174294460807706,8.0,0.0,443.4858892161541,199.99999999999997,243.4858892161541,0.0,0.0,1.0,0.4509726348982445
101,,101,0,2024-09-20T18:00:00,fixed_tariff,H02,1,1,2,0.45,18.132782744611497,0.07304347515594575,75.99587058458623,60.99587058458623,453.3195686152874,199.99999999999997,0.0,9.6,9.6,0.0,0.0,0.95,190.39999999999998,250.0,0.7615999999999999,0.3,89.99999999999999,57.16799999999999,12.0,20.831999999999994,9.955309371475154,9.955309371475154,1.4287184583425978,13.5,0.4077396884393747,-0.6775892255338264,199.19757190458463,0.0,-3.0,453.3195686152874,199.99999999999997,0.0,9.6,9.6,0.0,0.0,190.39999999999998,250.0,0.7615999999999999,0.3,89.99999999999999,57.16799999999999,12.0,20.831999999999994,0.0,1.016597843076437,0.0,18.132782744611497,199.19757190458463,0.0,18.132782744611497,0.4411898665899669,2.266597843076437,8.0,0.0,453.3195686152874,199.99999999999997,253.3195686152874,0.0,0.0,1.0,0.4411898665899669
101,,101,0,2024-09-20T18:00:00,fixed_tariff,H03,2,2,2,0.45,0.03320991209348001,0.07304347515594575,0.0,0.0,0.8302478023370004,190.59216580041453,0.0,9.6,9.6,0.0,0.0,0.95,180.99216580041454,350.0,0.5171204737154701,0.3,85.76647461018655,54.345649740124365,11.435529948024866,19.98529492203732,10.453016685829315,10.453016685829315,1.794501102524119,13.5,0.4077396884393747,-0.6775892255338264,199.19757190458463,0.0,-3.0,0.8302478023370004,190.59216580041453,0.0,9.6,9.6,0.0,0.0,180.99216580041454,350.0,0.5171204737154701,0.3,85.76647461018655,54.345649740124365,11.435529948024866,19.98529492203732,0.0,0.0,0.0,0.03320991209348001,199.19757190458463,7.590476719923098,7.623686632016578,1.0,0.6353072193347148,7.623686632016578,189.76191799807754,190.59216580041453,190.59216580041453,0.0,0.0,0.0,1.0,1.0
101,,101,0,2024-09-20T18:00:00,fixed_tariff,H04,3,3,2,0.45,0.008982506614791917,0.07304347515594575,0.0,0.0,0.2245626653697979,142.5205673861954,0.0,12.8,12.8,0.0,0.0,0.95,129.7205673861954,250.0,0.5188822695447816,0.3,64.13425532378794,38.98017021585862,8.551234043171725,16.602851064757594,13.475513745643006,13.475513745643006,4.612367980151988,13.5,0.4077396884393747,-0.6775892255338264,199.19757190458463,0.0,-3.0,0.2245626653697979,142.5205673861954,0.0,12.8,12.8,0.0,0.0,129.7205673861954,250.0,0.5188822695447816,0.3,64.13425532378794,38.98017021585862,8.551234043171725,16.602851064757594,0.0,0.0,0.0,0.008982506614791917,199.19757190458463,5.691840188833025,5.700822695447816,1.0,0.712602836930977,5.700822695447816,142.2960047208256,142.5205673861954,142.5205673861954,0.0,0.0,0.0,1.0,1.0
101,,101,0,2024-09-20T18:00:00,fixed_tariff,H05,4,4,2,0.45,6.285773432445209,0.07304347515594575,0.0,0.0,157.14433581113025,157.14433581113025,0.0,24.0,24.0,0.0,0.0,0.95,133.14433581113025,500.0,0.2662886716222605,0.3,70.71495111500862,40.06330074333907,9.428660148667813,21.222990223001734,16.31506251009911,16.31506251009911,7.350794632587319,13.5,0.4077396884393747,-0.6775892255338264,199.19757190458463,0.0,-3.0,157.14433581113025,157.14433581113025,0.0,24.0,24.0,0.0,0.0,133.14433581113025,500.0,0.2662886716222605,0.3,70.71495111500862,40.06330074333907,9.428660148667813,21.222990223001734,0.0,0.0,0.0,6.285773432445209,199.19757190458463,0.0,6.285773432445209,1.0,0.3928608395278256,6.285773432445209,0.0,157.14433581113025,157.14433581113025,0.0,0.0,0.0,1.0,1.0
101,,101,0,2024-09-20T18:00:00,fixed_tariff,H06,5,5,2,0.45,10.176744092468198,0.07304347515594575,0.0,0.0,254.418602311705,258.2509938978047,0.0,32.0,32.0,0.0,0.0,0.95,226.25099389780468,700.0,0.3232157055682924,0.3,116.21294725401211,68.0352981693414,15.495059633868278,32.682589450802425,13.04579443841627,13.04579443841627,4.528264337257339,13.5,0.4077396884393747,-0.6775892255338264,199.19757190458463,0.0,-3.0,254.418602311705,258.2509938978047,0.0,32.0,32.0,0.0,0.0,226.25099389780468,700.0,0.3232157055682924,0.3,116.21294725401211,68.0352981693414,15.495059633868278,32.682589450802425,0.0,0.0,0.0,10.176744092468198,199.19757190458463,0.1532956634439877,10.330039755912185,1.0,0.6456274847445116,10.330039755912185,3.832391586099675,258.2509938978047,258.2509938978047,0.0,0.0,0.0,1.0,1.0
101,,101,0,2024-09-20T18:00:00,fixed_tariff,H07,6,6,2,0.45,17.88732197591023,0.07304347515594575,29.43660987955115,14.436609879551149,447.1830493977557,300.0,0.0,8.0,8.0,0.0,0.0,0.95,292.0,350.0,0.8342857142857143,0.3,135.0,87.64,18.0,29.36,10.326252408811243,10.326252408811243,1.6452517532134272,13.5,0.4077396884393747,-0.6775892255338264,199.19757190458463,0.0,-3.0,447.1830493977557,300.0,0.0,8.0,8.0,0.0,0.0,292.0,350.0,0.8342857142857143,0.3,135.0,87.64,18.0,29.36,0.0,0.2406101646591858,0.0,17.88732197591023,199.19757190458463,0.0,17.88732197591023,0.670866215533047,1.4906101646591858,12.0,0.0,447.1830493977557,300.0,147.18304939775572,1.1102230246251565e-16,0.0,1.0,0.670866215533047
101,,101,0,2024-09-20T18:00:00,fixed_tariff,H08,7,7,2,0.45,0.00832391563818518,0.07304347515594575,0.0,0.0,0.20809789095462947,313.7760693776176,0.0,28.8,28.8,0.0,0.0,0.95,284.9760693776176,500.0,0.5699521387552352,0.3,141.19923121992792,85.63682081328528,18.82656416265706,36.73584624398558,9.71407190518804,9.71407190518804,1.2804380826646244,13.5,0.4077396884393747,-0.6775892255338264,199.19757190458463,0.0,-3.0,0.20809789095462947,313.7760693776176,0.0,28.8,28.8,0.0,0.0,284.9760693776176,500.0,0.5699521387552352,0.3,141.19923121992792,85.63682081328528,18.82656416265706,36.73584624398558,0.0,0.0,0.0,0.00832391563818518,199.19757190458463,12.542718859466522,12.551042775104706,1.0,0.7844401734440442,12.551042775104706,313.567971486663,313.7760693776176,313.7760693776176,0.0,0.0,0.0,1.0,1.0
101,,101,0,2024-09-20T19:00:00,fixed_tariff,H01,0,0,3,0.45,7.937577980723504e-05,0.07942284851654914,13.046362083194795,0.0,0.001984394495180876,200.0,0.0,3.2,3.2,0.0,0.0,0.95,196.8,250.0,0.7872,0.34,90.0,66.92800000000001,12.0,11.071999999999989,9.68884242004732,9.68884242004732,1.4076902009081014,13.5,0.43424035064909805,0.9422380729355537,96.21629476153419,0.0,-3.0,0.001984394495180876,200.0,0.0,3.2,3.2,0.0,0.0,196.8,250.0,0.7872,0.34,90.0,66.92800000000001,12.0,11.071999999999989,0.0,0.0,0.0,7.937577980723504e-05,96.21629476153419,9.739435568646165,9.739514944425972,0.8213961419689063,1.2174393680532465,8.0,243.4858892161541,243.48787361064927,200.0,43.487873610649274,1.1102230246251565e-16,0.0,1.0,0.8213961419689063
101,,101,0,2024-09-20T19:00:00,fixed_tariff,H02,1,1,3,0.45,4.9753253757698905e-05,0.07942284851654914,15.996243733989408,0.9962437339894081,0.0012438313439424725,200.00000000000003,0.0,2.4,2.4,0.0,0.0,0.95,197.60000000000002,250.0,0.7904000000000001,0.34,90.00000000000001,67.19600000000001,12.0,10.804000000000002,9.650487412127484,9.650487412127484,1.2124268239769678,13.5,0.43424035064909805,0.9422380729355537,96.21629476153419,0.0,-3.0,0.0012438313439424725,200.00000000000003,0.0,2.4,2.4,0.0,0.0,197.60000000000002,250.0,0.7904000000000001,0.34,90.00000000000001,67.19600000000001,12.0,10.804000000000002,0.0,0.016604062233156802,0.0,4.9753253757698905e-05,96.21629476153419,10.132782744611497,10.132832497865254,0.7895127055229039,1.2666040622331567,8.0,253.3195686152874,253.32081244663135,200.00000000000003,53.32081244663132,1.1102230246251565e-16,0.0,1.0,0.7895127055229039
101,,101,0,2024-09-20T19:00:00,fixed_tariff,H03,2,2,3,0.45,12.4061675569649,0.07942284851654914,2.030837784824504,0.0,310.1541889241225,299.99999999999994,0.0,2.4,2.4,0.0,0.0,0.95,297.59999999999997,350.0,0.8502857142857142,0.34,134.99999999999997,101.196,18.0,15.803999999999974,10.542874365570718,10.542874365570718,1.9686631862524169,13.5,0.43424035064909805,0.9422380729355537,96.21629476153419,0.0,-3.0,310.1541889241225,299.99999999999994,0.0,2.4,2.4,0.0,0.0,297.59999999999997,350.0,0.8502857142857142,0.34,134.99999999999997,101.196,18.0,15.803999999999974,0.0,0.0,0.0,12.4061675569649,96.21629476153419,0.0,12.4061675569649,0.9672608357818869,1.0338472964137417,12.0,0.0,310.1541889241225,299.99999999999994,10.154188924122536,0.0,0.0,1.0,0.9672608357818869
101,,101,0,2024-09-20T19:00:00,fixed_tariff,H04,3,3,3,0.45,7.002786115491766,0.07942284851654914,0.0,0.0,175.06965288729413,175.06965288729413,0.0,3.2,3.2,0.0,0.0,0.95,171.86965288729414,250.0,0.6874786115491766,0.34,78.78134379928235,58.45168198168001,10.504179173237649,9.825482644364694,13.846286451176091,13.846286451176091,5.042093576129971,13.5,0.43424035064909805,0.9422380729355537,96.21629476153419,0.0,-3.0,175.06965288729413,175.06965288729413,0.0,3.2,3.2,0.0,0.0,171.86965288729414,250.0,0.6874786115491766,0.34,78.78134379928235,58.45168198168001,10.504179173237649,9.825482644364694,0.0,0.0,0.0,7.002786115491766,96.21629476153419,0.0,7.002786115491766,1.0,0.8753482644364707,7.002786115491766,0.0,175.06965288729413,175.06965288729413,0.0,0.0,0.0,1.0,1.0
101,,101,0,2024-09-20T19:00:00,fixed_tariff,H05,4,4,3,0.45,4.31201623149601,0.07942284851654914,0.0,0.0,107.80040578740025,107.80040578740025,0.0,6.0,6.0,0.0,0.0,0.95,101.80040578740025,500.0,0.2036008115748005,0.34,48.51018260433011,34.64213796771609,6.468024347244015,7.400020289370008,16.599724573531923,16.599724573531923,7.702202842029336,13.5,0.43424035064909805,0.9422380729355537,96.21629476153419,0.0,-3.0,107.80040578740025,107.80040578740025,0.0,6.0,6.0,0.0,0.0,101.80040578740025,500.0,0.2036008115748005,0.34,48.51018260433011,34.64213796771609,6.468024347244015,7.400020289370008,0.0,0.0,0.0,4.31201623149601,96.21629476153419,0.0,4.31201623149601,1.0,0.2695010144685006,4.31201623149601,0.0,107.80040578740025,107.80040578740025,0.0,0.0,0.0,1.0,1.0
101,,101,0,2024-09-20T19:00:00,fixed_tariff,H06,5,5,3,0.45,8.060811734114992,0.07942284851654914,0.0,0.0,201.52029335287477,201.52029335287477,0.0,8.0,8.0,0.0,0.0,0.95,193.52029335287477,700.0,0.27645756193267823,0.34,90.68413200879365,65.83689973997744,12.091217601172488,12.756014667643726,13.023703912274566,13.023703912274566,4.584053893867751,13.5,0.43424035064909805,0.9422380729355537,96.21629476153419,0.0,-3.0,201.52029335287477,201.52029335287477,0.0,8.0,8.0,0.0,0.0,193.52029335287477,700.0,0.27645756193267823,0.34,90.68413200879365,65.83689973997744,12.091217601172488,12.756014667643726,0.0,0.0,0.0,8.060811734114992,96.21629476153419,0.0,8.060811734114992,1.0,0.503800733382187,8.060811734114992,0.0,201.52029335287477,201.52029335287477,0.0,0.0,0.0,1.0,1.0
101,,101,0,2024-09-20T19:00:00,fixed_tariff,H07,6,6,3,0.45,0.09888540266538161,0.07942284851654914,0.0,0.0,2.4721350666345403,149.65518446439026,0.0,2.0,2.0,0.0,0.0,0.95,147.65518446439026,350.0,0.4218719556125436,0.34,67.34483300897561,50.21276271789269,8.979311067863417,8.152759223219508,10.418199828091508,10.418199828091508,1.8287348580143523,13.5,0.43424035064909805,0.9422380729355537,96.21629476153419,0.0,-3.0,2.4721350666345403,149.65518446439026,0.0,2.0,2.0,0.0,0.0,147.65518446439026,350.0,0.4218719556125436,0.34,67.34483300897561,50.21276271789269,8.979311067863417,8.152759223219508,0.0,0.0,0.0,0.09888540266538161,96.21629476153419,5.88732197591023,5.986207378575612,1.0,0.498850614881301,5.986207378575612,147.18304939775572,149.65518446439026,149.65518446439026,0.0,0.0,0.0,1.0,1.0
101,,101,0,2024-09-20T19:00:00,fixed_tariff,H08,7,7,3,0.45,14.392014349549044,0.07942284851654914,0.0,0.0,359.80035873872606,359.80035873872606,0.0,7.2,7.2,0.0,0.0,0.95,352.6003587387261,500.0,0.7052007174774522,0.34,161.91016143242672,119.92012197116688,21.588021524323565,20.402017936936275,9.580674490710638,9.580674490710638,1.2398464808795417,13.5,0.43424035064909805,0.9422380729355537,96.21629476153419,0.0,-3.0,359.80035873872606,359.80035873872606,0.0,7.2,7.2,0.0,0.0,352.6003587387261,500.0,0.7052007174774522,0.34,161.91016143242672,119.92012197116688,21.588021524323565,20.402017936936275,0.0,0.0,0.0,14.392014349549044,96.21629476153419,0.0,14.392014349549044,1.0,0.8995008968468152,14.392014349549044,0.0,359.80035873872606,359.80035873872606,0.0,0.0,0.0,1.0,1.0
101,,101,0,2024-09-20T20:00:00,fixed_tariff,H01,0,0,4,0.45,0.9018714507981169,0.06456559237502559,0.0,0.0,22.54678626995293,66.0346598806022,0.0,0.0,0.0,0.0,0.0,0.95,66.0346598806022,250.0,0.26413863952240885,0.27,29.715596946270992,17.829358167762596,3.9620795928361345,7.924159185672261,9.706526235558712,9.706526235558712,1.4135774005972295,13.5,0.3728896464551401,1.1213658453919755,112.13658453919754,0.0,-3.0,22.54678626995293,66.0346598806022,0.0,0.0,0.0,0.0,0.0,66.0346598806022,250.0,0.26413863952240885,0.27,29.715596946270992,17.829358167762596,3.9620795928361345,7.924159185672261,0.0,0.0,0.0,0.9018714507981169,112.13658453919754,1.7395149444259728,2.6413863952240897,1.0,0.3301732994030112,2.6413863952240897,43.487873610649274,66.0346598806022,66.0346598806022,0.0,0.0,0.0,1.0,1.0
101,,101,0,2024-09-20T20:00:00,fixed_tariff,H02,1,1,4,0.45,0.5653668891227998,0.06456559237502559,0.0,0.0,14.134172228069993,67.45498467470131,0.0,0.0,0.0,0.0,0.0,0.95,67.45498467470131,250.0,0.2698199386988052,0.27,30.35474310361559,18.212845862169353,4.047299080482081,8.094598160964157,9.670613042610356,9.670613042610356,1.220755019198699,13.5,0.3728896464551401,1.1213658453919755,112.13658453919754,0.0,-3.0,14.134172228069993,67.45498467470131,0.0,0.0,0.0,0.0,0.0,67.45498467470131,250.0,0.2698199386988052,0.27,30.35474310361559,18.212845862169353,4.047299080482081,8.094598160964157,0.0,0.0,0.0,0.5653668891227998,112.13658453919754,2.1328324978652544,2.6981993869880543,1.0,0.3372749233735068,2.6981993869880543,53.32081244663132,67.45498467470131,67.45498467470131,0.0,0.0,0.0,1.0,1.0
101,,101,0,2024-09-20T20:00:00,fixed_tariff,H03,2,2,4,0.45,5.050145375724274,0.06456559237502559,0.0,0.0,126.25363439310684,136.40782331722937,0.0,0.0,0.0,0.0,0.0,0.95,136.40782331722937,350.0,0.38973663804922676,0.27,61.38352049275322,36.83011229565194,8.184469399033762,16.36893879806752,10.57949695568772,10.57949695568772,1.9754764878962292,13.5,0.3728896464551401,1.1213658453919755,112.13658453919754,0.0,-3.0,126.25363439310684,136.40782331722937,0.0,0.0,0.0,0.0,0.0,136.40782331722937,350.0,0.38973663804922676,0.27,61.38352049275322,36.83011229565194,8.184469399033762,16.36893879806752,0.0,0.0,0.0,5.050145375724274,112.13658453919754,0.4061675569649008,5.456312932689174,1.0,0.4546927443907645,5.456312932689174,10.154188924122536,136.40782331722937,136.40782331722937,0.0,0.0,0.0,1.0,1.0
101,,101,0,2024-09-20T20:00:00,fixed_tariff,H04,3,3,4,0.45,4.014253509263314,0.06456559237502559,0.0,0.0,100.35633773158285,100.35633773158285,0.0,0.0,0.0,0.0,0.0,0.95,100.35633773158285,250.0,0.4014253509263314,0.27,45.16035197921229,27.096211187527373,6.021380263894971,12.042760527789941,13.839630973809257,13.839630973809257,4.973300674810703,13.5,0.3728896464551401,1.1213658453919755,112.13658453919754,0.0,-3.0,100.35633773158285,100.35633773158285,0.0,0.0,0.0,0.0,0.0,100.35633773158285,250.0,0.4014253509263314,0.27,45.16035197921229,27.096211187527373,6.021380263894971,12.042760527789941,0.0,0.0,0.0,4.014253509263314,112.13658453919754,0.0,4.014253509263314,1.0,0.5017816886579143,4.014253509263314,0.0,100.35633773158285,100.35633773158285,0.0,0.0,0.0,1.0,1.0
101,,101,0,2024-09-20T20:00:00,fixed_tariff,H05,4,4,4,0.45,2.5224704024044105,0.06456559237502559,0.0,0.0,63.06176006011026,63.06176006011026,0.0,0.0,0.0,0.0,0.0,0.95,63.06176006011026,500.0,0.12612352012022052,0.27,28.37779202704962,17.026675216229773,3.7837056036066157,7.5674112072132305,16.440311075332218,16.440311075332218,7.464292842337216,13.5,0.3728896464551401,1.1213658453919755,112.13658453919754,0.0,-3.0,63.06176006011026,63.06176006011026,0.0,0.0,0.0,0.0,0.0,63.06176006011026,500.0,0.12612352012022052,0.27,28.37779202704962,17.026675216229773,3.7837056036066157,7.5674112072132305,0.0,0.0,0.0,2.5224704024044105,112.13658453919754,0.0,2.5224704024044105,1.0,0.15765440015027565,2.5224704024044105,0.0,63.06176006011026,63.06176006011026,0.0,0.0,0.0,1.0,1.0
101,,101,0,2024-09-20T20:00:00,fixed_tariff,H06,5,5,4,0.45,4.55730632487996,0.06456559237502559,0.0,0.0,113.932658121999,113.932658121999,0.0,0.0,0.0,0.0,0.0,0.95,113.932658121999,700.0,0.16276094017428427,0.27,51.26969615489955,30.761817692939733,6.83595948731994,13.671918974639876,13.088491055100201,13.088491055100201,4.611867989615424,13.5,0.3728896464551401,1.1213658453919755,112.13658453919754,0.0,-3.0,113.932658121999,113.932658121999,0.0,0.0,0.0,0.0,0.0,113.932658121999,700.0,0.16276094017428427,0.27,51.26969615489955,30.761817692939733,6.83595948731994,13.671918974639876,0.0,0.0,0.0,4.55730632487996,112.13658453919754,0.0,4.55730632487996,1.0,0.2848316453049975,4.55730632487996,0.0,113.932658121999,113.932658121999,0.0,0.0,0.0,1.0,1.0
101,,101,0,2024-09-20T20:00:00,fixed_tariff,H07,6,6,4,0.45,7.311283464727189,0.06456559237502559,0.0,0.0,182.7820866181797,182.7820866181797,0.0,0.0,0.0,0.0,0.0,0.95,182.7820866181797,350.0,0.5222345331947992,0.27,82.25193897818087,49.351163386908524,10.966925197090783,21.93385039418157,10.397199683421908,10.397199683421908,1.7665929818879889,13.5,0.3728896464551401,1.1213658453919755,112.13658453919754,0.0,-3.0,182.7820866181797,182.7820866181797,0.0,0.0,0.0,0.0,0.0,182.7820866181797,350.0,0.5222345331947992,0.27,82.25193897818087,49.351163386908524,10.966925197090783,21.93385039418157,0.0,0.0,0.0,7.311283464727189,112.13658453919754,0.0,7.311283464727189,1.0,0.6092736220605991,7.311283464727189,0.0,182.7820866181797,182.7820866181797,0.0,0.0,0.0,1.0,1.0
101,,101,0,2024-09-20T20:00:00,fixed_tariff,H08,7,7,4,0.45,8.177649096889658,0.06456559237502559,0.0,0.0,204.44122742224147,204.44122742224147,0.0,0.0,0.0,0.0,0.0,0.95,204.44122742224147,500.0,0.40888245484448293,0.27,91.99855234000866,55.1991314040052,12.266473645334486,24.53294729066897,9.610430555544186,9.610430555544186,1.251052601123607,13.5,0.3728896464551401,1.1213658453919755,112.13658453919754,0.0,-3.0,204.44122742224147,204.44122742224147,0.0,0.0,0.0,0.0,0.0,204.44122742224147,500.0,0.40888245484448293,0.27,91.99855234000866,55.1991314040052,12.266473645334486,24.53294729066897,0.0,0.0,0.0,8.177649096889658,112.13658453919754,0.0,8.177649096889658,1.0,0.5111030685556036,8.177649096889658,0.0,204.44122742224147,204.44122742224147,0.0,0.0,0.0,1.0,1.0
101,,101,0,2024-09-20T21:00:00,fixed_tariff,H01,0,0,5,0.45,4.365712680060657,0.04448069373976857,0.0,0.0,109.14281700151643,109.14281700151643,0.0,0.0,0.0,0.0,100.0,0.42368421052631583,9.142817001516434,250.0,0.036571268006065735,0.2,49.11426765068239,4.8285634003032865,6.548569020090985,37.73713523028812,9.864978316876206,9.864978316876206,1.543406219471731,13.5,0.2797695662289938,2.543843547247538,254.38435472475376,1.4210854715202004e-14,-3.0,109.14281700151643,109.14281700151643,0.0,0.0,0.0,0.0,100.0,9.142817001516434,250.0,0.036571268006065735,0.2,49.11426765068239,4.8285634003032865,6.548569020090985,37.73713523028812,1.4210854715202004e-14,0.0,0.0,4.365712680060657,254.38435472475376,0.0,4.365712680060657,1.0,0.5457140850075821,4.365712680060657,0.0,109.14281700151643,109.14281700151643,0.0,0.0,0.0,1.0,1.0
101,,101,0,2024-09-20T21:00:00,fixed_tariff,H02,1,1,5,0.45,4.482724488294334,0.04448069373976857,0.0,0.0,112.06811220735835,112.06811220735835,0.0,0.0,0.0,0.0,100.0,0.42368421052631583,12.068112207358354,250.0,0.04827244882943341,0.2,50.43065049331126,5.413622441471671,6.724086732441501,38.29294131939809,9.801956453012131,9.801956453012131,1.3312736897204487,13.5,0.2797695662289938,2.543843547247538,254.38435472475376,1.4210854715202004e-14,-3.0,112.06811220735835,112.06811220735835,0.0,0.0,0.0,0.0,100.0,12.068112207358354,250.0,0.04827244882943341,0.2,50.43065049331126,5.413622441471671,6.724086732441501,38.29294131939809,1.4210854715202004e-14,0.0,0.0,4.482724488294334,254.38435472475376,0.0,4.482724488294334,1.0,0.5603405610367918,4.482724488294334,0.0,112.06811220735835,112.06811220735835,0.0,0.0,0.0,1.0,1.0
101,,101,0,2024-09-20T21:00:00,fixed_tariff,H03,2,2,5,0.45,4.204481583001069,0.04448069373976857,0.0,0.0,105.11203957502676,105.11203957502676,0.0,0.0,0.0,0.0,105.11203957502676,0.5811858260525378,0.0,350.0,0.0,0.2,47.30041780876204,3.1533611872508027,6.306722374501604,37.840334247009636,10.449005449759161,10.449005449759161,1.8131512434022747,13.5,0.2797695662289938,2.543843547247538,254.38435472475376,2.842170943040401e-14,-3.0,105.11203957502676,105.11203957502676,0.0,0.0,0.0,0.0,105.11203957502676,0.0,350.0,0.0,0.2,47.30041780876204,3.1533611872508027,6.306722374501604,37.840334247009636,2.842170943040401e-14,0.0,0.0,4.204481583001069,254.38435472475376,0.0,4.204481583001069,1.0,0.3503734652500891,4.204481583001069,0.0,105.11203957502676,105.11203957502676,0.0,0.0,0.0,1.0,1.0
101,,101,0,2024-09-20T21:00:00,fixed_tariff,H04,3,3,5,0.45,2.432120448766289,0.04448069373976857,0.0,0.0,60.80301121915723,60.80301121915723,0.0,0.0,0.0,0.0,60.80301121915723,0.6939873211824958,0.0,250.0,0.0,0.2,27.36135504862075,1.8240903365747168,3.648180673149433,21.889084038896602,13.588872516487255,13.588872516487255,4.684453778934837,13.5,0.2797695662289938,2.543843547247538,254.38435472475376,0.0,-3.0,60.80301121915723,60.80301121915723,0.0,0.0,0.0,0.0,60.80301121915723,0.0,250.0,0.0,0.2,27.36135504862075,1.8240903365747168,3.648180673149433,21.889084038896602,0.0,0.0,0.0,2.432120448766289,254.38435472475376,0.0,2.432120448766289,1.0,0.3040150560957861,2.432120448766289,0.0,60.80301121915723,60.80301121915723,0.0,0.0,0.0,1.0,1.0
101,,101,0,2024-09-20T21:00:00,fixed_tariff,H05,4,4,5,0.45,1.5150282995193378,0.04448069373976857,0.0,0.0,37.87570748798345,37.87570748798345,0.0,0.0,0.0,0.0,37.87570748798345,0.8702616684463507,0.0,500.0,0.0,0.2,17.04406836959255,1.1362712246395035,2.2725424492790065,13.63525469567404,16.272985288316953,16.272985288316953,7.244222869154261,13.5,0.2797695662289938,2.543843547247538,254.38435472475376,1.4210854715202004e-14,-3.0,37.87570748798345,37.87570748798345,0.0,0.0,0.0,0.0,37.87570748798345,0.0,500.0,0.0,0.2,17.04406836959255,1.1362712246395035,2.2725424492790065,13.63525469567404,1.4210854715202004e-14,0.0,0.0,1.5150282995193378,254.38435472475376,0.0,1.5150282995193378,1.0,0.09468926871995861,1.5150282995193378,0.0,37.87570748798345,37.87570748798345,0.0,0.0,0.0,1.0,1.0
101,,101,0,2024-09-20T21:00:00,fixed_tariff,H06,5,5,5,0.45,2.5960630085530427,0.04448069373976857,0.0,0.0,64.90157521382608,64.90157521382608,0.0,0.0,0.0,0.0,64.90157521382608,0.8361375873441648,0.0,700.0,0.0,0.2,29.205708846221736,1.9470472564147823,3.894094512829564,23.36456707697739,13.241698225691076,13.241698225691076,4.708876069987988,13.5,0.2797695662289938,2.543843547247538,254.38435472475376,1.4210854715202004e-14,-3.0,64.90157521382608,64.90157521382608,0.0,0.0,0.0,0.0,64.90157521382608,0.0,700.0,0.0,0.2,29.205708846221736,1.9470472564147823,3.894094512829564,23.36456707697739,1.4210854715202004e-14,0.0,0.0,2.5960630085530427,254.38435472475376,0.0,2.5960630085530427,1.0,0.16225393803456517,2.5960630085530427,0.0,64.90157521382608,64.90157521382608,0.0,0.0,0.0,1.0,1.0
101,,101,0,2024-09-20T21:00:00,fixed_tariff,H07,6,6,5,0.45,4.360826171691084,0.04448069373976857,0.0,0.0,109.0206542922771,109.0206542922771,0.0,0.0,0.0,0.0,109.0206542922771,0.5674713884481506,0.0,350.0,0.0,0.2,49.0592944315247,3.270619628768313,6.541239257536626,39.24743554521976,10.266868710366857,10.266868710366857,1.5955307472535427,13.5,0.2797695662289938,2.543843547247538,254.38435472475376,1.4210854715202004e-14,-3.0,109.0206542922771,109.0206542922771,0.0,0.0,0.0,0.0,109.0206542922771,0.0,350.0,0.0,0.2,49.0592944315247,3.270619628768313,6.541239257536626,39.24743554521976,1.4210854715202004e-14,0.0,0.0,4.360826171691084,254.38435472475376,0.0,4.360826171691084,1.0,0.36340218097425697,4.360826171691084,0.0,109.0206542922771,109.0206542922771,0.0,0.0,0.0,1.0,1.0
101,,101,0,2024-09-20T21:00:00,fixed_tariff,H08,7,7,5,0.45,4.708622507921125,0.04448069373976857,0.0,0.0,117.71556269802811,117.71556269802811,0.0,0.0,0.0,0.0,117.71556269802811,0.7021777627409934,0.0,500.0,0.0,0.2,52.97200321411265,3.531466880940843,7.062933761881688,42.37760257129012,9.692438291191834,9.692438291191834,1.2932355955498966,13.5,0.2797695662289938,2.543843547247538,254.38435472475376,0.0,-3.0,117.71556269802811,117.71556269802811,0.0,0.0,0.0,0.0,117.71556269802811,0.0,500.0,0.0,0.2,52.97200321411265,3.531466880940843,7.062933761881688,42.37760257129012,0.0,0.0,0.0,4.708622507921125,254.38435472475376,0.0,4.708622507921125,1.0,0.2942889067450703,4.708622507921125,0.0,117.71556269802811,117.71556269802811,0.0,0.0,0.0,1.0,1.0
202,,202,1,2024-09-20T16:00:00,fixed_tariff,H01,0,0,0,0.45,11.98624712870717,0.04527566743543794,29.896853465303774,14.896853465303774,299.6561782176792,200.0,0.0,44.0,44.0,84.21052631578947,0.0,0.95,240.21052631578948,250.0,0.9608421052631579,0.16,90.0,38.653684210526315,12.0,39.346315789473685,10.289385279540998,10.289385279540998,1.8088700379889642,13.5,0.28370343354658295,3.0777851502568696,371.098453112549,0.0,-3.0,299.6561782176792,200.0,0.0,44.0,44.0,84.21052631578947,0.0,240.21052631578948,250.0,0.9608421052631579,0.16,90.0,38.653684210526315,12.0,39.346315789473685,0.0,0.24828089108839624,0.0,11.98624712870717,371.098453112549,0.0,11.98624712870717,0.6674315917314877,1.4982808910883962,8.0,0.0,299.6561782176792,200.0,99.65617821767921,0.0,0.0,1.0,0.6674315917314877
202,,202,1,2024-09-20T16:00:00,fixed_tariff,H02,1,1,0,0.45,12.235082077083634,0.04527566743543794,31.763115578127255,16.763115578127255,305.87705192709086,200.00000000000003,0.0,33.0,33.0,82.99999999999997,0.0,0.8942499999999999,250.0,250.0,1.0,0.16,90.00000000000001,40.165,12.0,37.835000000000015,10.263145803347566,10.263145803347566,1.6436684341973367,13.5,0.28370343354658295,3.0777851502568696,371.098453112549,0.0,-3.0,305.87705192709086,200.00000000000003,0.0,33.0,33.0,82.99999999999997,0.0,250.0,250.0,1.0,0.16,90.00000000000001,40.165,12.0,37.835000000000015,0.0,0.27938525963545424,0.0,12.235082077083634,371.098453112549,0.0,12.235082077083634,0.6538574853522264,1.5293852596354542,8.0,0.0,305.87705192709086,200.00000000000003,105.87705192709083,0.0,0.0,1.0,0.6538574853522264
202,,202,1,2024-09-20T16:00:00,fixed_tariff,H03,2,2,0,0.45,12.26182098093095,0.04527566743543794,1.3091049046547587,0.0,306.5455245232738,300.0,0.0,33.0,0.0,83.0,0.0,0.8628333333333335,350.0,350.0,1.0,0.16,135.0,56.165,18.0,60.83500000000001,10.54377777257144,10.54377777257144,1.7553453596136455,13.5,0.28370343354658295,3.0777851502568696,371.098453112549,2.842170943040401e-14,-3.0,306.5455245232738,300.0,0.0,33.0,0.0,83.0,0.0,350.0,350.0,1.0,0.16,135.0,56.165,18.0,60.83500000000001,2.842170943040401e-14,0.0,0.0,12.26182098093095,371.098453112549,0.0,12.26182098093095,0.9786474634283012,1.0218184150775793,12.0,0.0,306.5455245232738,300.0,6.545524523273798,7.632783294297951e-17,0.0,1.0,0.9786474634283012
202,,202,1,2024-09-20T16:00:00,fixed_tariff,H04,3,3,0,0.45,7.676421365741855,0.04527566743543794,0.0,0.0,191.91053414354639,191.91053414354639,0.0,44.0,44.0,78.94736842105263,0.0,0.95,226.85790256459902,250.0,0.907431610258396,0.16,86.35974036459588,36.51726441033584,11.514632048612782,38.327843905647256,13.24013956682249,13.24013956682249,4.184380232588157,13.5,0.28370343354658295,3.0777851502568696,371.098453112549,0.0,-3.0,191.91053414354639,191.91053414354639,0.0,44.0,44.0,78.94736842105263,0.0,226.85790256459902,250.0,0.907431610258396,0.16,86.35974036459588,36.51726441033584,11.514632048612782,38.327843905647256,0.0,0.0,0.0,7.676421365741855,371.098453112549,0.0,7.676421365741855,1.0,0.9595526707177319,7.676421365741855,0.0,191.91053414354639,191.91053414354639,0.0,0.0,0.0,1.0,1.0
202,,202,1,2024-09-20T16:00:00,fixed_tariff,H05,4,4,0,0.45,5.051820412707781,0.04527566743543794,0.0,0.0,126.29551031769452,126.29551031769452,0.0,82.5,82.5,131.57894736842107,0.0,0.95,175.3744576861156,500.0,0.3507489153722312,0.16,56.832979642962535,28.472413229778496,7.577730619061672,20.782835794122366,15.549063215017503,15.549063215017503,6.344191684753173,13.5,0.28370343354658295,3.0777851502568696,371.098453112549,1.4210854715202004e-14,-3.0,126.29551031769452,126.29551031769452,0.0,82.5,82.5,131.57894736842107,0.0,175.3744576861156,500.0,0.3507489153722312,0.16,56.832979642962535,28.472413229778496,7.577730619061672,20.782835794122366,1.4210854715202004e-14,0.0,0.0,5.051820412707781,371.098453112549,0.0,5.051820412707781,1.0,0.3157387757942363,5.051820412707781,0.0,126.29551031769452,126.29551031769452,0.0,0.0,0.0,1.0,1.0
202,,202,1,2024-09-20T16:00:00,fixed_tariff,H06,5,5,0,0.45,7.6582168942991125,0.04527566743543794,0.0,0.0,191.4554223574778,191.4554223574778,0.0,110.0,110.0,126.31578947368422,0.0,0.95,207.77121183116202,700.0,0.29681601690166004,0.16,86.15494006086502,33.79339389298592,11.487325341448669,40.87422082643043,13.317908294398809,13.317908294398809,4.618044087917267,13.5,0.28370343354658295,3.0777851502568696,371.098453112549,0.0,-3.0,191.4554223574778,191.4554223574778,0.0,110.0,110.0,126.31578947368422,0.0,207.77121183116202,700.0,0.29681601690166004,0.16,86.15494006086502,33.79339389298592,11.487325341448669,40.87422082643043,0.0,0.0,0.0,7.6582168942991125,371.098453112549,0.0,7.6582168942991125,1.0,0.47863855589369453,7.6582168942991125,0.0,191.4554223574778,191.4554223574778,0.0,0.0,0.0,1.0,1.0
202,,202,1,2024-09-20T16:00:00,fixed_tariff,H07,6,6,0,0.45,13.180406443065124,0.04527566743543794,5.902032215325623,0.0,329.5101610766281,300.0,0.0,27.5,27.5,77.5,0.0,0.7954166666666667,350.0,350.0,1.0,0.16,135.0,56.1375,18.0,60.8625,10.164814492903282,10.164814492903282,1.3078753622469699,13.5,0.28370343354658295,3.0777851502568696,371.098453112549,0.0,-3.0,329.5101610766281,300.0,0.0,27.5,27.5,77.5,0.0,350.0,350.0,1.0,0.16,135.0,56.1375,18.0,60.8625,0.0,0.0,0.0,13.180406443065124,371.098453112549,0.0,13.180406443065124,0.9104423336136045,1.0983672035887604,12.0,0.0,329.5101610766281,300.0,29.510161076628094,8.326672684688674e-17,0.0,1.0,0.9104423336136045
202,,202,1,2024-09-20T16:00:00,fixed_tariff,H08,7,7,0,0.45,13.555194500143063,0.04527566743543794,0.0,0.0,338.8798625035766,338.8798625035766,0.0,99.0,99.0,131.57894736842107,0.0,0.95,371.4588098719977,500.0,0.7429176197439954,0.16,152.49593812660947,59.92840957951963,20.332791750214597,72.23473679687524,9.890213613143395,9.890213613143395,1.3090734557406114,13.5,0.28370343354658295,3.0777851502568696,371.098453112549,1.4210854715202004e-14,-3.0,338.8798625035766,338.8798625035766,0.0,99.0,99.0,131.57894736842107,0.0,371.4588098719977,500.0,0.7429176197439954,0.16,152.49593812660947,59.92840957951963,20.332791750214597,72.23473679687524,1.4210854715202004e-14,0.0,0.0,13.555194500143063,371.098453112549,0.0,13.555194500143063,1.0,0.8471996562589414,13.555194500143063,0.0,338.8798625035766,338.8798625035766,0.0,0.0,0.0,1.0,1.0
202,,202,1,2024-09-20T17:00:00,fixed_tariff,H01,0,0,1,0.45,0.19303678240635253,0.07518254690939993,0.0,0.0,4.825919560158813,104.48209777783802,0.0,28.0,28.0,0.0,0.0,0.95,76.48209777783802,250.0,0.30592839111135206,0.22,47.01694400002711,16.966061511124366,6.268925866670283,23.78195662223246,9.639508756329237,9.639508756329237,1.4384606483343285,13.5,0.4172708947465841,2.1863029662415134,383.9830581018766,0.0,-3.0,4.825919560158813,104.48209777783802,0.0,28.0,28.0,0.0,0.0,76.48209777783802,250.0,0.30592839111135206,0.22,47.01694400002711,16.966061511124366,6.268925866670283,23.78195662223246,0.0,0.0,0.0,0.19303678240635253,383.9830581018766,3.98624712870717,4.179283911113522,1.0,0.5224104888891903,4.179283911113522,99.65617821767921,104.48209777783802,104.48209777783802,0.0,0.0,0.0,1.0,1.0
202,,202,1,2024-09-20T17:00:00,fixed_tariff,H02,1,1,1,0.45,0.14149025926546052,0.07518254690939993,0.0,0.0,3.5372564816365126,109.41430840872735,0.0,21.0,21.0,11.736842105263195,0.0,0.95,100.15115051399054,250.0,0.40060460205596216,0.22,49.23643878392731,22.13825311307792,6.564858504523642,20.53332716632575,9.743277825734216,9.743277825734216,1.3695400242279696,13.5,0.4172708947465841,2.1863029662415134,383.9830581018766,0.0,-3.0,3.5372564816365126,109.41430840872735,0.0,21.0,21.0,11.736842105263195,0.0,100.15115051399054,250.0,0.40060460205596216,0.22,49.23643878392731,22.13825311307792,6.564858504523642,20.53332716632575,0.0,0.0,0.0,0.14149025926546052,383.9830581018766,4.235082077083634,4.376572336349095,1.0,0.5470715420436368,4.376572336349095,105.87705192709083,109.41430840872735,109.41430840872735,0.0,0.0,0.0,1.0,1.0
202,,202,1,2024-09-20T17:00:00,fixed_tariff,H03,2,2,1,0.45,19.328655738992147,0.07518254690939993,37.95238359961549,22.952383599615487,483.21639347480374,300.0,0.0,21.0,21.0,27.52631578947366,0.0,0.95,306.52631578947364,350.0,0.8757894736842105,0.22,135.0,67.5407894736842,18.0,49.4592105263158,10.602780469270085,10.602780469270085,2.085664621305609,13.5,0.4172708947465841,2.1863029662415134,383.9830581018766,0.0,-3.0,483.21639347480374,300.0,0.0,21.0,21.0,27.52631578947366,0.0,306.52631578947364,350.0,0.8757894736842105,0.22,135.0,67.5407894736842,18.0,49.4592105263158,0.0,0.3825397266602581,0.0,19.328655738992147,383.9830581018766,0.26182098093095174,19.5904767199231,0.6125425211218191,1.6325397266602584,12.0,6.545524523273798,489.76191799807754,300.0,189.76191799807754,-1.1102230246251565e-16,0.0,1.0,0.6125425211218191
202,,202,1,2024-09-20T17:00:00,fixed_tariff,H04,3,3,1,0.45,13.691840188833025,0.07518254690939993,42.688801416247685,27.688801416247685,342.2960047208255,199.99999999999991,0.0,28.0,28.0,0.0,0.0,0.95,171.99999999999991,250.0,0.6879999999999996,0.22,89.99999999999996,37.97999999999998,11.999999999999998,40.019999999999975,13.840766192431477,13.840766192431477,5.099140439964717,13.5,0.4172708947465841,2.1863029662415134,383.9830581018766,0.0,-3.0,342.2960047208255,199.99999999999991,0.0,28.0,28.0,0.0,0.0,171.99999999999991,250.0,0.6879999999999996,0.22,89.99999999999996,37.97999999999998,11.999999999999998,40.019999999999975,0.0,0.4614800236041281,0.0,13.691840188833025,383.9830581018766,0.0,13.691840188833025,0.5842896126208621,1.711480023604128,7.999999999999999,0.0,342.2960047208255,199.99999999999991,142.2960047208256,0.0,0.0,1.0,0.5842896126208621
202,,202,1,2024-09-20T17:00:00,fixed_tariff,H05,4,4,1,0.45,8.5516029842778,0.07518254690939993,0.0,0.0,213.79007460694498,213.79007460694498,0.0,52.5,52.5,0.0,0.0,0.95,161.29007460694498,500.0,0.32258014921388994,0.22,96.20553357312525,35.7463164135279,12.8274044764167,47.631812683180655,16.506510799556352,16.506510799556352,7.67810740374707,13.5,0.4172708947465841,2.1863029662415134,383.9830581018766,0.0,-3.0,213.79007460694498,213.79007460694498,0.0,52.5,52.5,0.0,0.0,161.29007460694498,500.0,0.32258014921388994,0.22,96.20553357312525,35.7463164135279,12.8274044764167,47.631812683180655,0.0,0.0,0.0,8.5516029842778,383.9830581018766,0.0,8.5516029842778,1.0,0.5344751865173625,8.5516029842778,0.0,213.79007460694498,213.79007460694498,0.0,0.0,0.0,1.0,1.0
202,,202,1,2024-09-20T17:00:00,fixed_tariff,H06,5,5,1,0.45,16.153295663443988,0.07518254690939993,0.5748587379149539,0.0,403.8323915860997,400.0,0.0,70.0,70.0,0.0,0.0,0.95,330.0,700.0,0.4714285714285714,0.22,180.0,72.94999999999999,24.0,83.05000000000001,12.868065317219896,12.868065317219896,4.526873660907929,13.5,0.4172708947465841,2.1863029662415134,383.9830581018766,0.0,-3.0,403.8323915860997,400.0,0.0,70.0,70.0,0.0,0.0,330.0,700.0,0.4714285714285714,0.22,180.0,72.94999999999999,24.0,83.05000000000001,0.0,0.0,0.0,16.153295663443988,383.9830581018766,0.0,16.153295663443988,0.9905099450515905,1.0095809789652492,16.0,0.0,403.8323915860997,400.0,3.832391586099675,0.0,0.0,1.0,0.9905099450515905
202,,202,1,2024-09-20T17:00:00,fixed_tariff,H07,6,6,1,0.45,9.393411154119,0.07518254690939993,0.0,0.0,234.83527885297502,264.3454399296031,0.0,17.5,17.5,48.81578947368421,0.0,0.95,295.66122940328734,350.0,0.8447463697236781,0.22,118.95544796832141,65.13297046872322,15.860726395776187,37.96175110382201,10.416415910105442,10.416415910105442,1.885722686892369,13.5,0.4172708947465841,2.1863029662415134,383.9830581018766,0.0,-3.0,234.83527885297502,264.3454399296031,0.0,17.5,17.5,48.81578947368421,0.0,295.66122940328734,350.0,0.8447463697236781,0.22,118.95544796832141,65.13297046872322,15.860726395776187,37.96175110382201,0.0,0.0,0.0,9.393411154119,383.9830581018766,1.1804064430651247,10.573817597184124,1.0,0.8811514664320104,10.573817597184124,29.510161076628094,264.3454399296031,264.3454399296031,0.0,0.0,0.0,1.0,1.0
202,,202,1,2024-09-20T17:00:00,fixed_tariff,H08,7,7,1,0.45,28.54271885946652,0.07518254690939993,47.035195722999454,32.035195722999454,713.5679714866629,399.99999999999994,0.0,63.0,63.0,0.0,0.0,0.95,336.99999999999994,500.0,0.6739999999999999,0.22,179.99999999999997,74.45499999999998,24.0,81.54499999999999,9.4927966007629,9.4927966007629,1.225946729053429,13.5,0.4172708947465841,2.1863029662415134,383.9830581018766,0.0,-3.0,713.5679714866629,399.99999999999994,0.0,63.0,63.0,0.0,0.0,336.99999999999994,500.0,0.6739999999999999,0.22,179.99999999999997,74.45499999999998,24.0,81.54499999999999,0.0,0.5339199287166576,0.0,28.54271885946652,383.9830581018766,0.0,28.54271885946652,0.560563276357025,1.7839199287166576,16.0,0.0,713.5679714866629,399.99999999999994,313.567971486663,0.0,0.0,1.0,0.560563276357025
202,,202,1,2024-09-20T18:00:00,fixed_tariff,H01,0,0,2,0.45,17.739435568646165,0.07304347515594575,73.04576676484623,58.045766764846235,443.4858892161541,199.99999999999997,0.0,12.8,12.8,0.0,0.0,0.95,187.19999999999996,250.0,0.7487999999999998,0.3,89.99999999999999,56.22399999999999,12.0,21.775999999999996,9.984591500828689,9.984591500828689,1.6181441329208102,13.5,0.4077396884393747,-0.6775892255338264,199.19757190458463,0.0,-3.0,443.4858892161541,199.99999999999997,0.0,12.8,12.8,0.0,0.0,187.19999999999996,250.0,0.7487999999999998,0.3,89.99999999999999,56.22399999999999,12.0,21.775999999999996,0.0,0.9674294460807705,0.0,17.739435568646165,199.19757190458463,0.0,17.739435568646165,0.4509726348982445,2.2174294460807706,8.0,0.0,443.4858892161541,199.99999999999997,243.4858892161541,0.0,0.0,1.0,0.4509726348982445
202,,202,1,2024-09-20T18:00:00,fixed_tariff,H02,1,1,2,0.45,18.132782744611497,0.07304347515594575,75.99587058458623,60.99587058458623,453.3195686152874,199.99999999999997,0.0,9.6,9.6,0.0,0.0,0.95,190.39999999999998,250.0,0.7615999999999999,0.3,89.99999999999999,57.16799999999999,12.0,20.831999999999994,9.955309371475154,9.955309371475154,1.4287184583425978,13.5,0.4077396884393747,-0.6775892255338264,199.19757190458463,0.0,-3.0,453.3195686152874,199.99999999999997,0.0,9.6,9.6,0.0,0.0,190.39999999999998,250.0,0.7615999999999999,0.3,89.99999999999999,57.16799999999999,12.0,20.831999999999994,0.0,1.016597843076437,0.0,18.132782744611497,199.19757190458463,0.0,18.132782744611497,0.4411898665899669,2.266597843076437,8.0,0.0,453.3195686152874,199.99999999999997,253.3195686152874,0.0,0.0,1.0,0.4411898665899669
202,,202,1,2024-09-20T18:00:00,fixed_tariff,H03,2,2,2,0.45,0.03320991209348001,0.07304347515594575,0.0,0.0,0.8302478023370004,190.59216580041453,0.0,9.6,9.6,0.0,0.0,0.95,180.99216580041454,350.0,0.5171204737154701,0.3,85.76647461018655,54.345649740124365,11.435529948024866,19.98529492203732,10.453016685829315,10.453016685829315,1.794501102524119,13.5,0.4077396884393747,-0.6775892255338264,199.19757190458463,0.0,-3.0,0.8302478023370004,190.59216580041453,0.0,9.6,9.6,0.0,0.0,180.99216580041454,350.0,0.5171204737154701,0.3,85.76647461018655,54.345649740124365,11.435529948024866,19.98529492203732,0.0,0.0,0.0,0.03320991209348001,199.19757190458463,7.590476719923098,7.623686632016578,1.0,0.6353072193347148,7.623686632016578,189.76191799807754,190.59216580041453,190.59216580041453,0.0,0.0,0.0,1.0,1.0
202,,202,1,2024-09-20T18:00:00,fixed_tariff,H04,3,3,2,0.45,0.008982506614791917,0.07304347515594575,0.0,0.0,0.2245626653697979,142.5205673861954,0.0,12.8,12.8,0.0,0.0,0.95,129.7205673861954,250.0,0.5188822695447816,0.3,64.13425532378794,38.98017021585862,8.551234043171725,16.602851064757594,13.475513745643006,13.475513745643006,4.612367980151988,13.5,0.4077396884393747,-0.6775892255338264,199.19757190458463,0.0,-3.0,0.2245626653697979,142.5205673861954,0.0,12.8,12.8,0.0,0.0,129.7205673861954,250.0,0.5188822695447816,0.3,64.13425532378794,38.98017021585862,8.551234043171725,16.602851064757594,0.0,0.0,0.0,0.008982506614791917,199.19757190458463,5.691840188833025,5.700822695447816,1.0,0.712602836930977,5.700822695447816,142.2960047208256,142.5205673861954,142.5205673861954,0.0,0.0,0.0,1.0,1.0
202,,202,1,2024-09-20T18:00:00,fixed_tariff,H05,4,4,2,0.45,6.285773432445209,0.07304347515594575,0.0,0.0,157.14433581113025,157.14433581113025,0.0,24.0,24.0,0.0,0.0,0.95,133.14433581113025,500.0,0.2662886716222605,0.3,70.71495111500862,40.06330074333907,9.428660148667813,21.222990223001734,16.31506251009911,16.31506251009911,7.350794632587319,13.5,0.4077396884393747,-0.6775892255338264,199.19757190458463,0.0,-3.0,157.14433581113025,157.14433581113025,0.0,24.0,24.0,0.0,0.0,133.14433581113025,500.0,0.2662886716222605,0.3,70.71495111500862,40.06330074333907,9.428660148667813,21.222990223001734,0.0,0.0,0.0,6.285773432445209,199.19757190458463,0.0,6.285773432445209,1.0,0.3928608395278256,6.285773432445209,0.0,157.14433581113025,157.14433581113025,0.0,0.0,0.0,1.0,1.0
202,,202,1,2024-09-20T18:00:00,fixed_tariff,H06,5,5,2,0.45,10.176744092468198,0.07304347515594575,0.0,0.0,254.418602311705,258.2509938978047,0.0,32.0,32.0,0.0,0.0,0.95,226.25099389780468,700.0,0.3232157055682924,0.3,116.21294725401211,68.0352981693414,15.495059633868278,32.682589450802425,13.04579443841627,13.04579443841627,4.528264337257339,13.5,0.4077396884393747,-0.6775892255338264,199.19757190458463,0.0,-3.0,254.418602311705,258.2509938978047,0.0,32.0,32.0,0.0,0.0,226.25099389780468,700.0,0.3232157055682924,0.3,116.21294725401211,68.0352981693414,15.495059633868278,32.682589450802425,0.0,0.0,0.0,10.176744092468198,199.19757190458463,0.1532956634439877,10.330039755912185,1.0,0.6456274847445116,10.330039755912185,3.832391586099675,258.2509938978047,258.2509938978047,0.0,0.0,0.0,1.0,1.0
202,,202,1,2024-09-20T18:00:00,fixed_tariff,H07,6,6,2,0.45,17.88732197591023,0.07304347515594575,29.43660987955115,14.436609879551149,447.1830493977557,300.0,0.0,8.0,8.0,0.0,0.0,0.95,292.0,350.0,0.8342857142857143,0.3,135.0,87.64,18.0,29.36,10.326252408811243,10.326252408811243,1.6452517532134272,13.5,0.4077396884393747,-0.6775892255338264,199.19757190458463,0.0,-3.0,447.1830493977557,300.0,0.0,8.0,8.0,0.0,0.0,292.0,350.0,0.8342857142857143,0.3,135.0,87.64,18.0,29.36,0.0,0.2406101646591858,0.0,17.88732197591023,199.19757190458463,0.0,17.88732197591023,0.670866215533047,1.4906101646591858,12.0,0.0,447.1830493977557,300.0,147.18304939775572,1.1102230246251565e-16,0.0,1.0,0.670866215533047
202,,202,1,2024-09-20T18:00:00,fixed_tariff,H08,7,7,2,0.45,0.00832391563818518,0.07304347515594575,0.0,0.0,0.20809789095462947,313.7760693776176,0.0,28.8,28.8,0.0,0.0,0.95,284.9760693776176,500.0,0.5699521387552352,0.3,141.19923121992792,85.63682081328528,18.82656416265706,36.73584624398558,9.71407190518804,9.71407190518804,1.2804380826646244,13.5,0.4077396884393747,-0.6775892255338264,199.19757190458463,0.0,-3.0,0.20809789095462947,313.7760693776176,0.0,28.8,28.8,0.0,0.0,284.9760693776176,500.0,0.5699521387552352,0.3,141.19923121992792,85.63682081328528,18.82656416265706,36.73584624398558,0.0,0.0,0.0,0.00832391563818518,199.19757190458463,12.542718859466522,12.551042775104706,1.0,0.7844401734440442,12.551042775104706,313.567971486663,313.7760693776176,313.7760693776176,0.0,0.0,0.0,1.0,1.0
202,,202,1,2024-09-20T19:00:00,fixed_tariff,H01,0,0,3,0.45,7.937577980723504e-05,0.07942284851654914,13.046362083194795,0.0,0.001984394495180876,200.0,0.0,3.2,3.2,0.0,0.0,0.95,196.8,250.0,0.7872,0.34,90.0,66.92800000000001,12.0,11.071999999999989,9.68884242004732,9.68884242004732,1.4076902009081014,13.5,0.43424035064909805,0.9422380729355537,96.21629476153419,0.0,-3.0,0.001984394495180876,200.0,0.0,3.2,3.2,0.0,0.0,196.8,250.0,0.7872,0.34,90.0,66.92800000000001,12.0,11.071999999999989,0.0,0.0,0.0,7.937577980723504e-05,96.21629476153419,9.739435568646165,9.739514944425972,0.8213961419689063,1.2174393680532465,8.0,243.4858892161541,243.48787361064927,200.0,43.487873610649274,1.1102230246251565e-16,0.0,1.0,0.8213961419689063
202,,202,1,2024-09-20T19:00:00,fixed_tariff,H02,1,1,3,0.45,4.9753253757698905e-05,0.07942284851654914,15.996243733989408,0.9962437339894081,0.0012438313439424725,200.00000000000003,0.0,2.4,2.4,0.0,0.0,0.95,197.60000000000002,250.0,0.7904000000000001,0.34,90.00000000000001,67.19600000000001,12.0,10.804000000000002,9.650487412127484,9.650487412127484,1.2124268239769678,13.5,0.43424035064909805,0.9422380729355537,96.21629476153419,0.0,-3.0,0.0012438313439424725,200.00000000000003,0.0,2.4,2.4,0.0,0.0,197.60000000000002,250.0,0.7904000000000001,0.34,90.00000000000001,67.19600000000001,12.0,10.804000000000002,0.0,0.016604062233156802,0.0,4.9753253757698905e-05,96.21629476153419,10.132782744611497,10.132832497865254,0.7895127055229039,1.2666040622331567,8.0,253.3195686152874,253.32081244663135,200.00000000000003,53.32081244663132,1.1102230246251565e-16,0.0,1.0,0.7895127055229039
202,,202,1,2024-09-20T19:00:00,fixed_tariff,H03,2,2,3,0.45,12.4061675569649,0.07942284851654914,2.030837784824504,0.0,310.1541889241225,299.99999999999994,0.0,2.4,2.4,0.0,0.0,0.95,297.59999999999997,350.0,0.8502857142857142,0.34,134.99999999999997,101.196,18.0,15.803999999999974,10.542874365570718,10.542874365570718,1.9686631862524169,13.5,0.43424035064909805,0.9422380729355537,96.21629476153419,0.0,-3.0,310.1541889241225,299.99999999999994,0.0,2.4,2.4,0.0,0.0,297.59999999999997,350.0,0.8502857142857142,0.34,134.99999999999997,101.196,18.0,15.803999999999974,0.0,0.0,0.0,12.4061675569649,96.21629476153419,0.0,12.4061675569649,0.9672608357818869,1.0338472964137417,12.0,0.0,310.1541889241225,299.99999999999994,10.154188924122536,0.0,0.0,1.0,0.9672608357818869
202,,202,1,2024-09-20T19:00:00,fixed_tariff,H04,3,3,3,0.45,7.002786115491766,0.07942284851654914,0.0,0.0,175.06965288729413,175.06965288729413,0.0,3.2,3.2,0.0,0.0,0.95,171.86965288729414,250.0,0.6874786115491766,0.34,78.78134379928235,58.45168198168001,10.504179173237649,9.825482644364694,13.846286451176091,13.846286451176091,5.042093576129971,13.5,0.43424035064909805,0.9422380729355537,96.21629476153419,0.0,-3.0,175.06965288729413,175.06965288729413,0.0,3.2,3.2,0.0,0.0,171.86965288729414,250.0,0.6874786115491766,0.34,78.78134379928235,58.45168198168001,10.504179173237649,9.825482644364694,0.0,0.0,0.0,7.002786115491766,96.21629476153419,0.0,7.002786115491766,1.0,0.8753482644364707,7.002786115491766,0.0,175.06965288729413,175.06965288729413,0.0,0.0,0.0,1.0,1.0
202,,202,1,2024-09-20T19:00:00,fixed_tariff,H05,4,4,3,0.45,4.31201623149601,0.07942284851654914,0.0,0.0,107.80040578740025,107.80040578740025,0.0,6.0,6.0,0.0,0.0,0.95,101.80040578740025,500.0,0.2036008115748005,0.34,48.51018260433011,34.64213796771609,6.468024347244015,7.400020289370008,16.599724573531923,16.599724573531923,7.702202842029336,13.5,0.43424035064909805,0.9422380729355537,96.21629476153419,0.0,-3.0,107.80040578740025,107.80040578740025,0.0,6.0,6.0,0.0,0.0,101.80040578740025,500.0,0.2036008115748005,0.34,48.51018260433011,34.64213796771609,6.468024347244015,7.400020289370008,0.0,0.0,0.0,4.31201623149601,96.21629476153419,0.0,4.31201623149601,1.0,0.2695010144685006,4.31201623149601,0.0,107.80040578740025,107.80040578740025,0.0,0.0,0.0,1.0,1.0
202,,202,1,2024-09-20T19:00:00,fixed_tariff,H06,5,5,3,0.45,8.060811734114992,0.07942284851654914,0.0,0.0,201.52029335287477,201.52029335287477,0.0,8.0,8.0,0.0,0.0,0.95,193.52029335287477,700.0,0.27645756193267823,0.34,90.68413200879365,65.83689973997744,12.091217601172488,12.756014667643726,13.023703912274566,13.023703912274566,4.584053893867751,13.5,0.43424035064909805,0.9422380729355537,96.21629476153419,0.0,-3.0,201.52029335287477,201.52029335287477,0.0,8.0,8.0,0.0,0.0,193.52029335287477,700.0,0.27645756193267823,0.34,90.68413200879365,65.83689973997744,12.091217601172488,12.756014667643726,0.0,0.0,0.0,8.060811734114992,96.21629476153419,0.0,8.060811734114992,1.0,0.503800733382187,8.060811734114992,0.0,201.52029335287477,201.52029335287477,0.0,0.0,0.0,1.0,1.0
202,,202,1,2024-09-20T19:00:00,fixed_tariff,H07,6,6,3,0.45,0.09888540266538161,0.07942284851654914,0.0,0.0,2.4721350666345403,149.65518446439026,0.0,2.0,2.0,0.0,0.0,0.95,147.65518446439026,350.0,0.4218719556125436,0.34,67.34483300897561,50.21276271789269,8.979311067863417,8.152759223219508,10.418199828091508,10.418199828091508,1.8287348580143523,13.5,0.43424035064909805,0.9422380729355537,96.21629476153419,0.0,-3.0,2.4721350666345403,149.65518446439026,0.0,2.0,2.0,0.0,0.0,147.65518446439026,350.0,0.4218719556125436,0.34,67.34483300897561,50.21276271789269,8.979311067863417,8.152759223219508,0.0,0.0,0.0,0.09888540266538161,96.21629476153419,5.88732197591023,5.986207378575612,1.0,0.498850614881301,5.986207378575612,147.18304939775572,149.65518446439026,149.65518446439026,0.0,0.0,0.0,1.0,1.0
202,,202,1,2024-09-20T19:00:00,fixed_tariff,H08,7,7,3,0.45,14.392014349549044,0.07942284851654914,0.0,0.0,359.80035873872606,359.80035873872606,0.0,7.2,7.2,0.0,0.0,0.95,352.6003587387261,500.0,0.7052007174774522,0.34,161.91016143242672,119.92012197116688,21.588021524323565,20.402017936936275,9.580674490710638,9.580674490710638,1.2398464808795417,13.5,0.43424035064909805,0.9422380729355537,96.21629476153419,0.0,-3.0,359.80035873872606,359.80035873872606,0.0,7.2,7.2,0.0,0.0,352.6003587387261,500.0,0.7052007174774522,0.34,161.91016143242672,119.92012197116688,21.588021524323565,20.402017936936275,0.0,0.0,0.0,14.392014349549044,96.21629476153419,0.0,14.392014349549044,1.0,0.8995008968468152,14.392014349549044,0.0,359.80035873872606,359.80035873872606,0.0,0.0,0.0,1.0,1.0
202,,202,1,2024-09-20T20:00:00,fixed_tariff,H01,0,0,4,0.45,0.9018714507981169,0.06456559237502559,0.0,0.0,22.54678626995293,66.0346598806022,0.0,0.0,0.0,0.0,0.0,0.95,66.0346598806022,250.0,0.26413863952240885,0.27,29.715596946270992,17.829358167762596,3.9620795928361345,7.924159185672261,9.706526235558712,9.706526235558712,1.4135774005972295,13.5,0.3728896464551401,1.1213658453919755,112.13658453919754,0.0,-3.0,22.54678626995293,66.0346598806022,0.0,0.0,0.0,0.0,0.0,66.0346598806022,250.0,0.26413863952240885,0.27,29.715596946270992,17.829358167762596,3.9620795928361345,7.924159185672261,0.0,0.0,0.0,0.9018714507981169,112.13658453919754,1.7395149444259728,2.6413863952240897,1.0,0.3301732994030112,2.6413863952240897,43.487873610649274,66.0346598806022,66.0346598806022,0.0,0.0,0.0,1.0,1.0
202,,202,1,2024-09-20T20:00:00,fixed_tariff,H02,1,1,4,0.45,0.5653668891227998,0.06456559237502559,0.0,0.0,14.134172228069993,67.45498467470131,0.0,0.0,0.0,0.0,0.0,0.95,67.45498467470131,250.0,0.2698199386988052,0.27,30.35474310361559,18.212845862169353,4.047299080482081,8.094598160964157,9.670613042610356,9.670613042610356,1.220755019198699,13.5,0.3728896464551401,1.1213658453919755,112.13658453919754,0.0,-3.0,14.134172228069993,67.45498467470131,0.0,0.0,0.0,0.0,0.0,67.45498467470131,250.0,0.2698199386988052,0.27,30.35474310361559,18.212845862169353,4.047299080482081,8.094598160964157,0.0,0.0,0.0,0.5653668891227998,112.13658453919754,2.1328324978652544,2.6981993869880543,1.0,0.3372749233735068,2.6981993869880543,53.32081244663132,67.45498467470131,67.45498467470131,0.0,0.0,0.0,1.0,1.0
202,,202,1,2024-09-20T20:00:00,fixed_tariff,H03,2,2,4,0.45,5.050145375724274,0.06456559237502559,0.0,0.0,126.25363439310684,136.40782331722937,0.0,0.0,0.0,0.0,0.0,0.95,136.40782331722937,350.0,0.38973663804922676,0.27,61.38352049275322,36.83011229565194,8.184469399033762,16.36893879806752,10.57949695568772,10.57949695568772,1.9754764878962292,13.5,0.3728896464551401,1.1213658453919755,112.13658453919754,0.0,-3.0,126.25363439310684,136.40782331722937,0.0,0.0,0.0,0.0,0.0,136.40782331722937,350.0,0.38973663804922676,0.27,61.38352049275322,36.83011229565194,8.184469399033762,16.36893879806752,0.0,0.0,0.0,5.050145375724274,112.13658453919754,0.4061675569649008,5.456312932689174,1.0,0.4546927443907645,5.456312932689174,10.154188924122536,136.40782331722937,136.40782331722937,0.0,0.0,0.0,1.0,1.0
202,,202,1,2024-09-20T20:00:00,fixed_tariff,H04,3,3,4,0.45,4.014253509263314,0.06456559237502559,0.0,0.0,100.35633773158285,100.35633773158285,0.0,0.0,0.0,0.0,0.0,0.95,100.35633773158285,250.0,0.4014253509263314,0.27,45.16035197921229,27.096211187527373,6.021380263894971,12.042760527789941,13.839630973809257,13.839630973809257,4.973300674810703,13.5,0.3728896464551401,1.1213658453919755,112.13658453919754,0.0,-3.0,100.35633773158285,100.35633773158285,0.0,0.0,0.0,0.0,0.0,100.35633773158285,250.0,0.4014253509263314,0.27,45.16035197921229,27.096211187527373,6.021380263894971,12.042760527789941,0.0,0.0,0.0,4.014253509263314,112.13658453919754,0.0,4.014253509263314,1.0,0.5017816886579143,4.014253509263314,0.0,100.35633773158285,100.35633773158285,0.0,0.0,0.0,1.0,1.0
202,,202,1,2024-09-20T20:00:00,fixed_tariff,H05,4,4,4,0.45,2.5224704024044105,0.06456559237502559,0.0,0.0,63.06176006011026,63.06176006011026,0.0,0.0,0.0,0.0,0.0,0.95,63.06176006011026,500.0,0.12612352012022052,0.27,28.37779202704962,17.026675216229773,3.7837056036066157,7.5674112072132305,16.440311075332218,16.440311075332218,7.464292842337216,13.5,0.3728896464551401,1.1213658453919755,112.13658453919754,0.0,-3.0,63.06176006011026,63.06176006011026,0.0,0.0,0.0,0.0,0.0,63.06176006011026,500.0,0.12612352012022052,0.27,28.37779202704962,17.026675216229773,3.7837056036066157,7.5674112072132305,0.0,0.0,0.0,2.5224704024044105,112.13658453919754,0.0,2.5224704024044105,1.0,0.15765440015027565,2.5224704024044105,0.0,63.06176006011026,63.06176006011026,0.0,0.0,0.0,1.0,1.0
202,,202,1,2024-09-20T20:00:00,fixed_tariff,H06,5,5,4,0.45,4.55730632487996,0.06456559237502559,0.0,0.0,113.932658121999,113.932658121999,0.0,0.0,0.0,0.0,0.0,0.95,113.932658121999,700.0,0.16276094017428427,0.27,51.26969615489955,30.761817692939733,6.83595948731994,13.671918974639876,13.088491055100201,13.088491055100201,4.611867989615424,13.5,0.3728896464551401,1.1213658453919755,112.13658453919754,0.0,-3.0,113.932658121999,113.932658121999,0.0,0.0,0.0,0.0,0.0,113.932658121999,700.0,0.16276094017428427,0.27,51.26969615489955,30.761817692939733,6.83595948731994,13.671918974639876,0.0,0.0,0.0,4.55730632487996,112.13658453919754,0.0,4.55730632487996,1.0,0.2848316453049975,4.55730632487996,0.0,113.932658121999,113.932658121999,0.0,0.0,0.0,1.0,1.0
202,,202,1,2024-09-20T20:00:00,fixed_tariff,H07,6,6,4,0.45,7.311283464727189,0.06456559237502559,0.0,0.0,182.7820866181797,182.7820866181797,0.0,0.0,0.0,0.0,0.0,0.95,182.7820866181797,350.0,0.5222345331947992,0.27,82.25193897818087,49.351163386908524,10.966925197090783,21.93385039418157,10.397199683421908,10.397199683421908,1.7665929818879889,13.5,0.3728896464551401,1.1213658453919755,112.13658453919754,0.0,-3.0,182.7820866181797,182.7820866181797,0.0,0.0,0.0,0.0,0.0,182.7820866181797,350.0,0.5222345331947992,0.27,82.25193897818087,49.351163386908524,10.966925197090783,21.93385039418157,0.0,0.0,0.0,7.311283464727189,112.13658453919754,0.0,7.311283464727189,1.0,0.6092736220605991,7.311283464727189,0.0,182.7820866181797,182.7820866181797,0.0,0.0,0.0,1.0,1.0
202,,202,1,2024-09-20T20:00:00,fixed_tariff,H08,7,7,4,0.45,8.177649096889658,0.06456559237502559,0.0,0.0,204.44122742224147,204.44122742224147,0.0,0.0,0.0,0.0,0.0,0.95,204.44122742224147,500.0,0.40888245484448293,0.27,91.99855234000866,55.1991314040052,12.266473645334486,24.53294729066897,9.610430555544186,9.610430555544186,1.251052601123607,13.5,0.3728896464551401,1.1213658453919755,112.13658453919754,0.0,-3.0,204.44122742224147,204.44122742224147,0.0,0.0,0.0,0.0,0.0,204.44122742224147,500.0,0.40888245484448293,0.27,91.99855234000866,55.1991314040052,12.266473645334486,24.53294729066897,0.0,0.0,0.0,8.177649096889658,112.13658453919754,0.0,8.177649096889658,1.0,0.5111030685556036,8.177649096889658,0.0,204.44122742224147,204.44122742224147,0.0,0.0,0.0,1.0,1.0
202,,202,1,2024-09-20T21:00:00,fixed_tariff,H01,0,0,5,0.45,4.365712680060657,0.04448069373976857,0.0,0.0,109.14281700151643,109.14281700151643,0.0,0.0,0.0,0.0,100.0,0.42368421052631583,9.142817001516434,250.0,0.036571268006065735,0.2,49.11426765068239,4.8285634003032865,6.548569020090985,37.73713523028812,9.864978316876206,9.864978316876206,1.543406219471731,13.5,0.2797695662289938,2.543843547247538,254.38435472475376,1.4210854715202004e-14,-3.0,109.14281700151643,109.14281700151643,0.0,0.0,0.0,0.0,100.0,9.142817001516434,250.0,0.036571268006065735,0.2,49.11426765068239,4.8285634003032865,6.548569020090985,37.73713523028812,1.4210854715202004e-14,0.0,0.0,4.365712680060657,254.38435472475376,0.0,4.365712680060657,1.0,0.5457140850075821,4.365712680060657,0.0,109.14281700151643,109.14281700151643,0.0,0.0,0.0,1.0,1.0
202,,202,1,2024-09-20T21:00:00,fixed_tariff,H02,1,1,5,0.45,4.482724488294334,0.04448069373976857,0.0,0.0,112.06811220735835,112.06811220735835,0.0,0.0,0.0,0.0,100.0,0.42368421052631583,12.068112207358354,250.0,0.04827244882943341,0.2,50.43065049331126,5.413622441471671,6.724086732441501,38.29294131939809,9.801956453012131,9.801956453012131,1.3312736897204487,13.5,0.2797695662289938,2.543843547247538,254.38435472475376,1.4210854715202004e-14,-3.0,112.06811220735835,112.06811220735835,0.0,0.0,0.0,0.0,100.0,12.068112207358354,250.0,0.04827244882943341,0.2,50.43065049331126,5.413622441471671,6.724086732441501,38.29294131939809,1.4210854715202004e-14,0.0,0.0,4.482724488294334,254.38435472475376,0.0,4.482724488294334,1.0,0.5603405610367918,4.482724488294334,0.0,112.06811220735835,112.06811220735835,0.0,0.0,0.0,1.0,1.0
202,,202,1,2024-09-20T21:00:00,fixed_tariff,H03,2,2,5,0.45,4.204481583001069,0.04448069373976857,0.0,0.0,105.11203957502676,105.11203957502676,0.0,0.0,0.0,0.0,105.11203957502676,0.5811858260525378,0.0,350.0,0.0,0.2,47.30041780876204,3.1533611872508027,6.306722374501604,37.840334247009636,10.449005449759161,10.449005449759161,1.8131512434022747,13.5,0.2797695662289938,2.543843547247538,254.38435472475376,2.842170943040401e-14,-3.0,105.11203957502676,105.11203957502676,0.0,0.0,0.0,0.0,105.11203957502676,0.0,350.0,0.0,0.2,47.30041780876204,3.1533611872508027,6.306722374501604,37.840334247009636,2.842170943040401e-14,0.0,0.0,4.204481583001069,254.38435472475376,0.0,4.204481583001069,1.0,0.3503734652500891,4.204481583001069,0.0,105.11203957502676,105.11203957502676,0.0,0.0,0.0,1.0,1.0
202,,202,1,2024-09-20T21:00:00,fixed_tariff,H04,3,3,5,0.45,2.432120448766289,0.04448069373976857,0.0,0.0,60.80301121915723,60.80301121915723,0.0,0.0,0.0,0.0,60.80301121915723,0.6939873211824958,0.0,250.0,0.0,0.2,27.36135504862075,1.8240903365747168,3.648180673149433,21.889084038896602,13.588872516487255,13.588872516487255,4.684453778934837,13.5,0.2797695662289938,2.543843547247538,254.38435472475376,0.0,-3.0,60.80301121915723,60.80301121915723,0.0,0.0,0.0,0.0,60.80301121915723,0.0,250.0,0.0,0.2,27.36135504862075,1.8240903365747168,3.648180673149433,21.889084038896602,0.0,0.0,0.0,2.432120448766289,254.38435472475376,0.0,2.432120448766289,1.0,0.3040150560957861,2.432120448766289,0.0,60.80301121915723,60.80301121915723,0.0,0.0,0.0,1.0,1.0
202,,202,1,2024-09-20T21:00:00,fixed_tariff,H05,4,4,5,0.45,1.5150282995193378,0.04448069373976857,0.0,0.0,37.87570748798345,37.87570748798345,0.0,0.0,0.0,0.0,37.87570748798345,0.8702616684463507,0.0,500.0,0.0,0.2,17.04406836959255,1.1362712246395035,2.2725424492790065,13.63525469567404,16.272985288316953,16.272985288316953,7.244222869154261,13.5,0.2797695662289938,2.543843547247538,254.38435472475376,1.4210854715202004e-14,-3.0,37.87570748798345,37.87570748798345,0.0,0.0,0.0,0.0,37.87570748798345,0.0,500.0,0.0,0.2,17.04406836959255,1.1362712246395035,2.2725424492790065,13.63525469567404,1.4210854715202004e-14,0.0,0.0,1.5150282995193378,254.38435472475376,0.0,1.5150282995193378,1.0,0.09468926871995861,1.5150282995193378,0.0,37.87570748798345,37.87570748798345,0.0,0.0,0.0,1.0,1.0
202,,202,1,2024-09-20T21:00:00,fixed_tariff,H06,5,5,5,0.45,2.5960630085530427,0.04448069373976857,0.0,0.0,64.90157521382608,64.90157521382608,0.0,0.0,0.0,0.0,64.90157521382608,0.8361375873441648,0.0,700.0,0.0,0.2,29.205708846221736,1.9470472564147823,3.894094512829564,23.36456707697739,13.241698225691076,13.241698225691076,4.708876069987988,13.5,0.2797695662289938,2.543843547247538,254.38435472475376,1.4210854715202004e-14,-3.0,64.90157521382608,64.90157521382608,0.0,0.0,0.0,0.0,64.90157521382608,0.0,700.0,0.0,0.2,29.205708846221736,1.9470472564147823,3.894094512829564,23.36456707697739,1.4210854715202004e-14,0.0,0.0,2.5960630085530427,254.38435472475376,0.0,2.5960630085530427,1.0,0.16225393803456517,2.5960630085530427,0.0,64.90157521382608,64.90157521382608,0.0,0.0,0.0,1.0,1.0
202,,202,1,2024-09-20T21:00:00,fixed_tariff,H07,6,6,5,0.45,4.360826171691084,0.04448069373976857,0.0,0.0,109.0206542922771,109.0206542922771,0.0,0.0,0.0,0.0,109.0206542922771,0.5674713884481506,0.0,350.0,0.0,0.2,49.0592944315247,3.270619628768313,6.541239257536626,39.24743554521976,10.266868710366857,10.266868710366857,1.5955307472535427,13.5,0.2797695662289938,2.543843547247538,254.38435472475376,1.4210854715202004e-14,-3.0,109.0206542922771,109.0206542922771,0.0,0.0,0.0,0.0,109.0206542922771,0.0,350.0,0.0,0.2,49.0592944315247,3.270619628768313,6.541239257536626,39.24743554521976,1.4210854715202004e-14,0.0,0.0,4.360826171691084,254.38435472475376,0.0,4.360826171691084,1.0,0.36340218097425697,4.360826171691084,0.0,109.0206542922771,109.0206542922771,0.0,0.0,0.0,1.0,1.0
202,,202,1,2024-09-20T21:00:00,fixed_tariff,H08,7,7,5,0.45,4.708622507921125,0.04448069373976857,0.0,0.0,117.71556269802811,117.71556269802811,0.0,0.0,0.0,0.0,117.71556269802811,0.7021777627409934,0.0,500.0,0.0,0.2,52.97200321411265,3.531466880940843,7.062933761881688,42.37760257129012,9.692438291191834,9.692438291191834,1.2932355955498966,13.5,0.2797695662289938,2.543843547247538,254.38435472475376,0.0,-3.0,117.71556269802811,117.71556269802811,0.0,0.0,0.0,0.0,117.71556269802811,0.0,500.0,0.0,0.2,52.97200321411265,3.531466880940843,7.062933761881688,42.37760257129012,0.0,0.0,0.0,4.708622507921125,254.38435472475376,0.0,4.708622507921125,1.0,0.2942889067450703,4.708622507921125,0.0,117.71556269802811,117.71556269802811,0.0,0.0,0.0,1.0,1.0
303,,303,2,2024-09-20T16:00:00,fixed_tariff,H01,0,0,0,0.45,11.98624712870717,0.04527566743543794,29.896853465303774,14.896853465303774,299.6561782176792,200.0,0.0,44.0,44.0,84.21052631578947,0.0,0.95,240.21052631578948,250.0,0.9608421052631579,0.16,90.0,38.653684210526315,12.0,39.346315789473685,10.289385279540998,10.289385279540998,1.8088700379889642,13.5,0.28370343354658295,3.0777851502568696,371.098453112549,0.0,-3.0,299.6561782176792,200.0,0.0,44.0,44.0,84.21052631578947,0.0,240.21052631578948,250.0,0.9608421052631579,0.16,90.0,38.653684210526315,12.0,39.346315789473685,0.0,0.24828089108839624,0.0,11.98624712870717,371.098453112549,0.0,11.98624712870717,0.6674315917314877,1.4982808910883962,8.0,0.0,299.6561782176792,200.0,99.65617821767921,0.0,0.0,1.0,0.6674315917314877
303,,303,2,2024-09-20T16:00:00,fixed_tariff,H02,1,1,0,0.45,12.235082077083634,0.04527566743543794,31.763115578127255,16.763115578127255,305.87705192709086,200.00000000000003,0.0,33.0,33.0,82.99999999999997,0.0,0.8942499999999999,250.0,250.0,1.0,0.16,90.00000000000001,40.165,12.0,37.835000000000015,10.263145803347566,10.263145803347566,1.6436684341973367,13.5,0.28370343354658295,3.0777851502568696,371.098453112549,0.0,-3.0,305.87705192709086,200.00000000000003,0.0,33.0,33.0,82.99999999999997,0.0,250.0,250.0,1.0,0.16,90.00000000000001,40.165,12.0,37.835000000000015,0.0,0.27938525963545424,0.0,12.235082077083634,371.098453112549,0.0,12.235082077083634,0.6538574853522264,1.5293852596354542,8.0,0.0,305.87705192709086,200.00000000000003,105.87705192709083,0.0,0.0,1.0,0.6538574853522264
303,,303,2,2024-09-20T16:00:00,fixed_tariff,H03,2,2,0,0.45,12.26182098093095,0.04527566743543794,1.3091049046547587,0.0,306.5455245232738,300.0,0.0,33.0,0.0,83.0,0.0,0.8628333333333335,350.0,350.0,1.0,0.16,135.0,56.165,18.0,60.83500000000001,10.54377777257144,10.54377777257144,1.7553453596136455,13.5,0.28370343354658295,3.0777851502568696,371.098453112549,2.842170943040401e-14,-3.0,306.5455245232738,300.0,0.0,33.0,0.0,83.0,0.0,350.0,350.0,1.0,0.16,135.0,56.165,18.0,60.83500000000001,2.842170943040401e-14,0.0,0.0,12.26182098093095,371.098453112549,0.0,12.26182098093095,0.9786474634283012,1.0218184150775793,12.0,0.0,306.5455245232738,300.0,6.545524523273798,7.632783294297951e-17,0.0,1.0,0.9786474634283012
303,,303,2,2024-09-20T16:00:00,fixed_tariff,H04,3,3,0,0.45,7.676421365741855,0.04527566743543794,0.0,0.0,191.91053414354639,191.91053414354639,0.0,44.0,44.0,78.94736842105263,0.0,0.95,226.85790256459902,250.0,0.907431610258396,0.16,86.35974036459588,36.51726441033584,11.514632048612782,38.327843905647256,13.24013956682249,13.24013956682249,4.184380232588157,13.5,0.28370343354658295,3.0777851502568696,371.098453112549,0.0,-3.0,191.91053414354639,191.91053414354639,0.0,44.0,44.0,78.94736842105263,0.0,226.85790256459902,250.0,0.907431610258396,0.16,86.35974036459588,36.51726441033584,11.514632048612782,38.327843905647256,0.0,0.0,0.0,7.676421365741855,371.098453112549,0.0,7.676421365741855,1.0,0.9595526707177319,7.676421365741855,0.0,191.91053414354639,191.91053414354639,0.0,0.0,0.0,1.0,1.0
303,,303,2,2024-09-20T16:00:00,fixed_tariff,H05,4,4,0,0.45,5.051820412707781,0.04527566743543794,0.0,0.0,126.29551031769452,126.29551031769452,0.0,82.5,82.5,131.57894736842107,0.0,0.95,175.3744576861156,500.0,0.3507489153722312,0.16,56.832979642962535,28.472413229778496,7.577730619061672,20.782835794122366,15.549063215017503,15.549063215017503,6.344191684753173,13.5,0.28370343354658295,3.0777851502568696,371.098453112549,1.4210854715202004e-14,-3.0,126.29551031769452,126.29551031769452,0.0,82.5,82.5,131.57894736842107,0.0,175.3744576861156,500.0,0.3507489153722312,0.16,56.832979642962535,28.472413229778496,7.577730619061672,20.782835794122366,1.4210854715202004e-14,0.0,0.0,5.051820412707781,371.098453112549,0.0,5.051820412707781,1.0,0.3157387757942363,5.051820412707781,0.0,126.29551031769452,126.29551031769452,0.0,0.0,0.0,1.0,1.0
303,,303,2,2024-09-20T16:00:00,fixed_tariff,H06,5,5,0,0.45,7.6582168942991125,0.04527566743543794,0.0,0.0,191.4554223574778,191.4554223574778,0.0,110.0,110.0,126.31578947368422,0.0,0.95,207.77121183116202,700.0,0.29681601690166004,0.16,86.15494006086502,33.79339389298592,11.487325341448669,40.87422082643043,13.317908294398809,13.317908294398809,4.618044087917267,13.5,0.28370343354658295,3.0777851502568696,371.098453112549,0.0,-3.0,191.4554223574778,191.4554223574778,0.0,110.0,110.0,126.31578947368422,0.0,207.77121183116202,700.0,0.29681601690166004,0.16,86.15494006086502,33.79339389298592,11.487325341448669,40.87422082643043,0.0,0.0,0.0,7.6582168942991125,371.098453112549,0.0,7.6582168942991125,1.0,0.47863855589369453,7.6582168942991125,0.0,191.4554223574778,191.4554223574778,0.0,0.0,0.0,1.0,1.0
303,,303,2,2024-09-20T16:00:00,fixed_tariff,H07,6,6,0,0.45,13.180406443065124,0.04527566743543794,5.902032215325623,0.0,329.5101610766281,300.0,0.0,27.5,27.5,77.5,0.0,0.7954166666666667,350.0,350.0,1.0,0.16,135.0,56.1375,18.0,60.8625,10.164814492903282,10.164814492903282,1.3078753622469699,13.5,0.28370343354658295,3.0777851502568696,371.098453112549,0.0,-3.0,329.5101610766281,300.0,0.0,27.5,27.5,77.5,0.0,350.0,350.0,1.0,0.16,135.0,56.1375,18.0,60.8625,0.0,0.0,0.0,13.180406443065124,371.098453112549,0.0,13.180406443065124,0.9104423336136045,1.0983672035887604,12.0,0.0,329.5101610766281,300.0,29.510161076628094,8.326672684688674e-17,0.0,1.0,0.9104423336136045
303,,303,2,2024-09-20T16:00:00,fixed_tariff,H08,7,7,0,0.45,13.555194500143063,0.04527566743543794,0.0,0.0,338.8798625035766,338.8798625035766,0.0,99.0,99.0,131.57894736842107,0.0,0.95,371.4588098719977,500.0,0.7429176197439954,0.16,152.49593812660947,59.92840957951963,20.332791750214597,72.23473679687524,9.890213613143395,9.890213613143395,1.3090734557406114,13.5,0.28370343354658295,3.0777851502568696,371.098453112549,1.4210854715202004e-14,-3.0,338.8798625035766,338.8798625035766,0.0,99.0,99.0,131.57894736842107,0.0,371.4588098719977,500.0,0.7429176197439954,0.16,152.49593812660947,59.92840957951963,20.332791750214597,72.23473679687524,1.4210854715202004e-14,0.0,0.0,13.555194500143063,371.098453112549,0.0,13.555194500143063,1.0,0.8471996562589414,13.555194500143063,0.0,338.8798625035766,338.8798625035766,0.0,0.0,0.0,1.0,1.0
303,,303,2,2024-09-20T17:00:00,fixed_tariff,H01,0,0,1,0.45,0.19303678240635253,0.07518254690939993,0.0,0.0,4.825919560158813,104.48209777783802,0.0,28.0,28.0,0.0,0.0,0.95,76.48209777783802,250.0,0.30592839111135206,0.22,47.01694400002711,16.966061511124366,6.268925866670283,23.78195662223246,9.639508756329237,9.639508756329237,1.4384606483343285,13.5,0.4172708947465841,2.1863029662415134,383.9830581018766,0.0,-3.0,4.825919560158813,104.48209777783802,0.0,28.0,28.0,0.0,0.0,76.48209777783802,250.0,0.30592839111135206,0.22,47.01694400002711,16.966061511124366,6.268925866670283,23.78195662223246,0.0,0.0,0.0,0.19303678240635253,383.9830581018766,3.98624712870717,4.179283911113522,1.0,0.5224104888891903,4.179283911113522,99.65617821767921,104.48209777783802,104.48209777783802,0.0,0.0,0.0,1.0,1.0
303,,303,2,2024-09-20T17:00:00,fixed_tariff,H02,1,1,1,0.45,0.14149025926546052,0.07518254690939993,0.0,0.0,3.5372564816365126,109.41430840872735,0.0,21.0,21.0,11.736842105263195,0.0,0.95,100.15115051399054,250.0,0.40060460205596216,0.22,49.23643878392731,22.13825311307792,6.564858504523642,20.53332716632575,9.743277825734216,9.743277825734216,1.3695400242279696,13.5,0.4172708947465841,2.1863029662415134,383.9830581018766,0.0,-3.0,3.5372564816365126,109.41430840872735,0.0,21.0,21.0,11.736842105263195,0.0,100.15115051399054,250.0,0.40060460205596216,0.22,49.23643878392731,22.13825311307792,6.564858504523642,20.53332716632575,0.0,0.0,0.0,0.14149025926546052,383.9830581018766,4.235082077083634,4.376572336349095,1.0,0.5470715420436368,4.376572336349095,105.87705192709083,109.41430840872735,109.41430840872735,0.0,0.0,0.0,1.0,1.0
303,,303,2,2024-09-20T17:00:00,fixed_tariff,H03,2,2,1,0.45,19.328655738992147,0.07518254690939993,37.95238359961549,22.952383599615487,483.21639347480374,300.0,0.0,21.0,21.0,27.52631578947366,0.0,0.95,306.52631578947364,350.0,0.8757894736842105,0.22,135.0,67.5407894736842,18.0,49.4592105263158,10.602780469270085,10.602780469270085,2.085664621305609,13.5,0.4172708947465841,2.1863029662415134,383.9830581018766,0.0,-3.0,483.21639347480374,300.0,0.0,21.0,21.0,27.52631578947366,0.0,306.52631578947364,350.0,0.8757894736842105,0.22,135.0,67.5407894736842,18.0,49.4592105263158,0.0,0.3825397266602581,0.0,19.328655738992147,383.9830581018766,0.26182098093095174,19.5904767199231,0.6125425211218191,1.6325397266602584,12.0,6.545524523273798,489.76191799807754,300.0,189.76191799807754,-1.1102230246251565e-16,0.0,1.0,0.6125425211218191
303,,303,2,2024-09-20T17:00:00,fixed_tariff,H04,3,3,1,0.45,13.691840188833025,0.07518254690939993,42.688801416247685,27.688801416247685,342.2960047208255,199.99999999999991,0.0,28.0,28.0,0.0,0.0,0.95,171.99999999999991,250.0,0.6879999999999996,0.22,89.99999999999996,37.97999999999998,11.999999999999998,40.019999999999975,13.840766192431477,13.840766192431477,5.099140439964717,13.5,0.4172708947465841,2.1863029662415134,383.9830581018766,0.0,-3.0,342.2960047208255,199.99999999999991,0.0,28.0,28.0,0.0,0.0,171.99999999999991,250.0,0.6879999999999996,0.22,89.99999999999996,37.97999999999998,11.999999999999998,40.019999999999975,0.0,0.4614800236041281,0.0,13.691840188833025,383.9830581018766,0.0,13.691840188833025,0.5842896126208621,1.711480023604128,7.999999999999999,0.0,342.2960047208255,199.99999999999991,142.2960047208256,0.0,0.0,1.0,0.5842896126208621
303,,303,2,2024-09-20T17:00:00,fixed_tariff,H05,4,4,1,0.45,8.5516029842778,0.07518254690939993,0.0,0.0,213.79007460694498,213.79007460694498,0.0,52.5,52.5,0.0,0.0,0.95,161.29007460694498,500.0,0.32258014921388994,0.22,96.20553357312525,35.7463164135279,12.8274044764167,47.631812683180655,16.506510799556352,16.506510799556352,7.67810740374707,13.5,0.4172708947465841,2.1863029662415134,383.9830581018766,0.0,-3.0,213.79007460694498,213.79007460694498,0.0,52.5,52.5,0.0,0.0,161.29007460694498,500.0,0.32258014921388994,0.22,96.20553357312525,35.7463164135279,12.8274044764167,47.631812683180655,0.0,0.0,0.0,8.5516029842778,383.9830581018766,0.0,8.5516029842778,1.0,0.5344751865173625,8.5516029842778,0.0,213.79007460694498,213.79007460694498,0.0,0.0,0.0,1.0,1.0
303,,303,2,2024-09-20T17:00:00,fixed_tariff,H06,5,5,1,0.45,16.153295663443988,0.07518254690939993,0.5748587379149539,0.0,403.8323915860997,400.0,0.0,70.0,70.0,0.0,0.0,0.95,330.0,700.0,0.4714285714285714,0.22,180.0,72.94999999999999,24.0,83.05000000000001,12.868065317219896,12.868065317219896,4.526873660907929,13.5,0.4172708947465841,2.1863029662415134,383.9830581018766,0.0,-3.0,403.8323915860997,400.0,0.0,70.0,70.0,0.0,0.0,330.0,700.0,0.4714285714285714,0.22,180.0,72.94999999999999,24.0,83.05000000000001,0.0,0.0,0.0,16.153295663443988,383.9830581018766,0.0,16.153295663443988,0.9905099450515905,1.0095809789652492,16.0,0.0,403.8323915860997,400.0,3.832391586099675,0.0,0.0,1.0,0.9905099450515905
303,,303,2,2024-09-20T17:00:00,fixed_tariff,H07,6,6,1,0.45,9.393411154119,0.07518254690939993,0.0,0.0,234.83527885297502,264.3454399296031,0.0,17.5,17.5,48.81578947368421,0.0,0.95,295.66122940328734,350.0,0.8447463697236781,0.22,118.95544796832141,65.13297046872322,15.860726395776187,37.96175110382201,10.416415910105442,10.416415910105442,1.885722686892369,13.5,0.4172708947465841,2.1863029662415134,383.9830581018766,0.0,-3.0,234.83527885297502,264.3454399296031,0.0,17.5,17.5,48.81578947368421,0.0,295.66122940328734,350.0,0.8447463697236781,0.22,118.95544796832141,65.13297046872322,15.860726395776187,37.96175110382201,0.0,0.0,0.0,9.393411154119,383.9830581018766,1.1804064430651247,10.573817597184124,1.0,0.8811514664320104,10.573817597184124,29.510161076628094,264.3454399296031,264.3454399296031,0.0,0.0,0.0,1.0,1.0
303,,303,2,2024-09-20T17:00:00,fixed_tariff,H08,7,7,1,0.45,28.54271885946652,0.07518254690939993,47.035195722999454,32.035195722999454,713.5679714866629,399.99999999999994,0.0,63.0,63.0,0.0,0.0,0.95,336.99999999999994,500.0,0.6739999999999999,0.22,179.99999999999997,74.45499999999998,24.0,81.54499999999999,9.4927966007629,9.4927966007629,1.225946729053429,13.5,0.4172708947465841,2.1863029662415134,383.9830581018766,0.0,-3.0,713.5679714866629,399.99999999999994,0.0,63.0,63.0,0.0,0.0,336.99999999999994,500.0,0.6739999999999999,0.22,179.99999999999997,74.45499999999998,24.0,81.54499999999999,0.0,0.5339199287166576,0.0,28.54271885946652,383.9830581018766,0.0,28.54271885946652,0.560563276357025,1.7839199287166576,16.0,0.0,713.5679714866629,399.99999999999994,313.567971486663,0.0,0.0,1.0,0.560563276357025
303,,303,2,2024-09-20T18:00:00,fixed_tariff,H01,0,0,2,0.45,17.739435568646165,0.07304347515594575,73.04576676484623,58.045766764846235,443.4858892161541,199.99999999999997,0.0,12.8,12.8,0.0,0.0,0.95,187.19999999999996,250.0,0.7487999999999998,0.3,89.99999999999999,56.22399999999999,12.0,21.775999999999996,9.984591500828689,9.984591500828689,1.6181441329208102,13.5,0.4077396884393747,-0.6775892255338264,199.19757190458463,0.0,-3.0,443.4858892161541,199.99999999999997,0.0,12.8,12.8,0.0,0.0,187.19999999999996,250.0,0.7487999999999998,0.3,89.99999999999999,56.22399999999999,12.0,21.775999999999996,0.0,0.9674294460807705,0.0,17.739435568646165,199.19757190458463,0.0,17.739435568646165,0.4509726348982445,2.2174294460807706,8.0,0.0,443.4858892161541,199.99999999999997,243.4858892161541,0.0,0.0,1.0,0.4509726348982445
303,,303,2,2024-09-20T18:00:00,fixed_tariff,H02,1,1,2,0.45,18.132782744611497,0.07304347515594575,75.99587058458623,60.99587058458623,453.3195686152874,199.99999999999997,0.0,9.6,9.6,0.0,0.0,0.95,190.39999999999998,250.0,0.7615999999999999,0.3,89.99999999999999,57.16799999999999,12.0,20.831999999999994,9.955309371475154,9.955309371475154,1.4287184583425978,13.5,0.4077396884393747,-0.6775892255338264,199.19757190458463,0.0,-3.0,453.3195686152874,199.99999999999997,0.0,9.6,9.6,0.0,0.0,190.39999999999998,250.0,0.7615999999999999,0.3,89.99999999999999,57.16799999999999,12.0,20.831999999999994,0.0,1.016597843076437,0.0,18.132782744611497,199.19757190458463,0.0,18.132782744611497,0.4411898665899669,2.266597843076437,8.0,0.0,453.3195686152874,199.99999999999997,253.3195686152874,0.0,0.0,1.0,0.4411898665899669
303,,303,2,2024-09-20T18:00:00,fixed_tariff,H03,2,2,2,0.45,0.03320991209348001,0.07304347515594575,0.0,0.0,0.8302478023370004,190.59216580041453,0.0,9.6,9.6,0.0,0.0,0.95,180.99216580041454,350.0,0.5171204737154701,0.3,85.76647461018655,54.345649740124365,11.435529948024866,19.98529492203732,10.453016685829315,10.453016685829315,1.794501102524119,13.5,0.4077396884393747,-0.6775892255338264,199.19757190458463,0.0,-3.0,0.8302478023370004,190.59216580041453,0.0,9.6,9.6,0.0,0.0,180.99216580041454,350.0,0.5171204737154701,0.3,85.76647461018655,54.345649740124365,11.435529948024866,19.98529492203732,0.0,0.0,0.0,0.03320991209348001,199.19757190458463,7.590476719923098,7.623686632016578,1.0,0.6353072193347148,7.623686632016578,189.76191799807754,190.59216580041453,190.59216580041453,0.0,0.0,0.0,1.0,1.0
303,,303,2,2024-09-20T18:00:00,fixed_tariff,H04,3,3,2,0.45,0.008982506614791917,0.07304347515594575,0.0,0.0,0.2245626653697979,142.5205673861954,0.0,12.8,12.8,0.0,0.0,0.95,129.7205673861954,250.0,0.5188822695447816,0.3,64.13425532378794,38.98017021585862,8.551234043171725,16.602851064757594,13.475513745643006,13.475513745643006,4.612367980151988,13.5,0.4077396884393747,-0.6775892255338264,199.19757190458463,0.0,-3.0,0.2245626653697979,142.5205673861954,0.0,12.8,12.8,0.0,0.0,129.7205673861954,250.0,0.5188822695447816,0.3,64.13425532378794,38.98017021585862,8.551234043171725,16.602851064757594,0.0,0.0,0.0,0.008982506614791917,199.19757190458463,5.691840188833025,5.700822695447816,1.0,0.712602836930977,5.700822695447816,142.2960047208256,142.5205673861954,142.5205673861954,0.0,0.0,0.0,1.0,1.0
303,,303,2,2024-09-20T18:00:00,fixed_tariff,H05,4,4,2,0.45,6.285773432445209,0.07304347515594575,0.0,0.0,157.14433581113025,157.14433581113025,0.0,24.0,24.0,0.0,0.0,0.95,133.14433581113025,500.0,0.2662886716222605,0.3,70.71495111500862,40.06330074333907,9.428660148667813,21.222990223001734,16.31506251009911,16.31506251009911,7.350794632587319,13.5,0.4077396884393747,-0.6775892255338264,199.19757190458463,0.0,-3.0,157.14433581113025,157.14433581113025,0.0,24.0,24.0,0.0,0.0,133.14433581113025,500.0,0.2662886716222605,0.3,70.71495111500862,40.06330074333907,9.428660148667813,21.222990223001734,0.0,0.0,0.0,6.285773432445209,199.19757190458463,0.0,6.285773432445209,1.0,0.3928608395278256,6.285773432445209,0.0,157.14433581113025,157.14433581113025,0.0,0.0,0.0,1.0,1.0
303,,303,2,2024-09-20T18:00:00,fixed_tariff,H06,5,5,2,0.45,10.176744092468198,0.07304347515594575,0.0,0.0,254.418602311705,258.2509938978047,0.0,32.0,32.0,0.0,0.0,0.95,226.25099389780468,700.0,0.3232157055682924,0.3,116.21294725401211,68.0352981693414,15.495059633868278,32.682589450802425,13.04579443841627,13.04579443841627,4.528264337257339,13.5,0.4077396884393747,-0.6775892255338264,199.19757190458463,0.0,-3.0,254.418602311705,258.2509938978047,0.0,32.0,32.0,0.0,0.0,226.25099389780468,700.0,0.3232157055682924,0.3,116.21294725401211,68.0352981693414,15.495059633868278,32.682589450802425,0.0,0.0,0.0,10.176744092468198,199.19757190458463,0.1532956634439877,10.330039755912185,1.0,0.6456274847445116,10.330039755912185,3.832391586099675,258.2509938978047,258.2509938978047,0.0,0.0,0.0,1.0,1.0
303,,303,2,2024-09-20T18:00:00,fixed_tariff,H07,6,6,2,0.45,17.88732197591023,0.07304347515594575,29.43660987955115,14.436609879551149,447.1830493977557,300.0,0.0,8.0,8.0,0.0,0.0,0.95,292.0,350.0,0.8342857142857143,0.3,135.0,87.64,18.0,29.36,10.326252408811243,10.326252408811243,1.6452517532134272,13.5,0.4077396884393747,-0.6775892255338264,199.19757190458463,0.0,-3.0,447.1830493977557,300.0,0.0,8.0,8.0,0.0,0.0,292.0,350.0,0.8342857142857143,0.3,135.0,87.64,18.0,29.36,0.0,0.2406101646591858,0.0,17.88732197591023,199.19757190458463,0.0,17.88732197591023,0.670866215533047,1.4906101646591858,12.0,0.0,447.1830493977557,300.0,147.18304939775572,1.1102230246251565e-16,0.0,1.0,0.670866215533047
303,,303,2,2024-09-20T18:00:00,fixed_tariff,H08,7,7,2,0.45,0.00832391563818518,0.07304347515594575,0.0,0.0,0.20809789095462947,313.7760693776176,0.0,28.8,28.8,0.0,0.0,0.95,284.9760693776176,500.0,0.5699521387552352,0.3,141.19923121992792,85.63682081328528,18.82656416265706,36.73584624398558,9.71407190518804,9.71407190518804,1.2804380826646244,13.5,0.4077396884393747,-0.6775892255338264,199.19757190458463,0.0,-3.0,0.20809789095462947,313.7760693776176,0.0,28.8,28.8,0.0,0.0,284.9760693776176,500.0,0.5699521387552352,0.3,141.19923121992792,85.63682081328528,18.82656416265706,36.73584624398558,0.0,0.0,0.0,0.00832391563818518,199.19757190458463,12.542718859466522,12.551042775104706,1.0,0.7844401734440442,12.551042775104706,313.567971486663,313.7760693776176,313.7760693776176,0.0,0.0,0.0,1.0,1.0
303,,303,2,2024-09-20T19:00:00,fixed_tariff,H01,0,0,3,0.45,7.937577980723504e-05,0.07942284851654914,13.046362083194795,0.0,0.001984394495180876,200.0,0.0,3.2,3.2,0.0,0.0,0.95,196.8,250.0,0.7872,0.34,90.0,66.92800000000001,12.0,11.071999999999989,9.68884242004732,9.68884242004732,1.4076902009081014,13.5,0.43424035064909805,0.9422380729355537,96.21629476153419,0.0,-3.0,0.001984394495180876,200.0,0.0,3.2,3.2,0.0,0.0,196.8,250.0,0.7872,0.34,90.0,66.92800000000001,12.0,11.071999999999989,0.0,0.0,0.0,7.937577980723504e-05,96.21629476153419,9.739435568646165,9.739514944425972,0.8213961419689063,1.2174393680532465,8.0,243.4858892161541,243.48787361064927,200.0,43.487873610649274,1.1102230246251565e-16,0.0,1.0,0.8213961419689063
303,,303,2,2024-09-20T19:00:00,fixed_tariff,H02,1,1,3,0.45,4.9753253757698905e-05,0.07942284851654914,15.996243733989408,0.9962437339894081,0.0012438313439424725,200.00000000000003,0.0,2.4,2.4,0.0,0.0,0.95,197.60000000000002,250.0,0.7904000000000001,0.34,90.00000000000001,67.19600000000001,12.0,10.804000000000002,9.650487412127484,9.650487412127484,1.2124268239769678,13.5,0.43424035064909805,0.9422380729355537,96.21629476153419,0.0,-3.0,0.0012438313439424725,200.00000000000003,0.0,2.4,2.4,0.0,0.0,197.60000000000002,250.0,0.7904000000000001,0.34,90.00000000000001,67.19600000000001,12.0,10.804000000000002,0.0,0.016604062233156802,0.0,4.9753253757698905e-05,96.21629476153419,10.132782744611497,10.132832497865254,0.7895127055229039,1.2666040622331567,8.0,253.3195686152874,253.32081244663135,200.00000000000003,53.32081244663132,1.1102230246251565e-16,0.0,1.0,0.7895127055229039
303,,303,2,2024-09-20T19:00:00,fixed_tariff,H03,2,2,3,0.45,12.4061675569649,0.07942284851654914,2.030837784824504,0.0,310.1541889241225,299.99999999999994,0.0,2.4,2.4,0.0,0.0,0.95,297.59999999999997,350.0,0.8502857142857142,0.34,134.99999999999997,101.196,18.0,15.803999999999974,10.542874365570718,10.542874365570718,1.9686631862524169,13.5,0.43424035064909805,0.9422380729355537,96.21629476153419,0.0,-3.0,310.1541889241225,299.99999999999994,0.0,2.4,2.4,0.0,0.0,297.59999999999997,350.0,0.8502857142857142,0.34,134.99999999999997,101.196,18.0,15.803999999999974,0.0,0.0,0.0,12.4061675569649,96.21629476153419,0.0,12.4061675569649,0.9672608357818869,1.0338472964137417,12.0,0.0,310.1541889241225,299.99999999999994,10.154188924122536,0.0,0.0,1.0,0.9672608357818869
303,,303,2,2024-09-20T19:00:00,fixed_tariff,H04,3,3,3,0.45,7.002786115491766,0.07942284851654914,0.0,0.0,175.06965288729413,175.06965288729413,0.0,3.2,3.2,0.0,0.0,0.95,171.86965288729414,250.0,0.6874786115491766,0.34,78.78134379928235,58.45168198168001,10.504179173237649,9.825482644364694,13.846286451176091,13.846286451176091,5.042093576129971,13.5,0.43424035064909805,0.9422380729355537,96.21629476153419,0.0,-3.0,175.06965288729413,175.06965288729413,0.0,3.2,3.2,0.0,0.0,171.86965288729414,250.0,0.6874786115491766,0.34,78.78134379928235,58.45168198168001,10.504179173237649,9.825482644364694,0.0,0.0,0.0,7.002786115491766,96.21629476153419,0.0,7.002786115491766,1.0,0.8753482644364707,7.002786115491766,0.0,175.06965288729413,175.06965288729413,0.0,0.0,0.0,1.0,1.0
303,,303,2,2024-09-20T19:00:00,fixed_tariff,H05,4,4,3,0.45,4.31201623149601,0.07942284851654914,0.0,0.0,107.80040578740025,107.80040578740025,0.0,6.0,6.0,0.0,0.0,0.95,101.80040578740025,500.0,0.2036008115748005,0.34,48.51018260433011,34.64213796771609,6.468024347244015,7.400020289370008,16.599724573531923,16.599724573531923,7.702202842029336,13.5,0.43424035064909805,0.9422380729355537,96.21629476153419,0.0,-3.0,107.80040578740025,107.80040578740025,0.0,6.0,6.0,0.0,0.0,101.80040578740025,500.0,0.2036008115748005,0.34,48.51018260433011,34.64213796771609,6.468024347244015,7.400020289370008,0.0,0.0,0.0,4.31201623149601,96.21629476153419,0.0,4.31201623149601,1.0,0.2695010144685006,4.31201623149601,0.0,107.80040578740025,107.80040578740025,0.0,0.0,0.0,1.0,1.0
303,,303,2,2024-09-20T19:00:00,fixed_tariff,H06,5,5,3,0.45,8.060811734114992,0.07942284851654914,0.0,0.0,201.52029335287477,201.52029335287477,0.0,8.0,8.0,0.0,0.0,0.95,193.52029335287477,700.0,0.27645756193267823,0.34,90.68413200879365,65.83689973997744,12.091217601172488,12.756014667643726,13.023703912274566,13.023703912274566,4.584053893867751,13.5,0.43424035064909805,0.9422380729355537,96.21629476153419,0.0,-3.0,201.52029335287477,201.52029335287477,0.0,8.0,8.0,0.0,0.0,193.52029335287477,700.0,0.27645756193267823,0.34,90.68413200879365,65.83689973997744,12.091217601172488,12.756014667643726,0.0,0.0,0.0,8.060811734114992,96.21629476153419,0.0,8.060811734114992,1.0,0.503800733382187,8.060811734114992,0.0,201.52029335287477,201.52029335287477,0.0,0.0,0.0,1.0,1.0
303,,303,2,2024-09-20T19:00:00,fixed_tariff,H07,6,6,3,0.45,0.09888540266538161,0.07942284851654914,0.0,0.0,2.4721350666345403,149.65518446439026,0.0,2.0,2.0,0.0,0.0,0.95,147.65518446439026,350.0,0.4218719556125436,0.34,67.34483300897561,50.21276271789269,8.979311067863417,8.152759223219508,10.418199828091508,10.418199828091508,1.8287348580143523,13.5,0.43424035064909805,0.9422380729355537,96.21629476153419,0.0,-3.0,2.4721350666345403,149.65518446439026,0.0,2.0,2.0,0.0,0.0,147.65518446439026,350.0,0.4218719556125436,0.34,67.34483300897561,50.21276271789269,8.979311067863417,8.152759223219508,0.0,0.0,0.0,0.09888540266538161,96.21629476153419,5.88732197591023,5.986207378575612,1.0,0.498850614881301,5.986207378575612,147.18304939775572,149.65518446439026,149.65518446439026,0.0,0.0,0.0,1.0,1.0
303,,303,2,2024-09-20T19:00:00,fixed_tariff,H08,7,7,3,0.45,14.392014349549044,0.07942284851654914,0.0,0.0,359.80035873872606,359.80035873872606,0.0,7.2,7.2,0.0,0.0,0.95,352.6003587387261,500.0,0.7052007174774522,0.34,161.91016143242672,119.92012197116688,21.588021524323565,20.402017936936275,9.580674490710638,9.580674490710638,1.2398464808795417,13.5,0.43424035064909805,0.9422380729355537,96.21629476153419,0.0,-3.0,359.80035873872606,359.80035873872606,0.0,7.2,7.2,0.0,0.0,352.6003587387261,500.0,0.7052007174774522,0.34,161.91016143242672,119.92012197116688,21.588021524323565,20.402017936936275,0.0,0.0,0.0,14.392014349549044,96.21629476153419,0.0,14.392014349549044,1.0,0.8995008968468152,14.392014349549044,0.0,359.80035873872606,359.80035873872606,0.0,0.0,0.0,1.0,1.0
303,,303,2,2024-09-20T20:00:00,fixed_tariff,H01,0,0,4,0.45,0.9018714507981169,0.06456559237502559,0.0,0.0,22.54678626995293,66.0346598806022,0.0,0.0,0.0,0.0,0.0,0.95,66.0346598806022,250.0,0.26413863952240885,0.27,29.715596946270992,17.829358167762596,3.9620795928361345,7.924159185672261,9.706526235558712,9.706526235558712,1.4135774005972295,13.5,0.3728896464551401,1.1213658453919755,112.13658453919754,0.0,-3.0,22.54678626995293,66.0346598806022,0.0,0.0,0.0,0.0,0.0,66.0346598806022,250.0,0.26413863952240885,0.27,29.715596946270992,17.829358167762596,3.9620795928361345,7.924159185672261,0.0,0.0,0.0,0.9018714507981169,112.13658453919754,1.7395149444259728,2.6413863952240897,1.0,0.3301732994030112,2.6413863952240897,43.487873610649274,66.0346598806022,66.0346598806022,0.0,0.0,0.0,1.0,1.0
303,,303,2,2024-09-20T20:00:00,fixed_tariff,H02,1,1,4,0.45,0.5653668891227998,0.06456559237502559,0.0,0.0,14.134172228069993,67.45498467470131,0.0,0.0,0.0,0.0,0.0,0.95,67.45498467470131,250.0,0.2698199386988052,0.27,30.35474310361559,18.212845862169353,4.047299080482081,8.094598160964157,9.670613042610356,9.670613042610356,1.220755019198699,13.5,0.3728896464551401,1.1213658453919755,112.13658453919754,0.0,-3.0,14.134172228069993,67.45498467470131,0.0,0.0,0.0,0.0,0.0,67.45498467470131,250.0,0.2698199386988052,0.27,30.35474310361559,18.212845862169353,4.047299080482081,8.094598160964157,0.0,0.0,0.0,0.5653668891227998,112.13658453919754,2.1328324978652544,2.6981993869880543,1.0,0.3372749233735068,2.6981993869880543,53.32081244663132,67.45498467470131,67.45498467470131,0.0,0.0,0.0,1.0,1.0
303,,303,2,2024-09-20T20:00:00,fixed_tariff,H03,2,2,4,0.45,5.050145375724274,0.06456559237502559,0.0,0.0,126.25363439310684,136.40782331722937,0.0,0.0,0.0,0.0,0.0,0.95,136.40782331722937,350.0,0.38973663804922676,0.27,61.38352049275322,36.83011229565194,8.184469399033762,16.36893879806752,10.57949695568772,10.57949695568772,1.9754764878962292,13.5,0.3728896464551401,1.1213658453919755,112.13658453919754,0.0,-3.0,126.25363439310684,136.40782331722937,0.0,0.0,0.0,0.0,0.0,136.40782331722937,350.0,0.38973663804922676,0.27,61.38352049275322,36.83011229565194,8.184469399033762,16.36893879806752,0.0,0.0,0.0,5.050145375724274,112.13658453919754,0.4061675569649008,5.456312932689174,1.0,0.4546927443907645,5.456312932689174,10.154188924122536,136.40782331722937,136.40782331722937,0.0,0.0,0.0,1.0,1.0
303,,303,2,2024-09-20T20:00:00,fixed_tariff,H04,3,3,4,0.45,4.014253509263314,0.06456559237502559,0.0,0.0,100.35633773158285,100.35633773158285,0.0,0.0,0.0,0.0,0.0,0.95,100.35633773158285,250.0,0.4014253509263314,0.27,45.16035197921229,27.096211187527373,6.021380263894971,12.042760527789941,13.839630973809257,13.839630973809257,4.973300674810703,13.5,0.3728896464551401,1.1213658453919755,112.13658453919754,0.0,-3.0,100.35633773158285,100.35633773158285,0.0,0.0,0.0,0.0,0.0,100.35633773158285,250.0,0.4014253509263314,0.27,45.16035197921229,27.096211187527373,6.021380263894971,12.042760527789941,0.0,0.0,0.0,4.014253509263314,112.13658453919754,0.0,4.014253509263314,1.0,0.5017816886579143,4.014253509263314,0.0,100.35633773158285,100.35633773158285,0.0,0.0,0.0,1.0,1.0
303,,303,2,2024-09-20T20:00:00,fixed_tariff,H05,4,4,4,0.45,2.5224704024044105,0.06456559237502559,0.0,0.0,63.06176006011026,63.06176006011026,0.0,0.0,0.0,0.0,0.0,0.95,63.06176006011026,500.0,0.12612352012022052,0.27,28.37779202704962,17.026675216229773,3.7837056036066157,7.5674112072132305,16.440311075332218,16.440311075332218,7.464292842337216,13.5,0.3728896464551401,1.1213658453919755,112.13658453919754,0.0,-3.0,63.06176006011026,63.06176006011026,0.0,0.0,0.0,0.0,0.0,63.06176006011026,500.0,0.12612352012022052,0.27,28.37779202704962,17.026675216229773,3.7837056036066157,7.5674112072132305,0.0,0.0,0.0,2.5224704024044105,112.13658453919754,0.0,2.5224704024044105,1.0,0.15765440015027565,2.5224704024044105,0.0,63.06176006011026,63.06176006011026,0.0,0.0,0.0,1.0,1.0
303,,303,2,2024-09-20T20:00:00,fixed_tariff,H06,5,5,4,0.45,4.55730632487996,0.06456559237502559,0.0,0.0,113.932658121999,113.932658121999,0.0,0.0,0.0,0.0,0.0,0.95,113.932658121999,700.0,0.16276094017428427,0.27,51.26969615489955,30.761817692939733,6.83595948731994,13.671918974639876,13.088491055100201,13.088491055100201,4.611867989615424,13.5,0.3728896464551401,1.1213658453919755,112.13658453919754,0.0,-3.0,113.932658121999,113.932658121999,0.0,0.0,0.0,0.0,0.0,113.932658121999,700.0,0.16276094017428427,0.27,51.26969615489955,30.761817692939733,6.83595948731994,13.671918974639876,0.0,0.0,0.0,4.55730632487996,112.13658453919754,0.0,4.55730632487996,1.0,0.2848316453049975,4.55730632487996,0.0,113.932658121999,113.932658121999,0.0,0.0,0.0,1.0,1.0
303,,303,2,2024-09-20T20:00:00,fixed_tariff,H07,6,6,4,0.45,7.311283464727189,0.06456559237502559,0.0,0.0,182.7820866181797,182.7820866181797,0.0,0.0,0.0,0.0,0.0,0.95,182.7820866181797,350.0,0.5222345331947992,0.27,82.25193897818087,49.351163386908524,10.966925197090783,21.93385039418157,10.397199683421908,10.397199683421908,1.7665929818879889,13.5,0.3728896464551401,1.1213658453919755,112.13658453919754,0.0,-3.0,182.7820866181797,182.7820866181797,0.0,0.0,0.0,0.0,0.0,182.7820866181797,350.0,0.5222345331947992,0.27,82.25193897818087,49.351163386908524,10.966925197090783,21.93385039418157,0.0,0.0,0.0,7.311283464727189,112.13658453919754,0.0,7.311283464727189,1.0,0.6092736220605991,7.311283464727189,0.0,182.7820866181797,182.7820866181797,0.0,0.0,0.0,1.0,1.0
303,,303,2,2024-09-20T20:00:00,fixed_tariff,H08,7,7,4,0.45,8.177649096889658,0.06456559237502559,0.0,0.0,204.44122742224147,204.44122742224147,0.0,0.0,0.0,0.0,0.0,0.95,204.44122742224147,500.0,0.40888245484448293,0.27,91.99855234000866,55.1991314040052,12.266473645334486,24.53294729066897,9.610430555544186,9.610430555544186,1.251052601123607,13.5,0.3728896464551401,1.1213658453919755,112.13658453919754,0.0,-3.0,204.44122742224147,204.44122742224147,0.0,0.0,0.0,0.0,0.0,204.44122742224147,500.0,0.40888245484448293,0.27,91.99855234000866,55.1991314040052,12.266473645334486,24.53294729066897,0.0,0.0,0.0,8.177649096889658,112.13658453919754,0.0,8.177649096889658,1.0,0.5111030685556036,8.177649096889658,0.0,204.44122742224147,204.44122742224147,0.0,0.0,0.0,1.0,1.0
303,,303,2,2024-09-20T21:00:00,fixed_tariff,H01,0,0,5,0.45,4.365712680060657,0.04448069373976857,0.0,0.0,109.14281700151643,109.14281700151643,0.0,0.0,0.0,0.0,100.0,0.42368421052631583,9.142817001516434,250.0,0.036571268006065735,0.2,49.11426765068239,4.8285634003032865,6.548569020090985,37.73713523028812,9.864978316876206,9.864978316876206,1.543406219471731,13.5,0.2797695662289938,2.543843547247538,254.38435472475376,1.4210854715202004e-14,-3.0,109.14281700151643,109.14281700151643,0.0,0.0,0.0,0.0,100.0,9.142817001516434,250.0,0.036571268006065735,0.2,49.11426765068239,4.8285634003032865,6.548569020090985,37.73713523028812,1.4210854715202004e-14,0.0,0.0,4.365712680060657,254.38435472475376,0.0,4.365712680060657,1.0,0.5457140850075821,4.365712680060657,0.0,109.14281700151643,109.14281700151643,0.0,0.0,0.0,1.0,1.0
303,,303,2,2024-09-20T21:00:00,fixed_tariff,H02,1,1,5,0.45,4.482724488294334,0.04448069373976857,0.0,0.0,112.06811220735835,112.06811220735835,0.0,0.0,0.0,0.0,100.0,0.42368421052631583,12.068112207358354,250.0,0.04827244882943341,0.2,50.43065049331126,5.413622441471671,6.724086732441501,38.29294131939809,9.801956453012131,9.801956453012131,1.3312736897204487,13.5,0.2797695662289938,2.543843547247538,254.38435472475376,1.4210854715202004e-14,-3.0,112.06811220735835,112.06811220735835,0.0,0.0,0.0,0.0,100.0,12.068112207358354,250.0,0.04827244882943341,0.2,50.43065049331126,5.413622441471671,6.724086732441501,38.29294131939809,1.4210854715202004e-14,0.0,0.0,4.482724488294334,254.38435472475376,0.0,4.482724488294334,1.0,0.5603405610367918,4.482724488294334,0.0,112.06811220735835,112.06811220735835,0.0,0.0,0.0,1.0,1.0
303,,303,2,2024-09-20T21:00:00,fixed_tariff,H03,2,2,5,0.45,4.204481583001069,0.04448069373976857,0.0,0.0,105.11203957502676,105.11203957502676,0.0,0.0,0.0,0.0,105.11203957502676,0.5811858260525378,0.0,350.0,0.0,0.2,47.30041780876204,3.1533611872508027,6.306722374501604,37.840334247009636,10.449005449759161,10.449005449759161,1.8131512434022747,13.5,0.2797695662289938,2.543843547247538,254.38435472475376,2.842170943040401e-14,-3.0,105.11203957502676,105.11203957502676,0.0,0.0,0.0,0.0,105.11203957502676,0.0,350.0,0.0,0.2,47.30041780876204,3.1533611872508027,6.306722374501604,37.840334247009636,2.842170943040401e-14,0.0,0.0,4.204481583001069,254.38435472475376,0.0,4.204481583001069,1.0,0.3503734652500891,4.204481583001069,0.0,105.11203957502676,105.11203957502676,0.0,0.0,0.0,1.0,1.0
303,,303,2,2024-09-20T21:00:00,fixed_tariff,H04,3,3,5,0.45,2.432120448766289,0.04448069373976857,0.0,0.0,60.80301121915723,60.80301121915723,0.0,0.0,0.0,0.0,60.80301121915723,0.6939873211824958,0.0,250.0,0.0,0.2,27.36135504862075,1.8240903365747168,3.648180673149433,21.889084038896602,13.588872516487255,13.588872516487255,4.684453778934837,13.5,0.2797695662289938,2.543843547247538,254.38435472475376,0.0,-3.0,60.80301121915723,60.80301121915723,0.0,0.0,0.0,0.0,60.80301121915723,0.0,250.0,0.0,0.2,27.36135504862075,1.8240903365747168,3.648180673149433,21.889084038896602,0.0,0.0,0.0,2.432120448766289,254.38435472475376,0.0,2.432120448766289,1.0,0.3040150560957861,2.432120448766289,0.0,60.80301121915723,60.80301121915723,0.0,0.0,0.0,1.0,1.0
303,,303,2,2024-09-20T21:00:00,fixed_tariff,H05,4,4,5,0.45,1.5150282995193378,0.04448069373976857,0.0,0.0,37.87570748798345,37.87570748798345,0.0,0.0,0.0,0.0,37.87570748798345,0.8702616684463507,0.0,500.0,0.0,0.2,17.04406836959255,1.1362712246395035,2.2725424492790065,13.63525469567404,16.272985288316953,16.272985288316953,7.244222869154261,13.5,0.2797695662289938,2.543843547247538,254.38435472475376,1.4210854715202004e-14,-3.0,37.87570748798345,37.87570748798345,0.0,0.0,0.0,0.0,37.87570748798345,0.0,500.0,0.0,0.2,17.04406836959255,1.1362712246395035,2.2725424492790065,13.63525469567404,1.4210854715202004e-14,0.0,0.0,1.5150282995193378,254.38435472475376,0.0,1.5150282995193378,1.0,0.09468926871995861,1.5150282995193378,0.0,37.87570748798345,37.87570748798345,0.0,0.0,0.0,1.0,1.0
303,,303,2,2024-09-20T21:00:00,fixed_tariff,H06,5,5,5,0.45,2.5960630085530427,0.04448069373976857,0.0,0.0,64.90157521382608,64.90157521382608,0.0,0.0,0.0,0.0,64.90157521382608,0.8361375873441648,0.0,700.0,0.0,0.2,29.205708846221736,1.9470472564147823,3.894094512829564,23.36456707697739,13.241698225691076,13.241698225691076,4.708876069987988,13.5,0.2797695662289938,2.543843547247538,254.38435472475376,1.4210854715202004e-14,-3.0,64.90157521382608,64.90157521382608,0.0,0.0,0.0,0.0,64.90157521382608,0.0,700.0,0.0,0.2,29.205708846221736,1.9470472564147823,3.894094512829564,23.36456707697739,1.4210854715202004e-14,0.0,0.0,2.5960630085530427,254.38435472475376,0.0,2.5960630085530427,1.0,0.16225393803456517,2.5960630085530427,0.0,64.90157521382608,64.90157521382608,0.0,0.0,0.0,1.0,1.0
303,,303,2,2024-09-20T21:00:00,fixed_tariff,H07,6,6,5,0.45,4.360826171691084,0.04448069373976857,0.0,0.0,109.0206542922771,109.0206542922771,0.0,0.0,0.0,0.0,109.0206542922771,0.5674713884481506,0.0,350.0,0.0,0.2,49.0592944315247,3.270619628768313,6.541239257536626,39.24743554521976,10.266868710366857,10.266868710366857,1.5955307472535427,13.5,0.2797695662289938,2.543843547247538,254.38435472475376,1.4210854715202004e-14,-3.0,109.0206542922771,109.0206542922771,0.0,0.0,0.0,0.0,109.0206542922771,0.0,350.0,0.0,0.2,49.0592944315247,3.270619628768313,6.541239257536626,39.24743554521976,1.4210854715202004e-14,0.0,0.0,4.360826171691084,254.38435472475376,0.0,4.360826171691084,1.0,0.36340218097425697,4.360826171691084,0.0,109.0206542922771,109.0206542922771,0.0,0.0,0.0,1.0,1.0
303,,303,2,2024-09-20T21:00:00,fixed_tariff,H08,7,7,5,0.45,4.708622507921125,0.04448069373976857,0.0,0.0,117.71556269802811,117.71556269802811,0.0,0.0,0.0,0.0,117.71556269802811,0.7021777627409934,0.0,500.0,0.0,0.2,52.97200321411265,3.531466880940843,7.062933761881688,42.37760257129012,9.692438291191834,9.692438291191834,1.2932355955498966,13.5,0.2797695662289938,2.543843547247538,254.38435472475376,0.0,-3.0,117.71556269802811,117.71556269802811,0.0,0.0,0.0,0.0,117.71556269802811,0.0,500.0,0.0,0.2,52.97200321411265,3.531466880940843,7.062933761881688,42.37760257129012,0.0,0.0,0.0,4.708622507921125,254.38435472475376,0.0,4.708622507921125,1.0,0.2942889067450703,4.708622507921125,0.0,117.71556269802811,117.71556269802811,0.0,0.0,0.0,1.0,1.0
101,,101,0,2024-09-20T16:00:00,myopic_local,H01,0,0,0,0.525,3.8177180271711695,0.03860654759889066,0.0,0.0,95.44295067927925,95.44295067927925,0.0,44.0,44.0,84.21052631578947,0.0,0.95,135.65347699506873,250.0,0.5426139079802749,0.16,50.107549106621605,21.924556319210996,5.726577040756754,22.456415746653853,10.040354594869365,10.040354594869365,1.6603126141886053,13.5,0.2501691424392113,3.4533574435940633,345.3357443594063,0.0,-3.0,95.44295067927925,95.44295067927925,0.0,44.0,44.0,84.21052631578947,0.0,135.65347699506873,250.0,0.5426139079802749,0.16,50.107549106621605,21.924556319210996,5.726577040756754,22.456415746653853,0.0,0.0,0.0,3.8177180271711695,345.3357443594063,0.0,3.8177180271711695,1.0,0.4772147533963962,3.8177180271711695,0.0,95.44295067927925,95.44295067927925,0.0,0.0,0.0,1.0,1.0
101,,101,0,2024-09-20T16:00:00,myopic_local,H02,1,1,0,0.525,3.8869054943404944,0.03860654759889066,0.0,0.0,97.17263735851236,97.17263735851236,0.0,33.0,33.0,94.73684210526316,0.0,0.95,158.90947946377554,250.0,0.6356379178551022,0.16,51.01563461321899,25.590516714204085,5.830358241510742,19.594759657504166,10.017778291194405,10.017778291194405,1.4979681218370229,13.5,0.2501691424392113,3.4533574435940633,345.3357443594063,0.0,-3.0,97.17263735851236,97.17263735851236,0.0,33.0,33.0,94.73684210526316,0.0,158.90947946377554,250.0,0.6356379178551022,0.16,51.01563461321899,25.590516714204085,5.830358241510742,19.594759657504166,0.0,0.0,0.0,3.8869054943404944,345.3357443594063,0.0,3.8869054943404944,1.0,0.4858631867925618,3.8869054943404944,0.0,97.17263735851236,97.17263735851236,0.0,0.0,0.0,1.0,1.0
101,,101,0,2024-09-20T16:00:00,myopic_local,H03,2,2,0,0.43333333333333335,13.192983472483412,0.03860654759889066,5.964917362417066,0.0,329.8245868120853,299.99999999999994,0.0,33.0,0.0,83.00000000000006,0.0,0.8628333333333335,350.0,350.0,1.0,0.16,129.99999999999997,56.165,18.0,55.83499999999998,10.530337112136726,10.530337112136726,1.841841319076622,13.5,0.2501691424392113,3.4533574435940633,345.3357443594063,2.842170943040401e-14,-3.0,329.8245868120853,299.99999999999994,0.0,33.0,0.0,83.00000000000006,0.0,350.0,350.0,1.0,0.16,129.99999999999997,56.165,18.0,55.83499999999998,2.842170943040401e-14,0.0,0.0,13.192983472483412,345.3357443594063,0.0,13.192983472483412,0.9095743980145494,1.0994152893736178,12.0,0.0,329.8245868120853,299.99999999999994,29.82458681208533,8.326672684688674e-17,0.0,1.0,0.9095743980145494
101,,101,0,2024-09-20T16:00:00,myopic_local,H04,3,3,0,0.43333333333333335,7.953136729974983,0.03860654759889066,0.0,0.0,198.82841824937458,198.82841824937458,0.0,44.0,44.0,78.94736842105263,0.0,0.95,233.7757866704272,250.0,0.9351031466817088,0.16,86.15898124139565,37.624125867268354,11.929705094962475,36.60515027916482,13.439384529859652,13.439384529859652,4.4803883224640115,13.5,0.2501691424392113,3.4533574435940633,345.3357443594063,0.0,-3.0,198.82841824937458,198.82841824937458,0.0,44.0,44.0,78.94736842105263,0.0,233.7757866704272,250.0,0.9351031466817088,0.16,86.15898124139565,37.624125867268354,11.929705094962475,36.60515027916482,0.0,0.0,0.0,7.953136729974983,345.3357443594063,0.0,7.953136729974983,1.0,0.9941420912468729,7.953136729974983,0.0,198.82841824937458,198.82841824937458,0.0,0.0,0.0,1.0,1.0
101,,101,0,2024-09-20T16:00:00,myopic_local,H05,4,4,0,0.3416666666666667,18.173394862387067,0.03860654759889066,8.1502307339515,0.0,454.33487155967674,400.00000000000006,0.0,82.5,0.0,131.57894736842104,0.0,0.95,449.0789473684211,500.0,0.8981578947368422,0.16,136.66666666666669,72.26513157894738,24.0,40.40153508771931,15.833137202836946,15.833137202836946,6.733524141774079,13.5,0.2501691424392113,3.4533574435940633,345.3357443594063,1.4210854715202004e-14,-3.0,454.33487155967674,400.00000000000006,0.0,82.5,0.0,131.57894736842104,0.0,449.0789473684211,500.0,0.8981578947368422,0.16,136.66666666666669,72.26513157894738,24.0,40.40153508771931,1.4210854715202004e-14,0.0,0.0,18.173394862387067,345.3357443594063,0.0,18.173394862387067,0.8804078776230589,1.1358371788991917,16.0,0.0,454.33487155967674,400.00000000000006,54.334871559676685,0.0,0.0,1.0,0.8804078776230589
101,,101,0,2024-09-20T16:00:00,myopic_local,H06,5,5,0,0.43333333333333335,8.274420492079804,0.03860654759889066,0.0,0.0,206.8605123019951,206.8605123019951,0.0,110.0,110.0,126.31578947368422,0.0,0.95,223.17630177567932,700.0,0.31882328825097045,0.16,89.63955533086455,36.25820828410869,12.411630738119705,40.96971630863616,13.254105834288463,13.254105834288463,4.6623385990851105,13.5,0.2501691424392113,3.4533574435940633,345.3357443594063,0.0,-3.0,206.8605123019951,206.8605123019951,0.0,110.0,110.0,126.31578947368422,0.0,223.17630177567932,700.0,0.31882328825097045,0.16,89.63955533086455,36.25820828410869,12.411630738119705,40.96971630863616,0.0,0.0,0.0,8.274420492079804,345.3357443594063,0.0,8.274420492079804,1.0,0.5171512807549877,8.274420492079804,0.0,206.8605123019951,206.8605123019951,0.0,0.0,0.0,1.0,1.0
101,,101,0,2024-09-20T16:00:00,myopic_local,H07,6,6,0,0.43333333333333335,14.018484512326605,0.03860654759889066,10.092422561633025,0.0,350.4621128081651,299.99999999999994,0.0,27.5,27.5,77.50000000000006,0.0,0.7954166666666669,350.0,350.0,1.0,0.16,129.99999999999997,56.1375,18.0,55.86249999999997,10.213423682419654,10.213423682419654,1.467333514240707,13.5,0.2501691424392113,3.4533574435940633,345.3357443594063,0.0,-3.0,350.4621128081651,299.99999999999994,0.0,27.5,27.5,77.50000000000006,0.0,350.0,350.0,1.0,0.16,129.99999999999997,56.1375,18.0,55.86249999999997,0.0,0.0,0.0,14.018484512326605,345.3357443594063,0.0,14.018484512326605,0.8560126445514328,1.1682070426938838,12.0,0.0,350.4621128081651,299.99999999999994,50.46211280816516,0.0,0.0,1.0,0.8560126445514328
101,,101,0,2024-09-20T16:00:00,myopic_local,H08,7,7,0,0.43333333333333335,14.872181036001638,0.03860654759889066,0.0,0.0,371.80452590004097,371.80452590004097,0.0,99.0,0.0,131.57894736842104,0.0,0.95,404.383473268462,500.0,0.808766946536924,0.16,161.11529455668443,65.19635572295392,22.30827155400246,73.61066727972805,9.755315676353371,9.755315676353371,1.2799467208536626,13.5,0.2501691424392113,3.4533574435940633,345.3357443594063,1.4210854715202004e-14,-3.0,371.80452590004097,371.80452590004097,0.0,99.0,0.0,131.57894736842104,0.0,404.383473268462,500.0,0.808766946536924,0.16,161.11529455668443,65.19635572295392,22.30827155400246,73.61066727972805,1.4210854715202004e-14,0.0,0.0,14.872181036001638,345.3357443594063,0.0,14.872181036001638,1.0,0.9295113147501024,14.872181036001638,0.0,371.80452590004097,371.80452590004097,0.0,0.0,0.0,1.0,1.0
101,,101,0,2024-09-20T17:00:00,myopic_local,H01,0,0,1,0.525,13.089176989717934,0.10753295522921792,38.168827422884505,23.168827422884508,327.22942474294837,200.0,0.0,28.0,28.0,0.0,0.0,0.95,172.0,250.0,0.688,0.22,105.0,37.980000000000004,12.0,55.019999999999996,9.842358833170431,9.842358833170431,1.567675342881847,13.5,0.5353168243612352,2.586067582583528,440.5985681549289,0.0,-3.0,327.22942474294837,200.0,0.0,28.0,28.0,0.0,0.0,172.0,250.0,0.688,0.22,105.0,37.980000000000004,12.0,55.019999999999996,0.0,0.3861471237147418,0.0,13.089176989717934,440.5985681549289,0.0,13.089176989717934,0.6111919799300075,1.6361471237147418,8.0,0.0,327.22942474294837,200.0,127.22942474294837,0.0,0.0,1.0,0.6111919799300075
101,,101,0,2024-09-20T17:00:00,myopic_local,H02,1,1,1,0.525,13.132045024812857,0.10753295522921792,38.49033768609643,23.49033768609643,328.30112562032144,200.0,0.0,21.0,21.0,0.0,0.0,0.95,179.0,250.0,0.716,0.22,105.0,39.485,11.999999999999998,53.515,9.923824972089395,9.923824972089395,1.480407488761141,13.5,0.5353168243612352,2.586067582583528,440.5985681549289,0.0,-3.0,328.30112562032144,200.0,0.0,21.0,21.0,0.0,0.0,179.0,250.0,0.716,0.22,105.0,39.485,11.999999999999998,53.515,0.0,0.3915056281016072,0.0,13.132045024812857,440.5985681549289,0.0,13.132045024812857,0.6091968147294717,1.6415056281016072,7.999999999999999,0.0,328.30112562032144,200.0,128.30112562032144,0.0,0.0,1.0,0.6091968147294717
101,,101,0,2024-09-20T17:00:00,myopic_local,H03,2,2,1,0.43333333333333335,16.238867807227074,0.10753295522921792,27.15925639855243,12.15925639855243,405.9716951806768,300.0,0.0,21.0,21.0,27.52631578947366,0.0,0.95,306.52631578947364,350.0,0.8757894736842105,0.22,130.0,67.5407894736842,18.0,44.4592105263158,10.550404496912211,10.550404496912211,1.9528546106419333,13.5,0.5353168243612352,2.586067582583528,440.5985681549289,0.0,-3.0,405.9716951806768,300.0,0.0,21.0,21.0,27.52631578947366,0.0,306.52631578947364,350.0,0.8757894736842105,0.22,130.0,67.5407894736842,18.0,44.4592105263158,0.0,0.20265427330920716,0.0,16.238867807227074,440.5985681549289,1.1929834724834132,17.431851279710486,0.6883950423537173,1.4526542733092072,12.0,29.82458681208533,435.79628199276215,300.0,135.79628199276215,0.0,0.0,1.0,0.6883950423537173
101,,101,0,2024-09-20T17:00:00,myopic_local,H04,3,3,1,0.525,7.252329403301915,0.10753295522921792,0.0,0.0,181.30823508254784,181.30823508254784,0.0,28.0,28.0,0.0,0.0,0.95,153.30823508254784,250.0,0.6132329403301914,0.22,95.18682341833762,33.867811718160524,10.878494104952873,50.44051759522423,13.597445385068008,13.597445385068008,4.766967542037388,13.5,0.5353168243612352,2.586067582583528,440.5985681549289,0.0,-3.0,181.30823508254784,181.30823508254784,0.0,28.0,28.0,0.0,0.0,153.30823508254784,250.0,0.6132329403301914,0.22,95.18682341833762,33.867811718160524,10.878494104952873,50.44051759522423,0.0,0.0,0.0,7.252329403301915,440.5985681549289,0.0,7.252329403301915,1.0,0.9065411754127394,7.252329403301915,0.0,181.30823508254784,181.30823508254784,0.0,0.0,0.0,1.0,1.0
101,,101,0,2024-09-20T17:00:00,myopic_local,H05,4,4,1,0.8,0.02708549817578448,0.10753295522921792,0.0,0.0,0.677137454394612,55.012009014071296,0.0,52.5,52.5,0.0,0.0,0.95,2.512009014071296,500.0,0.005024018028142592,0.22,44.00960721125704,0.8151419830956852,3.300720540844277,39.89374468731708,16.225203362689168,16.225203362689168,7.2888583415162795,13.5,0.5353168243612352,2.586067582583528,440.5985681549289,0.0,-3.0,0.677137454394612,55.012009014071296,0.0,52.5,52.5,0.0,0.0,2.512009014071296,500.0,0.005024018028142592,0.22,44.00960721125704,0.8151419830956852,3.300720540844277,39.89374468731708,0.0,0.0,0.0,0.02708549817578448,440.5985681549289,2.1733948623870667,2.2004803605628513,1.0,0.1375300225351782,2.2004803605628513,54.334871559676685,55.012009014071296,55.012009014071296,0.0,0.0,0.0,1.0,1.0
101,,101,0,2024-09-20T17:00:00,myopic_local,H06,5,5,1,0.43333333333333335,28.580662250867913,0.10753295522921792,47.17748344075468,32.17748344075468,714.5165562716978,400.0,0.0,70.0,70.0,0.0,0.0,0.95,330.0,700.0,0.4714285714285714,0.22,173.33333333333334,72.94999999999999,24.0,76.38333333333335,12.976793570165071,12.976793570165071,4.541873660878843,13.5,0.5353168243612352,2.586067582583528,440.5985681549289,0.0,-3.0,714.5165562716978,400.0,0.0,70.0,70.0,0.0,0.0,330.0,700.0,0.4714285714285714,0.22,173.33333333333334,72.94999999999999,24.0,76.38333333333335,0.0,0.5362913906792446,0.0,28.580662250867913,440.5985681549289,0.0,28.580662250867913,0.5598190783530261,1.7862913906792446,16.0,0.0,714.5165562716978,400.0,314.5165562716978,0.0,0.0,1.0,0.5598190783530261
101,,101,0,2024-09-20T17:00:00,myopic_local,H07,6,6,1,0.8,0.055450816573522146,0.10753295522921792,0.0,0.0,1.3862704143380535,51.848383222503216,0.0,17.5,17.5,48.815789473684156,0.0,0.95,83.16417269618736,350.0,0.23761192198910674,0.22,41.47870657800257,18.38361799316122,3.110902993350191,19.984185591491162,10.330397073327779,10.330397073327779,1.704906955714586,13.5,0.5353168243612352,2.586067582583528,440.5985681549289,0.0,-3.0,1.3862704143380535,51.848383222503216,0.0,17.5,17.5,48.815789473684156,0.0,83.16417269618736,350.0,0.23761192198910674,0.22,41.47870657800257,18.38361799316122,3.110902993350191,19.984185591491162,0.0,0.0,0.0,0.055450816573522146,440.5985681549289,2.018484512326605,2.073935328900127,1.0,0.1728279440750106,2.073935328900127,50.46211280816516,51.848383222503216,51.848383222503216,0.0,0.0,0.0,1.0,1.0
101,,101,0,2024-09-20T17:00:00,myopic_local,H08,7,7,1,0.525,14.262461456530167,0.10753295522921792,0.0,0.0,356.56153641325415,356.56153641325415,0.0,63.0,63.0,0.0,0.0,0.95,293.56153641325415,500.0,0.5871230728265083,0.22,187.19480661695843,64.89853801091591,21.39369218479525,100.90257642124726,9.610411263249432,9.610411263249432,1.258074229067754,13.5,0.5353168243612352,2.586067582583528,440.5985681549289,0.0,-3.0,356.56153641325415,356.56153641325415,0.0,63.0,63.0,0.0,0.0,293.56153641325415,500.0,0.5871230728265083,0.22,187.19480661695843,64.89853801091591,21.39369218479525,100.90257642124726,0.0,0.0,0.0,14.262461456530167,440.5985681549289,0.0,14.262461456530167,1.0,0.8914038410331354,14.262461456530167,0.0,356.56153641325415,356.56153641325415,0.0,0.0,0.0,1.0,1.0
101,,101,0,2024-09-20T18:00:00,myopic_local,H01,0,0,2,0.8,0.000726507431263125,0.18613688239914764,0.0,0.0,0.018162685781578123,127.24758742872994,0.0,12.8,12.8,0.0,0.0,0.95,114.44758742872995,250.0,0.4577903497149198,0.3,101.79806994298396,34.39827622861898,7.634855245723797,59.764938468641176,9.647321972419576,9.647321972419576,1.3886063593512012,13.5,0.7492386156210151,5.200647796004018,529.0575988097373,0.0,-3.0,0.018162685781578123,127.24758742872994,0.0,12.8,12.8,0.0,0.0,114.44758742872995,250.0,0.4577903497149198,0.3,101.79806994298396,34.39827622861898,7.634855245723797,59.764938468641176,0.0,0.0,0.0,0.000726507431263125,529.0575988097373,5.089176989717934,5.089903497149198,1.0,0.6362379371436497,5.089903497149198,127.22942474294837,127.24758742872994,127.24758742872994,0.0,0.0,0.0,1.0,1.0
101,,101,0,2024-09-20T18:00:00,myopic_local,H02,1,1,2,0.8,0.000699945661706565,0.18613688239914764,0.0,0.0,0.01749864154266412,128.3186242618641,0.0,9.6,9.6,0.0,0.0,0.95,118.71862426186411,250.0,0.47487449704745643,0.3,102.65489940949129,35.663587278559234,7.699117455711845,59.292194675220216,9.62985461768245,9.62985461768245,1.2093719502709936,13.5,0.7492386156210151,5.200647796004018,529.0575988097373,0.0,-3.0,0.01749864154266412,128.3186242618641,0.0,9.6,9.6,0.0,0.0,118.71862426186411,250.0,0.47487449704745643,0.3,102.65489940949129,35.663587278559234,7.699117455711845,59.292194675220216,0.0,0.0,0.0,0.000699945661706565,529.0575988097373,5.132045024812857,5.132744970474564,1.0,0.6415931213093204,5.132744970474564,128.30112562032144,128.3186242618641,128.3186242618641,0.0,0.0,0.0,1.0,1.0
101,,101,0,2024-09-20T18:00:00,myopic_local,H03,2,2,2,0.8,0.004036549513611921,0.18613688239914764,0.0,0.0,0.10091373784029803,135.89719573060245,0.0,9.6,9.6,0.0,0.0,0.95,126.29719573060245,350.0,0.36084913065886415,0.3,108.71775658448196,37.93715871918074,8.153831743836147,62.62676612146507,10.53824455667839,10.53824455667839,1.9998997427161034,13.5,0.7492386156210151,5.200647796004018,529.0575988097373,0.0,-3.0,0.10091373784029803,135.89719573060245,0.0,9.6,9.6,0.0,0.0,126.29719573060245,350.0,0.36084913065886415,0.3,108.71775658448196,37.93715871918074,8.153831743836147,62.62676612146507,0.0,0.0,0.0,0.004036549513611921,529.0575988097373,5.431851279710486,5.4358878292240975,1.0,0.4529906524353415,5.4358878292240975,135.79628199276215,135.89719573060245,135.89719573060245,0.0,0.0,0.0,1.0,1.0
101,,101,0,2024-09-20T18:00:00,myopic_local,H04,3,3,2,0.525,8.767149584247164,0.18613688239914764,5.753621881853732,0.0,219.17873960617908,199.99999999999997,0.0,12.8,12.8,0.0,0.0,0.95,187.19999999999996,250.0,0.7487999999999998,0.3,104.99999999999999,56.22399999999999,12.0,36.775999999999996,13.888721582976693,13.888721582976693,5.155117892815165,13.5,0.7492386156210151,5.200647796004018,529.0575988097373,0.0,-3.0,219.17873960617908,199.99999999999997,0.0,12.8,12.8,0.0,0.0,187.19999999999996,250.0,0.7487999999999998,0.3,104.99999999999999,56.22399999999999,12.0,36.775999999999996,0.0,0.0,0.0,8.767149584247164,529.0575988097373,0.0,8.767149584247164,0.9124972630071716,1.0958936980308955,8.0,0.0,219.17873960617908,199.99999999999997,19.178739606179107,0.0,0.0,1.0,0.9124972630071716
101,,101,0,2024-09-20T18:00:00,myopic_local,H05,4,4,2,0.43333333333333335,18.707248686000696,0.18613688239914764,10.15218257250261,0.0,467.68121715001735,399.99999999999994,0.0,24.0,24.0,0.0,0.0,0.95,375.99999999999994,500.0,0.7519999999999999,0.3,173.33333333333331,112.91999999999999,24.0,36.41333333333333,16.780889216014838,16.780889216014838,7.977298157533578,13.5,0.7492386156210151,5.200647796004018,529.0575988097373,0.0,-3.0,467.68121715001735,399.99999999999994,0.0,24.0,24.0,0.0,0.0,375.99999999999994,500.0,0.7519999999999999,0.3,173.33333333333331,112.91999999999999,24.0,36.41333333333333,0.0,0.0,0.0,18.707248686000696,529.0575988097373,0.0,18.707248686000696,0.8552834395136562,1.1692030428750435,16.0,0.0,467.68121715001735,399.99999999999994,67.6812171500174,0.0,0.0,1.0,0.8552834395136562
101,,101,0,2024-09-20T18:00:00,myopic_local,H06,5,5,2,0.8,9.831377549393173e-05,0.18613688239914764,0.0,0.0,0.0024578443873482935,314.51901411608515,0.0,32.0,32.0,0.0,0.0,0.95,282.51901411608515,700.0,0.40359859159440736,0.3,251.61521129286814,84.91570423482554,18.871140846965112,147.82836621107748,12.914022907417621,12.914022907417621,4.527197926991948,13.5,0.7492386156210151,5.200647796004018,529.0575988097373,0.0,-3.0,0.0024578443873482935,314.51901411608515,0.0,32.0,32.0,0.0,0.0,282.51901411608515,700.0,0.40359859159440736,0.3,251.61521129286814,84.91570423482554,18.871140846965112,147.82836621107748,0.0,0.0,0.0,9.831377549393173e-05,529.0575988097373,12.580662250867913,12.580760564643407,1.0,0.786297535290213,12.580760564643407,314.5165562716978,314.51901411608515,314.51901411608515,0.0,0.0,0.0,1.0,1.0
101,,101,0,2024-09-20T18:00:00,myopic_local,H07,6,6,2,0.525,15.89928192093355,0.18613688239914764,19.496409604667754,4.496409604667755,397.48204802333885,300.00000000000006,0.0,8.0,8.0,0.0,0.0,0.95,292.00000000000006,350.0,0.8342857142857144,0.3,157.50000000000003,87.64000000000001,18.0,51.860000000000014,10.464974566133215,10.464974566133215,1.9256162347759367,13.5,0.7492386156210151,5.200647796004018,529.0575988097373,0.0,-3.0,397.48204802333885,300.00000000000006,0.0,8.0,8.0,0.0,0.0,292.00000000000006,350.0,0.8342857142857144,0.3,157.50000000000003,87.64000000000001,18.0,51.860000000000014,0.0,0.07494016007779591,0.0,15.89928192093355,529.0575988097373,0.0,15.89928192093355,0.7547510673548332,1.324940160077796,12.0,0.0,397.48204802333885,300.00000000000006,97.48204802333879,1.1102230246251565e-16,0.0,1.0,0.7547510673548332
101,,101,0,2024-09-20T18:00:00,myopic_local,H08,7,7,2,0.525,18.31972143775716,0.18613688239914764,8.69895539158935,0.0,457.993035943929,400.0,0.0,28.8,28.8,0.0,0.0,0.95,371.2,500.0,0.7424,0.3,210.0,111.504,24.0,74.496,9.533184887345042,9.533184887345042,1.2229209573864617,13.5,0.7492386156210151,5.200647796004018,529.0575988097373,0.0,-3.0,457.993035943929,400.0,0.0,28.8,28.8,0.0,0.0,371.2,500.0,0.7424,0.3,210.0,111.504,24.0,74.496,0.0,0.0,0.0,18.31972143775716,529.0575988097373,0.0,18.31972143775716,0.8733757254094384,1.1449825898598225,16.0,0.0,457.993035943929,400.0,57.99303594392899,0.0,0.0,1.0,0.8733757254094384
101,,101,0,2024-09-20T19:00:00,myopic_local,H01,0,0,3,0.525,10.724406264349348,0.18409735528305693,20.43304698262011,5.433046982620109,268.1101566087337,200.0,0.0,3.2,3.2,0.0,0.0,0.95,196.8,250.0,0.7872,0.34,105.0,66.92800000000001,12.0,26.07199999999999,9.910332551913875,9.910332551913875,1.5720421411373182,13.5,0.7432684619838356,1.8963536537347387,214.31504192548385,0.0,-3.0,268.1101566087337,200.0,0.0,3.2,3.2,0.0,0.0,196.8,250.0,0.7872,0.34,105.0,66.92800000000001,12.0,26.07199999999999,0.0,0.09055078304366848,0.0,10.724406264349348,214.31504192548385,0.0,10.724406264349348,0.7459620423551123,1.3405507830436685,8.0,0.0,268.1101566087337,200.0,68.11015660873369,0.0,0.0,1.0,0.7459620423551123
101,,101,0,2024-09-20T19:00:00,myopic_local,H02,1,1,3,0.525,10.920905505784653,0.18409735528305693,21.906791293384895,6.906791293384895,273.02263764461634,200.00000000000003,0.0,2.4,2.4,0.0,0.0,0.95,197.60000000000002,250.0,0.7904000000000001,0.34,105.00000000000001,67.19600000000001,12.0,25.804000000000002,9.904260044565087,9.904260044565087,1.4022533721422303,13.5,0.7432684619838356,1.8963536537347387,214.31504192548385,0.0,-3.0,273.02263764461634,200.00000000000003,0.0,2.4,2.4,0.0,0.0,197.60000000000002,250.0,0.7904000000000001,0.34,105.00000000000001,67.19600000000001,12.0,25.804000000000002,0.0,0.11511318822308159,0.0,10.920905505784653,214.31504192548385,0.0,10.920905505784653,0.7325399890844684,1.3651131882230816,8.0,0.0,273.02263764461634,200.00000000000003,73.02263764461631,0.0,0.0,1.0,0.7325399890844684
101,,101,0,2024-09-20T19:00:00,myopic_local,H03,2,2,3,0.525,10.298568726204405,0.18409735528305693,0.0,0.0,257.46421815511013,257.46421815511013,0.0,2.4,2.4,0.0,0.0,0.95,255.06421815511013,350.0,0.7287549090146004,0.34,135.1687145314328,86.73383417273745,15.447853089306607,32.98702726938876,10.503682165313556,10.503682165313556,1.8534673587555461,13.5,0.7432684619838356,1.8963536537347387,214.31504192548385,0.0,-3.0,257.46421815511013,257.46421815511013,0.0,2.4,2.4,0.0,0.0,255.06421815511013,350.0,0.7287549090146004,0.34,135.1687145314328,86.73383417273745,15.447853089306607,32.98702726938876,0.0,0.0,0.0,10.298568726204405,214.31504192548385,0.0,10.298568726204405,1.0,0.8582140605170337,10.298568726204405,0.0,257.46421815511013,257.46421815511013,0.0,0.0,0.0,1.0,1.0
101,,101,0,2024-09-20T19:00:00,myopic_local,H04,3,3,3,0.525,2.342324973790596,0.18409735528305693,0.0,0.0,58.558124344764884,77.73686395094398,0.0,3.2,3.2,0.0,0.0,0.95,74.53686395094398,250.0,0.29814745580377594,0.34,40.811853574245596,25.358533743320955,4.66421183705664,10.789107993868,13.558321776210574,13.558321776210574,4.6767678955806815,13.5,0.7432684619838356,1.8963536537347387,214.31504192548385,0.0,-3.0,58.558124344764884,77.73686395094398,0.0,3.2,3.2,0.0,0.0,74.53686395094398,250.0,0.29814745580377594,0.34,40.811853574245596,25.358533743320955,4.66421183705664,10.789107993868,0.0,0.0,0.0,2.342324973790596,214.31504192548385,0.7671495842471643,3.10947455803776,1.0,0.38868431975472,3.10947455803776,19.178739606179107,77.73686395094398,77.73686395094398,0.0,0.0,0.0,1.0,1.0
101,,101,0,2024-09-20T19:00:00,myopic_local,H05,4,4,3,0.8,0.01602953197935519,0.18409735528305693,0.0,0.0,0.40073829948387973,68.08195544950128,0.0,6.0,6.0,0.0,0.0,0.95,62.08195544950128,500.0,0.12416391089900256,0.34,54.465564359601025,21.137864852830436,4.084917326970077,29.242782179800507,16.28420920721063,16.28420920721063,7.2947719475724675,13.5,0.7432684619838356,1.8963536537347387,214.31504192548385,0.0,-3.0,0.40073829948387973,68.08195544950128,0.0,6.0,6.0,0.0,0.0,62.08195544950128,500.0,0.12416391089900256,0.34,54.465564359601025,21.137864852830436,4.084917326970077,29.242782179800507,0.0,0.0,0.0,0.01602953197935519,214.31504192548385,2.707248686000696,2.7232782179800514,1.0,0.17020488862375321,2.7232782179800514,67.6812171500174,68.08195544950128,68.08195544950128,0.0,0.0,0.0,1.0,1.0
101,,101,0,2024-09-20T19:00:00,myopic_local,H06,5,5,3,0.525,6.636076138235427,0.18409735528305693,0.0,0.0,165.90190345588564,165.90190345588564,0.0,8.0,8.0,0.0,0.0,0.95,157.90190345588564,700.0,0.22557414779412235,0.34,87.09849931433996,53.72664717500112,9.95411420735314,23.4177379319857,13.059477402571765,13.059477402571765,4.552232497307209,13.5,0.7432684619838356,1.8963536537347387,214.31504192548385,0.0,-3.0,165.90190345588564,165.90190345588564,0.0,8.0,8.0,0.0,0.0,157.90190345588564,700.0,0.22557414779412235,0.34,87.09849931433996,53.72664717500112,9.95411420735314,23.4177379319857,0.0,0.0,0.0,6.636076138235427,214.31504192548385,0.0,6.636076138235427,1.0,0.41475475863971417,6.636076138235427,0.0,165.90190345588564,165.90190345588564,0.0,0.0,0.0,1.0,1.0
101,,101,0,2024-09-20T19:00:00,myopic_local,H07,6,6,3,0.8,0.009731091463485044,0.18409735528305693,0.0,0.0,0.2432772865871261,97.72532530992592,0.0,2.0,2.0,0.0,0.0,0.95,95.72532530992592,350.0,0.2735009294569312,0.34,78.18026024794074,32.556610605374814,5.863519518595554,39.76013012397037,10.33575562359263,10.33575562359263,1.659029879698561,13.5,0.7432684619838356,1.8963536537347387,214.31504192548385,0.0,-3.0,0.2432772865871261,97.72532530992592,0.0,2.0,2.0,0.0,0.0,95.72532530992592,350.0,0.2735009294569312,0.34,78.18026024794074,32.556610605374814,5.863519518595554,39.76013012397037,0.0,0.0,0.0,0.009731091463485044,214.31504192548385,3.899281920933551,3.909013012397036,1.0,0.3257510843664197,3.909013012397036,97.48204802333879,97.72532530992592,97.72532530992592,0.0,0.0,0.0,1.0,1.0
101,,101,0,2024-09-20T19:00:00,myopic_local,H08,7,7,3,0.8,0.06330420488989202,0.18409735528305693,0.0,0.0,1.5826051222473005,59.57564106617629,0.0,7.2,7.2,0.0,0.0,0.95,52.375641066176286,500.0,0.10475128213235257,0.34,47.66051285294103,17.84371796249994,3.574538463970578,26.24225642647051,9.688022880677805,9.688022880677805,1.278798139651041,13.5,0.7432684619838356,1.8963536537347387,214.31504192548385,0.0,-3.0,1.5826051222473005,59.57564106617629,0.0,7.2,7.2,0.0,0.0,52.375641066176286,500.0,0.10475128213235257,0.34,47.66051285294103,17.84371796249994,3.574538463970578,26.24225642647051,0.0,0.0,0.0,0.06330420488989202,214.31504192548385,2.3197214377571598,2.383025642647052,1.0,0.14893910266544075,2.383025642647052,57.99303594392899,59.57564106617629,59.57564106617629,0.0,0.0,0.0,1.0,1.0
101,,101,0,2024-09-20T20:00:00,myopic_local,H01,0,0,4,0.8,0.001727334816678452,0.051249953714421384,0.0,0.0,0.04318337041696129,68.15333997915064,0.0,0.0,0.0,0.0,0.0,0.95,68.15333997915064,250.0,0.27261335991660257,0.27,54.52267198332052,18.401401794370674,4.08920039874904,32.03206979020081,9.685706236951704,9.685706236951704,1.4021562418194784,13.5,0.31267306369935804,1.5308732012669817,153.08732012669816,0.0,-3.0,0.04318337041696129,68.15333997915064,0.0,0.0,0.0,0.0,0.0,68.15333997915064,250.0,0.27261335991660257,0.27,54.52267198332052,18.401401794370674,4.08920039874904,32.03206979020081,0.0,0.0,0.0,0.001727334816678452,153.08732012669816,2.724406264349348,2.7261335991660265,1.0,0.3407666998957533,2.7261335991660265,68.11015660873369,68.15333997915064,68.15333997915064,0.0,0.0,0.0,1.0,1.0
101,,101,0,2024-09-20T20:00:00,myopic_local,H02,1,1,4,0.8,0.0013794825398030159,0.051249953714421384,0.0,0.0,0.034487063495075396,73.05712470811139,0.0,0.0,0.0,0.0,0.0,0.95,73.05712470811139,250.0,0.29222849883244556,0.27,58.44569976648911,19.725423671190075,4.383427482486683,34.33684861281236,9.657647874958668,9.657647874958668,1.2159992941166347,13.5,0.31267306369935804,1.5308732012669817,153.08732012669816,0.0,-3.0,0.034487063495075396,73.05712470811139,0.0,0.0,0.0,0.0,0.0,73.05712470811139,250.0,0.29222849883244556,0.27,58.44569976648911,19.725423671190075,4.383427482486683,34.33684861281236,0.0,0.0,0.0,0.0013794825398030159,153.08732012669816,2.9209055057846527,2.9222849883244555,1.0,0.36528562354055694,2.9222849883244555,73.02263764461631,73.05712470811139,73.05712470811139,0.0,0.0,0.0,1.0,1.0
101,,101,0,2024-09-20T20:00:00,myopic_local,H03,2,2,4,0.43333333333333335,7.03745703019411,0.051249953714421384,0.0,0.0,175.93642575485276,175.93642575485276,0.0,0.0,0.0,0.0,0.0,0.95,175.93642575485276,350.0,0.5026755021567222,0.27,76.23911782710287,47.50283495381025,10.556185545291164,18.18009732800146,10.589322577229423,10.589322577229423,1.9938276341379193,13.5,0.31267306369935804,1.5308732012669817,153.08732012669816,0.0,-3.0,175.93642575485276,175.93642575485276,0.0,0.0,0.0,0.0,0.0,175.93642575485276,350.0,0.5026755021567222,0.27,76.23911782710287,47.50283495381025,10.556185545291164,18.18009732800146,0.0,0.0,0.0,7.03745703019411,153.08732012669816,0.0,7.03745703019411,1.0,0.5864547525161758,7.03745703019411,0.0,175.93642575485276,175.93642575485276,0.0,0.0,0.0,1.0,1.0
101,,101,0,2024-09-20T20:00:00,myopic_local,H04,3,3,4,0.43333333333333335,3.9914855523378456,0.051249953714421384,0.0,0.0,99.78713880844614,99.78713880844614,0.0,0.0,0.0,0.0,0.0,0.95,99.78713880844614,250.0,0.39914855523378456,0.27,43.241093483659995,26.94252747828046,5.9872283285067684,10.311337676872766,13.865335258934774,13.865335258934774,5.007386761207176,13.5,0.31267306369935804,1.5308732012669817,153.08732012669816,0.0,-3.0,99.78713880844614,99.78713880844614,0.0,0.0,0.0,0.0,0.0,99.78713880844614,250.0,0.39914855523378456,0.27,43.241093483659995,26.94252747828046,5.9872283285067684,10.311337676872766,0.0,0.0,0.0,3.9914855523378456,153.08732012669816,0.0,3.9914855523378456,1.0,0.4989356940422307,3.9914855523378456,0.0,99.78713880844614,99.78713880844614,0.0,0.0,0.0,1.0,1.0
101,,101,0,2024-09-20T20:00:00,myopic_local,H05,4,4,4,0.43333333333333335,2.5100351384046755,0.051249953714421384,0.0,0.0,62.750878460116894,62.750878460116894,0.0,0.0,0.0,0.0,0.0,0.95,62.750878460116894,500.0,0.1255017569202338,0.27,27.192047332717323,16.94273718423156,3.7650527076070133,6.484257440878748,16.459615803367427,16.459615803367427,7.493489371878223,13.5,0.31267306369935804,1.5308732012669817,153.08732012669816,0.0,-3.0,62.750878460116894,62.750878460116894,0.0,0.0,0.0,0.0,0.0,62.750878460116894,500.0,0.1255017569202338,0.27,27.192047332717323,16.94273718423156,3.7650527076070133,6.484257440878748,0.0,0.0,0.0,2.5100351384046755,153.08732012669816,0.0,2.5100351384046755,1.0,0.15687719615029222,2.5100351384046755,0.0,62.750878460116894,62.750878460116894,0.0,0.0,0.0,1.0,1.0
101,,101,0,2024-09-20T20:00:00,myopic_local,H06,5,5,4,0.43333333333333335,4.559407565509623,0.051249953714421384,0.0,0.0,113.9851891377406,113.9851891377406,0.0,0.0,0.0,0.0,0.0,0.95,113.9851891377406,700.0,0.16283598448248657,0.27,49.393581959687594,30.776001067189966,6.839111348264435,11.778469544233193,13.07311761550137,13.07311761550137,4.608165945162078,13.5,0.31267306369935804,1.5308732012669817,153.08732012669816,0.0,-3.0,113.9851891377406,113.9851891377406,0.0,0.0,0.0,0.0,0.0,113.9851891377406,700.0,0.16283598448248657,0.27,49.393581959687594,30.776001067189966,6.839111348264435,11.778469544233193,0.0,0.0,0.0,4.559407565509623,153.08732012669816,0.0,4.559407565509623,1.0,0.28496297284435146,4.559407565509623,0.0,113.9851891377406,113.9851891377406,0.0,0.0,0.0,1.0,1.0
101,,101,0,2024-09-20T20:00:00,myopic_local,H07,6,6,4,0.43333333333333335,7.288349865060278,0.051249953714421384,0.0,0.0,182.20874662650695,182.20874662650695,0.0,0.0,0.0,0.0,0.0,0.95,182.20874662650695,350.0,0.520596418932877,0.27,78.95712353815301,49.19636158915688,10.932524797590418,18.828237151405716,10.405836136966492,10.405836136966492,1.7848224943181066,13.5,0.31267306369935804,1.5308732012669817,153.08732012669816,0.0,-3.0,182.20874662650695,182.20874662650695,0.0,0.0,0.0,0.0,0.0,182.20874662650695,350.0,0.520596418932877,0.27,78.95712353815301,49.19636158915688,10.932524797590418,18.828237151405716,0.0,0.0,0.0,7.288349865060278,153.08732012669816,0.0,7.288349865060278,1.0,0.6073624887550232,7.288349865060278,0.0,182.20874662650695,182.20874662650695,0.0,0.0,0.0,1.0,1.0
101,,101,0,2024-09-20T20:00:00,myopic_local,H08,7,7,4,0.43333333333333335,8.181678418952181,0.051249953714421384,0.0,0.0,204.54196047380447,204.54196047380447,0.0,0.0,0.0,0.0,0.0,0.95,204.54196047380447,500.0,0.4090839209476089,0.27,88.63484953864861,55.22632932792721,12.272517628428272,21.136002582293127,9.596572362242982,9.596572362242982,1.2474315458991434,13.5,0.31267306369935804,1.5308732012669817,153.08732012669816,0.0,-3.0,204.54196047380447,204.54196047380447,0.0,0.0,0.0,0.0,0.0,204.54196047380447,500.0,0.4090839209476089,0.27,88.63484953864861,55.22632932792721,12.272517628428272,21.136002582293127,0.0,0.0,0.0,8.181678418952181,153.08732012669816,0.0,8.181678418952181,1.0,0.5113549011845113,8.181678418952181,0.0,204.54196047380447,204.54196047380447,0.0,0.0,0.0,1.0,1.0
101,,101,0,2024-09-20T21:00:00,myopic_local,H01,0,0,5,0.43333333333333335,1.4689872824465016,0.011431685475869915,0.0,0.0,36.72468206116253,36.72468206116253,0.0,0.0,0.0,0.0,36.72468206116253,0.7567121996780919,0.0,250.0,0.0,0.2,15.914028893170432,1.1017404618348758,2.203480923669752,12.608807507665805,9.667576183517312,9.667576183517312,1.4241811253983434,13.5,0.09056590896090695,1.8008853401594658,180.08853401594658,0.0,-3.0,36.72468206116253,36.72468206116253,0.0,0.0,0.0,0.0,36.72468206116253,0.0,250.0,0.0,0.2,15.914028893170432,1.1017404618348758,2.203480923669752,12.608807507665805,0.0,0.0,0.0,1.4689872824465016,180.08853401594658,0.0,1.4689872824465016,1.0,0.1836234103058127,1.4689872824465016,0.0,36.72468206116253,36.72468206116253,0.0,0.0,0.0,1.0,1.0
101,,101,0,2024-09-20T21:00:00,myopic_local,H02,1,1,5,0.43333333333333335,1.5045928625691567,0.011431685475869915,0.0,0.0,37.61482156422891,37.61482156422891,0.0,0.0,0.0,0.0,37.61482156422891,0.7520272549251109,0.0,250.0,0.0,0.2,16.29975601116586,1.1284446469268674,2.2568892938537353,12.914422070385259,9.603741223369367,9.603741223369367,1.21531635093857,13.5,0.09056590896090695,1.8008853401594658,180.08853401594658,1.4210854715202004e-14,-3.0,37.61482156422891,37.61482156422891,0.0,0.0,0.0,0.0,37.61482156422891,0.0,250.0,0.0,0.2,16.29975601116586,1.1284446469268674,2.2568892938537353,12.914422070385259,1.4210854715202004e-14,0.0,0.0,1.5045928625691567,180.08853401594658,0.0,1.5045928625691567,1.0,0.1880741078211446,1.5045928625691567,0.0,37.61482156422891,37.61482156422891,0.0,0.0,0.0,1.0,1.0
101,,101,0,2024-09-20T21:00:00,myopic_local,H03,2,2,5,0.3416666666666667,4.800231272046916,0.011431685475869915,0.0,0.0,120.0057818011729,120.0057818011729,0.0,0.0,0.0,0.0,120.0057818011729,0.5289270813993934,0.0,350.0,0.0,0.2,41.00197544873407,3.600173454035187,7.200346908070374,30.201455086628513,10.445305527888452,10.445305527888452,1.9024177898947998,13.5,0.09056590896090695,1.8008853401594658,180.08853401594658,1.4210854715202004e-14,-3.0,120.0057818011729,120.0057818011729,0.0,0.0,0.0,0.0,120.0057818011729,0.0,350.0,0.0,0.2,41.00197544873407,3.600173454035187,7.200346908070374,30.201455086628513,1.4210854715202004e-14,0.0,0.0,4.800231272046916,180.08853401594658,0.0,4.800231272046916,1.0,0.4000192726705763,4.800231272046916,0.0,120.0057818011729,120.0057818011729,0.0,0.0,0.0,1.0,1.0
101,,101,0,2024-09-20T21:00:00,myopic_local,H04,3,3,5,0.3416666666666667,2.677863199768206,0.011431685475869915,0.0,0.0,66.94657999420515,66.94657999420515,0.0,0.0,0.0,0.0,66.94657999420515,0.6681196631822941,0.0,250.0,0.0,0.2,22.87341483135343,2.0083973998261544,4.016794799652309,16.848222631874965,13.803041382235563,13.803041382235563,4.998477813600597,13.5,0.09056590896090695,1.8008853401594658,180.08853401594658,0.0,-3.0,66.94657999420515,66.94657999420515,0.0,0.0,0.0,0.0,66.94657999420515,0.0,250.0,0.0,0.2,22.87341483135343,2.0083973998261544,4.016794799652309,16.848222631874965,0.0,0.0,0.0,2.677863199768206,180.08853401594658,0.0,2.677863199768206,1.0,0.33473289997102573,2.677863199768206,0.0,66.94657999420515,66.94657999420515,0.0,0.0,0.0,1.0,1.0
101,,101,0,2024-09-20T21:00:00,myopic_local,H05,4,4,5,0.25,5.811573752499147,0.011431685475869915,0.0,0.0,145.28934381247868,145.28934381247868,0.0,0.0,0.0,0.0,145.28934381247868,0.644127697236887,0.0,500.0,0.0,0.2,36.32233595311967,4.35868031437436,8.71736062874872,23.246295009996587,16.559809141002347,16.559809141002347,7.645289200804695,13.5,0.09056590896090695,1.8008853401594658,180.08853401594658,0.0,-3.0,145.28934381247868,145.28934381247868,0.0,0.0,0.0,0.0,145.28934381247868,0.0,500.0,0.0,0.2,36.32233595311967,4.35868031437436,8.71736062874872,23.246295009996587,0.0,0.0,0.0,5.811573752499147,180.08853401594658,0.0,5.811573752499147,1.0,0.36322335953119667,5.811573752499147,0.0,145.28934381247868,145.28934381247868,0.0,0.0,0.0,1.0,1.0
101,,101,0,2024-09-20T21:00:00,myopic_local,H06,5,5,5,0.3416666666666667,2.970629453510368,0.011431685475869915,0.0,0.0,74.26573633775922,74.26573633775922,0.0,0.0,0.0,0.0,74.26573633775922,0.8197092344951593,0.0,700.0,0.0,0.2,25.374126582067735,2.2279720901327766,4.455944180265552,18.690210311669404,13.202267567428912,13.202267567428912,4.763286906117787,13.5,0.09056590896090695,1.8008853401594658,180.08853401594658,1.4210854715202004e-14,-3.0,74.26573633775922,74.26573633775922,0.0,0.0,0.0,0.0,74.26573633775922,0.0,700.0,0.0,0.2,25.374126582067735,2.2279720901327766,4.455944180265552,18.690210311669404,1.4210854715202004e-14,0.0,0.0,2.970629453510368,180.08853401594658,0.0,2.970629453510368,1.0,0.185664340844398,2.970629453510368,0.0,74.26573633775922,74.26573633775922,0.0,0.0,0.0,1.0,1.0
101,,101,0,2024-09-20T21:00:00,myopic_local,H07,6,6,5,0.3416666666666667,4.940319292425235,0.011431685475869915,0.0,0.0,123.50798231063088,123.50798231063088,0.0,0.0,0.0,0.0,123.50798231063088,0.5166386585591899,0.0,350.0,0.0,0.2,42.19856062279889,3.705239469318926,7.410478938637852,31.08284221484211,10.304450815430746,10.304450815430746,1.7375122765128446,13.5,0.09056590896090695,1.8008853401594658,180.08853401594658,0.0,-3.0,123.50798231063088,123.50798231063088,0.0,0.0,0.0,0.0,123.50798231063088,0.0,350.0,0.0,0.2,42.19856062279889,3.705239469318926,7.410478938637852,31.08284221484211,0.0,0.0,0.0,4.940319292425235,180.08853401594658,0.0,4.940319292425235,1.0,0.41169327436876957,4.940319292425235,0.0,123.50798231063088,123.50798231063088,0.0,0.0,0.0,1.0,1.0
101,,101,0,2024-09-20T21:00:00,myopic_local,H08,7,7,5,0.3416666666666667,5.482852320458372,0.011431685475869915,0.0,0.0,137.0713080114593,137.0713080114593,0.0,0.0,0.0,0.0,137.0713080114593,0.6614288252390331,0.0,500.0,0.0,0.2,46.83269690391526,4.1121392403437795,8.224278480687559,34.496279182883924,9.573906096755245,9.573906096755245,1.2613665689580877,13.5,0.09056590896090695,1.8008853401594658,180.08853401594658,5.684341886080802e-14,-3.0,137.0713080114593,137.0713080114593,0.0,0.0,0.0,0.0,137.0713080114593,0.0,500.0,0.0,0.2,46.83269690391526,4.1121392403437795,8.224278480687559,34.496279182883924,5.684341886080802e-14,0.0,0.0,5.482852320458372,180.08853401594658,0.0,5.482852320458372,1.0,0.34267827002864826,5.482852320458372,0.0,137.0713080114593,137.0713080114593,0.0,0.0,0.0,1.0,1.0
202,,202,1,2024-09-20T16:00:00,myopic_local,H01,0,0,0,0.525,3.8177180271711695,0.03860654759889066,0.0,0.0,95.44295067927925,95.44295067927925,0.0,44.0,44.0,84.21052631578947,0.0,0.95,135.65347699506873,250.0,0.5426139079802749,0.16,50.107549106621605,21.924556319210996,5.726577040756754,22.456415746653853,10.040354594869365,10.040354594869365,1.6603126141886053,13.5,0.2501691424392113,3.4533574435940633,345.3357443594063,0.0,-3.0,95.44295067927925,95.44295067927925,0.0,44.0,44.0,84.21052631578947,0.0,135.65347699506873,250.0,0.5426139079802749,0.16,50.107549106621605,21.924556319210996,5.726577040756754,22.456415746653853,0.0,0.0,0.0,3.8177180271711695,345.3357443594063,0.0,3.8177180271711695,1.0,0.4772147533963962,3.8177180271711695,0.0,95.44295067927925,95.44295067927925,0.0,0.0,0.0,1.0,1.0
202,,202,1,2024-09-20T16:00:00,myopic_local,H02,1,1,0,0.525,3.8869054943404944,0.03860654759889066,0.0,0.0,97.17263735851236,97.17263735851236,0.0,33.0,33.0,94.73684210526316,0.0,0.95,158.90947946377554,250.0,0.6356379178551022,0.16,51.01563461321899,25.590516714204085,5.830358241510742,19.594759657504166,10.017778291194405,10.017778291194405,1.4979681218370229,13.5,0.2501691424392113,3.4533574435940633,345.3357443594063,0.0,-3.0,97.17263735851236,97.17263735851236,0.0,33.0,33.0,94.73684210526316,0.0,158.90947946377554,250.0,0.6356379178551022,0.16,51.01563461321899,25.590516714204085,5.830358241510742,19.594759657504166,0.0,0.0,0.0,3.8869054943404944,345.3357443594063,0.0,3.8869054943404944,1.0,0.4858631867925618,3.8869054943404944,0.0,97.17263735851236,97.17263735851236,0.0,0.0,0.0,1.0,1.0
202,,202,1,2024-09-20T16:00:00,myopic_local,H03,2,2,0,0.43333333333333335,13.192983472483412,0.03860654759889066,5.964917362417066,0.0,329.8245868120853,299.99999999999994,0.0,33.0,0.0,83.00000000000006,0.0,0.8628333333333335,350.0,350.0,1.0,0.16,129.99999999999997,56.165,18.0,55.83499999999998,10.530337112136726,10.530337112136726,1.841841319076622,13.5,0.2501691424392113,3.4533574435940633,345.3357443594063,2.842170943040401e-14,-3.0,329.8245868120853,299.99999999999994,0.0,33.0,0.0,83.00000000000006,0.0,350.0,350.0,1.0,0.16,129.99999999999997,56.165,18.0,55.83499999999998,2.842170943040401e-14,0.0,0.0,13.192983472483412,345.3357443594063,0.0,13.192983472483412,0.9095743980145494,1.0994152893736178,12.0,0.0,329.8245868120853,299.99999999999994,29.82458681208533,8.326672684688674e-17,0.0,1.0,0.9095743980145494
202,,202,1,2024-09-20T16:00:00,myopic_local,H04,3,3,0,0.43333333333333335,7.953136729974983,0.03860654759889066,0.0,0.0,198.82841824937458,198.82841824937458,0.0,44.0,44.0,78.94736842105263,0.0,0.95,233.7757866704272,250.0,0.9351031466817088,0.16,86.15898124139565,37.624125867268354,11.929705094962475,36.60515027916482,13.439384529859652,13.439384529859652,4.4803883224640115,13.5,0.2501691424392113,3.4533574435940633,345.3357443594063,0.0,-3.0,198.82841824937458,198.82841824937458,0.0,44.0,44.0,78.94736842105263,0.0,233.7757866704272,250.0,0.9351031466817088,0.16,86.15898124139565,37.624125867268354,11.929705094962475,36.60515027916482,0.0,0.0,0.0,7.953136729974983,345.3357443594063,0.0,7.953136729974983,1.0,0.9941420912468729,7.953136729974983,0.0,198.82841824937458,198.82841824937458,0.0,0.0,0.0,1.0,1.0
202,,202,1,2024-09-20T16:00:00,myopic_local,H05,4,4,0,0.3416666666666667,18.173394862387067,0.03860654759889066,8.1502307339515,0.0,454.33487155967674,400.00000000000006,0.0,82.5,0.0,131.57894736842104,0.0,0.95,449.0789473684211,500.0,0.8981578947368422,0.16,136.66666666666669,72.26513157894738,24.0,40.40153508771931,15.833137202836946,15.833137202836946,6.733524141774079,13.5,0.2501691424392113,3.4533574435940633,345.3357443594063,1.4210854715202004e-14,-3.0,454.33487155967674,400.00000000000006,0.0,82.5,0.0,131.57894736842104,0.0,449.0789473684211,500.0,0.8981578947368422,0.16,136.66666666666669,72.26513157894738,24.0,40.40153508771931,1.4210854715202004e-14,0.0,0.0,18.173394862387067,345.3357443594063,0.0,18.173394862387067,0.8804078776230589,1.1358371788991917,16.0,0.0,454.33487155967674,400.00000000000006,54.334871559676685,0.0,0.0,1.0,0.8804078776230589
202,,202,1,2024-09-20T16:00:00,myopic_local,H06,5,5,0,0.43333333333333335,8.274420492079804,0.03860654759889066,0.0,0.0,206.8605123019951,206.8605123019951,0.0,110.0,110.0,126.31578947368422,0.0,0.95,223.17630177567932,700.0,0.31882328825097045,0.16,89.63955533086455,36.25820828410869,12.411630738119705,40.96971630863616,13.254105834288463,13.254105834288463,4.6623385990851105,13.5,0.2501691424392113,3.4533574435940633,345.3357443594063,0.0,-3.0,206.8605123019951,206.8605123019951,0.0,110.0,110.0,126.31578947368422,0.0,223.17630177567932,700.0,0.31882328825097045,0.16,89.63955533086455,36.25820828410869,12.411630738119705,40.96971630863616,0.0,0.0,0.0,8.274420492079804,345.3357443594063,0.0,8.274420492079804,1.0,0.5171512807549877,8.274420492079804,0.0,206.8605123019951,206.8605123019951,0.0,0.0,0.0,1.0,1.0
202,,202,1,2024-09-20T16:00:00,myopic_local,H07,6,6,0,0.43333333333333335,14.018484512326605,0.03860654759889066,10.092422561633025,0.0,350.4621128081651,299.99999999999994,0.0,27.5,27.5,77.50000000000006,0.0,0.7954166666666669,350.0,350.0,1.0,0.16,129.99999999999997,56.1375,18.0,55.86249999999997,10.213423682419654,10.213423682419654,1.467333514240707,13.5,0.2501691424392113,3.4533574435940633,345.3357443594063,0.0,-3.0,350.4621128081651,299.99999999999994,0.0,27.5,27.5,77.50000000000006,0.0,350.0,350.0,1.0,0.16,129.99999999999997,56.1375,18.0,55.86249999999997,0.0,0.0,0.0,14.018484512326605,345.3357443594063,0.0,14.018484512326605,0.8560126445514328,1.1682070426938838,12.0,0.0,350.4621128081651,299.99999999999994,50.46211280816516,0.0,0.0,1.0,0.8560126445514328
202,,202,1,2024-09-20T16:00:00,myopic_local,H08,7,7,0,0.43333333333333335,14.872181036001638,0.03860654759889066,0.0,0.0,371.80452590004097,371.80452590004097,0.0,99.0,0.0,131.57894736842104,0.0,0.95,404.383473268462,500.0,0.808766946536924,0.16,161.11529455668443,65.19635572295392,22.30827155400246,73.61066727972805,9.755315676353371,9.755315676353371,1.2799467208536626,13.5,0.2501691424392113,3.4533574435940633,345.3357443594063,1.4210854715202004e-14,-3.0,371.80452590004097,371.80452590004097,0.0,99.0,0.0,131.57894736842104,0.0,404.383473268462,500.0,0.808766946536924,0.16,161.11529455668443,65.19635572295392,22.30827155400246,73.61066727972805,1.4210854715202004e-14,0.0,0.0,14.872181036001638,345.3357443594063,0.0,14.872181036001638,1.0,0.9295113147501024,14.872181036001638,0.0,371.80452590004097,371.80452590004097,0.0,0.0,0.0,1.0,1.0
202,,202,1,2024-09-20T17:00:00,myopic_local,H01,0,0,1,0.525,13.089176989717934,0.10753295522921792,38.168827422884505,23.168827422884508,327.22942474294837,200.0,0.0,28.0,28.0,0.0,0.0,0.95,172.0,250.0,0.688,0.22,105.0,37.980000000000004,12.0,55.019999999999996,9.842358833170431,9.842358833170431,1.567675342881847,13.5,0.5353168243612352,2.586067582583528,440.5985681549289,0.0,-3.0,327.22942474294837,200.0,0.0,28.0,28.0,0.0,0.0,172.0,250.0,0.688,0.22,105.0,37.980000000000004,12.0,55.019999999999996,0.0,0.3861471237147418,0.0,13.089176989717934,440.5985681549289,0.0,13.089176989717934,0.6111919799300075,1.6361471237147418,8.0,0.0,327.22942474294837,200.0,127.22942474294837,0.0,0.0,1.0,0.6111919799300075
202,,202,1,2024-09-20T17:00:00,myopic_local,H02,1,1,1,0.525,13.132045024812857,0.10753295522921792,38.49033768609643,23.49033768609643,328.30112562032144,200.0,0.0,21.0,21.0,0.0,0.0,0.95,179.0,250.0,0.716,0.22,105.0,39.485,11.999999999999998,53.515,9.923824972089395,9.923824972089395,1.480407488761141,13.5,0.5353168243612352,2.586067582583528,440.5985681549289,0.0,-3.0,328.30112562032144,200.0,0.0,21.0,21.0,0.0,0.0,179.0,250.0,0.716,0.22,105.0,39.485,11.999999999999998,53.515,0.0,0.3915056281016072,0.0,13.132045024812857,440.5985681549289,0.0,13.132045024812857,0.6091968147294717,1.6415056281016072,7.999999999999999,0.0,328.30112562032144,200.0,128.30112562032144,0.0,0.0,1.0,0.6091968147294717
202,,202,1,2024-09-20T17:00:00,myopic_local,H03,2,2,1,0.43333333333333335,16.238867807227074,0.10753295522921792,27.15925639855243,12.15925639855243,405.9716951806768,300.0,0.0,21.0,21.0,27.52631578947366,0.0,0.95,306.52631578947364,350.0,0.8757894736842105,0.22,130.0,67.5407894736842,18.0,44.4592105263158,10.550404496912211,10.550404496912211,1.9528546106419333,13.5,0.5353168243612352,2.586067582583528,440.5985681549289,0.0,-3.0,405.9716951806768,300.0,0.0,21.0,21.0,27.52631578947366,0.0,306.52631578947364,350.0,0.8757894736842105,0.22,130.0,67.5407894736842,18.0,44.4592105263158,0.0,0.20265427330920716,0.0,16.238867807227074,440.5985681549289,1.1929834724834132,17.431851279710486,0.6883950423537173,1.4526542733092072,12.0,29.82458681208533,435.79628199276215,300.0,135.79628199276215,0.0,0.0,1.0,0.6883950423537173
202,,202,1,2024-09-20T17:00:00,myopic_local,H04,3,3,1,0.525,7.252329403301915,0.10753295522921792,0.0,0.0,181.30823508254784,181.30823508254784,0.0,28.0,28.0,0.0,0.0,0.95,153.30823508254784,250.0,0.6132329403301914,0.22,95.18682341833762,33.867811718160524,10.878494104952873,50.44051759522423,13.597445385068008,13.597445385068008,4.766967542037388,13.5,0.5353168243612352,2.586067582583528,440.5985681549289,0.0,-3.0,181.30823508254784,181.30823508254784,0.0,28.0,28.0,0.0,0.0,153.30823508254784,250.0,0.6132329403301914,0.22,95.18682341833762,33.867811718160524,10.878494104952873,50.44051759522423,0.0,0.0,0.0,7.252329403301915,440.5985681549289,0.0,7.252329403301915,1.0,0.9065411754127394,7.252329403301915,0.0,181.30823508254784,181.30823508254784,0.0,0.0,0.0,1.0,1.0
202,,202,1,2024-09-20T17:00:00,myopic_local,H05,4,4,1,0.8,0.02708549817578448,0.10753295522921792,0.0,0.0,0.677137454394612,55.012009014071296,0.0,52.5,52.5,0.0,0.0,0.95,2.512009014071296,500.0,0.005024018028142592,0.22,44.00960721125704,0.8151419830956852,3.300720540844277,39.89374468731708,16.225203362689168,16.225203362689168,7.2888583415162795,13.5,0.5353168243612352,2.586067582583528,440.5985681549289,0.0,-3.0,0.677137454394612,55.012009014071296,0.0,52.5,52.5,0.0,0.0,2.512009014071296,500.0,0.005024018028142592,0.22,44.00960721125704,0.8151419830956852,3.300720540844277,39.89374468731708,0.0,0.0,0.0,0.02708549817578448,440.5985681549289,2.1733948623870667,2.2004803605628513,1.0,0.1375300225351782,2.2004803605628513,54.334871559676685,55.012009014071296,55.012009014071296,0.0,0.0,0.0,1.0,1.0
202,,202,1,2024-09-20T17:00:00,myopic_local,H06,5,5,1,0.43333333333333335,28.580662250867913,0.10753295522921792,47.17748344075468,32.17748344075468,714.5165562716978,400.0,0.0,70.0,70.0,0.0,0.0,0.95,330.0,700.0,0.4714285714285714,0.22,173.33333333333334,72.94999999999999,24.0,76.38333333333335,12.976793570165071,12.976793570165071,4.541873660878843,13.5,0.5353168243612352,2.586067582583528,440.5985681549289,0.0,-3.0,714.5165562716978,400.0,0.0,70.0,70.0,0.0,0.0,330.0,700.0,0.4714285714285714,0.22,173.33333333333334,72.94999999999999,24.0,76.38333333333335,0.0,0.5362913906792446,0.0,28.580662250867913,440.5985681549289,0.0,28.580662250867913,0.5598190783530261,1.7862913906792446,16.0,0.0,714.5165562716978,400.0,314.5165562716978,0.0,0.0,1.0,0.5598190783530261
202,,202,1,2024-09-20T17:00:00,myopic_local,H07,6,6,1,0.8,0.055450816573522146,0.10753295522921792,0.0,0.0,1.3862704143380535,51.848383222503216,0.0,17.5,17.5,48.815789473684156,0.0,0.95,83.16417269618736,350.0,0.23761192198910674,0.22,41.47870657800257,18.38361799316122,3.110902993350191,19.984185591491162,10.330397073327779,10.330397073327779,1.704906955714586,13.5,0.5353168243612352,2.586067582583528,440.5985681549289,0.0,-3.0,1.3862704143380535,51.848383222503216,0.0,17.5,17.5,48.815789473684156,0.0,83.16417269618736,350.0,0.23761192198910674,0.22,41.47870657800257,18.38361799316122,3.110902993350191,19.984185591491162,0.0,0.0,0.0,0.055450816573522146,440.5985681549289,2.018484512326605,2.073935328900127,1.0,0.1728279440750106,2.073935328900127,50.46211280816516,51.848383222503216,51.848383222503216,0.0,0.0,0.0,1.0,1.0
202,,202,1,2024-09-20T17:00:00,myopic_local,H08,7,7,1,0.525,14.262461456530167,0.10753295522921792,0.0,0.0,356.56153641325415,356.56153641325415,0.0,63.0,63.0,0.0,0.0,0.95,293.56153641325415,500.0,0.5871230728265083,0.22,187.19480661695843,64.89853801091591,21.39369218479525,100.90257642124726,9.610411263249432,9.610411263249432,1.258074229067754,13.5,0.5353168243612352,2.586067582583528,440.5985681549289,0.0,-3.0,356.56153641325415,356.56153641325415,0.0,63.0,63.0,0.0,0.0,293.56153641325415,500.0,0.5871230728265083,0.22,187.19480661695843,64.89853801091591,21.39369218479525,100.90257642124726,0.0,0.0,0.0,14.262461456530167,440.5985681549289,0.0,14.262461456530167,1.0,0.8914038410331354,14.262461456530167,0.0,356.56153641325415,356.56153641325415,0.0,0.0,0.0,1.0,1.0
202,,202,1,2024-09-20T18:00:00,myopic_local,H01,0,0,2,0.8,0.000726507431263125,0.18613688239914764,0.0,0.0,0.018162685781578123,127.24758742872994,0.0,12.8,12.8,0.0,0.0,0.95,114.44758742872995,250.0,0.4577903497149198,0.3,101.79806994298396,34.39827622861898,7.634855245723797,59.764938468641176,9.647321972419576,9.647321972419576,1.3886063593512012,13.5,0.7492386156210151,5.200647796004018,529.0575988097373,0.0,-3.0,0.018162685781578123,127.24758742872994,0.0,12.8,12.8,0.0,0.0,114.44758742872995,250.0,0.4577903497149198,0.3,101.79806994298396,34.39827622861898,7.634855245723797,59.764938468641176,0.0,0.0,0.0,0.000726507431263125,529.0575988097373,5.089176989717934,5.089903497149198,1.0,0.6362379371436497,5.089903497149198,127.22942474294837,127.24758742872994,127.24758742872994,0.0,0.0,0.0,1.0,1.0
202,,202,1,2024-09-20T18:00:00,myopic_local,H02,1,1,2,0.8,0.000699945661706565,0.18613688239914764,0.0,0.0,0.01749864154266412,128.3186242618641,0.0,9.6,9.6,0.0,0.0,0.95,118.71862426186411,250.0,0.47487449704745643,0.3,102.65489940949129,35.663587278559234,7.699117455711845,59.292194675220216,9.62985461768245,9.62985461768245,1.2093719502709936,13.5,0.7492386156210151,5.200647796004018,529.0575988097373,0.0,-3.0,0.01749864154266412,128.3186242618641,0.0,9.6,9.6,0.0,0.0,118.71862426186411,250.0,0.47487449704745643,0.3,102.65489940949129,35.663587278559234,7.699117455711845,59.292194675220216,0.0,0.0,0.0,0.000699945661706565,529.0575988097373,5.132045024812857,5.132744970474564,1.0,0.6415931213093204,5.132744970474564,128.30112562032144,128.3186242618641,128.3186242618641,0.0,0.0,0.0,1.0,1.0
202,,202,1,2024-09-20T18:00:00,myopic_local,H03,2,2,2,0.8,0.004036549513611921,0.18613688239914764,0.0,0.0,0.10091373784029803,135.89719573060245,0.0,9.6,9.6,0.0,0.0,0.95,126.29719573060245,350.0,0.36084913065886415,0.3,108.71775658448196,37.93715871918074,8.153831743836147,62.62676612146507,10.53824455667839,10.53824455667839,1.9998997427161034,13.5,0.7492386156210151,5.200647796004018,529.0575988097373,0.0,-3.0,0.10091373784029803,135.89719573060245,0.0,9.6,9.6,0.0,0.0,126.29719573060245,350.0,0.36084913065886415,0.3,108.71775658448196,37.93715871918074,8.153831743836147,62.62676612146507,0.0,0.0,0.0,0.004036549513611921,529.0575988097373,5.431851279710486,5.4358878292240975,1.0,0.4529906524353415,5.4358878292240975,135.79628199276215,135.89719573060245,135.89719573060245,0.0,0.0,0.0,1.0,1.0
202,,202,1,2024-09-20T18:00:00,myopic_local,H04,3,3,2,0.525,8.767149584247164,0.18613688239914764,5.753621881853732,0.0,219.17873960617908,199.99999999999997,0.0,12.8,12.8,0.0,0.0,0.95,187.19999999999996,250.0,0.7487999999999998,0.3,104.99999999999999,56.22399999999999,12.0,36.775999999999996,13.888721582976693,13.888721582976693,5.155117892815165,13.5,0.7492386156210151,5.200647796004018,529.0575988097373,0.0,-3.0,219.17873960617908,199.99999999999997,0.0,12.8,12.8,0.0,0.0,187.19999999999996,250.0,0.7487999999999998,0.3,104.99999999999999,56.22399999999999,12.0,36.775999999999996,0.0,0.0,0.0,8.767149584247164,529.0575988097373,0.0,8.767149584247164,0.9124972630071716,1.0958936980308955,8.0,0.0,219.17873960617908,199.99999999999997,19.178739606179107,0.0,0.0,1.0,0.9124972630071716
202,,202,1,2024-09-20T18:00:00,myopic_local,H05,4,4,2,0.43333333333333335,18.707248686000696,0.18613688239914764,10.15218257250261,0.0,467.68121715001735,399.99999999999994,0.0,24.0,24.0,0.0,0.0,0.95,375.99999999999994,500.0,0.7519999999999999,0.3,173.33333333333331,112.91999999999999,24.0,36.41333333333333,16.780889216014838,16.780889216014838,7.977298157533578,13.5,0.7492386156210151,5.200647796004018,529.0575988097373,0.0,-3.0,467.68121715001735,399.99999999999994,0.0,24.0,24.0,0.0,0.0,375.99999999999994,500.0,0.7519999999999999,0.3,173.33333333333331,112.91999999999999,24.0,36.41333333333333,0.0,0.0,0.0,18.707248686000696,529.0575988097373,0.0,18.707248686000696,0.8552834395136562,1.1692030428750435,16.0,0.0,467.68121715001735,399.99999999999994,67.6812171500174,0.0,0.0,1.0,0.8552834395136562
202,,202,1,2024-09-20T18:00:00,myopic_local,H06,5,5,2,0.8,9.831377549393173e-05,0.18613688239914764,0.0,0.0,0.0024578443873482935,314.51901411608515,0.0,32.0,32.0,0.0,0.0,0.95,282.51901411608515,700.0,0.40359859159440736,0.3,251.61521129286814,84.91570423482554,18.871140846965112,147.82836621107748,12.914022907417621,12.914022907417621,4.527197926991948,13.5,0.7492386156210151,5.200647796004018,529.0575988097373,0.0,-3.0,0.0024578443873482935,314.51901411608515,0.0,32.0,32.0,0.0,0.0,282.51901411608515,700.0,0.40359859159440736,0.3,251.61521129286814,84.91570423482554,18.871140846965112,147.82836621107748,0.0,0.0,0.0,9.831377549393173e-05,529.0575988097373,12.580662250867913,12.580760564643407,1.0,0.786297535290213,12.580760564643407,314.5165562716978,314.51901411608515,314.51901411608515,0.0,0.0,0.0,1.0,1.0
202,,202,1,2024-09-20T18:00:00,myopic_local,H07,6,6,2,0.525,15.89928192093355,0.18613688239914764,19.496409604667754,4.496409604667755,397.48204802333885,300.00000000000006,0.0,8.0,8.0,0.0,0.0,0.95,292.00000000000006,350.0,0.8342857142857144,0.3,157.50000000000003,87.64000000000001,18.0,51.860000000000014,10.464974566133215,10.464974566133215,1.9256162347759367,13.5,0.7492386156210151,5.200647796004018,529.0575988097373,0.0,-3.0,397.48204802333885,300.00000000000006,0.0,8.0,8.0,0.0,0.0,292.00000000000006,350.0,0.8342857142857144,0.3,157.50000000000003,87.64000000000001,18.0,51.860000000000014,0.0,0.07494016007779591,0.0,15.89928192093355,529.0575988097373,0.0,15.89928192093355,0.7547510673548332,1.324940160077796,12.0,0.0,397.48204802333885,300.00000000000006,97.48204802333879,1.1102230246251565e-16,0.0,1.0,0.7547510673548332
202,,202,1,2024-09-20T18:00:00,myopic_local,H08,7,7,2,0.525,18.31972143775716,0.18613688239914764,8.69895539158935,0.0,457.993035943929,400.0,0.0,28.8,28.8,0.0,0.0,0.95,371.2,500.0,0.7424,0.3,210.0,111.504,24.0,74.496,9.533184887345042,9.533184887345042,1.2229209573864617,13.5,0.7492386156210151,5.200647796004018,529.0575988097373,0.0,-3.0,457.993035943929,400.0,0.0,28.8,28.8,0.0,0.0,371.2,500.0,0.7424,0.3,210.0,111.504,24.0,74.496,0.0,0.0,0.0,18.31972143775716,529.0575988097373,0.0,18.31972143775716,0.8733757254094384,1.1449825898598225,16.0,0.0,457.993035943929,400.0,57.99303594392899,0.0,0.0,1.0,0.8733757254094384
202,,202,1,2024-09-20T19:00:00,myopic_local,H01,0,0,3,0.525,10.724406264349348,0.18409735528305693,20.43304698262011,5.433046982620109,268.1101566087337,200.0,0.0,3.2,3.2,0.0,0.0,0.95,196.8,250.0,0.7872,0.34,105.0,66.92800000000001,12.0,26.07199999999999,9.910332551913875,9.910332551913875,1.5720421411373182,13.5,0.7432684619838356,1.8963536537347387,214.31504192548385,0.0,-3.0,268.1101566087337,200.0,0.0,3.2,3.2,0.0,0.0,196.8,250.0,0.7872,0.34,105.0,66.92800000000001,12.0,26.07199999999999,0.0,0.09055078304366848,0.0,10.724406264349348,214.31504192548385,0.0,10.724406264349348,0.7459620423551123,1.3405507830436685,8.0,0.0,268.1101566087337,200.0,68.11015660873369,0.0,0.0,1.0,0.7459620423551123
202,,202,1,2024-09-20T19:00:00,myopic_local,H02,1,1,3,0.525,10.920905505784653,0.18409735528305693,21.906791293384895,6.906791293384895,273.02263764461634,200.00000000000003,0.0,2.4,2.4,0.0,0.0,0.95,197.60000000000002,250.0,0.7904000000000001,0.34,105.00000000000001,67.19600000000001,12.0,25.804000000000002,9.904260044565087,9.904260044565087,1.4022533721422303,13.5,0.7432684619838356,1.8963536537347387,214.31504192548385,0.0,-3.0,273.02263764461634,200.00000000000003,0.0,2.4,2.4,0.0,0.0,197.60000000000002,250.0,0.7904000000000001,0.34,105.00000000000001,67.19600000000001,12.0,25.804000000000002,0.0,0.11511318822308159,0.0,10.920905505784653,214.31504192548385,0.0,10.920905505784653,0.7325399890844684,1.3651131882230816,8.0,0.0,273.02263764461634,200.00000000000003,73.02263764461631,0.0,0.0,1.0,0.7325399890844684
202,,202,1,2024-09-20T19:00:00,myopic_local,H03,2,2,3,0.525,10.298568726204405,0.18409735528305693,0.0,0.0,257.46421815511013,257.46421815511013,0.0,2.4,2.4,0.0,0.0,0.95,255.06421815511013,350.0,0.7287549090146004,0.34,135.1687145314328,86.73383417273745,15.447853089306607,32.98702726938876,10.503682165313556,10.503682165313556,1.8534673587555461,13.5,0.7432684619838356,1.8963536537347387,214.31504192548385,0.0,-3.0,257.46421815511013,257.46421815511013,0.0,2.4,2.4,0.0,0.0,255.06421815511013,350.0,0.7287549090146004,0.34,135.1687145314328,86.73383417273745,15.447853089306607,32.98702726938876,0.0,0.0,0.0,10.298568726204405,214.31504192548385,0.0,10.298568726204405,1.0,0.8582140605170337,10.298568726204405,0.0,257.46421815511013,257.46421815511013,0.0,0.0,0.0,1.0,1.0
202,,202,1,2024-09-20T19:00:00,myopic_local,H04,3,3,3,0.525,2.342324973790596,0.18409735528305693,0.0,0.0,58.558124344764884,77.73686395094398,0.0,3.2,3.2,0.0,0.0,0.95,74.53686395094398,250.0,0.29814745580377594,0.34,40.811853574245596,25.358533743320955,4.66421183705664,10.789107993868,13.558321776210574,13.558321776210574,4.6767678955806815,13.5,0.7432684619838356,1.8963536537347387,214.31504192548385,0.0,-3.0,58.558124344764884,77.73686395094398,0.0,3.2,3.2,0.0,0.0,74.53686395094398,250.0,0.29814745580377594,0.34,40.811853574245596,25.358533743320955,4.66421183705664,10.789107993868,0.0,0.0,0.0,2.342324973790596,214.31504192548385,0.7671495842471643,3.10947455803776,1.0,0.38868431975472,3.10947455803776,19.178739606179107,77.73686395094398,77.73686395094398,0.0,0.0,0.0,1.0,1.0
202,,202,1,2024-09-20T19:00:00,myopic_local,H05,4,4,3,0.8,0.01602953197935519,0.18409735528305693,0.0,0.0,0.40073829948387973,68.08195544950128,0.0,6.0,6.0,0.0,0.0,0.95,62.08195544950128,500.0,0.12416391089900256,0.34,54.465564359601025,21.137864852830436,4.084917326970077,29.242782179800507,16.28420920721063,16.28420920721063,7.2947719475724675,13.5,0.7432684619838356,1.8963536537347387,214.31504192548385,0.0,-3.0,0.40073829948387973,68.08195544950128,0.0,6.0,6.0,0.0,0.0,62.08195544950128,500.0,0.12416391089900256,0.34,54.465564359601025,21.137864852830436,4.084917326970077,29.242782179800507,0.0,0.0,0.0,0.01602953197935519,214.31504192548385,2.707248686000696,2.7232782179800514,1.0,0.17020488862375321,2.7232782179800514,67.6812171500174,68.08195544950128,68.08195544950128,0.0,0.0,0.0,1.0,1.0
202,,202,1,2024-09-20T19:00:00,myopic_local,H06,5,5,3,0.525,6.636076138235427,0.18409735528305693,0.0,0.0,165.90190345588564,165.90190345588564,0.0,8.0,8.0,0.0,0.0,0.95,157.90190345588564,700.0,0.22557414779412235,0.34,87.09849931433996,53.72664717500112,9.95411420735314,23.4177379319857,13.059477402571765,13.059477402571765,4.552232497307209,13.5,0.7432684619838356,1.8963536537347387,214.31504192548385,0.0,-3.0,165.90190345588564,165.90190345588564,0.0,8.0,8.0,0.0,0.0,157.90190345588564,700.0,0.22557414779412235,0.34,87.09849931433996,53.72664717500112,9.95411420735314,23.4177379319857,0.0,0.0,0.0,6.636076138235427,214.31504192548385,0.0,6.636076138235427,1.0,0.41475475863971417,6.636076138235427,0.0,165.90190345588564,165.90190345588564,0.0,0.0,0.0,1.0,1.0
202,,202,1,2024-09-20T19:00:00,myopic_local,H07,6,6,3,0.8,0.009731091463485044,0.18409735528305693,0.0,0.0,0.2432772865871261,97.72532530992592,0.0,2.0,2.0,0.0,0.0,0.95,95.72532530992592,350.0,0.2735009294569312,0.34,78.18026024794074,32.556610605374814,5.863519518595554,39.76013012397037,10.33575562359263,10.33575562359263,1.659029879698561,13.5,0.7432684619838356,1.8963536537347387,214.31504192548385,0.0,-3.0,0.2432772865871261,97.72532530992592,0.0,2.0,2.0,0.0,0.0,95.72532530992592,350.0,0.2735009294569312,0.34,78.18026024794074,32.556610605374814,5.863519518595554,39.76013012397037,0.0,0.0,0.0,0.009731091463485044,214.31504192548385,3.899281920933551,3.909013012397036,1.0,0.3257510843664197,3.909013012397036,97.48204802333879,97.72532530992592,97.72532530992592,0.0,0.0,0.0,1.0,1.0
202,,202,1,2024-09-20T19:00:00,myopic_local,H08,7,7,3,0.8,0.06330420488989202,0.18409735528305693,0.0,0.0,1.5826051222473005,59.57564106617629,0.0,7.2,7.2,0.0,0.0,0.95,52.375641066176286,500.0,0.10475128213235257,0.34,47.66051285294103,17.84371796249994,3.574538463970578,26.24225642647051,9.688022880677805,9.688022880677805,1.278798139651041,13.5,0.7432684619838356,1.8963536537347387,214.31504192548385,0.0,-3.0,1.5826051222473005,59.57564106617629,0.0,7.2,7.2,0.0,0.0,52.375641066176286,500.0,0.10475128213235257,0.34,47.66051285294103,17.84371796249994,3.574538463970578,26.24225642647051,0.0,0.0,0.0,0.06330420488989202,214.31504192548385,2.3197214377571598,2.383025642647052,1.0,0.14893910266544075,2.383025642647052,57.99303594392899,59.57564106617629,59.57564106617629,0.0,0.0,0.0,1.0,1.0
202,,202,1,2024-09-20T20:00:00,myopic_local,H01,0,0,4,0.8,0.001727334816678452,0.051249953714421384,0.0,0.0,0.04318337041696129,68.15333997915064,0.0,0.0,0.0,0.0,0.0,0.95,68.15333997915064,250.0,0.27261335991660257,0.27,54.52267198332052,18.401401794370674,4.08920039874904,32.03206979020081,9.685706236951704,9.685706236951704,1.4021562418194784,13.5,0.31267306369935804,1.5308732012669817,153.08732012669816,0.0,-3.0,0.04318337041696129,68.15333997915064,0.0,0.0,0.0,0.0,0.0,68.15333997915064,250.0,0.27261335991660257,0.27,54.52267198332052,18.401401794370674,4.08920039874904,32.03206979020081,0.0,0.0,0.0,0.001727334816678452,153.08732012669816,2.724406264349348,2.7261335991660265,1.0,0.3407666998957533,2.7261335991660265,68.11015660873369,68.15333997915064,68.15333997915064,0.0,0.0,0.0,1.0,1.0
202,,202,1,2024-09-20T20:00:00,myopic_local,H02,1,1,4,0.8,0.0013794825398030159,0.051249953714421384,0.0,0.0,0.034487063495075396,73.05712470811139,0.0,0.0,0.0,0.0,0.0,0.95,73.05712470811139,250.0,0.29222849883244556,0.27,58.44569976648911,19.725423671190075,4.383427482486683,34.33684861281236,9.657647874958668,9.657647874958668,1.2159992941166347,13.5,0.31267306369935804,1.5308732012669817,153.08732012669816,0.0,-3.0,0.034487063495075396,73.05712470811139,0.0,0.0,0.0,0.0,0.0,73.05712470811139,250.0,0.29222849883244556,0.27,58.44569976648911,19.725423671190075,4.383427482486683,34.33684861281236,0.0,0.0,0.0,0.0013794825398030159,153.08732012669816,2.9209055057846527,2.9222849883244555,1.0,0.36528562354055694,2.9222849883244555,73.02263764461631,73.05712470811139,73.05712470811139,0.0,0.0,0.0,1.0,1.0
202,,202,1,2024-09-20T20:00:00,myopic_local,H03,2,2,4,0.43333333333333335,7.03745703019411,0.051249953714421384,0.0,0.0,175.93642575485276,175.93642575485276,0.0,0.0,0.0,0.0,0.0,0.95,175.93642575485276,350.0,0.5026755021567222,0.27,76.23911782710287,47.50283495381025,10.556185545291164,18.18009732800146,10.589322577229423,10.589322577229423,1.9938276341379193,13.5,0.31267306369935804,1.5308732012669817,153.08732012669816,0.0,-3.0,175.93642575485276,175.93642575485276,0.0,0.0,0.0,0.0,0.0,175.93642575485276,350.0,0.5026755021567222,0.27,76.23911782710287,47.50283495381025,10.556185545291164,18.18009732800146,0.0,0.0,0.0,7.03745703019411,153.08732012669816,0.0,7.03745703019411,1.0,0.5864547525161758,7.03745703019411,0.0,175.93642575485276,175.93642575485276,0.0,0.0,0.0,1.0,1.0
202,,202,1,2024-09-20T20:00:00,myopic_local,H04,3,3,4,0.43333333333333335,3.9914855523378456,0.051249953714421384,0.0,0.0,99.78713880844614,99.78713880844614,0.0,0.0,0.0,0.0,0.0,0.95,99.78713880844614,250.0,0.39914855523378456,0.27,43.241093483659995,26.94252747828046,5.9872283285067684,10.311337676872766,13.865335258934774,13.865335258934774,5.007386761207176,13.5,0.31267306369935804,1.5308732012669817,153.08732012669816,0.0,-3.0,99.78713880844614,99.78713880844614,0.0,0.0,0.0,0.0,0.0,99.78713880844614,250.0,0.39914855523378456,0.27,43.241093483659995,26.94252747828046,5.9872283285067684,10.311337676872766,0.0,0.0,0.0,3.9914855523378456,153.08732012669816,0.0,3.9914855523378456,1.0,0.4989356940422307,3.9914855523378456,0.0,99.78713880844614,99.78713880844614,0.0,0.0,0.0,1.0,1.0
202,,202,1,2024-09-20T20:00:00,myopic_local,H05,4,4,4,0.43333333333333335,2.5100351384046755,0.051249953714421384,0.0,0.0,62.750878460116894,62.750878460116894,0.0,0.0,0.0,0.0,0.0,0.95,62.750878460116894,500.0,0.1255017569202338,0.27,27.192047332717323,16.94273718423156,3.7650527076070133,6.484257440878748,16.459615803367427,16.459615803367427,7.493489371878223,13.5,0.31267306369935804,1.5308732012669817,153.08732012669816,0.0,-3.0,62.750878460116894,62.750878460116894,0.0,0.0,0.0,0.0,0.0,62.750878460116894,500.0,0.1255017569202338,0.27,27.192047332717323,16.94273718423156,3.7650527076070133,6.484257440878748,0.0,0.0,0.0,2.5100351384046755,153.08732012669816,0.0,2.5100351384046755,1.0,0.15687719615029222,2.5100351384046755,0.0,62.750878460116894,62.750878460116894,0.0,0.0,0.0,1.0,1.0
202,,202,1,2024-09-20T20:00:00,myopic_local,H06,5,5,4,0.43333333333333335,4.559407565509623,0.051249953714421384,0.0,0.0,113.9851891377406,113.9851891377406,0.0,0.0,0.0,0.0,0.0,0.95,113.9851891377406,700.0,0.16283598448248657,0.27,49.393581959687594,30.776001067189966,6.839111348264435,11.778469544233193,13.07311761550137,13.07311761550137,4.608165945162078,13.5,0.31267306369935804,1.5308732012669817,153.08732012669816,0.0,-3.0,113.9851891377406,113.9851891377406,0.0,0.0,0.0,0.0,0.0,113.9851891377406,700.0,0.16283598448248657,0.27,49.393581959687594,30.776001067189966,6.839111348264435,11.778469544233193,0.0,0.0,0.0,4.559407565509623,153.08732012669816,0.0,4.559407565509623,1.0,0.28496297284435146,4.559407565509623,0.0,113.9851891377406,113.9851891377406,0.0,0.0,0.0,1.0,1.0
202,,202,1,2024-09-20T20:00:00,myopic_local,H07,6,6,4,0.43333333333333335,7.288349865060278,0.051249953714421384,0.0,0.0,182.20874662650695,182.20874662650695,0.0,0.0,0.0,0.0,0.0,0.95,182.20874662650695,350.0,0.520596418932877,0.27,78.95712353815301,49.19636158915688,10.932524797590418,18.828237151405716,10.405836136966492,10.405836136966492,1.7848224943181066,13.5,0.31267306369935804,1.5308732012669817,153.08732012669816,0.0,-3.0,182.20874662650695,182.20874662650695,0.0,0.0,0.0,0.0,0.0,182.20874662650695,350.0,0.520596418932877,0.27,78.95712353815301,49.19636158915688,10.932524797590418,18.828237151405716,0.0,0.0,0.0,7.288349865060278,153.08732012669816,0.0,7.288349865060278,1.0,0.6073624887550232,7.288349865060278,0.0,182.20874662650695,182.20874662650695,0.0,0.0,0.0,1.0,1.0
202,,202,1,2024-09-20T20:00:00,myopic_local,H08,7,7,4,0.43333333333333335,8.181678418952181,0.051249953714421384,0.0,0.0,204.54196047380447,204.54196047380447,0.0,0.0,0.0,0.0,0.0,0.95,204.54196047380447,500.0,0.4090839209476089,0.27,88.63484953864861,55.22632932792721,12.272517628428272,21.136002582293127,9.596572362242982,9.596572362242982,1.2474315458991434,13.5,0.31267306369935804,1.5308732012669817,153.08732012669816,0.0,-3.0,204.54196047380447,204.54196047380447,0.0,0.0,0.0,0.0,0.0,204.54196047380447,500.0,0.4090839209476089,0.27,88.63484953864861,55.22632932792721,12.272517628428272,21.136002582293127,0.0,0.0,0.0,8.181678418952181,153.08732012669816,0.0,8.181678418952181,1.0,0.5113549011845113,8.181678418952181,0.0,204.54196047380447,204.54196047380447,0.0,0.0,0.0,1.0,1.0
202,,202,1,2024-09-20T21:00:00,myopic_local,H01,0,0,5,0.43333333333333335,1.4689872824465016,0.011431685475869915,0.0,0.0,36.72468206116253,36.72468206116253,0.0,0.0,0.0,0.0,36.72468206116253,0.7567121996780919,0.0,250.0,0.0,0.2,15.914028893170432,1.1017404618348758,2.203480923669752,12.608807507665805,9.667576183517312,9.667576183517312,1.4241811253983434,13.5,0.09056590896090695,1.8008853401594658,180.08853401594658,0.0,-3.0,36.72468206116253,36.72468206116253,0.0,0.0,0.0,0.0,36.72468206116253,0.0,250.0,0.0,0.2,15.914028893170432,1.1017404618348758,2.203480923669752,12.608807507665805,0.0,0.0,0.0,1.4689872824465016,180.08853401594658,0.0,1.4689872824465016,1.0,0.1836234103058127,1.4689872824465016,0.0,36.72468206116253,36.72468206116253,0.0,0.0,0.0,1.0,1.0
202,,202,1,2024-09-20T21:00:00,myopic_local,H02,1,1,5,0.43333333333333335,1.5045928625691567,0.011431685475869915,0.0,0.0,37.61482156422891,37.61482156422891,0.0,0.0,0.0,0.0,37.61482156422891,0.7520272549251109,0.0,250.0,0.0,0.2,16.29975601116586,1.1284446469268674,2.2568892938537353,12.914422070385259,9.603741223369367,9.603741223369367,1.21531635093857,13.5,0.09056590896090695,1.8008853401594658,180.08853401594658,1.4210854715202004e-14,-3.0,37.61482156422891,37.61482156422891,0.0,0.0,0.0,0.0,37.61482156422891,0.0,250.0,0.0,0.2,16.29975601116586,1.1284446469268674,2.2568892938537353,12.914422070385259,1.4210854715202004e-14,0.0,0.0,1.5045928625691567,180.08853401594658,0.0,1.5045928625691567,1.0,0.1880741078211446,1.5045928625691567,0.0,37.61482156422891,37.61482156422891,0.0,0.0,0.0,1.0,1.0
202,,202,1,2024-09-20T21:00:00,myopic_local,H03,2,2,5,0.3416666666666667,4.800231272046916,0.011431685475869915,0.0,0.0,120.0057818011729,120.0057818011729,0.0,0.0,0.0,0.0,120.0057818011729,0.5289270813993934,0.0,350.0,0.0,0.2,41.00197544873407,3.600173454035187,7.200346908070374,30.201455086628513,10.445305527888452,10.445305527888452,1.9024177898947998,13.5,0.09056590896090695,1.8008853401594658,180.08853401594658,1.4210854715202004e-14,-3.0,120.0057818011729,120.0057818011729,0.0,0.0,0.0,0.0,120.0057818011729,0.0,350.0,0.0,0.2,41.00197544873407,3.600173454035187,7.200346908070374,30.201455086628513,1.4210854715202004e-14,0.0,0.0,4.800231272046916,180.08853401594658,0.0,4.800231272046916,1.0,0.4000192726705763,4.800231272046916,0.0,120.0057818011729,120.0057818011729,0.0,0.0,0.0,1.0,1.0
202,,202,1,2024-09-20T21:00:00,myopic_local,H04,3,3,5,0.3416666666666667,2.677863199768206,0.011431685475869915,0.0,0.0,66.94657999420515,66.94657999420515,0.0,0.0,0.0,0.0,66.94657999420515,0.6681196631822941,0.0,250.0,0.0,0.2,22.87341483135343,2.0083973998261544,4.016794799652309,16.848222631874965,13.803041382235563,13.803041382235563,4.998477813600597,13.5,0.09056590896090695,1.8008853401594658,180.08853401594658,0.0,-3.0,66.94657999420515,66.94657999420515,0.0,0.0,0.0,0.0,66.94657999420515,0.0,250.0,0.0,0.2,22.87341483135343,2.0083973998261544,4.016794799652309,16.848222631874965,0.0,0.0,0.0,2.677863199768206,180.08853401594658,0.0,2.677863199768206,1.0,0.33473289997102573,2.677863199768206,0.0,66.94657999420515,66.94657999420515,0.0,0.0,0.0,1.0,1.0
202,,202,1,2024-09-20T21:00:00,myopic_local,H05,4,4,5,0.25,5.811573752499147,0.011431685475869915,0.0,0.0,145.28934381247868,145.28934381247868,0.0,0.0,0.0,0.0,145.28934381247868,0.644127697236887,0.0,500.0,0.0,0.2,36.32233595311967,4.35868031437436,8.71736062874872,23.246295009996587,16.559809141002347,16.559809141002347,7.645289200804695,13.5,0.09056590896090695,1.8008853401594658,180.08853401594658,0.0,-3.0,145.28934381247868,145.28934381247868,0.0,0.0,0.0,0.0,145.28934381247868,0.0,500.0,0.0,0.2,36.32233595311967,4.35868031437436,8.71736062874872,23.246295009996587,0.0,0.0,0.0,5.811573752499147,180.08853401594658,0.0,5.811573752499147,1.0,0.36322335953119667,5.811573752499147,0.0,145.28934381247868,145.28934381247868,0.0,0.0,0.0,1.0,1.0
202,,202,1,2024-09-20T21:00:00,myopic_local,H06,5,5,5,0.3416666666666667,2.970629453510368,0.011431685475869915,0.0,0.0,74.26573633775922,74.26573633775922,0.0,0.0,0.0,0.0,74.26573633775922,0.8197092344951593,0.0,700.0,0.0,0.2,25.374126582067735,2.2279720901327766,4.455944180265552,18.690210311669404,13.202267567428912,13.202267567428912,4.763286906117787,13.5,0.09056590896090695,1.8008853401594658,180.08853401594658,1.4210854715202004e-14,-3.0,74.26573633775922,74.26573633775922,0.0,0.0,0.0,0.0,74.26573633775922,0.0,700.0,0.0,0.2,25.374126582067735,2.2279720901327766,4.455944180265552,18.690210311669404,1.4210854715202004e-14,0.0,0.0,2.970629453510368,180.08853401594658,0.0,2.970629453510368,1.0,0.185664340844398,2.970629453510368,0.0,74.26573633775922,74.26573633775922,0.0,0.0,0.0,1.0,1.0
202,,202,1,2024-09-20T21:00:00,myopic_local,H07,6,6,5,0.3416666666666667,4.940319292425235,0.011431685475869915,0.0,0.0,123.50798231063088,123.50798231063088,0.0,0.0,0.0,0.0,123.50798231063088,0.5166386585591899,0.0,350.0,0.0,0.2,42.19856062279889,3.705239469318926,7.410478938637852,31.08284221484211,10.304450815430746,10.304450815430746,1.7375122765128446,13.5,0.09056590896090695,1.8008853401594658,180.08853401594658,0.0,-3.0,123.50798231063088,123.50798231063088,0.0,0.0,0.0,0.0,123.50798231063088,0.0,350.0,0.0,0.2,42.19856062279889,3.705239469318926,7.410478938637852,31.08284221484211,0.0,0.0,0.0,4.940319292425235,180.08853401594658,0.0,4.940319292425235,1.0,0.41169327436876957,4.940319292425235,0.0,123.50798231063088,123.50798231063088,0.0,0.0,0.0,1.0,1.0
202,,202,1,2024-09-20T21:00:00,myopic_local,H08,7,7,5,0.3416666666666667,5.482852320458372,0.011431685475869915,0.0,0.0,137.0713080114593,137.0713080114593,0.0,0.0,0.0,0.0,137.0713080114593,0.6614288252390331,0.0,500.0,0.0,0.2,46.83269690391526,4.1121392403437795,8.224278480687559,34.496279182883924,9.573906096755245,9.573906096755245,1.2613665689580877,13.5,0.09056590896090695,1.8008853401594658,180.08853401594658,5.684341886080802e-14,-3.0,137.0713080114593,137.0713080114593,0.0,0.0,0.0,0.0,137.0713080114593,0.0,500.0,0.0,0.2,46.83269690391526,4.1121392403437795,8.224278480687559,34.496279182883924,5.684341886080802e-14,0.0,0.0,5.482852320458372,180.08853401594658,0.0,5.482852320458372,1.0,0.34267827002864826,5.482852320458372,0.0,137.0713080114593,137.0713080114593,0.0,0.0,0.0,1.0,1.0
303,,303,2,2024-09-20T16:00:00,myopic_local,H01,0,0,0,0.525,3.8177180271711695,0.03860654759889066,0.0,0.0,95.44295067927925,95.44295067927925,0.0,44.0,44.0,84.21052631578947,0.0,0.95,135.65347699506873,250.0,0.5426139079802749,0.16,50.107549106621605,21.924556319210996,5.726577040756754,22.456415746653853,10.040354594869365,10.040354594869365,1.6603126141886053,13.5,0.2501691424392113,3.4533574435940633,345.3357443594063,0.0,-3.0,95.44295067927925,95.44295067927925,0.0,44.0,44.0,84.21052631578947,0.0,135.65347699506873,250.0,0.5426139079802749,0.16,50.107549106621605,21.924556319210996,5.726577040756754,22.456415746653853,0.0,0.0,0.0,3.8177180271711695,345.3357443594063,0.0,3.8177180271711695,1.0,0.4772147533963962,3.8177180271711695,0.0,95.44295067927925,95.44295067927925,0.0,0.0,0.0,1.0,1.0
303,,303,2,2024-09-20T16:00:00,myopic_local,H02,1,1,0,0.525,3.8869054943404944,0.03860654759889066,0.0,0.0,97.17263735851236,97.17263735851236,0.0,33.0,33.0,94.73684210526316,0.0,0.95,158.90947946377554,250.0,0.6356379178551022,0.16,51.01563461321899,25.590516714204085,5.830358241510742,19.594759657504166,10.017778291194405,10.017778291194405,1.4979681218370229,13.5,0.2501691424392113,3.4533574435940633,345.3357443594063,0.0,-3.0,97.17263735851236,97.17263735851236,0.0,33.0,33.0,94.73684210526316,0.0,158.90947946377554,250.0,0.6356379178551022,0.16,51.01563461321899,25.590516714204085,5.830358241510742,19.594759657504166,0.0,0.0,0.0,3.8869054943404944,345.3357443594063,0.0,3.8869054943404944,1.0,0.4858631867925618,3.8869054943404944,0.0,97.17263735851236,97.17263735851236,0.0,0.0,0.0,1.0,1.0
303,,303,2,2024-09-20T16:00:00,myopic_local,H03,2,2,0,0.43333333333333335,13.192983472483412,0.03860654759889066,5.964917362417066,0.0,329.8245868120853,299.99999999999994,0.0,33.0,0.0,83.00000000000006,0.0,0.8628333333333335,350.0,350.0,1.0,0.16,129.99999999999997,56.165,18.0,55.83499999999998,10.530337112136726,10.530337112136726,1.841841319076622,13.5,0.2501691424392113,3.4533574435940633,345.3357443594063,2.842170943040401e-14,-3.0,329.8245868120853,299.99999999999994,0.0,33.0,0.0,83.00000000000006,0.0,350.0,350.0,1.0,0.16,129.99999999999997,56.165,18.0,55.83499999999998,2.842170943040401e-14,0.0,0.0,13.192983472483412,345.3357443594063,0.0,13.192983472483412,0.9095743980145494,1.0994152893736178,12.0,0.0,329.8245868120853,299.99999999999994,29.82458681208533,8.326672684688674e-17,0.0,1.0,0.9095743980145494
303,,303,2,2024-09-20T16:00:00,myopic_local,H04,3,3,0,0.43333333333333335,7.953136729974983,0.03860654759889066,0.0,0.0,198.82841824937458,198.82841824937458,0.0,44.0,44.0,78.94736842105263,0.0,0.95,233.7757866704272,250.0,0.9351031466817088,0.16,86.15898124139565,37.624125867268354,11.929705094962475,36.60515027916482,13.439384529859652,13.439384529859652,4.4803883224640115,13.5,0.2501691424392113,3.4533574435940633,345.3357443594063,0.0,-3.0,198.82841824937458,198.82841824937458,0.0,44.0,44.0,78.94736842105263,0.0,233.7757866704272,250.0,0.9351031466817088,0.16,86.15898124139565,37.624125867268354,11.929705094962475,36.60515027916482,0.0,0.0,0.0,7.953136729974983,345.3357443594063,0.0,7.953136729974983,1.0,0.9941420912468729,7.953136729974983,0.0,198.82841824937458,198.82841824937458,0.0,0.0,0.0,1.0,1.0
303,,303,2,2024-09-20T16:00:00,myopic_local,H05,4,4,0,0.3416666666666667,18.173394862387067,0.03860654759889066,8.1502307339515,0.0,454.33487155967674,400.00000000000006,0.0,82.5,0.0,131.57894736842104,0.0,0.95,449.0789473684211,500.0,0.8981578947368422,0.16,136.66666666666669,72.26513157894738,24.0,40.40153508771931,15.833137202836946,15.833137202836946,6.733524141774079,13.5,0.2501691424392113,3.4533574435940633,345.3357443594063,1.4210854715202004e-14,-3.0,454.33487155967674,400.00000000000006,0.0,82.5,0.0,131.57894736842104,0.0,449.0789473684211,500.0,0.8981578947368422,0.16,136.66666666666669,72.26513157894738,24.0,40.40153508771931,1.4210854715202004e-14,0.0,0.0,18.173394862387067,345.3357443594063,0.0,18.173394862387067,0.8804078776230589,1.1358371788991917,16.0,0.0,454.33487155967674,400.00000000000006,54.334871559676685,0.0,0.0,1.0,0.8804078776230589
303,,303,2,2024-09-20T16:00:00,myopic_local,H06,5,5,0,0.43333333333333335,8.274420492079804,0.03860654759889066,0.0,0.0,206.8605123019951,206.8605123019951,0.0,110.0,110.0,126.31578947368422,0.0,0.95,223.17630177567932,700.0,0.31882328825097045,0.16,89.63955533086455,36.25820828410869,12.411630738119705,40.96971630863616,13.254105834288463,13.254105834288463,4.6623385990851105,13.5,0.2501691424392113,3.4533574435940633,345.3357443594063,0.0,-3.0,206.8605123019951,206.8605123019951,0.0,110.0,110.0,126.31578947368422,0.0,223.17630177567932,700.0,0.31882328825097045,0.16,89.63955533086455,36.25820828410869,12.411630738119705,40.96971630863616,0.0,0.0,0.0,8.274420492079804,345.3357443594063,0.0,8.274420492079804,1.0,0.5171512807549877,8.274420492079804,0.0,206.8605123019951,206.8605123019951,0.0,0.0,0.0,1.0,1.0
303,,303,2,2024-09-20T16:00:00,myopic_local,H07,6,6,0,0.43333333333333335,14.018484512326605,0.03860654759889066,10.092422561633025,0.0,350.4621128081651,299.99999999999994,0.0,27.5,27.5,77.50000000000006,0.0,0.7954166666666669,350.0,350.0,1.0,0.16,129.99999999999997,56.1375,18.0,55.86249999999997,10.213423682419654,10.213423682419654,1.467333514240707,13.5,0.2501691424392113,3.4533574435940633,345.3357443594063,0.0,-3.0,350.4621128081651,299.99999999999994,0.0,27.5,27.5,77.50000000000006,0.0,350.0,350.0,1.0,0.16,129.99999999999997,56.1375,18.0,55.86249999999997,0.0,0.0,0.0,14.018484512326605,345.3357443594063,0.0,14.018484512326605,0.8560126445514328,1.1682070426938838,12.0,0.0,350.4621128081651,299.99999999999994,50.46211280816516,0.0,0.0,1.0,0.8560126445514328
303,,303,2,2024-09-20T16:00:00,myopic_local,H08,7,7,0,0.43333333333333335,14.872181036001638,0.03860654759889066,0.0,0.0,371.80452590004097,371.80452590004097,0.0,99.0,0.0,131.57894736842104,0.0,0.95,404.383473268462,500.0,0.808766946536924,0.16,161.11529455668443,65.19635572295392,22.30827155400246,73.61066727972805,9.755315676353371,9.755315676353371,1.2799467208536626,13.5,0.2501691424392113,3.4533574435940633,345.3357443594063,1.4210854715202004e-14,-3.0,371.80452590004097,371.80452590004097,0.0,99.0,0.0,131.57894736842104,0.0,404.383473268462,500.0,0.808766946536924,0.16,161.11529455668443,65.19635572295392,22.30827155400246,73.61066727972805,1.4210854715202004e-14,0.0,0.0,14.872181036001638,345.3357443594063,0.0,14.872181036001638,1.0,0.9295113147501024,14.872181036001638,0.0,371.80452590004097,371.80452590004097,0.0,0.0,0.0,1.0,1.0
303,,303,2,2024-09-20T17:00:00,myopic_local,H01,0,0,1,0.525,13.089176989717934,0.10753295522921792,38.168827422884505,23.168827422884508,327.22942474294837,200.0,0.0,28.0,28.0,0.0,0.0,0.95,172.0,250.0,0.688,0.22,105.0,37.980000000000004,12.0,55.019999999999996,9.842358833170431,9.842358833170431,1.567675342881847,13.5,0.5353168243612352,2.586067582583528,440.5985681549289,0.0,-3.0,327.22942474294837,200.0,0.0,28.0,28.0,0.0,0.0,172.0,250.0,0.688,0.22,105.0,37.980000000000004,12.0,55.019999999999996,0.0,0.3861471237147418,0.0,13.089176989717934,440.5985681549289,0.0,13.089176989717934,0.6111919799300075,1.6361471237147418,8.0,0.0,327.22942474294837,200.0,127.22942474294837,0.0,0.0,1.0,0.6111919799300075
303,,303,2,2024-09-20T17:00:00,myopic_local,H02,1,1,1,0.525,13.132045024812857,0.10753295522921792,38.49033768609643,23.49033768609643,328.30112562032144,200.0,0.0,21.0,21.0,0.0,0.0,0.95,179.0,250.0,0.716,0.22,105.0,39.485,11.999999999999998,53.515,9.923824972089395,9.923824972089395,1.480407488761141,13.5,0.5353168243612352,2.586067582583528,440.5985681549289,0.0,-3.0,328.30112562032144,200.0,0.0,21.0,21.0,0.0,0.0,179.0,250.0,0.716,0.22,105.0,39.485,11.999999999999998,53.515,0.0,0.3915056281016072,0.0,13.132045024812857,440.5985681549289,0.0,13.132045024812857,0.6091968147294717,1.6415056281016072,7.999999999999999,0.0,328.30112562032144,200.0,128.30112562032144,0.0,0.0,1.0,0.6091968147294717
303,,303,2,2024-09-20T17:00:00,myopic_local,H03,2,2,1,0.43333333333333335,16.238867807227074,0.10753295522921792,27.15925639855243,12.15925639855243,405.9716951806768,300.0,0.0,21.0,21.0,27.52631578947366,0.0,0.95,306.52631578947364,350.0,0.8757894736842105,0.22,130.0,67.5407894736842,18.0,44.4592105263158,10.550404496912211,10.550404496912211,1.9528546106419333,13.5,0.5353168243612352,2.586067582583528,440.5985681549289,0.0,-3.0,405.9716951806768,300.0,0.0,21.0,21.0,27.52631578947366,0.0,306.52631578947364,350.0,0.8757894736842105,0.22,130.0,67.5407894736842,18.0,44.4592105263158,0.0,0.20265427330920716,0.0,16.238867807227074,440.5985681549289,1.1929834724834132,17.431851279710486,0.6883950423537173,1.4526542733092072,12.0,29.82458681208533,435.79628199276215,300.0,135.79628199276215,0.0,0.0,1.0,0.6883950423537173
303,,303,2,2024-09-20T17:00:00,myopic_local,H04,3,3,1,0.525,7.252329403301915,0.10753295522921792,0.0,0.0,181.30823508254784,181.30823508254784,0.0,28.0,28.0,0.0,0.0,0.95,153.30823508254784,250.0,0.6132329403301914,0.22,95.18682341833762,33.867811718160524,10.878494104952873,50.44051759522423,13.597445385068008,13.597445385068008,4.766967542037388,13.5,0.5353168243612352,2.586067582583528,440.5985681549289,0.0,-3.0,181.30823508254784,181.30823508254784,0.0,28.0,28.0,0.0,0.0,153.30823508254784,250.0,0.6132329403301914,0.22,95.18682341833762,33.867811718160524,10.878494104952873,50.44051759522423,0.0,0.0,0.0,7.252329403301915,440.5985681549289,0.0,7.252329403301915,1.0,0.9065411754127394,7.252329403301915,0.0,181.30823508254784,181.30823508254784,0.0,0.0,0.0,1.0,1.0
303,,303,2,2024-09-20T17:00:00,myopic_local,H05,4,4,1,0.8,0.02708549817578448,0.10753295522921792,0.0,0.0,0.677137454394612,55.012009014071296,0.0,52.5,52.5,0.0,0.0,0.95,2.512009014071296,500.0,0.005024018028142592,0.22,44.00960721125704,0.8151419830956852,3.300720540844277,39.89374468731708,16.225203362689168,16.225203362689168,7.2888583415162795,13.5,0.5353168243612352,2.586067582583528,440.5985681549289,0.0,-3.0,0.677137454394612,55.012009014071296,0.0,52.5,52.5,0.0,0.0,2.512009014071296,500.0,0.005024018028142592,0.22,44.00960721125704,0.8151419830956852,3.300720540844277,39.89374468731708,0.0,0.0,0.0,0.02708549817578448,440.5985681549289,2.1733948623870667,2.2004803605628513,1.0,0.1375300225351782,2.2004803605628513,54.334871559676685,55.012009014071296,55.012009014071296,0.0,0.0,0.0,1.0,1.0
303,,303,2,2024-09-20T17:00:00,myopic_local,H06,5,5,1,0.43333333333333335,28.580662250867913,0.10753295522921792,47.17748344075468,32.17748344075468,714.5165562716978,400.0,0.0,70.0,70.0,0.0,0.0,0.95,330.0,700.0,0.4714285714285714,0.22,173.33333333333334,72.94999999999999,24.0,76.38333333333335,12.976793570165071,12.976793570165071,4.541873660878843,13.5,0.5353168243612352,2.586067582583528,440.5985681549289,0.0,-3.0,714.5165562716978,400.0,0.0,70.0,70.0,0.0,0.0,330.0,700.0,0.4714285714285714,0.22,173.33333333333334,72.94999999999999,24.0,76.38333333333335,0.0,0.5362913906792446,0.0,28.580662250867913,440.5985681549289,0.0,28.580662250867913,0.5598190783530261,1.7862913906792446,16.0,0.0,714.5165562716978,400.0,314.5165562716978,0.0,0.0,1.0,0.5598190783530261
303,,303,2,2024-09-20T17:00:00,myopic_local,H07,6,6,1,0.8,0.055450816573522146,0.10753295522921792,0.0,0.0,1.3862704143380535,51.848383222503216,0.0,17.5,17.5,48.815789473684156,0.0,0.95,83.16417269618736,350.0,0.23761192198910674,0.22,41.47870657800257,18.38361799316122,3.110902993350191,19.984185591491162,10.330397073327779,10.330397073327779,1.704906955714586,13.5,0.5353168243612352,2.586067582583528,440.5985681549289,0.0,-3.0,1.3862704143380535,51.848383222503216,0.0,17.5,17.5,48.815789473684156,0.0,83.16417269618736,350.0,0.23761192198910674,0.22,41.47870657800257,18.38361799316122,3.110902993350191,19.984185591491162,0.0,0.0,0.0,0.055450816573522146,440.5985681549289,2.018484512326605,2.073935328900127,1.0,0.1728279440750106,2.073935328900127,50.46211280816516,51.848383222503216,51.848383222503216,0.0,0.0,0.0,1.0,1.0
303,,303,2,2024-09-20T17:00:00,myopic_local,H08,7,7,1,0.525,14.262461456530167,0.10753295522921792,0.0,0.0,356.56153641325415,356.56153641325415,0.0,63.0,63.0,0.0,0.0,0.95,293.56153641325415,500.0,0.5871230728265083,0.22,187.19480661695843,64.89853801091591,21.39369218479525,100.90257642124726,9.610411263249432,9.610411263249432,1.258074229067754,13.5,0.5353168243612352,2.586067582583528,440.5985681549289,0.0,-3.0,356.56153641325415,356.56153641325415,0.0,63.0,63.0,0.0,0.0,293.56153641325415,500.0,0.5871230728265083,0.22,187.19480661695843,64.89853801091591,21.39369218479525,100.90257642124726,0.0,0.0,0.0,14.262461456530167,440.5985681549289,0.0,14.262461456530167,1.0,0.8914038410331354,14.262461456530167,0.0,356.56153641325415,356.56153641325415,0.0,0.0,0.0,1.0,1.0
303,,303,2,2024-09-20T18:00:00,myopic_local,H01,0,0,2,0.8,0.000726507431263125,0.18613688239914764,0.0,0.0,0.018162685781578123,127.24758742872994,0.0,12.8,12.8,0.0,0.0,0.95,114.44758742872995,250.0,0.4577903497149198,0.3,101.79806994298396,34.39827622861898,7.634855245723797,59.764938468641176,9.647321972419576,9.647321972419576,1.3886063593512012,13.5,0.7492386156210151,5.200647796004018,529.0575988097373,0.0,-3.0,0.018162685781578123,127.24758742872994,0.0,12.8,12.8,0.0,0.0,114.44758742872995,250.0,0.4577903497149198,0.3,101.79806994298396,34.39827622861898,7.634855245723797,59.764938468641176,0.0,0.0,0.0,0.000726507431263125,529.0575988097373,5.089176989717934,5.089903497149198,1.0,0.6362379371436497,5.089903497149198,127.22942474294837,127.24758742872994,127.24758742872994,0.0,0.0,0.0,1.0,1.0
303,,303,2,2024-09-20T18:00:00,myopic_local,H02,1,1,2,0.8,0.000699945661706565,0.18613688239914764,0.0,0.0,0.01749864154266412,128.3186242618641,0.0,9.6,9.6,0.0,0.0,0.95,118.71862426186411,250.0,0.47487449704745643,0.3,102.65489940949129,35.663587278559234,7.699117455711845,59.292194675220216,9.62985461768245,9.62985461768245,1.2093719502709936,13.5,0.7492386156210151,5.200647796004018,529.0575988097373,0.0,-3.0,0.01749864154266412,128.3186242618641,0.0,9.6,9.6,0.0,0.0,118.71862426186411,250.0,0.47487449704745643,0.3,102.65489940949129,35.663587278559234,7.699117455711845,59.292194675220216,0.0,0.0,0.0,0.000699945661706565,529.0575988097373,5.132045024812857,5.132744970474564,1.0,0.6415931213093204,5.132744970474564,128.30112562032144,128.3186242618641,128.3186242618641,0.0,0.0,0.0,1.0,1.0
303,,303,2,2024-09-20T18:00:00,myopic_local,H03,2,2,2,0.8,0.004036549513611921,0.18613688239914764,0.0,0.0,0.10091373784029803,135.89719573060245,0.0,9.6,9.6,0.0,0.0,0.95,126.29719573060245,350.0,0.36084913065886415,0.3,108.71775658448196,37.93715871918074,8.153831743836147,62.62676612146507,10.53824455667839,10.53824455667839,1.9998997427161034,13.5,0.7492386156210151,5.200647796004018,529.0575988097373,0.0,-3.0,0.10091373784029803,135.89719573060245,0.0,9.6,9.6,0.0,0.0,126.29719573060245,350.0,0.36084913065886415,0.3,108.71775658448196,37.93715871918074,8.153831743836147,62.62676612146507,0.0,0.0,0.0,0.004036549513611921,529.0575988097373,5.431851279710486,5.4358878292240975,1.0,0.4529906524353415,5.4358878292240975,135.79628199276215,135.89719573060245,135.89719573060245,0.0,0.0,0.0,1.0,1.0
303,,303,2,2024-09-20T18:00:00,myopic_local,H04,3,3,2,0.525,8.767149584247164,0.18613688239914764,5.753621881853732,0.0,219.17873960617908,199.99999999999997,0.0,12.8,12.8,0.0,0.0,0.95,187.19999999999996,250.0,0.7487999999999998,0.3,104.99999999999999,56.22399999999999,12.0,36.775999999999996,13.888721582976693,13.888721582976693,5.155117892815165,13.5,0.7492386156210151,5.200647796004018,529.0575988097373,0.0,-3.0,219.17873960617908,199.99999999999997,0.0,12.8,12.8,0.0,0.0,187.19999999999996,250.0,0.7487999999999998,0.3,104.99999999999999,56.22399999999999,12.0,36.775999999999996,0.0,0.0,0.0,8.767149584247164,529.0575988097373,0.0,8.767149584247164,0.9124972630071716,1.0958936980308955,8.0,0.0,219.17873960617908,199.99999999999997,19.178739606179107,0.0,0.0,1.0,0.9124972630071716
303,,303,2,2024-09-20T18:00:00,myopic_local,H05,4,4,2,0.43333333333333335,18.707248686000696,0.18613688239914764,10.15218257250261,0.0,467.68121715001735,399.99999999999994,0.0,24.0,24.0,0.0,0.0,0.95,375.99999999999994,500.0,0.7519999999999999,0.3,173.33333333333331,112.91999999999999,24.0,36.41333333333333,16.780889216014838,16.780889216014838,7.977298157533578,13.5,0.7492386156210151,5.200647796004018,529.0575988097373,0.0,-3.0,467.68121715001735,399.99999999999994,0.0,24.0,24.0,0.0,0.0,375.99999999999994,500.0,0.7519999999999999,0.3,173.33333333333331,112.91999999999999,24.0,36.41333333333333,0.0,0.0,0.0,18.707248686000696,529.0575988097373,0.0,18.707248686000696,0.8552834395136562,1.1692030428750435,16.0,0.0,467.68121715001735,399.99999999999994,67.6812171500174,0.0,0.0,1.0,0.8552834395136562
303,,303,2,2024-09-20T18:00:00,myopic_local,H06,5,5,2,0.8,9.831377549393173e-05,0.18613688239914764,0.0,0.0,0.0024578443873482935,314.51901411608515,0.0,32.0,32.0,0.0,0.0,0.95,282.51901411608515,700.0,0.40359859159440736,0.3,251.61521129286814,84.91570423482554,18.871140846965112,147.82836621107748,12.914022907417621,12.914022907417621,4.527197926991948,13.5,0.7492386156210151,5.200647796004018,529.0575988097373,0.0,-3.0,0.0024578443873482935,314.51901411608515,0.0,32.0,32.0,0.0,0.0,282.51901411608515,700.0,0.40359859159440736,0.3,251.61521129286814,84.91570423482554,18.871140846965112,147.82836621107748,0.0,0.0,0.0,9.831377549393173e-05,529.0575988097373,12.580662250867913,12.580760564643407,1.0,0.786297535290213,12.580760564643407,314.5165562716978,314.51901411608515,314.51901411608515,0.0,0.0,0.0,1.0,1.0
303,,303,2,2024-09-20T18:00:00,myopic_local,H07,6,6,2,0.525,15.89928192093355,0.18613688239914764,19.496409604667754,4.496409604667755,397.48204802333885,300.00000000000006,0.0,8.0,8.0,0.0,0.0,0.95,292.00000000000006,350.0,0.8342857142857144,0.3,157.50000000000003,87.64000000000001,18.0,51.860000000000014,10.464974566133215,10.464974566133215,1.9256162347759367,13.5,0.7492386156210151,5.200647796004018,529.0575988097373,0.0,-3.0,397.48204802333885,300.00000000000006,0.0,8.0,8.0,0.0,0.0,292.00000000000006,350.0,0.8342857142857144,0.3,157.50000000000003,87.64000000000001,18.0,51.860000000000014,0.0,0.07494016007779591,0.0,15.89928192093355,529.0575988097373,0.0,15.89928192093355,0.7547510673548332,1.324940160077796,12.0,0.0,397.48204802333885,300.00000000000006,97.48204802333879,1.1102230246251565e-16,0.0,1.0,0.7547510673548332
303,,303,2,2024-09-20T18:00:00,myopic_local,H08,7,7,2,0.525,18.31972143775716,0.18613688239914764,8.69895539158935,0.0,457.993035943929,400.0,0.0,28.8,28.8,0.0,0.0,0.95,371.2,500.0,0.7424,0.3,210.0,111.504,24.0,74.496,9.533184887345042,9.533184887345042,1.2229209573864617,13.5,0.7492386156210151,5.200647796004018,529.0575988097373,0.0,-3.0,457.993035943929,400.0,0.0,28.8,28.8,0.0,0.0,371.2,500.0,0.7424,0.3,210.0,111.504,24.0,74.496,0.0,0.0,0.0,18.31972143775716,529.0575988097373,0.0,18.31972143775716,0.8733757254094384,1.1449825898598225,16.0,0.0,457.993035943929,400.0,57.99303594392899,0.0,0.0,1.0,0.8733757254094384
303,,303,2,2024-09-20T19:00:00,myopic_local,H01,0,0,3,0.525,10.724406264349348,0.18409735528305693,20.43304698262011,5.433046982620109,268.1101566087337,200.0,0.0,3.2,3.2,0.0,0.0,0.95,196.8,250.0,0.7872,0.34,105.0,66.92800000000001,12.0,26.07199999999999,9.910332551913875,9.910332551913875,1.5720421411373182,13.5,0.7432684619838356,1.8963536537347387,214.31504192548385,0.0,-3.0,268.1101566087337,200.0,0.0,3.2,3.2,0.0,0.0,196.8,250.0,0.7872,0.34,105.0,66.92800000000001,12.0,26.07199999999999,0.0,0.09055078304366848,0.0,10.724406264349348,214.31504192548385,0.0,10.724406264349348,0.7459620423551123,1.3405507830436685,8.0,0.0,268.1101566087337,200.0,68.11015660873369,0.0,0.0,1.0,0.7459620423551123
303,,303,2,2024-09-20T19:00:00,myopic_local,H02,1,1,3,0.525,10.920905505784653,0.18409735528305693,21.906791293384895,6.906791293384895,273.02263764461634,200.00000000000003,0.0,2.4,2.4,0.0,0.0,0.95,197.60000000000002,250.0,0.7904000000000001,0.34,105.00000000000001,67.19600000000001,12.0,25.804000000000002,9.904260044565087,9.904260044565087,1.4022533721422303,13.5,0.7432684619838356,1.8963536537347387,214.31504192548385,0.0,-3.0,273.02263764461634,200.00000000000003,0.0,2.4,2.4,0.0,0.0,197.60000000000002,250.0,0.7904000000000001,0.34,105.00000000000001,67.19600000000001,12.0,25.804000000000002,0.0,0.11511318822308159,0.0,10.920905505784653,214.31504192548385,0.0,10.920905505784653,0.7325399890844684,1.3651131882230816,8.0,0.0,273.02263764461634,200.00000000000003,73.02263764461631,0.0,0.0,1.0,0.7325399890844684
303,,303,2,2024-09-20T19:00:00,myopic_local,H03,2,2,3,0.525,10.298568726204405,0.18409735528305693,0.0,0.0,257.46421815511013,257.46421815511013,0.0,2.4,2.4,0.0,0.0,0.95,255.06421815511013,350.0,0.7287549090146004,0.34,135.1687145314328,86.73383417273745,15.447853089306607,32.98702726938876,10.503682165313556,10.503682165313556,1.8534673587555461,13.5,0.7432684619838356,1.8963536537347387,214.31504192548385,0.0,-3.0,257.46421815511013,257.46421815511013,0.0,2.4,2.4,0.0,0.0,255.06421815511013,350.0,0.7287549090146004,0.34,135.1687145314328,86.73383417273745,15.447853089306607,32.98702726938876,0.0,0.0,0.0,10.298568726204405,214.31504192548385,0.0,10.298568726204405,1.0,0.8582140605170337,10.298568726204405,0.0,257.46421815511013,257.46421815511013,0.0,0.0,0.0,1.0,1.0
303,,303,2,2024-09-20T19:00:00,myopic_local,H04,3,3,3,0.525,2.342324973790596,0.18409735528305693,0.0,0.0,58.558124344764884,77.73686395094398,0.0,3.2,3.2,0.0,0.0,0.95,74.53686395094398,250.0,0.29814745580377594,0.34,40.811853574245596,25.358533743320955,4.66421183705664,10.789107993868,13.558321776210574,13.558321776210574,4.6767678955806815,13.5,0.7432684619838356,1.8963536537347387,214.31504192548385,0.0,-3.0,58.558124344764884,77.73686395094398,0.0,3.2,3.2,0.0,0.0,74.53686395094398,250.0,0.29814745580377594,0.34,40.811853574245596,25.358533743320955,4.66421183705664,10.789107993868,0.0,0.0,0.0,2.342324973790596,214.31504192548385,0.7671495842471643,3.10947455803776,1.0,0.38868431975472,3.10947455803776,19.178739606179107,77.73686395094398,77.73686395094398,0.0,0.0,0.0,1.0,1.0
303,,303,2,2024-09-20T19:00:00,myopic_local,H05,4,4,3,0.8,0.01602953197935519,0.18409735528305693,0.0,0.0,0.40073829948387973,68.08195544950128,0.0,6.0,6.0,0.0,0.0,0.95,62.08195544950128,500.0,0.12416391089900256,0.34,54.465564359601025,21.137864852830436,4.084917326970077,29.242782179800507,16.28420920721063,16.28420920721063,7.2947719475724675,13.5,0.7432684619838356,1.8963536537347387,214.31504192548385,0.0,-3.0,0.40073829948387973,68.08195544950128,0.0,6.0,6.0,0.0,0.0,62.08195544950128,500.0,0.12416391089900256,0.34,54.465564359601025,21.137864852830436,4.084917326970077,29.242782179800507,0.0,0.0,0.0,0.01602953197935519,214.31504192548385,2.707248686000696,2.7232782179800514,1.0,0.17020488862375321,2.7232782179800514,67.6812171500174,68.08195544950128,68.08195544950128,0.0,0.0,0.0,1.0,1.0
303,,303,2,2024-09-20T19:00:00,myopic_local,H06,5,5,3,0.525,6.636076138235427,0.18409735528305693,0.0,0.0,165.90190345588564,165.90190345588564,0.0,8.0,8.0,0.0,0.0,0.95,157.90190345588564,700.0,0.22557414779412235,0.34,87.09849931433996,53.72664717500112,9.95411420735314,23.4177379319857,13.059477402571765,13.059477402571765,4.552232497307209,13.5,0.7432684619838356,1.8963536537347387,214.31504192548385,0.0,-3.0,165.90190345588564,165.90190345588564,0.0,8.0,8.0,0.0,0.0,157.90190345588564,700.0,0.22557414779412235,0.34,87.09849931433996,53.72664717500112,9.95411420735314,23.4177379319857,0.0,0.0,0.0,6.636076138235427,214.31504192548385,0.0,6.636076138235427,1.0,0.41475475863971417,6.636076138235427,0.0,165.90190345588564,165.90190345588564,0.0,0.0,0.0,1.0,1.0
303,,303,2,2024-09-20T19:00:00,myopic_local,H07,6,6,3,0.8,0.009731091463485044,0.18409735528305693,0.0,0.0,0.2432772865871261,97.72532530992592,0.0,2.0,2.0,0.0,0.0,0.95,95.72532530992592,350.0,0.2735009294569312,0.34,78.18026024794074,32.556610605374814,5.863519518595554,39.76013012397037,10.33575562359263,10.33575562359263,1.659029879698561,13.5,0.7432684619838356,1.8963536537347387,214.31504192548385,0.0,-3.0,0.2432772865871261,97.72532530992592,0.0,2.0,2.0,0.0,0.0,95.72532530992592,350.0,0.2735009294569312,0.34,78.18026024794074,32.556610605374814,5.863519518595554,39.76013012397037,0.0,0.0,0.0,0.009731091463485044,214.31504192548385,3.899281920933551,3.909013012397036,1.0,0.3257510843664197,3.909013012397036,97.48204802333879,97.72532530992592,97.72532530992592,0.0,0.0,0.0,1.0,1.0
303,,303,2,2024-09-20T19:00:00,myopic_local,H08,7,7,3,0.8,0.06330420488989202,0.18409735528305693,0.0,0.0,1.5826051222473005,59.57564106617629,0.0,7.2,7.2,0.0,0.0,0.95,52.375641066176286,500.0,0.10475128213235257,0.34,47.66051285294103,17.84371796249994,3.574538463970578,26.24225642647051,9.688022880677805,9.688022880677805,1.278798139651041,13.5,0.7432684619838356,1.8963536537347387,214.31504192548385,0.0,-3.0,1.5826051222473005,59.57564106617629,0.0,7.2,7.2,0.0,0.0,52.375641066176286,500.0,0.10475128213235257,0.34,47.66051285294103,17.84371796249994,3.574538463970578,26.24225642647051,0.0,0.0,0.0,0.06330420488989202,214.31504192548385,2.3197214377571598,2.383025642647052,1.0,0.14893910266544075,2.383025642647052,57.99303594392899,59.57564106617629,59.57564106617629,0.0,0.0,0.0,1.0,1.0
303,,303,2,2024-09-20T20:00:00,myopic_local,H01,0,0,4,0.8,0.001727334816678452,0.051249953714421384,0.0,0.0,0.04318337041696129,68.15333997915064,0.0,0.0,0.0,0.0,0.0,0.95,68.15333997915064,250.0,0.27261335991660257,0.27,54.52267198332052,18.401401794370674,4.08920039874904,32.03206979020081,9.685706236951704,9.685706236951704,1.4021562418194784,13.5,0.31267306369935804,1.5308732012669817,153.08732012669816,0.0,-3.0,0.04318337041696129,68.15333997915064,0.0,0.0,0.0,0.0,0.0,68.15333997915064,250.0,0.27261335991660257,0.27,54.52267198332052,18.401401794370674,4.08920039874904,32.03206979020081,0.0,0.0,0.0,0.001727334816678452,153.08732012669816,2.724406264349348,2.7261335991660265,1.0,0.3407666998957533,2.7261335991660265,68.11015660873369,68.15333997915064,68.15333997915064,0.0,0.0,0.0,1.0,1.0
303,,303,2,2024-09-20T20:00:00,myopic_local,H02,1,1,4,0.8,0.0013794825398030159,0.051249953714421384,0.0,0.0,0.034487063495075396,73.05712470811139,0.0,0.0,0.0,0.0,0.0,0.95,73.05712470811139,250.0,0.29222849883244556,0.27,58.44569976648911,19.725423671190075,4.383427482486683,34.33684861281236,9.657647874958668,9.657647874958668,1.2159992941166347,13.5,0.31267306369935804,1.5308732012669817,153.08732012669816,0.0,-3.0,0.034487063495075396,73.05712470811139,0.0,0.0,0.0,0.0,0.0,73.05712470811139,250.0,0.29222849883244556,0.27,58.44569976648911,19.725423671190075,4.383427482486683,34.33684861281236,0.0,0.0,0.0,0.0013794825398030159,153.08732012669816,2.9209055057846527,2.9222849883244555,1.0,0.36528562354055694,2.9222849883244555,73.02263764461631,73.05712470811139,73.05712470811139,0.0,0.0,0.0,1.0,1.0
303,,303,2,2024-09-20T20:00:00,myopic_local,H03,2,2,4,0.43333333333333335,7.03745703019411,0.051249953714421384,0.0,0.0,175.93642575485276,175.93642575485276,0.0,0.0,0.0,0.0,0.0,0.95,175.93642575485276,350.0,0.5026755021567222,0.27,76.23911782710287,47.50283495381025,10.556185545291164,18.18009732800146,10.589322577229423,10.589322577229423,1.9938276341379193,13.5,0.31267306369935804,1.5308732012669817,153.08732012669816,0.0,-3.0,175.93642575485276,175.93642575485276,0.0,0.0,0.0,0.0,0.0,175.93642575485276,350.0,0.5026755021567222,0.27,76.23911782710287,47.50283495381025,10.556185545291164,18.18009732800146,0.0,0.0,0.0,7.03745703019411,153.08732012669816,0.0,7.03745703019411,1.0,0.5864547525161758,7.03745703019411,0.0,175.93642575485276,175.93642575485276,0.0,0.0,0.0,1.0,1.0
303,,303,2,2024-09-20T20:00:00,myopic_local,H04,3,3,4,0.43333333333333335,3.9914855523378456,0.051249953714421384,0.0,0.0,99.78713880844614,99.78713880844614,0.0,0.0,0.0,0.0,0.0,0.95,99.78713880844614,250.0,0.39914855523378456,0.27,43.241093483659995,26.94252747828046,5.9872283285067684,10.311337676872766,13.865335258934774,13.865335258934774,5.007386761207176,13.5,0.31267306369935804,1.5308732012669817,153.08732012669816,0.0,-3.0,99.78713880844614,99.78713880844614,0.0,0.0,0.0,0.0,0.0,99.78713880844614,250.0,0.39914855523378456,0.27,43.241093483659995,26.94252747828046,5.9872283285067684,10.311337676872766,0.0,0.0,0.0,3.9914855523378456,153.08732012669816,0.0,3.9914855523378456,1.0,0.4989356940422307,3.9914855523378456,0.0,99.78713880844614,99.78713880844614,0.0,0.0,0.0,1.0,1.0
303,,303,2,2024-09-20T20:00:00,myopic_local,H05,4,4,4,0.43333333333333335,2.5100351384046755,0.051249953714421384,0.0,0.0,62.750878460116894,62.750878460116894,0.0,0.0,0.0,0.0,0.0,0.95,62.750878460116894,500.0,0.1255017569202338,0.27,27.192047332717323,16.94273718423156,3.7650527076070133,6.484257440878748,16.459615803367427,16.459615803367427,7.493489371878223,13.5,0.31267306369935804,1.5308732012669817,153.08732012669816,0.0,-3.0,62.750878460116894,62.750878460116894,0.0,0.0,0.0,0.0,0.0,62.750878460116894,500.0,0.1255017569202338,0.27,27.192047332717323,16.94273718423156,3.7650527076070133,6.484257440878748,0.0,0.0,0.0,2.5100351384046755,153.08732012669816,0.0,2.5100351384046755,1.0,0.15687719615029222,2.5100351384046755,0.0,62.750878460116894,62.750878460116894,0.0,0.0,0.0,1.0,1.0
303,,303,2,2024-09-20T20:00:00,myopic_local,H06,5,5,4,0.43333333333333335,4.559407565509623,0.051249953714421384,0.0,0.0,113.9851891377406,113.9851891377406,0.0,0.0,0.0,0.0,0.0,0.95,113.9851891377406,700.0,0.16283598448248657,0.27,49.393581959687594,30.776001067189966,6.839111348264435,11.778469544233193,13.07311761550137,13.07311761550137,4.608165945162078,13.5,0.31267306369935804,1.5308732012669817,153.08732012669816,0.0,-3.0,113.9851891377406,113.9851891377406,0.0,0.0,0.0,0.0,0.0,113.9851891377406,700.0,0.16283598448248657,0.27,49.393581959687594,30.776001067189966,6.839111348264435,11.778469544233193,0.0,0.0,0.0,4.559407565509623,153.08732012669816,0.0,4.559407565509623,1.0,0.28496297284435146,4.559407565509623,0.0,113.9851891377406,113.9851891377406,0.0,0.0,0.0,1.0,1.0
303,,303,2,2024-09-20T20:00:00,myopic_local,H07,6,6,4,0.43333333333333335,7.288349865060278,0.051249953714421384,0.0,0.0,182.20874662650695,182.20874662650695,0.0,0.0,0.0,0.0,0.0,0.95,182.20874662650695,350.0,0.520596418932877,0.27,78.95712353815301,49.19636158915688,10.932524797590418,18.828237151405716,10.405836136966492,10.405836136966492,1.7848224943181066,13.5,0.31267306369935804,1.5308732012669817,153.08732012669816,0.0,-3.0,182.20874662650695,182.20874662650695,0.0,0.0,0.0,0.0,0.0,182.20874662650695,350.0,0.520596418932877,0.27,78.95712353815301,49.19636158915688,10.932524797590418,18.828237151405716,0.0,0.0,0.0,7.288349865060278,153.08732012669816,0.0,7.288349865060278,1.0,0.6073624887550232,7.288349865060278,0.0,182.20874662650695,182.20874662650695,0.0,0.0,0.0,1.0,1.0
303,,303,2,2024-09-20T20:00:00,myopic_local,H08,7,7,4,0.43333333333333335,8.181678418952181,0.051249953714421384,0.0,0.0,204.54196047380447,204.54196047380447,0.0,0.0,0.0,0.0,0.0,0.95,204.54196047380447,500.0,0.4090839209476089,0.27,88.63484953864861,55.22632932792721,12.272517628428272,21.136002582293127,9.596572362242982,9.596572362242982,1.2474315458991434,13.5,0.31267306369935804,1.5308732012669817,153.08732012669816,0.0,-3.0,204.54196047380447,204.54196047380447,0.0,0.0,0.0,0.0,0.0,204.54196047380447,500.0,0.4090839209476089,0.27,88.63484953864861,55.22632932792721,12.272517628428272,21.136002582293127,0.0,0.0,0.0,8.181678418952181,153.08732012669816,0.0,8.181678418952181,1.0,0.5113549011845113,8.181678418952181,0.0,204.54196047380447,204.54196047380447,0.0,0.0,0.0,1.0,1.0
303,,303,2,2024-09-20T21:00:00,myopic_local,H01,0,0,5,0.43333333333333335,1.4689872824465016,0.011431685475869915,0.0,0.0,36.72468206116253,36.72468206116253,0.0,0.0,0.0,0.0,36.72468206116253,0.7567121996780919,0.0,250.0,0.0,0.2,15.914028893170432,1.1017404618348758,2.203480923669752,12.608807507665805,9.667576183517312,9.667576183517312,1.4241811253983434,13.5,0.09056590896090695,1.8008853401594658,180.08853401594658,0.0,-3.0,36.72468206116253,36.72468206116253,0.0,0.0,0.0,0.0,36.72468206116253,0.0,250.0,0.0,0.2,15.914028893170432,1.1017404618348758,2.203480923669752,12.608807507665805,0.0,0.0,0.0,1.4689872824465016,180.08853401594658,0.0,1.4689872824465016,1.0,0.1836234103058127,1.4689872824465016,0.0,36.72468206116253,36.72468206116253,0.0,0.0,0.0,1.0,1.0
303,,303,2,2024-09-20T21:00:00,myopic_local,H02,1,1,5,0.43333333333333335,1.5045928625691567,0.011431685475869915,0.0,0.0,37.61482156422891,37.61482156422891,0.0,0.0,0.0,0.0,37.61482156422891,0.7520272549251109,0.0,250.0,0.0,0.2,16.29975601116586,1.1284446469268674,2.2568892938537353,12.914422070385259,9.603741223369367,9.603741223369367,1.21531635093857,13.5,0.09056590896090695,1.8008853401594658,180.08853401594658,1.4210854715202004e-14,-3.0,37.61482156422891,37.61482156422891,0.0,0.0,0.0,0.0,37.61482156422891,0.0,250.0,0.0,0.2,16.29975601116586,1.1284446469268674,2.2568892938537353,12.914422070385259,1.4210854715202004e-14,0.0,0.0,1.5045928625691567,180.08853401594658,0.0,1.5045928625691567,1.0,0.1880741078211446,1.5045928625691567,0.0,37.61482156422891,37.61482156422891,0.0,0.0,0.0,1.0,1.0
303,,303,2,2024-09-20T21:00:00,myopic_local,H03,2,2,5,0.3416666666666667,4.800231272046916,0.011431685475869915,0.0,0.0,120.0057818011729,120.0057818011729,0.0,0.0,0.0,0.0,120.0057818011729,0.5289270813993934,0.0,350.0,0.0,0.2,41.00197544873407,3.600173454035187,7.200346908070374,30.201455086628513,10.445305527888452,10.445305527888452,1.9024177898947998,13.5,0.09056590896090695,1.8008853401594658,180.08853401594658,1.4210854715202004e-14,-3.0,120.0057818011729,120.0057818011729,0.0,0.0,0.0,0.0,120.0057818011729,0.0,350.0,0.0,0.2,41.00197544873407,3.600173454035187,7.200346908070374,30.201455086628513,1.4210854715202004e-14,0.0,0.0,4.800231272046916,180.08853401594658,0.0,4.800231272046916,1.0,0.4000192726705763,4.800231272046916,0.0,120.0057818011729,120.0057818011729,0.0,0.0,0.0,1.0,1.0
303,,303,2,2024-09-20T21:00:00,myopic_local,H04,3,3,5,0.3416666666666667,2.677863199768206,0.011431685475869915,0.0,0.0,66.94657999420515,66.94657999420515,0.0,0.0,0.0,0.0,66.94657999420515,0.6681196631822941,0.0,250.0,0.0,0.2,22.87341483135343,2.0083973998261544,4.016794799652309,16.848222631874965,13.803041382235563,13.803041382235563,4.998477813600597,13.5,0.09056590896090695,1.8008853401594658,180.08853401594658,0.0,-3.0,66.94657999420515,66.94657999420515,0.0,0.0,0.0,0.0,66.94657999420515,0.0,250.0,0.0,0.2,22.87341483135343,2.0083973998261544,4.016794799652309,16.848222631874965,0.0,0.0,0.0,2.677863199768206,180.08853401594658,0.0,2.677863199768206,1.0,0.33473289997102573,2.677863199768206,0.0,66.94657999420515,66.94657999420515,0.0,0.0,0.0,1.0,1.0
303,,303,2,2024-09-20T21:00:00,myopic_local,H05,4,4,5,0.25,5.811573752499147,0.011431685475869915,0.0,0.0,145.28934381247868,145.28934381247868,0.0,0.0,0.0,0.0,145.28934381247868,0.644127697236887,0.0,500.0,0.0,0.2,36.32233595311967,4.35868031437436,8.71736062874872,23.246295009996587,16.559809141002347,16.559809141002347,7.645289200804695,13.5,0.09056590896090695,1.8008853401594658,180.08853401594658,0.0,-3.0,145.28934381247868,145.28934381247868,0.0,0.0,0.0,0.0,145.28934381247868,0.0,500.0,0.0,0.2,36.32233595311967,4.35868031437436,8.71736062874872,23.246295009996587,0.0,0.0,0.0,5.811573752499147,180.08853401594658,0.0,5.811573752499147,1.0,0.36322335953119667,5.811573752499147,0.0,145.28934381247868,145.28934381247868,0.0,0.0,0.0,1.0,1.0
303,,303,2,2024-09-20T21:00:00,myopic_local,H06,5,5,5,0.3416666666666667,2.970629453510368,0.011431685475869915,0.0,0.0,74.26573633775922,74.26573633775922,0.0,0.0,0.0,0.0,74.26573633775922,0.8197092344951593,0.0,700.0,0.0,0.2,25.374126582067735,2.2279720901327766,4.455944180265552,18.690210311669404,13.202267567428912,13.202267567428912,4.763286906117787,13.5,0.09056590896090695,1.8008853401594658,180.08853401594658,1.4210854715202004e-14,-3.0,74.26573633775922,74.26573633775922,0.0,0.0,0.0,0.0,74.26573633775922,0.0,700.0,0.0,0.2,25.374126582067735,2.2279720901327766,4.455944180265552,18.690210311669404,1.4210854715202004e-14,0.0,0.0,2.970629453510368,180.08853401594658,0.0,2.970629453510368,1.0,0.185664340844398,2.970629453510368,0.0,74.26573633775922,74.26573633775922,0.0,0.0,0.0,1.0,1.0
303,,303,2,2024-09-20T21:00:00,myopic_local,H07,6,6,5,0.3416666666666667,4.940319292425235,0.011431685475869915,0.0,0.0,123.50798231063088,123.50798231063088,0.0,0.0,0.0,0.0,123.50798231063088,0.5166386585591899,0.0,350.0,0.0,0.2,42.19856062279889,3.705239469318926,7.410478938637852,31.08284221484211,10.304450815430746,10.304450815430746,1.7375122765128446,13.5,0.09056590896090695,1.8008853401594658,180.08853401594658,0.0,-3.0,123.50798231063088,123.50798231063088,0.0,0.0,0.0,0.0,123.50798231063088,0.0,350.0,0.0,0.2,42.19856062279889,3.705239469318926,7.410478938637852,31.08284221484211,0.0,0.0,0.0,4.940319292425235,180.08853401594658,0.0,4.940319292425235,1.0,0.41169327436876957,4.940319292425235,0.0,123.50798231063088,123.50798231063088,0.0,0.0,0.0,1.0,1.0
303,,303,2,2024-09-20T21:00:00,myopic_local,H08,7,7,5,0.3416666666666667,5.482852320458372,0.011431685475869915,0.0,0.0,137.0713080114593,137.0713080114593,0.0,0.0,0.0,0.0,137.0713080114593,0.6614288252390331,0.0,500.0,0.0,0.2,46.83269690391526,4.1121392403437795,8.224278480687559,34.496279182883924,9.573906096755245,9.573906096755245,1.2613665689580877,13.5,0.09056590896090695,1.8008853401594658,180.08853401594658,5.684341886080802e-14,-3.0,137.0713080114593,137.0713080114593,0.0,0.0,0.0,0.0,137.0713080114593,0.0,500.0,0.0,0.2,46.83269690391526,4.1121392403437795,8.224278480687559,34.496279182883924,5.684341886080802e-14,0.0,0.0,5.482852320458372,180.08853401594658,0.0,5.482852320458372,1.0,0.34267827002864826,5.482852320458372,0.0,137.0713080114593,137.0713080114593,0.0,0.0,0.0,1.0,1.0
101,5,101,0,2024-09-20T16:00:00,proposed,H01,0,0,0,0.46856242418289185,15.766740231793182,0.07875436541553546,58.25055173844887,43.25055173844887,394.1685057948296,200.00000000000003,0.0,44.0,44.0,84.21052631578947,0.0,0.95,240.21052631578948,250.0,0.9608421052631579,0.16,93.71248483657838,38.653684210526315,12.0,43.05880062605207,10.426646093807662,10.426646093807662,1.8766891932775056,13.538897993555434,0.4254669677134717,1.6868931375683542,329.9456127502318,0.0,-2.961102006444566,394.1685057948296,200.00000000000003,0.0,44.0,44.0,84.21052631578947,0.0,240.21052631578948,250.0,0.9608421052631579,0.16,93.71248483657838,38.653684210526315,12.0,43.05880062605207,0.0,0.7208425289741478,0.0,15.766740231793182,329.9456127502318,0.0,15.766740231793182,0.507397209720512,1.9708425289741478,8.0,0.0,394.1685057948296,200.00000000000003,194.1685057948296,0.0,0.0,1.0,0.507397209720512
101,5,101,0,2024-09-20T16:00:00,proposed,H02,1,1,0,0.5294427871704102,7.023272993604092,0.07875436541553546,0.0,0.0,175.58182484010229,175.58182484010229,0.0,33.0,33.0,94.73684210526316,0.0,0.95,237.31866694536546,250.0,0.9492746677814619,0.16,92.9605307198105,38.135986711258475,10.534909490406138,44.289634518145895,10.350403269747982,10.350403269747982,1.6703588060311936,13.538897993555434,0.4254669677134717,1.6868931375683542,329.9456127502318,0.0,-2.961102006444566,175.58182484010229,175.58182484010229,0.0,33.0,33.0,94.73684210526316,0.0,237.31866694536546,250.0,0.9492746677814619,0.16,92.9605307198105,38.135986711258475,10.534909490406138,44.289634518145895,0.0,0.0,0.0,7.023272993604092,329.9456127502318,0.0,7.023272993604092,1.0,0.8779091242005115,7.023272993604092,0.0,175.58182484010229,175.58182484010229,0.0,0.0,0.0,1.0,1.0
101,5,101,0,2024-09-20T16:00:00,proposed,H03,2,2,0,0.5401561260223389,6.191500701917184,0.07875436541553546,0.0,0.0,154.78751754792958,154.78751754792958,0.0,33.0,33.0,110.52631578947368,0.0,0.95,232.31383333740325,350.0,0.6637538095354378,0.16,83.60942583530444,37.33521333398452,9.287251052875776,36.98696144844414,10.524391604555804,10.524391604555804,1.6825276633007913,13.538897993555434,0.4254669677134717,1.6868931375683542,329.9456127502318,0.0,-2.961102006444566,154.78751754792958,154.78751754792958,0.0,33.0,33.0,110.52631578947368,0.0,232.31383333740325,350.0,0.6637538095354378,0.16,83.60942583530444,37.33521333398452,9.287251052875776,36.98696144844414,0.0,0.0,0.0,6.191500701917184,329.9456127502318,0.0,6.191500701917184,1.0,0.515958391826432,6.191500701917184,0.0,154.78751754792958,154.78751754792958,0.0,0.0,0.0,1.0,1.0
101,5,101,0,2024-09-20T16:00:00,proposed,H04,3,3,0,0.497302770614624,7.079087792731841,0.07875436541553546,0.0,0.0,176.97719481829603,176.97719481829603,0.0,44.0,44.0,78.94736842105263,0.0,0.95,211.92456323934866,250.0,0.8476982529573946,0.16,88.0112493187427,34.12793011829579,10.618631689097763,43.26468751134915,13.1499188398441,13.1499188398441,4.044716950072058,13.538897993555434,0.4254669677134717,1.6868931375683542,329.9456127502318,0.0,-2.961102006444566,176.97719481829603,176.97719481829603,0.0,44.0,44.0,78.94736842105263,0.0,211.92456323934866,250.0,0.8476982529573946,0.16,88.0112493187427,34.12793011829579,10.618631689097763,43.26468751134915,0.0,0.0,0.0,7.079087792731841,329.9456127502318,0.0,7.079087792731841,1.0,0.8848859740914802,7.079087792731841,0.0,176.97719481829603,176.97719481829603,0.0,0.0,0.0,1.0,1.0
101,5,101,0,2024-09-20T16:00:00,proposed,H05,4,4,0,0.5716525912284851,1.6798622920440582,0.07875436541553546,0.0,0.0,41.996557301101454,41.996557301101454,0.0,82.5,0.0,131.57894736842104,0.0,0.95,91.0755046695225,500.0,0.18215100933904502,0.16,24.0074408038502,14.9845807471236,2.5197934380660874,6.503066618660514,15.448516338228481,15.448516338228481,6.189242363849866,13.538897993555434,0.4254669677134717,1.6868931375683542,329.9456127502318,1.4210854715202004e-14,-2.961102006444566,41.996557301101454,41.996557301101454,0.0,82.5,0.0,131.57894736842104,0.0,91.0755046695225,500.0,0.18215100933904502,0.16,24.0074408038502,14.9845807471236,2.5197934380660874,6.503066618660514,1.4210854715202004e-14,0.0,0.0,1.6798622920440582,329.9456127502318,0.0,1.6798622920440582,1.0,0.10499139325275364,1.6798622920440582,0.0,41.996557301101454,41.996557301101454,0.0,0.0,0.0,1.0,1.0
101,5,101,0,2024-09-20T16:00:00,proposed,H06,5,5,0,0.48814189434051514,7.796819332350432,0.07875436541553546,0.0,0.0,194.92048330876077,194.92048330876077,0.0,110.0,110.0,126.31578947368422,0.0,0.95,211.23627278244498,700.0,0.30176610397492143,0.16,95.14885396810725,34.34780364519119,11.695228998525648,49.105821324390405,13.398224229734364,13.398224229734364,4.623021584831504,13.538897993555434,0.4254669677134717,1.6868931375683542,329.9456127502318,0.0,-2.961102006444566,194.92048330876077,194.92048330876077,0.0,110.0,110.0,126.31578947368422,0.0,211.23627278244498,700.0,0.30176610397492143,0.16,95.14885396810725,34.34780364519119,11.695228998525648,49.105821324390405,0.0,0.0,0.0,7.796819332350432,329.9456127502318,0.0,7.796819332350432,1.0,0.487301208271902,7.796819332350432,0.0,194.92048330876077,194.92048330876077,0.0,0.0,0.0,1.0,1.0
101,5,101,0,2024-09-20T16:00:00,proposed,H07,6,6,0,0.5586836338043213,5.168837473920945,0.07875436541553546,0.0,0.0,129.22093684802363,129.22093684802363,0.0,27.5,27.5,126.31578947368422,0.0,0.95,228.03672632170785,350.0,0.6515335037763081,0.16,72.19362256185256,36.62337621147326,7.753256210881418,27.81699013949789,10.136226353165805,10.136226353165805,1.2209285190314374,13.538897993555434,0.4254669677134717,1.6868931375683542,329.9456127502318,0.0,-2.961102006444566,129.22093684802363,129.22093684802363,0.0,27.5,27.5,126.31578947368422,0.0,228.03672632170785,350.0,0.6515335037763081,0.16,72.19362256185256,36.62337621147326,7.753256210881418,27.81699013949789,0.0,0.0,0.0,5.168837473920945,329.9456127502318,0.0,5.168837473920945,1.0,0.4307364561600788,5.168837473920945,0.0,129.22093684802363,129.22093684802363,0.0,0.0,0.0,1.0,1.0
101,5,101,0,2024-09-20T16:00:00,proposed,H08,7,7,0,0.4315682053565979,29.967359402199822,0.07875436541553546,52.37759775824933,37.37759775824933,749.1839850549954,399.99999999999994,0.0,99.0,0.0,131.57894736842104,0.0,0.95,432.578947368421,500.0,0.865157894736842,0.16,172.62728214263913,69.70763157894736,24.0,78.91965056369177,9.975495370830973,9.975495370830973,1.3263581279802912,13.538897993555434,0.4254669677134717,1.6868931375683542,329.9456127502318,1.4210854715202004e-14,-2.961102006444566,749.1839850549954,399.99999999999994,0.0,99.0,0.0,131.57894736842104,0.0,432.578947368421,500.0,0.865157894736842,0.16,172.62728214263913,69.70763157894736,24.0,78.91965056369177,1.4210854715202004e-14,0.6229599626374889,0.0,29.967359402199822,329.9456127502318,0.0,29.967359402199822,0.533914242668491,1.8729599626374889,16.0,0.0,749.1839850549954,399.99999999999994,349.1839850549955,0.0,0.0,1.0,0.533914242668491
101,5,101,0,2024-09-20T17:00:00,proposed,H01,0,0,1,0.46791282296180725,0.0030885898509454323,0.16646773468034362,0.0,0.0,0.07721474627363581,194.24572054110322,0.0,28.0,28.0,0.0,0.0,0.95,166.24572054110322,250.0,0.6649828821644129,0.22,90.89006344663792,36.71405851904271,11.654743232466192,42.52126169512903,9.65092516094762,9.65092516094762,1.4788960360015504,13.538897993555434,0.6989409117167777,2.8367149276529995,518.1555864090782,0.0,-2.961102006444566,0.07721474627363581,194.24572054110322,0.0,28.0,28.0,0.0,0.0,166.24572054110322,250.0,0.6649828821644129,0.22,90.89006344663792,36.71405851904271,11.654743232466192,42.52126169512903,0.0,0.0,0.0,0.0030885898509454323,518.1555864090782,7.766740231793182,7.769828821644128,1.0,0.971228602705516,7.769828821644128,194.1685057948296,194.24572054110322,194.24572054110322,0.0,0.0,0.0,1.0,1.0
101,5,101,0,2024-09-20T17:00:00,proposed,H02,1,1,1,0.5242934226989746,21.00970119252273,0.16646773468034362,97.57275894392048,82.57275894392048,525.2425298130682,200.0,0.0,21.0,21.0,0.0,0.0,0.95,179.0,250.0,0.716,0.22,104.85868453979492,39.485,12.0,53.37368453979492,9.815275609248651,9.815275609248651,1.4640236742981119,13.538897993555434,0.6989409117167777,2.8367149276529995,518.1555864090782,0.0,-2.961102006444566,525.2425298130682,200.0,0.0,21.0,21.0,0.0,0.0,179.0,250.0,0.716,0.22,104.85868453979492,39.485,12.0,53.37368453979492,0.0,1.3762126490653412,0.0,21.00970119252273,518.1555864090782,0.0,21.00970119252273,0.38077647686142096,2.6262126490653412,8.0,0.0,525.2425298130682,200.0,325.24252981306824,0.0,0.0,1.0,0.38077647686142096
101,5,101,0,2024-09-20T17:00:00,proposed,H03,2,2,1,0.5424904227256775,14.885612990466626,0.16646773468034362,14.428064952333134,0.0,372.1403247616657,300.0,0.0,21.0,21.0,0.0,0.0,0.95,279.0,350.0,0.7971428571428572,0.22,162.74712681770325,61.485,18.0,83.26212681770325,10.599654023980023,10.599654023980023,2.0962388221146195,13.538897993555434,0.6989409117167777,2.8367149276529995,518.1555864090782,0.0,-2.961102006444566,372.1403247616657,300.0,0.0,21.0,21.0,0.0,0.0,279.0,350.0,0.7971428571428572,0.22,162.74712681770325,61.485,18.0,83.26212681770325,0.0,0.0,0.0,14.885612990466626,518.1555864090782,0.0,14.885612990466626,0.8061475202724473,1.2404677492055523,12.0,0.0,372.1403247616657,300.0,72.14032476166568,8.326672684688674e-17,0.0,1.0,0.8061475202724473
101,5,101,0,2024-09-20T17:00:00,proposed,H04,3,3,1,0.5061406493186951,14.127068973108658,0.16646773468034362,45.95301729831493,30.953017298314936,353.17672432771644,200.0,0.0,28.0,28.0,0.0,0.0,0.95,172.0,250.0,0.688,0.22,101.22812986373901,37.980000000000004,12.0,51.24812986373901,13.781200628254513,13.781200628254513,5.051272020250183,13.538897993555434,0.6989409117167777,2.8367149276529995,518.1555864090782,0.0,-2.961102006444566,353.17672432771644,200.0,0.0,28.0,28.0,0.0,0.0,172.0,250.0,0.688,0.22,101.22812986373901,37.980000000000004,12.0,51.24812986373901,0.0,0.5158836216385823,0.0,14.127068973108658,518.1555864090782,0.0,14.127068973108658,0.5662887337230578,1.7658836216385823,8.0,0.0,353.17672432771644,200.0,153.17672432771644,0.0,0.0,1.0,0.5662887337230578
101,5,101,0,2024-09-20T17:00:00,proposed,H05,4,4,1,0.5748951435089111,3.440216641518598,0.16646773468034362,0.0,0.0,86.00541603796495,86.00541603796495,0.0,52.5,52.5,0.0,0.0,0.95,33.50541603796495,500.0,0.0670108320759299,0.22,49.444095995689466,7.633691528352289,5.1603249622778975,36.65007950505928,16.436658434538458,16.436658434538458,7.619422735964697,13.538897993555434,0.6989409117167777,2.8367149276529995,518.1555864090782,0.0,-2.961102006444566,86.00541603796495,86.00541603796495,0.0,52.5,52.5,0.0,0.0,33.50541603796495,500.0,0.0670108320759299,0.22,49.444095995689466,7.633691528352289,5.1603249622778975,36.65007950505928,0.0,0.0,0.0,3.440216641518598,518.1555864090782,0.0,3.440216641518598,1.0,0.2150135400949124,3.440216641518598,0.0,86.00541603796495,86.00541603796495,0.0,0.0,0.0,1.0,1.0
101,5,101,0,2024-09-20T17:00:00,proposed,H06,5,5,1,0.4891475737094879,20.991005487907653,0.16646773468034362,18.7162705796537,3.7162705796537,524.7751371976913,399.99999999999994,0.0,70.0,70.0,0.0,0.0,0.95,329.99999999999994,700.0,0.47142857142857136,0.22,195.65902948379514,72.94999999999999,24.0,98.70902948379515,12.83234663808369,12.83234663808369,4.5199105550687415,13.538897993555434,0.6989409117167777,2.8367149276529995,518.1555864090782,0.0,-2.961102006444566,524.7751371976913,399.99999999999994,0.0,70.0,70.0,0.0,0.0,329.99999999999994,700.0,0.47142857142857136,0.22,195.65902948379514,72.94999999999999,24.0,98.70902948379515,0.0,0.06193784299422833,0.0,20.991005487907653,518.1555864090782,0.0,20.991005487907653,0.7622312332402164,1.3119378429942283,16.0,0.0,524.7751371976913,399.99999999999994,124.77513719769132,0.0,0.0,1.0,0.7622312332402164
101,5,101,0,2024-09-20T17:00:00,proposed,H07,6,6,1,0.5608513951301575,12.048277799781555,0.16646773468034362,0.2413889989077722,0.0,301.2069449945389,300.0,0.0,17.5,17.5,0.0,0.0,0.95,282.5,350.0,0.8071428571428572,0.22,168.25541853904724,62.2375,18.0,88.01791853904724,10.389119306957898,10.389119306957898,1.8711096058741943,13.538897993555434,0.6989409117167777,2.8367149276529995,518.1555864090782,0.0,-2.961102006444566,301.2069449945389,300.0,0.0,17.5,17.5,0.0,0.0,282.5,350.0,0.8071428571428572,0.22,168.25541853904724,62.2375,18.0,88.01791853904724,0.0,0.0,0.0,12.048277799781555,518.1555864090782,0.0,12.048277799781555,0.9959929708972655,1.0040231499817962,12.0,0.0,301.2069449945389,300.0,1.206944994538901,-7.37257477290143e-17,0.0,1.0,0.9959929708972655
101,5,101,0,2024-09-20T17:00:00,proposed,H08,7,7,1,0.425400048494339,0.015677465023571237,0.16646773468034362,0.0,0.0,0.39193662558928094,349.57592168058477,0.0,63.0,63.0,0.0,0.0,0.95,286.57592168058477,500.0,0.5731518433611695,0.22,148.70961403537402,63.361702769728645,20.974555300835092,64.37335596481027,9.475282458358032,9.475282458358032,1.232104954387885,13.538897993555434,0.6989409117167777,2.8367149276529995,518.1555864090782,0.0,-2.961102006444566,0.39193662558928094,349.57592168058477,0.0,63.0,63.0,0.0,0.0,286.57592168058477,500.0,0.5731518433611695,0.22,148.70961403537402,63.361702769728645,20.974555300835092,64.37335596481027,0.0,0.0,0.0,0.015677465023571237,518.1555864090782,13.967359402199822,13.983036867223394,1.0,0.8739398042014621,13.983036867223394,349.1839850549955,349.57592168058477,349.57592168058477,0.0,0.0,0.0,1.0,1.0
101,5,101,0,2024-09-20T18:00:00,proposed,H01,0,0,2,0.43105337023735046,34.31872487715114,0.11286349042827822,197.39043657863357,182.39043657863357,857.9681219287786,200.00000000000003,0.0,12.8,12.8,0.0,0.0,0.95,187.20000000000002,250.0,0.7488,0.3,86.2106740474701,56.224000000000004,12.0,17.986674047470103,10.182211717636033,10.182211717636033,1.705644476972758,13.538897993555434,0.5428962838397727,-2.127572846311297,231.43914898780503,0.0,-2.961102006444566,857.9681219287786,200.00000000000003,0.0,12.8,12.8,0.0,0.0,187.20000000000002,250.0,0.7488,0.3,86.2106740474701,56.224000000000004,12.0,17.986674047470103,0.0,3.039840609643893,0.0,34.31872487715114,231.43914898780503,0.0,34.31872487715114,0.23310889401156837,4.289840609643893,8.0,0.0,857.9681219287786,200.00000000000003,657.9681219287786,0.0,0.0,1.0,0.23310889401156837
101,5,101,0,2024-09-20T18:00:00,proposed,H02,1,1,2,0.5546567440032959,6.616399658927777e-07,0.11286349042827822,37.57276390622022,22.572763906220217,1.6540999147319443e-05,199.99999999999997,0.0,9.6,9.6,0.0,0.0,0.95,190.39999999999998,250.0,0.7615999999999999,0.3,110.93134880065917,57.16799999999999,12.0,41.76334880065917,10.074502033092276,10.074502033092276,1.4490023090832307,13.538897993555434,0.5428962838397727,-2.127572846311297,231.43914898780503,0.0,-2.961102006444566,1.6540999147319443e-05,199.99999999999997,0.0,9.6,9.6,0.0,0.0,190.39999999999998,250.0,0.7615999999999999,0.3,110.93134880065917,57.16799999999999,12.0,41.76334880065917,0.0,0.37621273177033693,0.0,6.616399658927777e-07,231.43914898780503,13.00970119252273,13.009701854162696,0.6149256985040169,1.626212731770337,8.0,325.24252981306824,325.2425463540674,199.99999999999997,125.2425463540674,0.0,0.0,1.0,0.6149256985040169
101,5,101,0,2024-09-20T18:00:00,proposed,H03,2,2,2,0.5555753707885742,0.584359853174969,0.11286349042827822,0.0,0.0,14.608996329374225,86.7493210910399,0.0,9.6,9.6,0.0,0.0,0.95,77.14932109103991,350.0,0.22042663168868545,0.3,48.19578623081158,23.19279632731197,5.204959265462394,19.79803063803721,10.434595168955568,10.434595168955568,1.6834948181799738,13.538897993555434,0.5428962838397727,-2.127572846311297,231.43914898780503,0.0,-2.961102006444566,14.608996329374225,86.7493210910399,0.0,9.6,9.6,0.0,0.0,77.14932109103991,350.0,0.22042663168868545,0.3,48.19578623081158,23.19279632731197,5.204959265462394,19.79803063803721,0.0,0.0,0.0,0.584359853174969,231.43914898780503,2.885612990466627,3.469972843641596,1.0,0.2891644036367997,3.469972843641596,72.14032476166568,86.7493210910399,86.7493210910399,0.0,0.0,0.0,1.0,1.0
101,5,101,0,2024-09-20T18:00:00,proposed,H04,3,3,2,0.5006673336029053,0.004136627350267483,0.11286349042827822,0.0,0.0,0.10341568375668708,153.28014001147312,0.0,12.8,12.8,0.0,0.0,0.95,140.4801400114731,250.0,0.5619205600458924,0.3,76.74235899382424,42.20804200344193,9.196808400688388,25.33750858969392,13.332310368075074,13.332310368075074,4.37530064087237,13.538897993555434,0.5428962838397727,-2.127572846311297,231.43914898780503,0.0,-2.961102006444566,0.10341568375668708,153.28014001147312,0.0,12.8,12.8,0.0,0.0,140.4801400114731,250.0,0.5619205600458924,0.3,76.74235899382424,42.20804200344193,9.196808400688388,25.33750858969392,0.0,0.0,0.0,0.004136627350267483,231.43914898780503,6.127068973108658,6.131205600458926,1.0,0.7664007000573657,6.131205600458926,153.17672432771644,153.28014001147312,153.28014001147312,0.0,0.0,0.0,1.0,1.0
101,5,101,0,2024-09-20T18:00:00,proposed,H05,4,4,2,0.5851355791091919,1.5626409479429373,0.11286349042827822,0.0,0.0,39.06602369857343,39.06602369857343,0.0,24.0,24.0,0.0,0.0,0.95,15.066023698573431,500.0,0.030132047397146863,0.3,22.85892040035818,4.639807109572029,2.343961421914406,15.875151868871745,16.122317000877924,16.122317000877924,7.047465028691638,13.538897993555434,0.5428962838397727,-2.127572846311297,231.43914898780503,0.0,-2.961102006444566,39.06602369857343,39.06602369857343,0.0,24.0,24.0,0.0,0.0,15.066023698573431,500.0,0.030132047397146863,0.3,22.85892040035818,4.639807109572029,2.343961421914406,15.875151868871745,0.0,0.0,0.0,1.5626409479429373,231.43914898780503,0.0,1.5626409479429373,1.0,0.09766505924643358,1.5626409479429373,0.0,39.06602369857343,39.06602369857343,0.0,0.0,0.0,1.0,1.0
101,5,101,0,2024-09-20T18:00:00,proposed,H06,5,5,2,0.5055942535400391,0.3613195413347161,0.11286349042827822,0.0,0.0,9.032988533367902,133.80812573105922,0.0,32.0,32.0,0.0,0.0,0.95,101.80812573105922,700.0,0.1454401796157989,0.3,67.65261944658658,30.702437719317764,8.028487543863553,28.921694183405265,13.15621685244736,13.15621685244736,4.519586075839096,13.538897993555434,0.5428962838397727,-2.127572846311297,231.43914898780503,0.0,-2.961102006444566,9.032988533367902,133.80812573105922,0.0,32.0,32.0,0.0,0.0,101.80812573105922,700.0,0.1454401796157989,0.3,67.65261944658658,30.702437719317764,8.028487543863553,28.921694183405265,0.0,0.0,0.0,0.3613195413347161,231.43914898780503,4.991005487907653,5.352325029242369,1.0,0.33452031432764806,5.352325029242369,124.77513719769132,133.80812573105922,133.80812573105922,0.0,0.0,0.0,1.0,1.0
101,5,101,0,2024-09-20T18:00:00,proposed,H07,6,6,2,0.5603855848312378,5.8532985954746035,0.11286349042827822,0.0,0.0,146.3324648868651,147.539409881404,0.0,8.0,8.0,0.0,0.0,0.95,139.539409881404,350.0,0.39868402823258287,0.3,82.67895849204628,41.9018229644212,8.852364592884237,31.92477093474084,10.292804400082025,10.292804400082025,1.507091756517125,13.538897993555434,0.5428962838397727,-2.127572846311297,231.43914898780503,0.0,-2.961102006444566,146.3324648868651,147.539409881404,0.0,8.0,8.0,0.0,0.0,139.539409881404,350.0,0.39868402823258287,0.3,82.67895849204628,41.9018229644212,8.852364592884237,31.92477093474084,0.0,0.0,0.0,5.8532985954746035,231.43914898780503,0.04827779978155444,5.901576395256158,1.0,0.49179803293801316,5.901576395256158,1.206944994538901,147.539409881404,147.539409881404,0.0,0.0,0.0,1.0,1.0
101,5,101,0,2024-09-20T18:00:00,proposed,H08,7,7,2,0.4633399248123169,24.56933768656362,0.11286349042827822,32.13501632461358,17.13501632461358,614.2334421640905,400.00000000000006,0.0,28.8,28.8,0.0,0.0,0.95,371.20000000000005,500.0,0.7424000000000001,0.3,185.3359699249268,111.50400000000002,24.0,49.83196992492677,9.849638036945763,9.849638036945763,1.3063343428069571,13.538897993555434,0.5428962838397727,-2.127572846311297,231.43914898780503,0.0,-2.961102006444566,614.2334421640905,400.00000000000006,0.0,28.8,28.8,0.0,0.0,371.20000000000005,500.0,0.7424000000000001,0.3,185.3359699249268,111.50400000000002,24.0,49.83196992492677,0.0,0.28558360541022637,0.0,24.56933768656362,231.43914898780503,0.0,24.56933768656362,0.6512182055583051,1.5355836054102263,16.0,0.0,614.2334421640905,400.00000000000006,214.2334421640905,0.0,0.0,1.0,0.6512182055583051
101,5,101,0,2024-09-20T19:00:00,proposed,H01,0,0,3,0.5124228000640869,1.1982829701941868e-13,0.2262804048354281,137.39043657863445,122.39043657863446,2.9957074254854675e-12,200.0,0.0,3.2,3.2,0.0,0.0,0.95,196.8,250.0,0.7872,0.34,102.48456001281738,66.92800000000001,12.0,23.55656001281737,9.601687844437883,9.601687844437883,1.371956796640882,13.538897993555434,0.8206044137063327,-0.5910413848520204,185.67673467206689,0.0,-2.961102006444566,2.9957074254854675e-12,200.0,0.0,3.2,3.2,0.0,0.0,196.8,250.0,0.7872,0.34,102.48456001281738,66.92800000000001,12.0,23.55656001281737,0.0,2.0398406096439077,0.0,1.1982829701941868e-13,185.67673467206689,26.31872487715114,26.31872487715126,0.3039660940012045,3.2898406096439077,8.0,657.9681219287786,657.9681219287816,200.0,457.96812192878156,0.0,0.0,1.0,0.3039660940012045
101,5,101,0,2024-09-20T19:00:00,proposed,H02,1,1,3,0.5289034843444824,0.027451320433050656,0.2262804048354281,0.0,0.0,0.6862830108262665,125.92882936489367,0.0,2.4,2.4,0.0,0.0,0.95,123.52882936489367,250.0,0.49411531745957465,0.34,66.60419663051404,42.01180198406385,7.55572976189362,17.03666488455657,9.593609612849214,9.593609612849214,1.2046794282090252,13.538897993555434,0.8206044137063327,-0.5910413848520204,185.67673467206689,0.0,-2.961102006444566,0.6862830108262665,125.92882936489367,0.0,2.4,2.4,0.0,0.0,123.52882936489367,250.0,0.49411531745957465,0.34,66.60419663051404,42.01180198406385,7.55572976189362,17.03666488455657,0.0,0.0,0.0,0.027451320433050656,185.67673467206689,5.009701854162696,5.037153174595747,1.0,0.6296441468244683,5.037153174595747,125.2425463540674,125.92882936489367,125.92882936489367,0.0,0.0,0.0,1.0,1.0
101,5,101,0,2024-09-20T19:00:00,proposed,H03,2,2,3,0.5553390383720398,8.301605836435975,0.2262804048354281,0.0,0.0,207.5401459108994,207.5401459108994,0.0,2.4,2.4,0.0,0.0,0.95,205.1401459108994,350.0,0.5861147026025697,0.34,115.2551450537517,69.7596496097058,12.452408754653963,33.04308668939194,10.54558237360601,10.54558237360601,2.0228078597673247,13.538897993555434,0.8206044137063327,-0.5910413848520204,185.67673467206689,0.0,-2.961102006444566,207.5401459108994,207.5401459108994,0.0,2.4,2.4,0.0,0.0,205.1401459108994,350.0,0.5861147026025697,0.34,115.2551450537517,69.7596496097058,12.452408754653963,33.04308668939194,0.0,0.0,0.0,8.301605836435975,185.67673467206689,0.0,8.301605836435975,1.0,0.6918004863696646,8.301605836435975,0.0,207.5401459108994,207.5401459108994,0.0,0.0,0.0,1.0,1.0
101,5,101,0,2024-09-20T19:00:00,proposed,H04,3,3,3,0.5040631890296936,9.359040702782044,0.2262804048354281,10.192805270865332,0.0,233.97601756955112,200.0,0.0,3.2,3.2,0.0,0.0,0.95,196.8,250.0,0.7872,0.34,100.81263780593872,66.92800000000001,12.0,21.88463780593871,13.930052853099083,13.930052853099083,5.180869742164916,13.538897993555434,0.8206044137063327,-0.5910413848520204,185.67673467206689,0.0,-2.961102006444566,233.97601756955112,200.0,0.0,3.2,3.2,0.0,0.0,196.8,250.0,0.7872,0.34,100.81263780593872,66.92800000000001,12.0,21.88463780593871,0.0,0.0,0.0,9.359040702782044,185.67673467206689,0.0,9.359040702782044,0.8547884611316992,1.1698800878477555,8.0,0.0,233.97601756955112,200.0,33.97601756955112,0.0,0.0,1.0,0.8547884611316992
101,5,101,0,2024-09-20T19:00:00,proposed,H05,4,4,3,0.5891633033752441,1.782502716994495,0.2262804048354281,0.0,0.0,44.56256792486238,44.56256792486238,0.0,6.0,6.0,0.0,0.0,0.95,38.56256792486238,500.0,0.07712513584972476,0.34,26.25462972549562,13.14127309445321,2.6737540754917424,10.439602555550668,16.709033389286557,16.709033389286557,7.8750791281171955,13.538897993555434,0.8206044137063327,-0.5910413848520204,185.67673467206689,0.0,-2.961102006444566,44.56256792486238,44.56256792486238,0.0,6.0,6.0,0.0,0.0,38.56256792486238,500.0,0.07712513584972476,0.34,26.25462972549562,13.14127309445321,2.6737540754917424,10.439602555550668,0.0,0.0,0.0,1.782502716994495,185.67673467206689,0.0,1.782502716994495,1.0,0.11140641981215593,1.782502716994495,0.0,44.56256792486238,44.56256792486238,0.0,0.0,0.0,1.0,1.0
101,5,101,0,2024-09-20T19:00:00,proposed,H06,5,5,3,0.5022578835487366,11.255480297495092,0.2262804048354281,0.0,0.0,281.3870074373773,281.3870074373773,0.0,8.0,8.0,0.0,0.0,0.95,273.3870074373773,700.0,0.39055286776768183,0.34,141.32884281360973,92.99158252870829,16.88322044624264,31.454039838658794,12.981551136945498,12.981551136945498,4.601322725457986,13.538897993555434,0.8206044137063327,-0.5910413848520204,185.67673467206689,0.0,-2.961102006444566,281.3870074373773,281.3870074373773,0.0,8.0,8.0,0.0,0.0,273.3870074373773,700.0,0.39055286776768183,0.34,141.32884281360973,92.99158252870829,16.88322044624264,31.454039838658794,0.0,0.0,0.0,11.255480297495092,185.67673467206689,0.0,11.255480297495092,1.0,0.7034675185934433,11.255480297495092,0.0,281.3870074373773,281.3870074373773,0.0,0.0,0.0,1.0,1.0
101,5,101,0,2024-09-20T19:00:00,proposed,H07,6,6,3,0.5598999857902527,7.9864400631763015,0.2262804048354281,0.0,0.0,199.66100157940753,199.66100157940753,0.0,2.0,2.0,0.0,0.0,0.95,197.66100157940753,350.0,0.5647457187983073,0.34,111.79019194717789,67.21474053699856,11.979660094764451,32.59579131541487,10.427091710418841,10.427091710418841,1.8949907737534544,13.538897993555434,0.8206044137063327,-0.5910413848520204,185.67673467206689,0.0,-2.961102006444566,199.66100157940753,199.66100157940753,0.0,2.0,2.0,0.0,0.0,197.66100157940753,350.0,0.5647457187983073,0.34,111.79019194717789,67.21474053699856,11.979660094764451,32.59579131541487,0.0,0.0,0.0,7.9864400631763015,185.67673467206689,0.0,7.9864400631763015,1.0,0.6655366719313585,7.9864400631763015,0.0,199.66100157940753,199.66100157940753,0.0,0.0,0.0,1.0,1.0
101,5,101,0,2024-09-20T19:00:00,proposed,H08,7,7,3,0.46060633659362793,0.17849451363012947,0.2262804048354281,0.0,0.0,4.462362840753237,218.69580500484372,0.0,7.2,7.2,0.0,0.0,0.95,211.49580500484373,500.0,0.42299161000968744,0.34,100.73267357167546,71.94457370164687,13.121748300290626,15.666351569737962,9.515247352956827,9.515247352956827,1.2283362417293913,13.538897993555434,0.8206044137063327,-0.5910413848520204,185.67673467206689,0.0,-2.961102006444566,4.462362840753237,218.69580500484372,0.0,7.2,7.2,0.0,0.0,211.49580500484373,500.0,0.42299161000968744,0.34,100.73267357167546,71.94457370164687,13.121748300290626,15.666351569737962,0.0,0.0,0.0,0.17849451363012947,185.67673467206689,8.569337686563621,8.74783220019375,1.0,0.5467395125121094,8.74783220019375,214.2334421640905,218.69580500484372,218.69580500484372,0.0,0.0,0.0,1.0,1.0
101,5,101,0,2024-09-20T20:00:00,proposed,H01,0,0,4,0.49400079250335693,1.1583109619555537e-09,0.12831484643543806,77.39043658732179,62.390436587321794,2.8957774048888844e-08,200.0,0.0,0.0,0.0,0.0,0.0,0.95,200.0,250.0,0.8,0.27,98.80015850067139,54.0,12.0,32.80015850067139,9.891880893993457,9.891880893993457,1.5248993012134384,13.538897993555434,0.5946983991657024,0.504169529712615,175.19782614590508,0.0,-2.961102006444566,2.8957774048888844e-08,200.0,0.0,0.0,0.0,0.0,0.0,200.0,250.0,0.8,0.27,98.80015850067139,54.0,12.0,32.80015850067139,0.0,1.0398406097886965,0.0,1.1583109619555537e-09,175.19782614590508,18.31872487715126,18.318724878309574,0.43671161902062633,2.2898406097886967,8.0,457.96812192878156,457.96812195773936,200.0,257.96812195773936,-2.220446049250313e-16,0.0,1.0,0.43671161902062633
101,5,101,0,2024-09-20T20:00:00,proposed,H02,1,1,4,0.512109637260437,6.47509757571345,0.12831484643543806,0.0,0.0,161.8774393928362,161.8774393928362,0.0,0.0,0.0,0.0,0.0,0.95,161.8774393928362,250.0,0.6475097575713449,0.27,82.89899676811373,43.706908636065776,9.712646363570176,29.47944176847778,9.844486866903097,9.844486866903097,1.320126653654112,13.538897993555434,0.5946983991657024,0.504169529712615,175.19782614590508,0.0,-2.961102006444566,161.8774393928362,161.8774393928362,0.0,0.0,0.0,0.0,0.0,161.8774393928362,250.0,0.6475097575713449,0.27,82.89899676811373,43.706908636065776,9.712646363570176,29.47944176847778,0.0,0.0,0.0,6.47509757571345,175.19782614590508,0.0,6.47509757571345,1.0,0.8093871969641813,6.47509757571345,0.0,161.8774393928362,161.8774393928362,0.0,0.0,0.0,1.0,1.0
101,5,101,0,2024-09-20T20:00:00,proposed,H03,2,2,4,0.5501898527145386,3.5437610917256253,0.12831484643543806,0.0,0.0,88.59402729314061,88.59402729314061,0.0,0.0,0.0,0.0,0.0,0.95,88.59402729314061,350.0,0.25312579226611603,0.27,48.74353482780084,23.920387369147967,5.315641637588438,19.507505821064438,10.564072706902916,10.564072706902916,1.8759913638743757,13.538897993555434,0.5946983991657024,0.504169529712615,175.19782614590508,0.0,-2.961102006444566,88.59402729314061,88.59402729314061,0.0,0.0,0.0,0.0,0.0,88.59402729314061,350.0,0.25312579226611603,0.27,48.74353482780084,23.920387369147967,5.315641637588438,19.507505821064438,0.0,0.0,0.0,3.5437610917256253,175.19782614590508,0.0,3.5437610917256253,1.0,0.29531342431046875,3.5437610917256253,0.0,88.59402729314061,88.59402729314061,0.0,0.0,0.0,1.0,1.0
101,5,101,0,2024-09-20T20:00:00,proposed,H04,3,3,4,0.5087178945541382,0.6840723865337253,0.12831484643543806,0.0,0.0,17.101809663343133,51.07782723289425,0.0,0.0,0.0,0.0,0.0,0.95,51.07782723289425,250.0,0.204311308931577,0.27,25.984204728317984,13.791013352881448,3.0646696339736548,9.128521741462881,13.63272986087304,13.63272986087304,4.676927379637897,13.538897993555434,0.5946983991657024,0.504169529712615,175.19782614590508,0.0,-2.961102006444566,17.101809663343133,51.07782723289425,0.0,0.0,0.0,0.0,0.0,51.07782723289425,250.0,0.204311308931577,0.27,25.984204728317984,13.791013352881448,3.0646696339736548,9.128521741462881,0.0,0.0,0.0,0.6840723865337253,175.19782614590508,1.3590407027820444,2.04311308931577,1.0,0.25538913616447123,2.04311308931577,33.97601756955112,51.07782723289425,51.07782723289425,0.0,0.0,0.0,1.0,1.0
101,5,101,0,2024-09-20T20:00:00,proposed,H05,4,4,4,0.5823302268981934,0.8474052445404012,0.12831484643543806,0.0,0.0,21.18513111351003,21.18513111351003,0.0,0.0,0.0,0.0,0.0,0.95,21.18513111351003,500.0,0.04237026222702006,0.27,12.336742208198272,5.719985400647709,1.2711078668106017,5.345648940739961,16.184576701457928,16.184576701457928,7.106094641239578,13.538897993555434,0.5946983991657024,0.504169529712615,175.19782614590508,0.0,-2.961102006444566,21.18513111351003,21.18513111351003,0.0,0.0,0.0,0.0,0.0,21.18513111351003,500.0,0.04237026222702006,0.27,12.336742208198272,5.719985400647709,1.2711078668106017,5.345648940739961,0.0,0.0,0.0,0.8474052445404012,175.19782614590508,0.0,0.8474052445404012,1.0,0.05296282778377508,0.8474052445404012,0.0,21.18513111351003,21.18513111351003,0.0,0.0,0.0,1.0,1.0
101,5,101,0,2024-09-20T20:00:00,proposed,H06,5,5,4,0.4954594373703003,4.803937451684196,0.12831484643543806,0.0,0.0,120.09843629210488,120.09843629210488,0.0,0.0,0.0,0.0,0.0,0.95,120.09843629210488,700.0,0.17156919470300697,0.27,59.503903674339135,32.42657779886832,7.205906177526295,19.871419697944518,13.155878629211594,13.155878629211594,4.589213319281475,13.538897993555434,0.5946983991657024,0.504169529712615,175.19782614590508,0.0,-2.961102006444566,120.09843629210488,120.09843629210488,0.0,0.0,0.0,0.0,0.0,120.09843629210488,700.0,0.17156919470300697,0.27,59.503903674339135,32.42657779886832,7.205906177526295,19.871419697944518,0.0,0.0,0.0,4.803937451684196,175.19782614590508,0.0,4.803937451684196,1.0,0.30024609073026226,4.803937451684196,0.0,120.09843629210488,120.09843629210488,0.0,0.0,0.0,1.0,1.0
101,5,101,0,2024-09-20T20:00:00,proposed,H07,6,6,4,0.5640804171562195,3.0527142991689127,0.12831484643543806,0.0,0.0,76.31785747922282,76.31785747922282,0.0,0.0,0.0,0.0,0.0,0.95,76.31785747922282,350.0,0.21805102136920806,0.27,43.04940888334892,20.605821519390165,4.5790714487533695,17.86451591520538,10.345182914600475,10.345182914600475,1.6194607628183104,13.538897993555434,0.5946983991657024,0.504169529712615,175.19782614590508,0.0,-2.961102006444566,76.31785747922282,76.31785747922282,0.0,0.0,0.0,0.0,0.0,76.31785747922282,350.0,0.21805102136920806,0.27,43.04940888334892,20.605821519390165,4.5790714487533695,17.86451591520538,0.0,0.0,0.0,3.0527142991689127,175.19782614590508,0.0,3.0527142991689127,1.0,0.25439285826407604,3.0527142991689127,0.0,76.31785747922282,76.31785747922282,0.0,0.0,0.0,1.0,1.0
101,5,101,0,2024-09-20T20:00:00,proposed,H08,7,7,4,0.4740884304046631,11.437591108357411,0.12831484643543806,0.0,0.0,285.9397777089353,285.9397777089353,0.0,0.0,0.0,0.0,0.0,0.95,285.9397777089353,500.0,0.5718795554178706,0.27,135.5607404042874,77.20373998141254,17.156386662536118,41.20061376033874,9.72404579529966,9.72404579529966,1.2822159188371245,13.538897993555434,0.5946983991657024,0.504169529712615,175.19782614590508,0.0,-2.961102006444566,285.9397777089353,285.9397777089353,0.0,0.0,0.0,0.0,0.0,285.9397777089353,500.0,0.5718795554178706,0.27,135.5607404042874,77.20373998141254,17.156386662536118,41.20061376033874,0.0,0.0,0.0,11.437591108357411,175.19782614590508,0.0,11.437591108357411,1.0,0.7148494442723382,11.437591108357411,0.0,285.9397777089353,285.9397777089353,0.0,0.0,0.0,1.0,1.0
101,5,101,0,2024-09-20T21:00:00,proposed,H01,0,0,5,0.4703948199748993,2.385393139254782e-05,0.11296388222848126,17.39061549180724,2.3906154918072375,0.0005963482848136954,200.00000000000009,0.0,0.0,0.0,0.0,100.0,0.42368421052631583,100.00000000000009,250.0,0.40000000000000036,0.2,94.0789639949799,23.000000000000018,12.0,59.07896399497989,9.86461879248292,9.86461879248292,1.5358820845751158,13.538897993555434,0.5479802353662173,3.251675753816552,329.94880636526966,1.4210854715202004e-14,-2.961102006444566,0.0005963482848136954,200.00000000000009,0.0,0.0,0.0,0.0,100.0,100.00000000000009,250.0,0.40000000000000036,0.2,94.0789639949799,23.000000000000018,12.0,59.07896399497989,1.4210854715202004e-14,0.039843591530120626,0.0,2.385393139254782e-05,329.94880636526966,10.318724878309572,10.318748732240964,0.7752877996732273,1.2898435915301205,8.0,257.96812195773936,257.9687183060242,200.00000000000009,57.9687183060241,1.1102230246251565e-16,0.0,1.0,0.7752877996732273
101,5,101,0,2024-09-20T21:00:00,proposed,H02,1,1,5,0.5122603178024292,4.850524544493004,0.11296388222848126,0.0,0.0,121.2631136123251,121.2631136123251,0.0,0.0,0.0,0.0,100.0,0.42368421052631583,21.2631136123251,250.0,0.0850524544493004,0.2,62.118281116761736,7.25262272246502,7.2757868167395054,47.58987157755721,9.784051562873945,9.784051562873945,1.3097491072136092,13.538897993555434,0.5479802353662173,3.251675753816552,329.94880636526966,1.4210854715202004e-14,-2.961102006444566,121.2631136123251,121.2631136123251,0.0,0.0,0.0,0.0,100.0,21.2631136123251,250.0,0.0850524544493004,0.2,62.118281116761736,7.25262272246502,7.2757868167395054,47.58987157755721,1.4210854715202004e-14,0.0,0.0,4.850524544493004,329.94880636526966,0.0,4.850524544493004,1.0,0.6063155680616255,4.850524544493004,0.0,121.2631136123251,121.2631136123251,0.0,0.0,0.0,1.0,1.0
101,5,101,0,2024-09-20T21:00:00,proposed,H03,2,2,5,0.5418503284454346,3.0214641126497526,0.11296388222848126,0.0,0.0,75.53660281624381,75.53660281624381,0.0,0.0,0.0,0.0,75.53660281624381,0.6849592883640568,0.0,350.0,0.0,0.2,40.929533045634045,2.2660980844873144,4.532196168974629,34.131238792172105,10.446869866802848,10.446869866802848,1.8067373705134568,13.538897993555434,0.5479802353662173,3.251675753816552,329.94880636526966,1.4210854715202004e-14,-2.961102006444566,75.53660281624381,75.53660281624381,0.0,0.0,0.0,0.0,75.53660281624381,0.0,350.0,0.0,0.2,40.929533045634045,2.2660980844873144,4.532196168974629,34.131238792172105,1.4210854715202004e-14,0.0,0.0,3.0214641126497526,329.94880636526966,0.0,3.0214641126497526,1.0,0.25178867605414607,3.0214641126497526,0.0,75.53660281624381,75.53660281624381,0.0,0.0,0.0,1.0,1.0
101,5,101,0,2024-09-20T21:00:00,proposed,H04,3,3,5,0.5127102136611938,2.60446834388128,0.11296388222848126,0.0,0.0,65.111708597032,65.111708597032,0.0,0.0,0.0,0.0,65.111708597032,0.675845437486181,0.0,250.0,0.0,0.2,33.38343802662967,1.9533512579109602,3.9067025158219204,27.52338425289679,13.597452716443206,13.597452716443206,4.6841428730470716,13.538897993555434,0.5479802353662173,3.251675753816552,329.94880636526966,0.0,-2.961102006444566,65.111708597032,65.111708597032,0.0,0.0,0.0,0.0,65.111708597032,0.0,250.0,0.0,0.2,33.38343802662967,1.9533512579109602,3.9067025158219204,27.52338425289679,0.0,0.0,0.0,2.60446834388128,329.94880636526966,0.0,2.60446834388128,1.0,0.32555854298516,2.60446834388128,0.0,65.111708597032,65.111708597032,0.0,0.0,0.0,1.0,1.0
101,5,101,0,2024-09-20T21:00:00,proposed,H05,4,4,5,0.5759294033050537,0.6811522788706272,0.11296388222848126,0.0,0.0,17.028806971765682,17.028806971765682,0.0,0.0,0.0,0.0,17.028806971765682,0.9141498800594406,0.0,500.0,0.0,0.2,9.807390638245948,0.5108642091529705,1.021728418305941,8.274798010787038,16.266608572294825,16.266608572294825,7.226134162076775,13.538897993555434,0.5479802353662173,3.251675753816552,329.94880636526966,1.0658141036401503e-14,-2.961102006444566,17.028806971765682,17.028806971765682,0.0,0.0,0.0,0.0,17.028806971765682,0.0,500.0,0.0,0.2,9.807390638245948,0.5108642091529705,1.021728418305941,8.274798010787038,1.0658141036401503e-14,0.0,0.0,0.6811522788706272,329.94880636526966,0.0,0.6811522788706272,1.0,0.0425720174294142,0.6811522788706272,0.0,17.028806971765682,17.028806971765682,0.0,0.0,0.0,1.0,1.0
101,5,101,0,2024-09-20T21:00:00,proposed,H06,5,5,5,0.49058258533477783,3.7541724803888648,0.11296388222848126,0.0,0.0,93.85431200972161,93.85431200972161,0.0,0.0,0.0,0.0,93.85431200972161,0.7853433122636463,0.0,700.0,0.0,0.2,46.043291030546115,2.815629360291648,5.631258720583297,37.59640294967117,13.272745459735196,13.272745459735196,4.7268746514825795,13.538897993555434,0.5479802353662173,3.251675753816552,329.94880636526966,0.0,-2.961102006444566,93.85431200972161,93.85431200972161,0.0,0.0,0.0,0.0,93.85431200972161,0.0,700.0,0.0,0.2,46.043291030546115,2.815629360291648,5.631258720583297,37.59640294967117,0.0,0.0,0.0,3.7541724803888648,329.94880636526966,0.0,3.7541724803888648,1.0,0.23463578002430405,3.7541724803888648,0.0,93.85431200972161,93.85431200972161,0.0,0.0,0.0,1.0,1.0
101,5,101,0,2024-09-20T21:00:00,proposed,H07,6,6,5,0.5670806765556335,2.2157819178578495,0.11296388222848126,0.0,0.0,55.394547946446245,55.394547946446245,0.0,0.0,0.0,0.0,55.394547946446245,0.7556331651001886,0.0,350.0,0.0,0.2,31.413177726964218,1.6618364383933872,3.323672876786774,26.427668411784058,10.262791135512577,10.262791135512577,1.5852989421557457,13.538897993555434,0.5479802353662173,3.251675753816552,329.94880636526966,1.4210854715202004e-14,-2.961102006444566,55.394547946446245,55.394547946446245,0.0,0.0,0.0,0.0,55.394547946446245,0.0,350.0,0.0,0.2,31.413177726964218,1.6618364383933872,3.323672876786774,26.427668411784058,1.4210854715202004e-14,0.0,0.0,2.2157819178578495,329.94880636526966,0.0,2.2157819178578495,1.0,0.1846484931548208,2.2157819178578495,0.0,55.394547946446245,55.394547946446245,0.0,0.0,0.0,1.0,1.0
101,5,101,0,2024-09-20T21:00:00,proposed,H08,7,7,5,0.46676602959632874,9.483496001072792,0.11296388222848126,0.0,0.0,237.08740002681986,237.08740002681986,0.0,0.0,0.0,0.0,237.08740002681986,0.4508686315224845,0.0,500.0,0.0,0.2,110.66434437783523,7.1126220008045955,14.225244001609187,89.32647837542146,9.700470568954142,9.700470568954142,1.2936366260061543,13.538897993555434,0.5479802353662173,3.251675753816552,329.94880636526966,2.842170943040401e-14,-2.961102006444566,237.08740002681986,237.08740002681986,0.0,0.0,0.0,0.0,237.08740002681986,0.0,500.0,0.0,0.2,110.66434437783523,7.1126220008045955,14.225244001609187,89.32647837542146,2.842170943040401e-14,0.0,0.0,9.483496001072792,329.94880636526966,0.0,9.483496001072792,1.0,0.5927185000670495,9.483496001072792,0.0,237.08740002681986,237.08740002681986,0.0,0.0,0.0,1.0,1.0
202,5,202,1,2024-09-20T16:00:00,proposed,H01,0,0,0,0.46856242418289185,15.766740231793182,0.07875436541553546,58.25055173844887,43.25055173844887,394.1685057948296,200.00000000000003,0.0,44.0,44.0,84.21052631578947,0.0,0.95,240.21052631578948,250.0,0.9608421052631579,0.16,93.71248483657838,38.653684210526315,12.0,43.05880062605207,10.426646093807662,10.426646093807662,1.8766891932775056,13.538897993555434,0.4254669677134717,1.6868931375683542,329.9456127502318,0.0,-2.961102006444566,394.1685057948296,200.00000000000003,0.0,44.0,44.0,84.21052631578947,0.0,240.21052631578948,250.0,0.9608421052631579,0.16,93.71248483657838,38.653684210526315,12.0,43.05880062605207,0.0,0.7208425289741478,0.0,15.766740231793182,329.9456127502318,0.0,15.766740231793182,0.507397209720512,1.9708425289741478,8.0,0.0,394.1685057948296,200.00000000000003,194.1685057948296,0.0,0.0,1.0,0.507397209720512
202,5,202,1,2024-09-20T16:00:00,proposed,H02,1,1,0,0.5294427871704102,7.023272993604092,0.07875436541553546,0.0,0.0,175.58182484010229,175.58182484010229,0.0,33.0,33.0,94.73684210526316,0.0,0.95,237.31866694536546,250.0,0.9492746677814619,0.16,92.9605307198105,38.135986711258475,10.534909490406138,44.289634518145895,10.350403269747982,10.350403269747982,1.6703588060311936,13.538897993555434,0.4254669677134717,1.6868931375683542,329.9456127502318,0.0,-2.961102006444566,175.58182484010229,175.58182484010229,0.0,33.0,33.0,94.73684210526316,0.0,237.31866694536546,250.0,0.9492746677814619,0.16,92.9605307198105,38.135986711258475,10.534909490406138,44.289634518145895,0.0,0.0,0.0,7.023272993604092,329.9456127502318,0.0,7.023272993604092,1.0,0.8779091242005115,7.023272993604092,0.0,175.58182484010229,175.58182484010229,0.0,0.0,0.0,1.0,1.0
202,5,202,1,2024-09-20T16:00:00,proposed,H03,2,2,0,0.5401561260223389,6.191500701917184,0.07875436541553546,0.0,0.0,154.78751754792958,154.78751754792958,0.0,33.0,33.0,110.52631578947368,0.0,0.95,232.31383333740325,350.0,0.6637538095354378,0.16,83.60942583530444,37.33521333398452,9.287251052875776,36.98696144844414,10.524391604555804,10.524391604555804,1.6825276633007913,13.538897993555434,0.4254669677134717,1.6868931375683542,329.9456127502318,0.0,-2.961102006444566,154.78751754792958,154.78751754792958,0.0,33.0,33.0,110.52631578947368,0.0,232.31383333740325,350.0,0.6637538095354378,0.16,83.60942583530444,37.33521333398452,9.287251052875776,36.98696144844414,0.0,0.0,0.0,6.191500701917184,329.9456127502318,0.0,6.191500701917184,1.0,0.515958391826432,6.191500701917184,0.0,154.78751754792958,154.78751754792958,0.0,0.0,0.0,1.0,1.0
202,5,202,1,2024-09-20T16:00:00,proposed,H04,3,3,0,0.497302770614624,7.079087792731841,0.07875436541553546,0.0,0.0,176.97719481829603,176.97719481829603,0.0,44.0,44.0,78.94736842105263,0.0,0.95,211.92456323934866,250.0,0.8476982529573946,0.16,88.0112493187427,34.12793011829579,10.618631689097763,43.26468751134915,13.1499188398441,13.1499188398441,4.044716950072058,13.538897993555434,0.4254669677134717,1.6868931375683542,329.9456127502318,0.0,-2.961102006444566,176.97719481829603,176.97719481829603,0.0,44.0,44.0,78.94736842105263,0.0,211.92456323934866,250.0,0.8476982529573946,0.16,88.0112493187427,34.12793011829579,10.618631689097763,43.26468751134915,0.0,0.0,0.0,7.079087792731841,329.9456127502318,0.0,7.079087792731841,1.0,0.8848859740914802,7.079087792731841,0.0,176.97719481829603,176.97719481829603,0.0,0.0,0.0,1.0,1.0
202,5,202,1,2024-09-20T16:00:00,proposed,H05,4,4,0,0.5716525912284851,1.6798622920440582,0.07875436541553546,0.0,0.0,41.996557301101454,41.996557301101454,0.0,82.5,0.0,131.57894736842104,0.0,0.95,91.0755046695225,500.0,0.18215100933904502,0.16,24.0074408038502,14.9845807471236,2.5197934380660874,6.503066618660514,15.448516338228481,15.448516338228481,6.189242363849866,13.538897993555434,0.4254669677134717,1.6868931375683542,329.9456127502318,1.4210854715202004e-14,-2.961102006444566,41.996557301101454,41.996557301101454,0.0,82.5,0.0,131.57894736842104,0.0,91.0755046695225,500.0,0.18215100933904502,0.16,24.0074408038502,14.9845807471236,2.5197934380660874,6.503066618660514,1.4210854715202004e-14,0.0,0.0,1.6798622920440582,329.9456127502318,0.0,1.6798622920440582,1.0,0.10499139325275364,1.6798622920440582,0.0,41.996557301101454,41.996557301101454,0.0,0.0,0.0,1.0,1.0
202,5,202,1,2024-09-20T16:00:00,proposed,H06,5,5,0,0.48814189434051514,7.796819332350432,0.07875436541553546,0.0,0.0,194.92048330876077,194.92048330876077,0.0,110.0,110.0,126.31578947368422,0.0,0.95,211.23627278244498,700.0,0.30176610397492143,0.16,95.14885396810725,34.34780364519119,11.695228998525648,49.105821324390405,13.398224229734364,13.398224229734364,4.623021584831504,13.538897993555434,0.4254669677134717,1.6868931375683542,329.9456127502318,0.0,-2.961102006444566,194.92048330876077,194.92048330876077,0.0,110.0,110.0,126.31578947368422,0.0,211.23627278244498,700.0,0.30176610397492143,0.16,95.14885396810725,34.34780364519119,11.695228998525648,49.105821324390405,0.0,0.0,0.0,7.796819332350432,329.9456127502318,0.0,7.796819332350432,1.0,0.487301208271902,7.796819332350432,0.0,194.92048330876077,194.92048330876077,0.0,0.0,0.0,1.0,1.0
202,5,202,1,2024-09-20T16:00:00,proposed,H07,6,6,0,0.5586836338043213,5.168837473920945,0.07875436541553546,0.0,0.0,129.22093684802363,129.22093684802363,0.0,27.5,27.5,126.31578947368422,0.0,0.95,228.03672632170785,350.0,0.6515335037763081,0.16,72.19362256185256,36.62337621147326,7.753256210881418,27.81699013949789,10.136226353165805,10.136226353165805,1.2209285190314374,13.538897993555434,0.4254669677134717,1.6868931375683542,329.9456127502318,0.0,-2.961102006444566,129.22093684802363,129.22093684802363,0.0,27.5,27.5,126.31578947368422,0.0,228.03672632170785,350.0,0.6515335037763081,0.16,72.19362256185256,36.62337621147326,7.753256210881418,27.81699013949789,0.0,0.0,0.0,5.168837473920945,329.9456127502318,0.0,5.168837473920945,1.0,0.4307364561600788,5.168837473920945,0.0,129.22093684802363,129.22093684802363,0.0,0.0,0.0,1.0,1.0
202,5,202,1,2024-09-20T16:00:00,proposed,H08,7,7,0,0.4315682053565979,29.967359402199822,0.07875436541553546,52.37759775824933,37.37759775824933,749.1839850549954,399.99999999999994,0.0,99.0,0.0,131.57894736842104,0.0,0.95,432.578947368421,500.0,0.865157894736842,0.16,172.62728214263913,69.70763157894736,24.0,78.91965056369177,9.975495370830973,9.975495370830973,1.3263581279802912,13.538897993555434,0.4254669677134717,1.6868931375683542,329.9456127502318,1.4210854715202004e-14,-2.961102006444566,749.1839850549954,399.99999999999994,0.0,99.0,0.0,131.57894736842104,0.0,432.578947368421,500.0,0.865157894736842,0.16,172.62728214263913,69.70763157894736,24.0,78.91965056369177,1.4210854715202004e-14,0.6229599626374889,0.0,29.967359402199822,329.9456127502318,0.0,29.967359402199822,0.533914242668491,1.8729599626374889,16.0,0.0,749.1839850549954,399.99999999999994,349.1839850549955,0.0,0.0,1.0,0.533914242668491
202,5,202,1,2024-09-20T17:00:00,proposed,H01,0,0,1,0.46791282296180725,0.0030885898509454323,0.16646773468034362,0.0,0.0,0.07721474627363581,194.24572054110322,0.0,28.0,28.0,0.0,0.0,0.95,166.24572054110322,250.0,0.6649828821644129,0.22,90.89006344663792,36.71405851904271,11.654743232466192,42.52126169512903,9.65092516094762,9.65092516094762,1.4788960360015504,13.538897993555434,0.6989409117167777,2.8367149276529995,518.1555864090782,0.0,-2.961102006444566,0.07721474627363581,194.24572054110322,0.0,28.0,28.0,0.0,0.0,166.24572054110322,250.0,0.6649828821644129,0.22,90.89006344663792,36.71405851904271,11.654743232466192,42.52126169512903,0.0,0.0,0.0,0.0030885898509454323,518.1555864090782,7.766740231793182,7.769828821644128,1.0,0.971228602705516,7.769828821644128,194.1685057948296,194.24572054110322,194.24572054110322,0.0,0.0,0.0,1.0,1.0
202,5,202,1,2024-09-20T17:00:00,proposed,H02,1,1,1,0.5242934226989746,21.00970119252273,0.16646773468034362,97.57275894392048,82.57275894392048,525.2425298130682,200.0,0.0,21.0,21.0,0.0,0.0,0.95,179.0,250.0,0.716,0.22,104.85868453979492,39.485,12.0,53.37368453979492,9.815275609248651,9.815275609248651,1.4640236742981119,13.538897993555434,0.6989409117167777,2.8367149276529995,518.1555864090782,0.0,-2.961102006444566,525.2425298130682,200.0,0.0,21.0,21.0,0.0,0.0,179.0,250.0,0.716,0.22,104.85868453979492,39.485,12.0,53.37368453979492,0.0,1.3762126490653412,0.0,21.00970119252273,518.1555864090782,0.0,21.00970119252273,0.38077647686142096,2.6262126490653412,8.0,0.0,525.2425298130682,200.0,325.24252981306824,0.0,0.0,1.0,0.38077647686142096
202,5,202,1,2024-09-20T17:00:00,proposed,H03,2,2,1,0.5424904227256775,14.885612990466626,0.16646773468034362,14.428064952333134,0.0,372.1403247616657,300.0,0.0,21.0,21.0,0.0,0.0,0.95,279.0,350.0,0.7971428571428572,0.22,162.74712681770325,61.485,18.0,83.26212681770325,10.599654023980023,10.599654023980023,2.0962388221146195,13.538897993555434,0.6989409117167777,2.8367149276529995,518.1555864090782,0.0,-2.961102006444566,372.1403247616657,300.0,0.0,21.0,21.0,0.0,0.0,279.0,350.0,0.7971428571428572,0.22,162.74712681770325,61.485,18.0,83.26212681770325,0.0,0.0,0.0,14.885612990466626,518.1555864090782,0.0,14.885612990466626,0.8061475202724473,1.2404677492055523,12.0,0.0,372.1403247616657,300.0,72.14032476166568,8.326672684688674e-17,0.0,1.0,0.8061475202724473
202,5,202,1,2024-09-20T17:00:00,proposed,H04,3,3,1,0.5061406493186951,14.127068973108658,0.16646773468034362,45.95301729831493,30.953017298314936,353.17672432771644,200.0,0.0,28.0,28.0,0.0,0.0,0.95,172.0,250.0,0.688,0.22,101.22812986373901,37.980000000000004,12.0,51.24812986373901,13.781200628254513,13.781200628254513,5.051272020250183,13.538897993555434,0.6989409117167777,2.8367149276529995,518.1555864090782,0.0,-2.961102006444566,353.17672432771644,200.0,0.0,28.0,28.0,0.0,0.0,172.0,250.0,0.688,0.22,101.22812986373901,37.980000000000004,12.0,51.24812986373901,0.0,0.5158836216385823,0.0,14.127068973108658,518.1555864090782,0.0,14.127068973108658,0.5662887337230578,1.7658836216385823,8.0,0.0,353.17672432771644,200.0,153.17672432771644,0.0,0.0,1.0,0.5662887337230578
202,5,202,1,2024-09-20T17:00:00,proposed,H05,4,4,1,0.5748951435089111,3.440216641518598,0.16646773468034362,0.0,0.0,86.00541603796495,86.00541603796495,0.0,52.5,52.5,0.0,0.0,0.95,33.50541603796495,500.0,0.0670108320759299,0.22,49.444095995689466,7.633691528352289,5.1603249622778975,36.65007950505928,16.436658434538458,16.436658434538458,7.619422735964697,13.538897993555434,0.6989409117167777,2.8367149276529995,518.1555864090782,0.0,-2.961102006444566,86.00541603796495,86.00541603796495,0.0,52.5,52.5,0.0,0.0,33.50541603796495,500.0,0.0670108320759299,0.22,49.444095995689466,7.633691528352289,5.1603249622778975,36.65007950505928,0.0,0.0,0.0,3.440216641518598,518.1555864090782,0.0,3.440216641518598,1.0,0.2150135400949124,3.440216641518598,0.0,86.00541603796495,86.00541603796495,0.0,0.0,0.0,1.0,1.0
202,5,202,1,2024-09-20T17:00:00,proposed,H06,5,5,1,0.4891475737094879,20.991005487907653,0.16646773468034362,18.7162705796537,3.7162705796537,524.7751371976913,399.99999999999994,0.0,70.0,70.0,0.0,0.0,0.95,329.99999999999994,700.0,0.47142857142857136,0.22,195.65902948379514,72.94999999999999,24.0,98.70902948379515,12.83234663808369,12.83234663808369,4.5199105550687415,13.538897993555434,0.6989409117167777,2.8367149276529995,518.1555864090782,0.0,-2.961102006444566,524.7751371976913,399.99999999999994,0.0,70.0,70.0,0.0,0.0,329.99999999999994,700.0,0.47142857142857136,0.22,195.65902948379514,72.94999999999999,24.0,98.70902948379515,0.0,0.06193784299422833,0.0,20.991005487907653,518.1555864090782,0.0,20.991005487907653,0.7622312332402164,1.3119378429942283,16.0,0.0,524.7751371976913,399.99999999999994,124.77513719769132,0.0,0.0,1.0,0.7622312332402164
202,5,202,1,2024-09-20T17:00:00,proposed,H07,6,6,1,0.5608513951301575,12.048277799781555,0.16646773468034362,0.2413889989077722,0.0,301.2069449945389,300.0,0.0,17.5,17.5,0.0,0.0,0.95,282.5,350.0,0.8071428571428572,0.22,168.25541853904724,62.2375,18.0,88.01791853904724,10.389119306957898,10.389119306957898,1.8711096058741943,13.538897993555434,0.6989409117167777,2.8367149276529995,518.1555864090782,0.0,-2.961102006444566,301.2069449945389,300.0,0.0,17.5,17.5,0.0,0.0,282.5,350.0,0.8071428571428572,0.22,168.25541853904724,62.2375,18.0,88.01791853904724,0.0,0.0,0.0,12.048277799781555,518.1555864090782,0.0,12.048277799781555,0.9959929708972655,1.0040231499817962,12.0,0.0,301.2069449945389,300.0,1.206944994538901,-7.37257477290143e-17,0.0,1.0,0.9959929708972655
202,5,202,1,2024-09-20T17:00:00,proposed,H08,7,7,1,0.425400048494339,0.015677465023571237,0.16646773468034362,0.0,0.0,0.39193662558928094,349.57592168058477,0.0,63.0,63.0,0.0,0.0,0.95,286.57592168058477,500.0,0.5731518433611695,0.22,148.70961403537402,63.361702769728645,20.974555300835092,64.37335596481027,9.475282458358032,9.475282458358032,1.232104954387885,13.538897993555434,0.6989409117167777,2.8367149276529995,518.1555864090782,0.0,-2.961102006444566,0.39193662558928094,349.57592168058477,0.0,63.0,63.0,0.0,0.0,286.57592168058477,500.0,0.5731518433611695,0.22,148.70961403537402,63.361702769728645,20.974555300835092,64.37335596481027,0.0,0.0,0.0,0.015677465023571237,518.1555864090782,13.967359402199822,13.983036867223394,1.0,0.8739398042014621,13.983036867223394,349.1839850549955,349.57592168058477,349.57592168058477,0.0,0.0,0.0,1.0,1.0
202,5,202,1,2024-09-20T18:00:00,proposed,H01,0,0,2,0.43105337023735046,34.31872487715114,0.11286349042827822,197.39043657863357,182.39043657863357,857.9681219287786,200.00000000000003,0.0,12.8,12.8,0.0,0.0,0.95,187.20000000000002,250.0,0.7488,0.3,86.2106740474701,56.224000000000004,12.0,17.986674047470103,10.182211717636033,10.182211717636033,1.705644476972758,13.538897993555434,0.5428962838397727,-2.127572846311297,231.43914898780503,0.0,-2.961102006444566,857.9681219287786,200.00000000000003,0.0,12.8,12.8,0.0,0.0,187.20000000000002,250.0,0.7488,0.3,86.2106740474701,56.224000000000004,12.0,17.986674047470103,0.0,3.039840609643893,0.0,34.31872487715114,231.43914898780503,0.0,34.31872487715114,0.23310889401156837,4.289840609643893,8.0,0.0,857.9681219287786,200.00000000000003,657.9681219287786,0.0,0.0,1.0,0.23310889401156837
202,5,202,1,2024-09-20T18:00:00,proposed,H02,1,1,2,0.5546567440032959,6.616399658927777e-07,0.11286349042827822,37.57276390622022,22.572763906220217,1.6540999147319443e-05,199.99999999999997,0.0,9.6,9.6,0.0,0.0,0.95,190.39999999999998,250.0,0.7615999999999999,0.3,110.93134880065917,57.16799999999999,12.0,41.76334880065917,10.074502033092276,10.074502033092276,1.4490023090832307,13.538897993555434,0.5428962838397727,-2.127572846311297,231.43914898780503,0.0,-2.961102006444566,1.6540999147319443e-05,199.99999999999997,0.0,9.6,9.6,0.0,0.0,190.39999999999998,250.0,0.7615999999999999,0.3,110.93134880065917,57.16799999999999,12.0,41.76334880065917,0.0,0.37621273177033693,0.0,6.616399658927777e-07,231.43914898780503,13.00970119252273,13.009701854162696,0.6149256985040169,1.626212731770337,8.0,325.24252981306824,325.2425463540674,199.99999999999997,125.2425463540674,0.0,0.0,1.0,0.6149256985040169
202,5,202,1,2024-09-20T18:00:00,proposed,H03,2,2,2,0.5555753707885742,0.584359853174969,0.11286349042827822,0.0,0.0,14.608996329374225,86.7493210910399,0.0,9.6,9.6,0.0,0.0,0.95,77.14932109103991,350.0,0.22042663168868545,0.3,48.19578623081158,23.19279632731197,5.204959265462394,19.79803063803721,10.434595168955568,10.434595168955568,1.6834948181799738,13.538897993555434,0.5428962838397727,-2.127572846311297,231.43914898780503,0.0,-2.961102006444566,14.608996329374225,86.7493210910399,0.0,9.6,9.6,0.0,0.0,77.14932109103991,350.0,0.22042663168868545,0.3,48.19578623081158,23.19279632731197,5.204959265462394,19.79803063803721,0.0,0.0,0.0,0.584359853174969,231.43914898780503,2.885612990466627,3.469972843641596,1.0,0.2891644036367997,3.469972843641596,72.14032476166568,86.7493210910399,86.7493210910399,0.0,0.0,0.0,1.0,1.0
202,5,202,1,2024-09-20T18:00:00,proposed,H04,3,3,2,0.5006673336029053,0.004136627350267483,0.11286349042827822,0.0,0.0,0.10341568375668708,153.28014001147312,0.0,12.8,12.8,0.0,0.0,0.95,140.4801400114731,250.0,0.5619205600458924,0.3,76.74235899382424,42.20804200344193,9.196808400688388,25.33750858969392,13.332310368075074,13.332310368075074,4.37530064087237,13.538897993555434,0.5428962838397727,-2.127572846311297,231.43914898780503,0.0,-2.961102006444566,0.10341568375668708,153.28014001147312,0.0,12.8,12.8,0.0,0.0,140.4801400114731,250.0,0.5619205600458924,0.3,76.74235899382424,42.20804200344193,9.196808400688388,25.33750858969392,0.0,0.0,0.0,0.004136627350267483,231.43914898780503,6.127068973108658,6.131205600458926,1.0,0.7664007000573657,6.131205600458926,153.17672432771644,153.28014001147312,153.28014001147312,0.0,0.0,0.0,1.0,1.0
202,5,202,1,2024-09-20T18:00:00,proposed,H05,4,4,2,0.5851355791091919,1.5626409479429373,0.11286349042827822,0.0,0.0,39.06602369857343,39.06602369857343,0.0,24.0,24.0,0.0,0.0,0.95,15.066023698573431,500.0,0.030132047397146863,0.3,22.85892040035818,4.639807109572029,2.343961421914406,15.875151868871745,16.122317000877924,16.122317000877924,7.047465028691638,13.538897993555434,0.5428962838397727,-2.127572846311297,231.43914898780503,0.0,-2.961102006444566,39.06602369857343,39.06602369857343,0.0,24.0,24.0,0.0,0.0,15.066023698573431,500.0,0.030132047397146863,0.3,22.85892040035818,4.639807109572029,2.343961421914406,15.875151868871745,0.0,0.0,0.0,1.5626409479429373,231.43914898780503,0.0,1.5626409479429373,1.0,0.09766505924643358,1.5626409479429373,0.0,39.06602369857343,39.06602369857343,0.0,0.0,0.0,1.0,1.0
202,5,202,1,2024-09-20T18:00:00,proposed,H06,5,5,2,0.5055942535400391,0.3613195413347161,0.11286349042827822,0.0,0.0,9.032988533367902,133.80812573105922,0.0,32.0,32.0,0.0,0.0,0.95,101.80812573105922,700.0,0.1454401796157989,0.3,67.65261944658658,30.702437719317764,8.028487543863553,28.921694183405265,13.15621685244736,13.15621685244736,4.519586075839096,13.538897993555434,0.5428962838397727,-2.127572846311297,231.43914898780503,0.0,-2.961102006444566,9.032988533367902,133.80812573105922,0.0,32.0,32.0,0.0,0.0,101.80812573105922,700.0,0.1454401796157989,0.3,67.65261944658658,30.702437719317764,8.028487543863553,28.921694183405265,0.0,0.0,0.0,0.3613195413347161,231.43914898780503,4.991005487907653,5.352325029242369,1.0,0.33452031432764806,5.352325029242369,124.77513719769132,133.80812573105922,133.80812573105922,0.0,0.0,0.0,1.0,1.0
202,5,202,1,2024-09-20T18:00:00,proposed,H07,6,6,2,0.5603855848312378,5.8532985954746035,0.11286349042827822,0.0,0.0,146.3324648868651,147.539409881404,0.0,8.0,8.0,0.0,0.0,0.95,139.539409881404,350.0,0.39868402823258287,0.3,82.67895849204628,41.9018229644212,8.852364592884237,31.92477093474084,10.292804400082025,10.292804400082025,1.507091756517125,13.538897993555434,0.5428962838397727,-2.127572846311297,231.43914898780503,0.0,-2.961102006444566,146.3324648868651,147.539409881404,0.0,8.0,8.0,0.0,0.0,139.539409881404,350.0,0.39868402823258287,0.3,82.67895849204628,41.9018229644212,8.852364592884237,31.92477093474084,0.0,0.0,0.0,5.8532985954746035,231.43914898780503,0.04827779978155444,5.901576395256158,1.0,0.49179803293801316,5.901576395256158,1.206944994538901,147.539409881404,147.539409881404,0.0,0.0,0.0,1.0,1.0
202,5,202,1,2024-09-20T18:00:00,proposed,H08,7,7,2,0.4633399248123169,24.56933768656362,0.11286349042827822,32.13501632461358,17.13501632461358,614.2334421640905,400.00000000000006,0.0,28.8,28.8,0.0,0.0,0.95,371.20000000000005,500.0,0.7424000000000001,0.3,185.3359699249268,111.50400000000002,24.0,49.83196992492677,9.849638036945763,9.849638036945763,1.3063343428069571,13.538897993555434,0.5428962838397727,-2.127572846311297,231.43914898780503,0.0,-2.961102006444566,614.2334421640905,400.00000000000006,0.0,28.8,28.8,0.0,0.0,371.20000000000005,500.0,0.7424000000000001,0.3,185.3359699249268,111.50400000000002,24.0,49.83196992492677,0.0,0.28558360541022637,0.0,24.56933768656362,231.43914898780503,0.0,24.56933768656362,0.6512182055583051,1.5355836054102263,16.0,0.0,614.2334421640905,400.00000000000006,214.2334421640905,0.0,0.0,1.0,0.6512182055583051
202,5,202,1,2024-09-20T19:00:00,proposed,H01,0,0,3,0.5124228000640869,1.1982829701941868e-13,0.2262804048354281,137.39043657863445,122.39043657863446,2.9957074254854675e-12,200.0,0.0,3.2,3.2,0.0,0.0,0.95,196.8,250.0,0.7872,0.34,102.48456001281738,66.92800000000001,12.0,23.55656001281737,9.601687844437883,9.601687844437883,1.371956796640882,13.538897993555434,0.8206044137063327,-0.5910413848520204,185.67673467206689,0.0,-2.961102006444566,2.9957074254854675e-12,200.0,0.0,3.2,3.2,0.0,0.0,196.8,250.0,0.7872,0.34,102.48456001281738,66.92800000000001,12.0,23.55656001281737,0.0,2.0398406096439077,0.0,1.1982829701941868e-13,185.67673467206689,26.31872487715114,26.31872487715126,0.3039660940012045,3.2898406096439077,8.0,657.9681219287786,657.9681219287816,200.0,457.96812192878156,0.0,0.0,1.0,0.3039660940012045
202,5,202,1,2024-09-20T19:00:00,proposed,H02,1,1,3,0.5289034843444824,0.027451320433050656,0.2262804048354281,0.0,0.0,0.6862830108262665,125.92882936489367,0.0,2.4,2.4,0.0,0.0,0.95,123.52882936489367,250.0,0.49411531745957465,0.34,66.60419663051404,42.01180198406385,7.55572976189362,17.03666488455657,9.593609612849214,9.593609612849214,1.2046794282090252,13.538897993555434,0.8206044137063327,-0.5910413848520204,185.67673467206689,0.0,-2.961102006444566,0.6862830108262665,125.92882936489367,0.0,2.4,2.4,0.0,0.0,123.52882936489367,250.0,0.49411531745957465,0.34,66.60419663051404,42.01180198406385,7.55572976189362,17.03666488455657,0.0,0.0,0.0,0.027451320433050656,185.67673467206689,5.009701854162696,5.037153174595747,1.0,0.6296441468244683,5.037153174595747,125.2425463540674,125.92882936489367,125.92882936489367,0.0,0.0,0.0,1.0,1.0
202,5,202,1,2024-09-20T19:00:00,proposed,H03,2,2,3,0.5553390383720398,8.301605836435975,0.2262804048354281,0.0,0.0,207.5401459108994,207.5401459108994,0.0,2.4,2.4,0.0,0.0,0.95,205.1401459108994,350.0,0.5861147026025697,0.34,115.2551450537517,69.7596496097058,12.452408754653963,33.04308668939194,10.54558237360601,10.54558237360601,2.0228078597673247,13.538897993555434,0.8206044137063327,-0.5910413848520204,185.67673467206689,0.0,-2.961102006444566,207.5401459108994,207.5401459108994,0.0,2.4,2.4,0.0,0.0,205.1401459108994,350.0,0.5861147026025697,0.34,115.2551450537517,69.7596496097058,12.452408754653963,33.04308668939194,0.0,0.0,0.0,8.301605836435975,185.67673467206689,0.0,8.301605836435975,1.0,0.6918004863696646,8.301605836435975,0.0,207.5401459108994,207.5401459108994,0.0,0.0,0.0,1.0,1.0
202,5,202,1,2024-09-20T19:00:00,proposed,H04,3,3,3,0.5040631890296936,9.359040702782044,0.2262804048354281,10.192805270865332,0.0,233.97601756955112,200.0,0.0,3.2,3.2,0.0,0.0,0.95,196.8,250.0,0.7872,0.34,100.81263780593872,66.92800000000001,12.0,21.88463780593871,13.930052853099083,13.930052853099083,5.180869742164916,13.538897993555434,0.8206044137063327,-0.5910413848520204,185.67673467206689,0.0,-2.961102006444566,233.97601756955112,200.0,0.0,3.2,3.2,0.0,0.0,196.8,250.0,0.7872,0.34,100.81263780593872,66.92800000000001,12.0,21.88463780593871,0.0,0.0,0.0,9.359040702782044,185.67673467206689,0.0,9.359040702782044,0.8547884611316992,1.1698800878477555,8.0,0.0,233.97601756955112,200.0,33.97601756955112,0.0,0.0,1.0,0.8547884611316992
202,5,202,1,2024-09-20T19:00:00,proposed,H05,4,4,3,0.5891633033752441,1.782502716994495,0.2262804048354281,0.0,0.0,44.56256792486238,44.56256792486238,0.0,6.0,6.0,0.0,0.0,0.95,38.56256792486238,500.0,0.07712513584972476,0.34,26.25462972549562,13.14127309445321,2.6737540754917424,10.439602555550668,16.709033389286557,16.709033389286557,7.8750791281171955,13.538897993555434,0.8206044137063327,-0.5910413848520204,185.67673467206689,0.0,-2.961102006444566,44.56256792486238,44.56256792486238,0.0,6.0,6.0,0.0,0.0,38.56256792486238,500.0,0.07712513584972476,0.34,26.25462972549562,13.14127309445321,2.6737540754917424,10.439602555550668,0.0,0.0,0.0,1.782502716994495,185.67673467206689,0.0,1.782502716994495,1.0,0.11140641981215593,1.782502716994495,0.0,44.56256792486238,44.56256792486238,0.0,0.0,0.0,1.0,1.0
202,5,202,1,2024-09-20T19:00:00,proposed,H06,5,5,3,0.5022578835487366,11.255480297495092,0.2262804048354281,0.0,0.0,281.3870074373773,281.3870074373773,0.0,8.0,8.0,0.0,0.0,0.95,273.3870074373773,700.0,0.39055286776768183,0.34,141.32884281360973,92.99158252870829,16.88322044624264,31.454039838658794,12.981551136945498,12.981551136945498,4.601322725457986,13.538897993555434,0.8206044137063327,-0.5910413848520204,185.67673467206689,0.0,-2.961102006444566,281.3870074373773,281.3870074373773,0.0,8.0,8.0,0.0,0.0,273.3870074373773,700.0,0.39055286776768183,0.34,141.32884281360973,92.99158252870829,16.88322044624264,31.454039838658794,0.0,0.0,0.0,11.255480297495092,185.67673467206689,0.0,11.255480297495092,1.0,0.7034675185934433,11.255480297495092,0.0,281.3870074373773,281.3870074373773,0.0,0.0,0.0,1.0,1.0
202,5,202,1,2024-09-20T19:00:00,proposed,H07,6,6,3,0.5598999857902527,7.9864400631763015,0.2262804048354281,0.0,0.0,199.66100157940753,199.66100157940753,0.0,2.0,2.0,0.0,0.0,0.95,197.66100157940753,350.0,0.5647457187983073,0.34,111.79019194717789,67.21474053699856,11.979660094764451,32.59579131541487,10.427091710418841,10.427091710418841,1.8949907737534544,13.538897993555434,0.8206044137063327,-0.5910413848520204,185.67673467206689,0.0,-2.961102006444566,199.66100157940753,199.66100157940753,0.0,2.0,2.0,0.0,0.0,197.66100157940753,350.0,0.5647457187983073,0.34,111.79019194717789,67.21474053699856,11.979660094764451,32.59579131541487,0.0,0.0,0.0,7.9864400631763015,185.67673467206689,0.0,7.9864400631763015,1.0,0.6655366719313585,7.9864400631763015,0.0,199.66100157940753,199.66100157940753,0.0,0.0,0.0,1.0,1.0
202,5,202,1,2024-09-20T19:00:00,proposed,H08,7,7,3,0.46060633659362793,0.17849451363012947,0.2262804048354281,0.0,0.0,4.462362840753237,218.69580500484372,0.0,7.2,7.2,0.0,0.0,0.95,211.49580500484373,500.0,0.42299161000968744,0.34,100.73267357167546,71.94457370164687,13.121748300290626,15.666351569737962,9.515247352956827,9.515247352956827,1.2283362417293913,13.538897993555434,0.8206044137063327,-0.5910413848520204,185.67673467206689,0.0,-2.961102006444566,4.462362840753237,218.69580500484372,0.0,7.2,7.2,0.0,0.0,211.49580500484373,500.0,0.42299161000968744,0.34,100.73267357167546,71.94457370164687,13.121748300290626,15.666351569737962,0.0,0.0,0.0,0.17849451363012947,185.67673467206689,8.569337686563621,8.74783220019375,1.0,0.5467395125121094,8.74783220019375,214.2334421640905,218.69580500484372,218.69580500484372,0.0,0.0,0.0,1.0,1.0
202,5,202,1,2024-09-20T20:00:00,proposed,H01,0,0,4,0.49400079250335693,1.1583109619555537e-09,0.12831484643543806,77.39043658732179,62.390436587321794,2.8957774048888844e-08,200.0,0.0,0.0,0.0,0.0,0.0,0.95,200.0,250.0,0.8,0.27,98.80015850067139,54.0,12.0,32.80015850067139,9.891880893993457,9.891880893993457,1.5248993012134384,13.538897993555434,0.5946983991657024,0.504169529712615,175.19782614590508,0.0,-2.961102006444566,2.8957774048888844e-08,200.0,0.0,0.0,0.0,0.0,0.0,200.0,250.0,0.8,0.27,98.80015850067139,54.0,12.0,32.80015850067139,0.0,1.0398406097886965,0.0,1.1583109619555537e-09,175.19782614590508,18.31872487715126,18.318724878309574,0.43671161902062633,2.2898406097886967,8.0,457.96812192878156,457.96812195773936,200.0,257.96812195773936,-2.220446049250313e-16,0.0,1.0,0.43671161902062633
202,5,202,1,2024-09-20T20:00:00,proposed,H02,1,1,4,0.512109637260437,6.47509757571345,0.12831484643543806,0.0,0.0,161.8774393928362,161.8774393928362,0.0,0.0,0.0,0.0,0.0,0.95,161.8774393928362,250.0,0.6475097575713449,0.27,82.89899676811373,43.706908636065776,9.712646363570176,29.47944176847778,9.844486866903097,9.844486866903097,1.320126653654112,13.538897993555434,0.5946983991657024,0.504169529712615,175.19782614590508,0.0,-2.961102006444566,161.8774393928362,161.8774393928362,0.0,0.0,0.0,0.0,0.0,161.8774393928362,250.0,0.6475097575713449,0.27,82.89899676811373,43.706908636065776,9.712646363570176,29.47944176847778,0.0,0.0,0.0,6.47509757571345,175.19782614590508,0.0,6.47509757571345,1.0,0.8093871969641813,6.47509757571345,0.0,161.8774393928362,161.8774393928362,0.0,0.0,0.0,1.0,1.0
202,5,202,1,2024-09-20T20:00:00,proposed,H03,2,2,4,0.5501898527145386,3.5437610917256253,0.12831484643543806,0.0,0.0,88.59402729314061,88.59402729314061,0.0,0.0,0.0,0.0,0.0,0.95,88.59402729314061,350.0,0.25312579226611603,0.27,48.74353482780084,23.920387369147967,5.315641637588438,19.507505821064438,10.564072706902916,10.564072706902916,1.8759913638743757,13.538897993555434,0.5946983991657024,0.504169529712615,175.19782614590508,0.0,-2.961102006444566,88.59402729314061,88.59402729314061,0.0,0.0,0.0,0.0,0.0,88.59402729314061,350.0,0.25312579226611603,0.27,48.74353482780084,23.920387369147967,5.315641637588438,19.507505821064438,0.0,0.0,0.0,3.5437610917256253,175.19782614590508,0.0,3.5437610917256253,1.0,0.29531342431046875,3.5437610917256253,0.0,88.59402729314061,88.59402729314061,0.0,0.0,0.0,1.0,1.0
202,5,202,1,2024-09-20T20:00:00,proposed,H04,3,3,4,0.5087178945541382,0.6840723865337253,0.12831484643543806,0.0,0.0,17.101809663343133,51.07782723289425,0.0,0.0,0.0,0.0,0.0,0.95,51.07782723289425,250.0,0.204311308931577,0.27,25.984204728317984,13.791013352881448,3.0646696339736548,9.128521741462881,13.63272986087304,13.63272986087304,4.676927379637897,13.538897993555434,0.5946983991657024,0.504169529712615,175.19782614590508,0.0,-2.961102006444566,17.101809663343133,51.07782723289425,0.0,0.0,0.0,0.0,0.0,51.07782723289425,250.0,0.204311308931577,0.27,25.984204728317984,13.791013352881448,3.0646696339736548,9.128521741462881,0.0,0.0,0.0,0.6840723865337253,175.19782614590508,1.3590407027820444,2.04311308931577,1.0,0.25538913616447123,2.04311308931577,33.97601756955112,51.07782723289425,51.07782723289425,0.0,0.0,0.0,1.0,1.0
202,5,202,1,2024-09-20T20:00:00,proposed,H05,4,4,4,0.5823302268981934,0.8474052445404012,0.12831484643543806,0.0,0.0,21.18513111351003,21.18513111351003,0.0,0.0,0.0,0.0,0.0,0.95,21.18513111351003,500.0,0.04237026222702006,0.27,12.336742208198272,5.719985400647709,1.2711078668106017,5.345648940739961,16.184576701457928,16.184576701457928,7.106094641239578,13.538897993555434,0.5946983991657024,0.504169529712615,175.19782614590508,0.0,-2.961102006444566,21.18513111351003,21.18513111351003,0.0,0.0,0.0,0.0,0.0,21.18513111351003,500.0,0.04237026222702006,0.27,12.336742208198272,5.719985400647709,1.2711078668106017,5.345648940739961,0.0,0.0,0.0,0.8474052445404012,175.19782614590508,0.0,0.8474052445404012,1.0,0.05296282778377508,0.8474052445404012,0.0,21.18513111351003,21.18513111351003,0.0,0.0,0.0,1.0,1.0
202,5,202,1,2024-09-20T20:00:00,proposed,H06,5,5,4,0.4954594373703003,4.803937451684196,0.12831484643543806,0.0,0.0,120.09843629210488,120.09843629210488,0.0,0.0,0.0,0.0,0.0,0.95,120.09843629210488,700.0,0.17156919470300697,0.27,59.503903674339135,32.42657779886832,7.205906177526295,19.871419697944518,13.155878629211594,13.155878629211594,4.589213319281475,13.538897993555434,0.5946983991657024,0.504169529712615,175.19782614590508,0.0,-2.961102006444566,120.09843629210488,120.09843629210488,0.0,0.0,0.0,0.0,0.0,120.09843629210488,700.0,0.17156919470300697,0.27,59.503903674339135,32.42657779886832,7.205906177526295,19.871419697944518,0.0,0.0,0.0,4.803937451684196,175.19782614590508,0.0,4.803937451684196,1.0,0.30024609073026226,4.803937451684196,0.0,120.09843629210488,120.09843629210488,0.0,0.0,0.0,1.0,1.0
202,5,202,1,2024-09-20T20:00:00,proposed,H07,6,6,4,0.5640804171562195,3.0527142991689127,0.12831484643543806,0.0,0.0,76.31785747922282,76.31785747922282,0.0,0.0,0.0,0.0,0.0,0.95,76.31785747922282,350.0,0.21805102136920806,0.27,43.04940888334892,20.605821519390165,4.5790714487533695,17.86451591520538,10.345182914600475,10.345182914600475,1.6194607628183104,13.538897993555434,0.5946983991657024,0.504169529712615,175.19782614590508,0.0,-2.961102006444566,76.31785747922282,76.31785747922282,0.0,0.0,0.0,0.0,0.0,76.31785747922282,350.0,0.21805102136920806,0.27,43.04940888334892,20.605821519390165,4.5790714487533695,17.86451591520538,0.0,0.0,0.0,3.0527142991689127,175.19782614590508,0.0,3.0527142991689127,1.0,0.25439285826407604,3.0527142991689127,0.0,76.31785747922282,76.31785747922282,0.0,0.0,0.0,1.0,1.0
202,5,202,1,2024-09-20T20:00:00,proposed,H08,7,7,4,0.4740884304046631,11.437591108357411,0.12831484643543806,0.0,0.0,285.9397777089353,285.9397777089353,0.0,0.0,0.0,0.0,0.0,0.95,285.9397777089353,500.0,0.5718795554178706,0.27,135.5607404042874,77.20373998141254,17.156386662536118,41.20061376033874,9.72404579529966,9.72404579529966,1.2822159188371245,13.538897993555434,0.5946983991657024,0.504169529712615,175.19782614590508,0.0,-2.961102006444566,285.9397777089353,285.9397777089353,0.0,0.0,0.0,0.0,0.0,285.9397777089353,500.0,0.5718795554178706,0.27,135.5607404042874,77.20373998141254,17.156386662536118,41.20061376033874,0.0,0.0,0.0,11.437591108357411,175.19782614590508,0.0,11.437591108357411,1.0,0.7148494442723382,11.437591108357411,0.0,285.9397777089353,285.9397777089353,0.0,0.0,0.0,1.0,1.0
202,5,202,1,2024-09-20T21:00:00,proposed,H01,0,0,5,0.4703948199748993,2.385393139254782e-05,0.11296388222848126,17.39061549180724,2.3906154918072375,0.0005963482848136954,200.00000000000009,0.0,0.0,0.0,0.0,100.0,0.42368421052631583,100.00000000000009,250.0,0.40000000000000036,0.2,94.0789639949799,23.000000000000018,12.0,59.07896399497989,9.86461879248292,9.86461879248292,1.5358820845751158,13.538897993555434,0.5479802353662173,3.251675753816552,329.94880636526966,1.4210854715202004e-14,-2.961102006444566,0.0005963482848136954,200.00000000000009,0.0,0.0,0.0,0.0,100.0,100.00000000000009,250.0,0.40000000000000036,0.2,94.0789639949799,23.000000000000018,12.0,59.07896399497989,1.4210854715202004e-14,0.039843591530120626,0.0,2.385393139254782e-05,329.94880636526966,10.318724878309572,10.318748732240964,0.7752877996732273,1.2898435915301205,8.0,257.96812195773936,257.9687183060242,200.00000000000009,57.9687183060241,1.1102230246251565e-16,0.0,1.0,0.7752877996732273
202,5,202,1,2024-09-20T21:00:00,proposed,H02,1,1,5,0.5122603178024292,4.850524544493004,0.11296388222848126,0.0,0.0,121.2631136123251,121.2631136123251,0.0,0.0,0.0,0.0,100.0,0.42368421052631583,21.2631136123251,250.0,0.0850524544493004,0.2,62.118281116761736,7.25262272246502,7.2757868167395054,47.58987157755721,9.784051562873945,9.784051562873945,1.3097491072136092,13.538897993555434,0.5479802353662173,3.251675753816552,329.94880636526966,1.4210854715202004e-14,-2.961102006444566,121.2631136123251,121.2631136123251,0.0,0.0,0.0,0.0,100.0,21.2631136123251,250.0,0.0850524544493004,0.2,62.118281116761736,7.25262272246502,7.2757868167395054,47.58987157755721,1.4210854715202004e-14,0.0,0.0,4.850524544493004,329.94880636526966,0.0,4.850524544493004,1.0,0.6063155680616255,4.850524544493004,0.0,121.2631136123251,121.2631136123251,0.0,0.0,0.0,1.0,1.0
202,5,202,1,2024-09-20T21:00:00,proposed,H03,2,2,5,0.5418503284454346,3.0214641126497526,0.11296388222848126,0.0,0.0,75.53660281624381,75.53660281624381,0.0,0.0,0.0,0.0,75.53660281624381,0.6849592883640568,0.0,350.0,0.0,0.2,40.929533045634045,2.2660980844873144,4.532196168974629,34.131238792172105,10.446869866802848,10.446869866802848,1.8067373705134568,13.538897993555434,0.5479802353662173,3.251675753816552,329.94880636526966,1.4210854715202004e-14,-2.961102006444566,75.53660281624381,75.53660281624381,0.0,0.0,0.0,0.0,75.53660281624381,0.0,350.0,0.0,0.2,40.929533045634045,2.2660980844873144,4.532196168974629,34.131238792172105,1.4210854715202004e-14,0.0,0.0,3.0214641126497526,329.94880636526966,0.0,3.0214641126497526,1.0,0.25178867605414607,3.0214641126497526,0.0,75.53660281624381,75.53660281624381,0.0,0.0,0.0,1.0,1.0
202,5,202,1,2024-09-20T21:00:00,proposed,H04,3,3,5,0.5127102136611938,2.60446834388128,0.11296388222848126,0.0,0.0,65.111708597032,65.111708597032,0.0,0.0,0.0,0.0,65.111708597032,0.675845437486181,0.0,250.0,0.0,0.2,33.38343802662967,1.9533512579109602,3.9067025158219204,27.52338425289679,13.597452716443206,13.597452716443206,4.6841428730470716,13.538897993555434,0.5479802353662173,3.251675753816552,329.94880636526966,0.0,-2.961102006444566,65.111708597032,65.111708597032,0.0,0.0,0.0,0.0,65.111708597032,0.0,250.0,0.0,0.2,33.38343802662967,1.9533512579109602,3.9067025158219204,27.52338425289679,0.0,0.0,0.0,2.60446834388128,329.94880636526966,0.0,2.60446834388128,1.0,0.32555854298516,2.60446834388128,0.0,65.111708597032,65.111708597032,0.0,0.0,0.0,1.0,1.0
202,5,202,1,2024-09-20T21:00:00,proposed,H05,4,4,5,0.5759294033050537,0.6811522788706272,0.11296388222848126,0.0,0.0,17.028806971765682,17.028806971765682,0.0,0.0,0.0,0.0,17.028806971765682,0.9141498800594406,0.0,500.0,0.0,0.2,9.807390638245948,0.5108642091529705,1.021728418305941,8.274798010787038,16.266608572294825,16.266608572294825,7.226134162076775,13.538897993555434,0.5479802353662173,3.251675753816552,329.94880636526966,1.0658141036401503e-14,-2.961102006444566,17.028806971765682,17.028806971765682,0.0,0.0,0.0,0.0,17.028806971765682,0.0,500.0,0.0,0.2,9.807390638245948,0.5108642091529705,1.021728418305941,8.274798010787038,1.0658141036401503e-14,0.0,0.0,0.6811522788706272,329.94880636526966,0.0,0.6811522788706272,1.0,0.0425720174294142,0.6811522788706272,0.0,17.028806971765682,17.028806971765682,0.0,0.0,0.0,1.0,1.0
202,5,202,1,2024-09-20T21:00:00,proposed,H06,5,5,5,0.49058258533477783,3.7541724803888648,0.11296388222848126,0.0,0.0,93.85431200972161,93.85431200972161,0.0,0.0,0.0,0.0,93.85431200972161,0.7853433122636463,0.0,700.0,0.0,0.2,46.043291030546115,2.815629360291648,5.631258720583297,37.59640294967117,13.272745459735196,13.272745459735196,4.7268746514825795,13.538897993555434,0.5479802353662173,3.251675753816552,329.94880636526966,0.0,-2.961102006444566,93.85431200972161,93.85431200972161,0.0,0.0,0.0,0.0,93.85431200972161,0.0,700.0,0.0,0.2,46.043291030546115,2.815629360291648,5.631258720583297,37.59640294967117,0.0,0.0,0.0,3.7541724803888648,329.94880636526966,0.0,3.7541724803888648,1.0,0.23463578002430405,3.7541724803888648,0.0,93.85431200972161,93.85431200972161,0.0,0.0,0.0,1.0,1.0
202,5,202,1,2024-09-20T21:00:00,proposed,H07,6,6,5,0.5670806765556335,2.2157819178578495,0.11296388222848126,0.0,0.0,55.394547946446245,55.394547946446245,0.0,0.0,0.0,0.0,55.394547946446245,0.7556331651001886,0.0,350.0,0.0,0.2,31.413177726964218,1.6618364383933872,3.323672876786774,26.427668411784058,10.262791135512577,10.262791135512577,1.5852989421557457,13.538897993555434,0.5479802353662173,3.251675753816552,329.94880636526966,1.4210854715202004e-14,-2.961102006444566,55.394547946446245,55.394547946446245,0.0,0.0,0.0,0.0,55.394547946446245,0.0,350.0,0.0,0.2,31.413177726964218,1.6618364383933872,3.323672876786774,26.427668411784058,1.4210854715202004e-14,0.0,0.0,2.2157819178578495,329.94880636526966,0.0,2.2157819178578495,1.0,0.1846484931548208,2.2157819178578495,0.0,55.394547946446245,55.394547946446245,0.0,0.0,0.0,1.0,1.0
202,5,202,1,2024-09-20T21:00:00,proposed,H08,7,7,5,0.46676602959632874,9.483496001072792,0.11296388222848126,0.0,0.0,237.08740002681986,237.08740002681986,0.0,0.0,0.0,0.0,237.08740002681986,0.4508686315224845,0.0,500.0,0.0,0.2,110.66434437783523,7.1126220008045955,14.225244001609187,89.32647837542146,9.700470568954142,9.700470568954142,1.2936366260061543,13.538897993555434,0.5479802353662173,3.251675753816552,329.94880636526966,2.842170943040401e-14,-2.961102006444566,237.08740002681986,237.08740002681986,0.0,0.0,0.0,0.0,237.08740002681986,0.0,500.0,0.0,0.2,110.66434437783523,7.1126220008045955,14.225244001609187,89.32647837542146,2.842170943040401e-14,0.0,0.0,9.483496001072792,329.94880636526966,0.0,9.483496001072792,1.0,0.5927185000670495,9.483496001072792,0.0,237.08740002681986,237.08740002681986,0.0,0.0,0.0,1.0,1.0
303,5,303,2,2024-09-20T16:00:00,proposed,H01,0,0,0,0.46856242418289185,15.766740231793182,0.07875436541553546,58.25055173844887,43.25055173844887,394.1685057948296,200.00000000000003,0.0,44.0,44.0,84.21052631578947,0.0,0.95,240.21052631578948,250.0,0.9608421052631579,0.16,93.71248483657838,38.653684210526315,12.0,43.05880062605207,10.426646093807662,10.426646093807662,1.8766891932775056,13.538897993555434,0.4254669677134717,1.6868931375683542,329.9456127502318,0.0,-2.961102006444566,394.1685057948296,200.00000000000003,0.0,44.0,44.0,84.21052631578947,0.0,240.21052631578948,250.0,0.9608421052631579,0.16,93.71248483657838,38.653684210526315,12.0,43.05880062605207,0.0,0.7208425289741478,0.0,15.766740231793182,329.9456127502318,0.0,15.766740231793182,0.507397209720512,1.9708425289741478,8.0,0.0,394.1685057948296,200.00000000000003,194.1685057948296,0.0,0.0,1.0,0.507397209720512
303,5,303,2,2024-09-20T16:00:00,proposed,H02,1,1,0,0.5294427871704102,7.023272993604092,0.07875436541553546,0.0,0.0,175.58182484010229,175.58182484010229,0.0,33.0,33.0,94.73684210526316,0.0,0.95,237.31866694536546,250.0,0.9492746677814619,0.16,92.9605307198105,38.135986711258475,10.534909490406138,44.289634518145895,10.350403269747982,10.350403269747982,1.6703588060311936,13.538897993555434,0.4254669677134717,1.6868931375683542,329.9456127502318,0.0,-2.961102006444566,175.58182484010229,175.58182484010229,0.0,33.0,33.0,94.73684210526316,0.0,237.31866694536546,250.0,0.9492746677814619,0.16,92.9605307198105,38.135986711258475,10.534909490406138,44.289634518145895,0.0,0.0,0.0,7.023272993604092,329.9456127502318,0.0,7.023272993604092,1.0,0.8779091242005115,7.023272993604092,0.0,175.58182484010229,175.58182484010229,0.0,0.0,0.0,1.0,1.0
303,5,303,2,2024-09-20T16:00:00,proposed,H03,2,2,0,0.5401561260223389,6.191500701917184,0.07875436541553546,0.0,0.0,154.78751754792958,154.78751754792958,0.0,33.0,33.0,110.52631578947368,0.0,0.95,232.31383333740325,350.0,0.6637538095354378,0.16,83.60942583530444,37.33521333398452,9.287251052875776,36.98696144844414,10.524391604555804,10.524391604555804,1.6825276633007913,13.538897993555434,0.4254669677134717,1.6868931375683542,329.9456127502318,0.0,-2.961102006444566,154.78751754792958,154.78751754792958,0.0,33.0,33.0,110.52631578947368,0.0,232.31383333740325,350.0,0.6637538095354378,0.16,83.60942583530444,37.33521333398452,9.287251052875776,36.98696144844414,0.0,0.0,0.0,6.191500701917184,329.9456127502318,0.0,6.191500701917184,1.0,0.515958391826432,6.191500701917184,0.0,154.78751754792958,154.78751754792958,0.0,0.0,0.0,1.0,1.0
303,5,303,2,2024-09-20T16:00:00,proposed,H04,3,3,0,0.497302770614624,7.079087792731841,0.07875436541553546,0.0,0.0,176.97719481829603,176.97719481829603,0.0,44.0,44.0,78.94736842105263,0.0,0.95,211.92456323934866,250.0,0.8476982529573946,0.16,88.0112493187427,34.12793011829579,10.618631689097763,43.26468751134915,13.1499188398441,13.1499188398441,4.044716950072058,13.538897993555434,0.4254669677134717,1.6868931375683542,329.9456127502318,0.0,-2.961102006444566,176.97719481829603,176.97719481829603,0.0,44.0,44.0,78.94736842105263,0.0,211.92456323934866,250.0,0.8476982529573946,0.16,88.0112493187427,34.12793011829579,10.618631689097763,43.26468751134915,0.0,0.0,0.0,7.079087792731841,329.9456127502318,0.0,7.079087792731841,1.0,0.8848859740914802,7.079087792731841,0.0,176.97719481829603,176.97719481829603,0.0,0.0,0.0,1.0,1.0
303,5,303,2,2024-09-20T16:00:00,proposed,H05,4,4,0,0.5716525912284851,1.6798622920440582,0.07875436541553546,0.0,0.0,41.996557301101454,41.996557301101454,0.0,82.5,0.0,131.57894736842104,0.0,0.95,91.0755046695225,500.0,0.18215100933904502,0.16,24.0074408038502,14.9845807471236,2.5197934380660874,6.503066618660514,15.448516338228481,15.448516338228481,6.189242363849866,13.538897993555434,0.4254669677134717,1.6868931375683542,329.9456127502318,1.4210854715202004e-14,-2.961102006444566,41.996557301101454,41.996557301101454,0.0,82.5,0.0,131.57894736842104,0.0,91.0755046695225,500.0,0.18215100933904502,0.16,24.0074408038502,14.9845807471236,2.5197934380660874,6.503066618660514,1.4210854715202004e-14,0.0,0.0,1.6798622920440582,329.9456127502318,0.0,1.6798622920440582,1.0,0.10499139325275364,1.6798622920440582,0.0,41.996557301101454,41.996557301101454,0.0,0.0,0.0,1.0,1.0
303,5,303,2,2024-09-20T16:00:00,proposed,H06,5,5,0,0.48814189434051514,7.796819332350432,0.07875436541553546,0.0,0.0,194.92048330876077,194.92048330876077,0.0,110.0,110.0,126.31578947368422,0.0,0.95,211.23627278244498,700.0,0.30176610397492143,0.16,95.14885396810725,34.34780364519119,11.695228998525648,49.105821324390405,13.398224229734364,13.398224229734364,4.623021584831504,13.538897993555434,0.4254669677134717,1.6868931375683542,329.9456127502318,0.0,-2.961102006444566,194.92048330876077,194.92048330876077,0.0,110.0,110.0,126.31578947368422,0.0,211.23627278244498,700.0,0.30176610397492143,0.16,95.14885396810725,34.34780364519119,11.695228998525648,49.105821324390405,0.0,0.0,0.0,7.796819332350432,329.9456127502318,0.0,7.796819332350432,1.0,0.487301208271902,7.796819332350432,0.0,194.92048330876077,194.92048330876077,0.0,0.0,0.0,1.0,1.0
303,5,303,2,2024-09-20T16:00:00,proposed,H07,6,6,0,0.5586836338043213,5.168837473920945,0.07875436541553546,0.0,0.0,129.22093684802363,129.22093684802363,0.0,27.5,27.5,126.31578947368422,0.0,0.95,228.03672632170785,350.0,0.6515335037763081,0.16,72.19362256185256,36.62337621147326,7.753256210881418,27.81699013949789,10.136226353165805,10.136226353165805,1.2209285190314374,13.538897993555434,0.4254669677134717,1.6868931375683542,329.9456127502318,0.0,-2.961102006444566,129.22093684802363,129.22093684802363,0.0,27.5,27.5,126.31578947368422,0.0,228.03672632170785,350.0,0.6515335037763081,0.16,72.19362256185256,36.62337621147326,7.753256210881418,27.81699013949789,0.0,0.0,0.0,5.168837473920945,329.9456127502318,0.0,5.168837473920945,1.0,0.4307364561600788,5.168837473920945,0.0,129.22093684802363,129.22093684802363,0.0,0.0,0.0,1.0,1.0
303,5,303,2,2024-09-20T16:00:00,proposed,H08,7,7,0,0.4315682053565979,29.967359402199822,0.07875436541553546,52.37759775824933,37.37759775824933,749.1839850549954,399.99999999999994,0.0,99.0,0.0,131.57894736842104,0.0,0.95,432.578947368421,500.0,0.865157894736842,0.16,172.62728214263913,69.70763157894736,24.0,78.91965056369177,9.975495370830973,9.975495370830973,1.3263581279802912,13.538897993555434,0.4254669677134717,1.6868931375683542,329.9456127502318,1.4210854715202004e-14,-2.961102006444566,749.1839850549954,399.99999999999994,0.0,99.0,0.0,131.57894736842104,0.0,432.578947368421,500.0,0.865157894736842,0.16,172.62728214263913,69.70763157894736,24.0,78.91965056369177,1.4210854715202004e-14,0.6229599626374889,0.0,29.967359402199822,329.9456127502318,0.0,29.967359402199822,0.533914242668491,1.8729599626374889,16.0,0.0,749.1839850549954,399.99999999999994,349.1839850549955,0.0,0.0,1.0,0.533914242668491
303,5,303,2,2024-09-20T17:00:00,proposed,H01,0,0,1,0.46791282296180725,0.0030885898509454323,0.16646773468034362,0.0,0.0,0.07721474627363581,194.24572054110322,0.0,28.0,28.0,0.0,0.0,0.95,166.24572054110322,250.0,0.6649828821644129,0.22,90.89006344663792,36.71405851904271,11.654743232466192,42.52126169512903,9.65092516094762,9.65092516094762,1.4788960360015504,13.538897993555434,0.6989409117167777,2.8367149276529995,518.1555864090782,0.0,-2.961102006444566,0.07721474627363581,194.24572054110322,0.0,28.0,28.0,0.0,0.0,166.24572054110322,250.0,0.6649828821644129,0.22,90.89006344663792,36.71405851904271,11.654743232466192,42.52126169512903,0.0,0.0,0.0,0.0030885898509454323,518.1555864090782,7.766740231793182,7.769828821644128,1.0,0.971228602705516,7.769828821644128,194.1685057948296,194.24572054110322,194.24572054110322,0.0,0.0,0.0,1.0,1.0
303,5,303,2,2024-09-20T17:00:00,proposed,H02,1,1,1,0.5242934226989746,21.00970119252273,0.16646773468034362,97.57275894392048,82.57275894392048,525.2425298130682,200.0,0.0,21.0,21.0,0.0,0.0,0.95,179.0,250.0,0.716,0.22,104.85868453979492,39.485,12.0,53.37368453979492,9.815275609248651,9.815275609248651,1.4640236742981119,13.538897993555434,0.6989409117167777,2.8367149276529995,518.1555864090782,0.0,-2.961102006444566,525.2425298130682,200.0,0.0,21.0,21.0,0.0,0.0,179.0,250.0,0.716,0.22,104.85868453979492,39.485,12.0,53.37368453979492,0.0,1.3762126490653412,0.0,21.00970119252273,518.1555864090782,0.0,21.00970119252273,0.38077647686142096,2.6262126490653412,8.0,0.0,525.2425298130682,200.0,325.24252981306824,0.0,0.0,1.0,0.38077647686142096
303,5,303,2,2024-09-20T17:00:00,proposed,H03,2,2,1,0.5424904227256775,14.885612990466626,0.16646773468034362,14.428064952333134,0.0,372.1403247616657,300.0,0.0,21.0,21.0,0.0,0.0,0.95,279.0,350.0,0.7971428571428572,0.22,162.74712681770325,61.485,18.0,83.26212681770325,10.599654023980023,10.599654023980023,2.0962388221146195,13.538897993555434,0.6989409117167777,2.8367149276529995,518.1555864090782,0.0,-2.961102006444566,372.1403247616657,300.0,0.0,21.0,21.0,0.0,0.0,279.0,350.0,0.7971428571428572,0.22,162.74712681770325,61.485,18.0,83.26212681770325,0.0,0.0,0.0,14.885612990466626,518.1555864090782,0.0,14.885612990466626,0.8061475202724473,1.2404677492055523,12.0,0.0,372.1403247616657,300.0,72.14032476166568,8.326672684688674e-17,0.0,1.0,0.8061475202724473
303,5,303,2,2024-09-20T17:00:00,proposed,H04,3,3,1,0.5061406493186951,14.127068973108658,0.16646773468034362,45.95301729831493,30.953017298314936,353.17672432771644,200.0,0.0,28.0,28.0,0.0,0.0,0.95,172.0,250.0,0.688,0.22,101.22812986373901,37.980000000000004,12.0,51.24812986373901,13.781200628254513,13.781200628254513,5.051272020250183,13.538897993555434,0.6989409117167777,2.8367149276529995,518.1555864090782,0.0,-2.961102006444566,353.17672432771644,200.0,0.0,28.0,28.0,0.0,0.0,172.0,250.0,0.688,0.22,101.22812986373901,37.980000000000004,12.0,51.24812986373901,0.0,0.5158836216385823,0.0,14.127068973108658,518.1555864090782,0.0,14.127068973108658,0.5662887337230578,1.7658836216385823,8.0,0.0,353.17672432771644,200.0,153.17672432771644,0.0,0.0,1.0,0.5662887337230578
303,5,303,2,2024-09-20T17:00:00,proposed,H05,4,4,1,0.5748951435089111,3.440216641518598,0.16646773468034362,0.0,0.0,86.00541603796495,86.00541603796495,0.0,52.5,52.5,0.0,0.0,0.95,33.50541603796495,500.0,0.0670108320759299,0.22,49.444095995689466,7.633691528352289,5.1603249622778975,36.65007950505928,16.436658434538458,16.436658434538458,7.619422735964697,13.538897993555434,0.6989409117167777,2.8367149276529995,518.1555864090782,0.0,-2.961102006444566,86.00541603796495,86.00541603796495,0.0,52.5,52.5,0.0,0.0,33.50541603796495,500.0,0.0670108320759299,0.22,49.444095995689466,7.633691528352289,5.1603249622778975,36.65007950505928,0.0,0.0,0.0,3.440216641518598,518.1555864090782,0.0,3.440216641518598,1.0,0.2150135400949124,3.440216641518598,0.0,86.00541603796495,86.00541603796495,0.0,0.0,0.0,1.0,1.0
303,5,303,2,2024-09-20T17:00:00,proposed,H06,5,5,1,0.4891475737094879,20.991005487907653,0.16646773468034362,18.7162705796537,3.7162705796537,524.7751371976913,399.99999999999994,0.0,70.0,70.0,0.0,0.0,0.95,329.99999999999994,700.0,0.47142857142857136,0.22,195.65902948379514,72.94999999999999,24.0,98.70902948379515,12.83234663808369,12.83234663808369,4.5199105550687415,13.538897993555434,0.6989409117167777,2.8367149276529995,518.1555864090782,0.0,-2.961102006444566,524.7751371976913,399.99999999999994,0.0,70.0,70.0,0.0,0.0,329.99999999999994,700.0,0.47142857142857136,0.22,195.65902948379514,72.94999999999999,24.0,98.70902948379515,0.0,0.06193784299422833,0.0,20.991005487907653,518.1555864090782,0.0,20.991005487907653,0.7622312332402164,1.3119378429942283,16.0,0.0,524.7751371976913,399.99999999999994,124.77513719769132,0.0,0.0,1.0,0.7622312332402164
303,5,303,2,2024-09-20T17:00:00,proposed,H07,6,6,1,0.5608513951301575,12.048277799781555,0.16646773468034362,0.2413889989077722,0.0,301.2069449945389,300.0,0.0,17.5,17.5,0.0,0.0,0.95,282.5,350.0,0.8071428571428572,0.22,168.25541853904724,62.2375,18.0,88.01791853904724,10.389119306957898,10.389119306957898,1.8711096058741943,13.538897993555434,0.6989409117167777,2.8367149276529995,518.1555864090782,0.0,-2.961102006444566,301.2069449945389,300.0,0.0,17.5,17.5,0.0,0.0,282.5,350.0,0.8071428571428572,0.22,168.25541853904724,62.2375,18.0,88.01791853904724,0.0,0.0,0.0,12.048277799781555,518.1555864090782,0.0,12.048277799781555,0.9959929708972655,1.0040231499817962,12.0,0.0,301.2069449945389,300.0,1.206944994538901,-7.37257477290143e-17,0.0,1.0,0.9959929708972655
303,5,303,2,2024-09-20T17:00:00,proposed,H08,7,7,1,0.425400048494339,0.015677465023571237,0.16646773468034362,0.0,0.0,0.39193662558928094,349.57592168058477,0.0,63.0,63.0,0.0,0.0,0.95,286.57592168058477,500.0,0.5731518433611695,0.22,148.70961403537402,63.361702769728645,20.974555300835092,64.37335596481027,9.475282458358032,9.475282458358032,1.232104954387885,13.538897993555434,0.6989409117167777,2.8367149276529995,518.1555864090782,0.0,-2.961102006444566,0.39193662558928094,349.57592168058477,0.0,63.0,63.0,0.0,0.0,286.57592168058477,500.0,0.5731518433611695,0.22,148.70961403537402,63.361702769728645,20.974555300835092,64.37335596481027,0.0,0.0,0.0,0.015677465023571237,518.1555864090782,13.967359402199822,13.983036867223394,1.0,0.8739398042014621,13.983036867223394,349.1839850549955,349.57592168058477,349.57592168058477,0.0,0.0,0.0,1.0,1.0
303,5,303,2,2024-09-20T18:00:00,proposed,H01,0,0,2,0.43105337023735046,34.31872487715114,0.11286349042827822,197.39043657863357,182.39043657863357,857.9681219287786,200.00000000000003,0.0,12.8,12.8,0.0,0.0,0.95,187.20000000000002,250.0,0.7488,0.3,86.2106740474701,56.224000000000004,12.0,17.986674047470103,10.182211717636033,10.182211717636033,1.705644476972758,13.538897993555434,0.5428962838397727,-2.127572846311297,231.43914898780503,0.0,-2.961102006444566,857.9681219287786,200.00000000000003,0.0,12.8,12.8,0.0,0.0,187.20000000000002,250.0,0.7488,0.3,86.2106740474701,56.224000000000004,12.0,17.986674047470103,0.0,3.039840609643893,0.0,34.31872487715114,231.43914898780503,0.0,34.31872487715114,0.23310889401156837,4.289840609643893,8.0,0.0,857.9681219287786,200.00000000000003,657.9681219287786,0.0,0.0,1.0,0.23310889401156837
303,5,303,2,2024-09-20T18:00:00,proposed,H02,1,1,2,0.5546567440032959,6.616399658927777e-07,0.11286349042827822,37.57276390622022,22.572763906220217,1.6540999147319443e-05,199.99999999999997,0.0,9.6,9.6,0.0,0.0,0.95,190.39999999999998,250.0,0.7615999999999999,0.3,110.93134880065917,57.16799999999999,12.0,41.76334880065917,10.074502033092276,10.074502033092276,1.4490023090832307,13.538897993555434,0.5428962838397727,-2.127572846311297,231.43914898780503,0.0,-2.961102006444566,1.6540999147319443e-05,199.99999999999997,0.0,9.6,9.6,0.0,0.0,190.39999999999998,250.0,0.7615999999999999,0.3,110.93134880065917,57.16799999999999,12.0,41.76334880065917,0.0,0.37621273177033693,0.0,6.616399658927777e-07,231.43914898780503,13.00970119252273,13.009701854162696,0.6149256985040169,1.626212731770337,8.0,325.24252981306824,325.2425463540674,199.99999999999997,125.2425463540674,0.0,0.0,1.0,0.6149256985040169
303,5,303,2,2024-09-20T18:00:00,proposed,H03,2,2,2,0.5555753707885742,0.584359853174969,0.11286349042827822,0.0,0.0,14.608996329374225,86.7493210910399,0.0,9.6,9.6,0.0,0.0,0.95,77.14932109103991,350.0,0.22042663168868545,0.3,48.19578623081158,23.19279632731197,5.204959265462394,19.79803063803721,10.434595168955568,10.434595168955568,1.6834948181799738,13.538897993555434,0.5428962838397727,-2.127572846311297,231.43914898780503,0.0,-2.961102006444566,14.608996329374225,86.7493210910399,0.0,9.6,9.6,0.0,0.0,77.14932109103991,350.0,0.22042663168868545,0.3,48.19578623081158,23.19279632731197,5.204959265462394,19.79803063803721,0.0,0.0,0.0,0.584359853174969,231.43914898780503,2.885612990466627,3.469972843641596,1.0,0.2891644036367997,3.469972843641596,72.14032476166568,86.7493210910399,86.7493210910399,0.0,0.0,0.0,1.0,1.0
303,5,303,2,2024-09-20T18:00:00,proposed,H04,3,3,2,0.5006673336029053,0.004136627350267483,0.11286349042827822,0.0,0.0,0.10341568375668708,153.28014001147312,0.0,12.8,12.8,0.0,0.0,0.95,140.4801400114731,250.0,0.5619205600458924,0.3,76.74235899382424,42.20804200344193,9.196808400688388,25.33750858969392,13.332310368075074,13.332310368075074,4.37530064087237,13.538897993555434,0.5428962838397727,-2.127572846311297,231.43914898780503,0.0,-2.961102006444566,0.10341568375668708,153.28014001147312,0.0,12.8,12.8,0.0,0.0,140.4801400114731,250.0,0.5619205600458924,0.3,76.74235899382424,42.20804200344193,9.196808400688388,25.33750858969392,0.0,0.0,0.0,0.004136627350267483,231.43914898780503,6.127068973108658,6.131205600458926,1.0,0.7664007000573657,6.131205600458926,153.17672432771644,153.28014001147312,153.28014001147312,0.0,0.0,0.0,1.0,1.0
303,5,303,2,2024-09-20T18:00:00,proposed,H05,4,4,2,0.5851355791091919,1.5626409479429373,0.11286349042827822,0.0,0.0,39.06602369857343,39.06602369857343,0.0,24.0,24.0,0.0,0.0,0.95,15.066023698573431,500.0,0.030132047397146863,0.3,22.85892040035818,4.639807109572029,2.343961421914406,15.875151868871745,16.122317000877924,16.122317000877924,7.047465028691638,13.538897993555434,0.5428962838397727,-2.127572846311297,231.43914898780503,0.0,-2.961102006444566,39.06602369857343,39.06602369857343,0.0,24.0,24.0,0.0,0.0,15.066023698573431,500.0,0.030132047397146863,0.3,22.85892040035818,4.639807109572029,2.343961421914406,15.875151868871745,0.0,0.0,0.0,1.5626409479429373,231.43914898780503,0.0,1.5626409479429373,1.0,0.09766505924643358,1.5626409479429373,0.0,39.06602369857343,39.06602369857343,0.0,0.0,0.0,1.0,1.0
303,5,303,2,2024-09-20T18:00:00,proposed,H06,5,5,2,0.5055942535400391,0.3613195413347161,0.11286349042827822,0.0,0.0,9.032988533367902,133.80812573105922,0.0,32.0,32.0,0.0,0.0,0.95,101.80812573105922,700.0,0.1454401796157989,0.3,67.65261944658658,30.702437719317764,8.028487543863553,28.921694183405265,13.15621685244736,13.15621685244736,4.519586075839096,13.538897993555434,0.5428962838397727,-2.127572846311297,231.43914898780503,0.0,-2.961102006444566,9.032988533367902,133.80812573105922,0.0,32.0,32.0,0.0,0.0,101.80812573105922,700.0,0.1454401796157989,0.3,67.65261944658658,30.702437719317764,8.028487543863553,28.921694183405265,0.0,0.0,0.0,0.3613195413347161,231.43914898780503,4.991005487907653,5.352325029242369,1.0,0.33452031432764806,5.352325029242369,124.77513719769132,133.80812573105922,133.80812573105922,0.0,0.0,0.0,1.0,1.0
303,5,303,2,2024-09-20T18:00:00,proposed,H07,6,6,2,0.5603855848312378,5.8532985954746035,0.11286349042827822,0.0,0.0,146.3324648868651,147.539409881404,0.0,8.0,8.0,0.0,0.0,0.95,139.539409881404,350.0,0.39868402823258287,0.3,82.67895849204628,41.9018229644212,8.852364592884237,31.92477093474084,10.292804400082025,10.292804400082025,1.507091756517125,13.538897993555434,0.5428962838397727,-2.127572846311297,231.43914898780503,0.0,-2.961102006444566,146.3324648868651,147.539409881404,0.0,8.0,8.0,0.0,0.0,139.539409881404,350.0,0.39868402823258287,0.3,82.67895849204628,41.9018229644212,8.852364592884237,31.92477093474084,0.0,0.0,0.0,5.8532985954746035,231.43914898780503,0.04827779978155444,5.901576395256158,1.0,0.49179803293801316,5.901576395256158,1.206944994538901,147.539409881404,147.539409881404,0.0,0.0,0.0,1.0,1.0
303,5,303,2,2024-09-20T18:00:00,proposed,H08,7,7,2,0.4633399248123169,24.56933768656362,0.11286349042827822,32.13501632461358,17.13501632461358,614.2334421640905,400.00000000000006,0.0,28.8,28.8,0.0,0.0,0.95,371.20000000000005,500.0,0.7424000000000001,0.3,185.3359699249268,111.50400000000002,24.0,49.83196992492677,9.849638036945763,9.849638036945763,1.3063343428069571,13.538897993555434,0.5428962838397727,-2.127572846311297,231.43914898780503,0.0,-2.961102006444566,614.2334421640905,400.00000000000006,0.0,28.8,28.8,0.0,0.0,371.20000000000005,500.0,0.7424000000000001,0.3,185.3359699249268,111.50400000000002,24.0,49.83196992492677,0.0,0.28558360541022637,0.0,24.56933768656362,231.43914898780503,0.0,24.56933768656362,0.6512182055583051,1.5355836054102263,16.0,0.0,614.2334421640905,400.00000000000006,214.2334421640905,0.0,0.0,1.0,0.6512182055583051
303,5,303,2,2024-09-20T19:00:00,proposed,H01,0,0,3,0.5124228000640869,1.1982829701941868e-13,0.2262804048354281,137.39043657863445,122.39043657863446,2.9957074254854675e-12,200.0,0.0,3.2,3.2,0.0,0.0,0.95,196.8,250.0,0.7872,0.34,102.48456001281738,66.92800000000001,12.0,23.55656001281737,9.601687844437883,9.601687844437883,1.371956796640882,13.538897993555434,0.8206044137063327,-0.5910413848520204,185.67673467206689,0.0,-2.961102006444566,2.9957074254854675e-12,200.0,0.0,3.2,3.2,0.0,0.0,196.8,250.0,0.7872,0.34,102.48456001281738,66.92800000000001,12.0,23.55656001281737,0.0,2.0398406096439077,0.0,1.1982829701941868e-13,185.67673467206689,26.31872487715114,26.31872487715126,0.3039660940012045,3.2898406096439077,8.0,657.9681219287786,657.9681219287816,200.0,457.96812192878156,0.0,0.0,1.0,0.3039660940012045
303,5,303,2,2024-09-20T19:00:00,proposed,H02,1,1,3,0.5289034843444824,0.027451320433050656,0.2262804048354281,0.0,0.0,0.6862830108262665,125.92882936489367,0.0,2.4,2.4,0.0,0.0,0.95,123.52882936489367,250.0,0.49411531745957465,0.34,66.60419663051404,42.01180198406385,7.55572976189362,17.03666488455657,9.593609612849214,9.593609612849214,1.2046794282090252,13.538897993555434,0.8206044137063327,-0.5910413848520204,185.67673467206689,0.0,-2.961102006444566,0.6862830108262665,125.92882936489367,0.0,2.4,2.4,0.0,0.0,123.52882936489367,250.0,0.49411531745957465,0.34,66.60419663051404,42.01180198406385,7.55572976189362,17.03666488455657,0.0,0.0,0.0,0.027451320433050656,185.67673467206689,5.009701854162696,5.037153174595747,1.0,0.6296441468244683,5.037153174595747,125.2425463540674,125.92882936489367,125.92882936489367,0.0,0.0,0.0,1.0,1.0
303,5,303,2,2024-09-20T19:00:00,proposed,H03,2,2,3,0.5553390383720398,8.301605836435975,0.2262804048354281,0.0,0.0,207.5401459108994,207.5401459108994,0.0,2.4,2.4,0.0,0.0,0.95,205.1401459108994,350.0,0.5861147026025697,0.34,115.2551450537517,69.7596496097058,12.452408754653963,33.04308668939194,10.54558237360601,10.54558237360601,2.0228078597673247,13.538897993555434,0.8206044137063327,-0.5910413848520204,185.67673467206689,0.0,-2.961102006444566,207.5401459108994,207.5401459108994,0.0,2.4,2.4,0.0,0.0,205.1401459108994,350.0,0.5861147026025697,0.34,115.2551450537517,69.7596496097058,12.452408754653963,33.04308668939194,0.0,0.0,0.0,8.301605836435975,185.67673467206689,0.0,8.301605836435975,1.0,0.6918004863696646,8.301605836435975,0.0,207.5401459108994,207.5401459108994,0.0,0.0,0.0,1.0,1.0
303,5,303,2,2024-09-20T19:00:00,proposed,H04,3,3,3,0.5040631890296936,9.359040702782044,0.2262804048354281,10.192805270865332,0.0,233.97601756955112,200.0,0.0,3.2,3.2,0.0,0.0,0.95,196.8,250.0,0.7872,0.34,100.81263780593872,66.92800000000001,12.0,21.88463780593871,13.930052853099083,13.930052853099083,5.180869742164916,13.538897993555434,0.8206044137063327,-0.5910413848520204,185.67673467206689,0.0,-2.961102006444566,233.97601756955112,200.0,0.0,3.2,3.2,0.0,0.0,196.8,250.0,0.7872,0.34,100.81263780593872,66.92800000000001,12.0,21.88463780593871,0.0,0.0,0.0,9.359040702782044,185.67673467206689,0.0,9.359040702782044,0.8547884611316992,1.1698800878477555,8.0,0.0,233.97601756955112,200.0,33.97601756955112,0.0,0.0,1.0,0.8547884611316992
303,5,303,2,2024-09-20T19:00:00,proposed,H05,4,4,3,0.5891633033752441,1.782502716994495,0.2262804048354281,0.0,0.0,44.56256792486238,44.56256792486238,0.0,6.0,6.0,0.0,0.0,0.95,38.56256792486238,500.0,0.07712513584972476,0.34,26.25462972549562,13.14127309445321,2.6737540754917424,10.439602555550668,16.709033389286557,16.709033389286557,7.8750791281171955,13.538897993555434,0.8206044137063327,-0.5910413848520204,185.67673467206689,0.0,-2.961102006444566,44.56256792486238,44.56256792486238,0.0,6.0,6.0,0.0,0.0,38.56256792486238,500.0,0.07712513584972476,0.34,26.25462972549562,13.14127309445321,2.6737540754917424,10.439602555550668,0.0,0.0,0.0,1.782502716994495,185.67673467206689,0.0,1.782502716994495,1.0,0.11140641981215593,1.782502716994495,0.0,44.56256792486238,44.56256792486238,0.0,0.0,0.0,1.0,1.0
303,5,303,2,2024-09-20T19:00:00,proposed,H06,5,5,3,0.5022578835487366,11.255480297495092,0.2262804048354281,0.0,0.0,281.3870074373773,281.3870074373773,0.0,8.0,8.0,0.0,0.0,0.95,273.3870074373773,700.0,0.39055286776768183,0.34,141.32884281360973,92.99158252870829,16.88322044624264,31.454039838658794,12.981551136945498,12.981551136945498,4.601322725457986,13.538897993555434,0.8206044137063327,-0.5910413848520204,185.67673467206689,0.0,-2.961102006444566,281.3870074373773,281.3870074373773,0.0,8.0,8.0,0.0,0.0,273.3870074373773,700.0,0.39055286776768183,0.34,141.32884281360973,92.99158252870829,16.88322044624264,31.454039838658794,0.0,0.0,0.0,11.255480297495092,185.67673467206689,0.0,11.255480297495092,1.0,0.7034675185934433,11.255480297495092,0.0,281.3870074373773,281.3870074373773,0.0,0.0,0.0,1.0,1.0
303,5,303,2,2024-09-20T19:00:00,proposed,H07,6,6,3,0.5598999857902527,7.9864400631763015,0.2262804048354281,0.0,0.0,199.66100157940753,199.66100157940753,0.0,2.0,2.0,0.0,0.0,0.95,197.66100157940753,350.0,0.5647457187983073,0.34,111.79019194717789,67.21474053699856,11.979660094764451,32.59579131541487,10.427091710418841,10.427091710418841,1.8949907737534544,13.538897993555434,0.8206044137063327,-0.5910413848520204,185.67673467206689,0.0,-2.961102006444566,199.66100157940753,199.66100157940753,0.0,2.0,2.0,0.0,0.0,197.66100157940753,350.0,0.5647457187983073,0.34,111.79019194717789,67.21474053699856,11.979660094764451,32.59579131541487,0.0,0.0,0.0,7.9864400631763015,185.67673467206689,0.0,7.9864400631763015,1.0,0.6655366719313585,7.9864400631763015,0.0,199.66100157940753,199.66100157940753,0.0,0.0,0.0,1.0,1.0
303,5,303,2,2024-09-20T19:00:00,proposed,H08,7,7,3,0.46060633659362793,0.17849451363012947,0.2262804048354281,0.0,0.0,4.462362840753237,218.69580500484372,0.0,7.2,7.2,0.0,0.0,0.95,211.49580500484373,500.0,0.42299161000968744,0.34,100.73267357167546,71.94457370164687,13.121748300290626,15.666351569737962,9.515247352956827,9.515247352956827,1.2283362417293913,13.538897993555434,0.8206044137063327,-0.5910413848520204,185.67673467206689,0.0,-2.961102006444566,4.462362840753237,218.69580500484372,0.0,7.2,7.2,0.0,0.0,211.49580500484373,500.0,0.42299161000968744,0.34,100.73267357167546,71.94457370164687,13.121748300290626,15.666351569737962,0.0,0.0,0.0,0.17849451363012947,185.67673467206689,8.569337686563621,8.74783220019375,1.0,0.5467395125121094,8.74783220019375,214.2334421640905,218.69580500484372,218.69580500484372,0.0,0.0,0.0,1.0,1.0
303,5,303,2,2024-09-20T20:00:00,proposed,H01,0,0,4,0.49400079250335693,1.1583109619555537e-09,0.12831484643543806,77.39043658732179,62.390436587321794,2.8957774048888844e-08,200.0,0.0,0.0,0.0,0.0,0.0,0.95,200.0,250.0,0.8,0.27,98.80015850067139,54.0,12.0,32.80015850067139,9.891880893993457,9.891880893993457,1.5248993012134384,13.538897993555434,0.5946983991657024,0.504169529712615,175.19782614590508,0.0,-2.961102006444566,2.8957774048888844e-08,200.0,0.0,0.0,0.0,0.0,0.0,200.0,250.0,0.8,0.27,98.80015850067139,54.0,12.0,32.80015850067139,0.0,1.0398406097886965,0.0,1.1583109619555537e-09,175.19782614590508,18.31872487715126,18.318724878309574,0.43671161902062633,2.2898406097886967,8.0,457.96812192878156,457.96812195773936,200.0,257.96812195773936,-2.220446049250313e-16,0.0,1.0,0.43671161902062633
303,5,303,2,2024-09-20T20:00:00,proposed,H02,1,1,4,0.512109637260437,6.47509757571345,0.12831484643543806,0.0,0.0,161.8774393928362,161.8774393928362,0.0,0.0,0.0,0.0,0.0,0.95,161.8774393928362,250.0,0.6475097575713449,0.27,82.89899676811373,43.706908636065776,9.712646363570176,29.47944176847778,9.844486866903097,9.844486866903097,1.320126653654112,13.538897993555434,0.5946983991657024,0.504169529712615,175.19782614590508,0.0,-2.961102006444566,161.8774393928362,161.8774393928362,0.0,0.0,0.0,0.0,0.0,161.8774393928362,250.0,0.6475097575713449,0.27,82.89899676811373,43.706908636065776,9.712646363570176,29.47944176847778,0.0,0.0,0.0,6.47509757571345,175.19782614590508,0.0,6.47509757571345,1.0,0.8093871969641813,6.47509757571345,0.0,161.8774393928362,161.8774393928362,0.0,0.0,0.0,1.0,1.0
303,5,303,2,2024-09-20T20:00:00,proposed,H03,2,2,4,0.5501898527145386,3.5437610917256253,0.12831484643543806,0.0,0.0,88.59402729314061,88.59402729314061,0.0,0.0,0.0,0.0,0.0,0.95,88.59402729314061,350.0,0.25312579226611603,0.27,48.74353482780084,23.920387369147967,5.315641637588438,19.507505821064438,10.564072706902916,10.564072706902916,1.8759913638743757,13.538897993555434,0.5946983991657024,0.504169529712615,175.19782614590508,0.0,-2.961102006444566,88.59402729314061,88.59402729314061,0.0,0.0,0.0,0.0,0.0,88.59402729314061,350.0,0.25312579226611603,0.27,48.74353482780084,23.920387369147967,5.315641637588438,19.507505821064438,0.0,0.0,0.0,3.5437610917256253,175.19782614590508,0.0,3.5437610917256253,1.0,0.29531342431046875,3.5437610917256253,0.0,88.59402729314061,88.59402729314061,0.0,0.0,0.0,1.0,1.0
303,5,303,2,2024-09-20T20:00:00,proposed,H04,3,3,4,0.5087178945541382,0.6840723865337253,0.12831484643543806,0.0,0.0,17.101809663343133,51.07782723289425,0.0,0.0,0.0,0.0,0.0,0.95,51.07782723289425,250.0,0.204311308931577,0.27,25.984204728317984,13.791013352881448,3.0646696339736548,9.128521741462881,13.63272986087304,13.63272986087304,4.676927379637897,13.538897993555434,0.5946983991657024,0.504169529712615,175.19782614590508,0.0,-2.961102006444566,17.101809663343133,51.07782723289425,0.0,0.0,0.0,0.0,0.0,51.07782723289425,250.0,0.204311308931577,0.27,25.984204728317984,13.791013352881448,3.0646696339736548,9.128521741462881,0.0,0.0,0.0,0.6840723865337253,175.19782614590508,1.3590407027820444,2.04311308931577,1.0,0.25538913616447123,2.04311308931577,33.97601756955112,51.07782723289425,51.07782723289425,0.0,0.0,0.0,1.0,1.0
303,5,303,2,2024-09-20T20:00:00,proposed,H05,4,4,4,0.5823302268981934,0.8474052445404012,0.12831484643543806,0.0,0.0,21.18513111351003,21.18513111351003,0.0,0.0,0.0,0.0,0.0,0.95,21.18513111351003,500.0,0.04237026222702006,0.27,12.336742208198272,5.719985400647709,1.2711078668106017,5.345648940739961,16.184576701457928,16.184576701457928,7.106094641239578,13.538897993555434,0.5946983991657024,0.504169529712615,175.19782614590508,0.0,-2.961102006444566,21.18513111351003,21.18513111351003,0.0,0.0,0.0,0.0,0.0,21.18513111351003,500.0,0.04237026222702006,0.27,12.336742208198272,5.719985400647709,1.2711078668106017,5.345648940739961,0.0,0.0,0.0,0.8474052445404012,175.19782614590508,0.0,0.8474052445404012,1.0,0.05296282778377508,0.8474052445404012,0.0,21.18513111351003,21.18513111351003,0.0,0.0,0.0,1.0,1.0
303,5,303,2,2024-09-20T20:00:00,proposed,H06,5,5,4,0.4954594373703003,4.803937451684196,0.12831484643543806,0.0,0.0,120.09843629210488,120.09843629210488,0.0,0.0,0.0,0.0,0.0,0.95,120.09843629210488,700.0,0.17156919470300697,0.27,59.503903674339135,32.42657779886832,7.205906177526295,19.871419697944518,13.155878629211594,13.155878629211594,4.589213319281475,13.538897993555434,0.5946983991657024,0.504169529712615,175.19782614590508,0.0,-2.961102006444566,120.09843629210488,120.09843629210488,0.0,0.0,0.0,0.0,0.0,120.09843629210488,700.0,0.17156919470300697,0.27,59.503903674339135,32.42657779886832,7.205906177526295,19.871419697944518,0.0,0.0,0.0,4.803937451684196,175.19782614590508,0.0,4.803937451684196,1.0,0.30024609073026226,4.803937451684196,0.0,120.09843629210488,120.09843629210488,0.0,0.0,0.0,1.0,1.0
303,5,303,2,2024-09-20T20:00:00,proposed,H07,6,6,4,0.5640804171562195,3.0527142991689127,0.12831484643543806,0.0,0.0,76.31785747922282,76.31785747922282,0.0,0.0,0.0,0.0,0.0,0.95,76.31785747922282,350.0,0.21805102136920806,0.27,43.04940888334892,20.605821519390165,4.5790714487533695,17.86451591520538,10.345182914600475,10.345182914600475,1.6194607628183104,13.538897993555434,0.5946983991657024,0.504169529712615,175.19782614590508,0.0,-2.961102006444566,76.31785747922282,76.31785747922282,0.0,0.0,0.0,0.0,0.0,76.31785747922282,350.0,0.21805102136920806,0.27,43.04940888334892,20.605821519390165,4.5790714487533695,17.86451591520538,0.0,0.0,0.0,3.0527142991689127,175.19782614590508,0.0,3.0527142991689127,1.0,0.25439285826407604,3.0527142991689127,0.0,76.31785747922282,76.31785747922282,0.0,0.0,0.0,1.0,1.0
303,5,303,2,2024-09-20T20:00:00,proposed,H08,7,7,4,0.4740884304046631,11.437591108357411,0.12831484643543806,0.0,0.0,285.9397777089353,285.9397777089353,0.0,0.0,0.0,0.0,0.0,0.95,285.9397777089353,500.0,0.5718795554178706,0.27,135.5607404042874,77.20373998141254,17.156386662536118,41.20061376033874,9.72404579529966,9.72404579529966,1.2822159188371245,13.538897993555434,0.5946983991657024,0.504169529712615,175.19782614590508,0.0,-2.961102006444566,285.9397777089353,285.9397777089353,0.0,0.0,0.0,0.0,0.0,285.9397777089353,500.0,0.5718795554178706,0.27,135.5607404042874,77.20373998141254,17.156386662536118,41.20061376033874,0.0,0.0,0.0,11.437591108357411,175.19782614590508,0.0,11.437591108357411,1.0,0.7148494442723382,11.437591108357411,0.0,285.9397777089353,285.9397777089353,0.0,0.0,0.0,1.0,1.0
303,5,303,2,2024-09-20T21:00:00,proposed,H01,0,0,5,0.4703948199748993,2.385393139254782e-05,0.11296388222848126,17.39061549180724,2.3906154918072375,0.0005963482848136954,200.00000000000009,0.0,0.0,0.0,0.0,100.0,0.42368421052631583,100.00000000000009,250.0,0.40000000000000036,0.2,94.0789639949799,23.000000000000018,12.0,59.07896399497989,9.86461879248292,9.86461879248292,1.5358820845751158,13.538897993555434,0.5479802353662173,3.251675753816552,329.94880636526966,1.4210854715202004e-14,-2.961102006444566,0.0005963482848136954,200.00000000000009,0.0,0.0,0.0,0.0,100.0,100.00000000000009,250.0,0.40000000000000036,0.2,94.0789639949799,23.000000000000018,12.0,59.07896399497989,1.4210854715202004e-14,0.039843591530120626,0.0,2.385393139254782e-05,329.94880636526966,10.318724878309572,10.318748732240964,0.7752877996732273,1.2898435915301205,8.0,257.96812195773936,257.9687183060242,200.00000000000009,57.9687183060241,1.1102230246251565e-16,0.0,1.0,0.7752877996732273
303,5,303,2,2024-09-20T21:00:00,proposed,H02,1,1,5,0.5122603178024292,4.850524544493004,0.11296388222848126,0.0,0.0,121.2631136123251,121.2631136123251,0.0,0.0,0.0,0.0,100.0,0.42368421052631583,21.2631136123251,250.0,0.0850524544493004,0.2,62.118281116761736,7.25262272246502,7.2757868167395054,47.58987157755721,9.784051562873945,9.784051562873945,1.3097491072136092,13.538897993555434,0.5479802353662173,3.251675753816552,329.94880636526966,1.4210854715202004e-14,-2.961102006444566,121.2631136123251,121.2631136123251,0.0,0.0,0.0,0.0,100.0,21.2631136123251,250.0,0.0850524544493004,0.2,62.118281116761736,7.25262272246502,7.2757868167395054,47.58987157755721,1.4210854715202004e-14,0.0,0.0,4.850524544493004,329.94880636526966,0.0,4.850524544493004,1.0,0.6063155680616255,4.850524544493004,0.0,121.2631136123251,121.2631136123251,0.0,0.0,0.0,1.0,1.0
303,5,303,2,2024-09-20T21:00:00,proposed,H03,2,2,5,0.5418503284454346,3.0214641126497526,0.11296388222848126,0.0,0.0,75.53660281624381,75.53660281624381,0.0,0.0,0.0,0.0,75.53660281624381,0.6849592883640568,0.0,350.0,0.0,0.2,40.929533045634045,2.2660980844873144,4.532196168974629,34.131238792172105,10.446869866802848,10.446869866802848,1.8067373705134568,13.538897993555434,0.5479802353662173,3.251675753816552,329.94880636526966,1.4210854715202004e-14,-2.961102006444566,75.53660281624381,75.53660281624381,0.0,0.0,0.0,0.0,75.53660281624381,0.0,350.0,0.0,0.2,40.929533045634045,2.2660980844873144,4.532196168974629,34.131238792172105,1.4210854715202004e-14,0.0,0.0,3.0214641126497526,329.94880636526966,0.0,3.0214641126497526,1.0,0.25178867605414607,3.0214641126497526,0.0,75.53660281624381,75.53660281624381,0.0,0.0,0.0,1.0,1.0
303,5,303,2,2024-09-20T21:00:00,proposed,H04,3,3,5,0.5127102136611938,2.60446834388128,0.11296388222848126,0.0,0.0,65.111708597032,65.111708597032,0.0,0.0,0.0,0.0,65.111708597032,0.675845437486181,0.0,250.0,0.0,0.2,33.38343802662967,1.9533512579109602,3.9067025158219204,27.52338425289679,13.597452716443206,13.597452716443206,4.6841428730470716,13.538897993555434,0.5479802353662173,3.251675753816552,329.94880636526966,0.0,-2.961102006444566,65.111708597032,65.111708597032,0.0,0.0,0.0,0.0,65.111708597032,0.0,250.0,0.0,0.2,33.38343802662967,1.9533512579109602,3.9067025158219204,27.52338425289679,0.0,0.0,0.0,2.60446834388128,329.94880636526966,0.0,2.60446834388128,1.0,0.32555854298516,2.60446834388128,0.0,65.111708597032,65.111708597032,0.0,0.0,0.0,1.0,1.0
303,5,303,2,2024-09-20T21:00:00,proposed,H05,4,4,5,0.5759294033050537,0.6811522788706272,0.11296388222848126,0.0,0.0,17.028806971765682,17.028806971765682,0.0,0.0,0.0,0.0,17.028806971765682,0.9141498800594406,0.0,500.0,0.0,0.2,9.807390638245948,0.5108642091529705,1.021728418305941,8.274798010787038,16.266608572294825,16.266608572294825,7.226134162076775,13.538897993555434,0.5479802353662173,3.251675753816552,329.94880636526966,1.0658141036401503e-14,-2.961102006444566,17.028806971765682,17.028806971765682,0.0,0.0,0.0,0.0,17.028806971765682,0.0,500.0,0.0,0.2,9.807390638245948,0.5108642091529705,1.021728418305941,8.274798010787038,1.0658141036401503e-14,0.0,0.0,0.6811522788706272,329.94880636526966,0.0,0.6811522788706272,1.0,0.0425720174294142,0.6811522788706272,0.0,17.028806971765682,17.028806971765682,0.0,0.0,0.0,1.0,1.0
303,5,303,2,2024-09-20T21:00:00,proposed,H06,5,5,5,0.49058258533477783,3.7541724803888648,0.11296388222848126,0.0,0.0,93.85431200972161,93.85431200972161,0.0,0.0,0.0,0.0,93.85431200972161,0.7853433122636463,0.0,700.0,0.0,0.2,46.043291030546115,2.815629360291648,5.631258720583297,37.59640294967117,13.272745459735196,13.272745459735196,4.7268746514825795,13.538897993555434,0.5479802353662173,3.251675753816552,329.94880636526966,0.0,-2.961102006444566,93.85431200972161,93.85431200972161,0.0,0.0,0.0,0.0,93.85431200972161,0.0,700.0,0.0,0.2,46.043291030546115,2.815629360291648,5.631258720583297,37.59640294967117,0.0,0.0,0.0,3.7541724803888648,329.94880636526966,0.0,3.7541724803888648,1.0,0.23463578002430405,3.7541724803888648,0.0,93.85431200972161,93.85431200972161,0.0,0.0,0.0,1.0,1.0
303,5,303,2,2024-09-20T21:00:00,proposed,H07,6,6,5,0.5670806765556335,2.2157819178578495,0.11296388222848126,0.0,0.0,55.394547946446245,55.394547946446245,0.0,0.0,0.0,0.0,55.394547946446245,0.7556331651001886,0.0,350.0,0.0,0.2,31.413177726964218,1.6618364383933872,3.323672876786774,26.427668411784058,10.262791135512577,10.262791135512577,1.5852989421557457,13.538897993555434,0.5479802353662173,3.251675753816552,329.94880636526966,1.4210854715202004e-14,-2.961102006444566,55.394547946446245,55.394547946446245,0.0,0.0,0.0,0.0,55.394547946446245,0.0,350.0,0.0,0.2,31.413177726964218,1.6618364383933872,3.323672876786774,26.427668411784058,1.4210854715202004e-14,0.0,0.0,2.2157819178578495,329.94880636526966,0.0,2.2157819178578495,1.0,0.1846484931548208,2.2157819178578495,0.0,55.394547946446245,55.394547946446245,0.0,0.0,0.0,1.0,1.0
303,5,303,2,2024-09-20T21:00:00,proposed,H08,7,7,5,0.46676602959632874,9.483496001072792,0.11296388222848126,0.0,0.0,237.08740002681986,237.08740002681986,0.0,0.0,0.0,0.0,237.08740002681986,0.4508686315224845,0.0,500.0,0.0,0.2,110.66434437783523,7.1126220008045955,14.225244001609187,89.32647837542146,9.700470568954142,9.700470568954142,1.2936366260061543,13.538897993555434,0.5479802353662173,3.251675753816552,329.94880636526966,2.842170943040401e-14,-2.961102006444566,237.08740002681986,237.08740002681986,0.0,0.0,0.0,0.0,237.08740002681986,0.0,500.0,0.0,0.2,110.66434437783523,7.1126220008045955,14.225244001609187,89.32647837542146,2.842170943040401e-14,0.0,0.0,9.483496001072792,329.94880636526966,0.0,9.483496001072792,1.0,0.5927185000670495,9.483496001072792,0.0,237.08740002681986,237.08740002681986,0.0,0.0,0.0,1.0,1.0
101,5,101,0,2024-09-20T16:00:00,mappo_no_inference,H01,0,0,0,0.4686073064804077,16.151016288510522,0.0806537144912203,61.13262216382892,46.13262216382892,403.77540721276307,200.0,0.0,44.0,44.0,84.21052631578947,0.0,0.95,240.21052631578948,250.0,0.9608421052631579,0.16,93.72146129608154,38.653684210526315,12.0,43.06777708555523,10.42131855390649,10.42131855390649,1.8746732916148687,13.5,0.43779992528279127,1.8636426741908552,340.6881562929012,0.0,-3.0,403.77540721276307,200.0,0.0,44.0,44.0,84.21052631578947,0.0,240.21052631578948,250.0,0.9608421052631579,0.16,93.72146129608154,38.653684210526315,12.0,43.06777708555523,0.0,0.7688770360638153,0.0,16.151016288510522,340.6881562929012,0.0,16.151016288510522,0.49532486730825875,2.0188770360638153,8.0,0.0,403.77540721276307,200.0,203.77540721276307,0.0,0.0,1.0,0.49532486730825875
101,5,101,0,2024-09-20T16:00:00,mappo_no_inference,H02,1,1,0,0.5294157266616821,7.199135456863978,0.0806537144912203,0.0,0.0,179.97838642159942,179.97838642159942,0.0,33.0,33.0,94.73684210526316,0.0,0.95,241.71522852686257,250.0,0.9668609141074503,0.16,95.28338823078808,38.83943656429801,10.798703185295967,45.6452484811941,10.34727735516838,10.34727735516838,1.6702325774322777,13.5,0.43779992528279127,1.8636426741908552,340.6881562929012,0.0,-3.0,179.97838642159942,179.97838642159942,0.0,33.0,33.0,94.73684210526316,0.0,241.71522852686257,250.0,0.9668609141074503,0.16,95.28338823078808,38.83943656429801,10.798703185295967,45.6452484811941,0.0,0.0,0.0,7.199135456863978,340.6881562929012,0.0,7.199135456863978,1.0,0.8998919321079972,7.199135456863978,0.0,179.97838642159942,179.97838642159942,0.0,0.0,0.0,1.0,1.0
101,5,101,0,2024-09-20T16:00:00,mappo_no_inference,H03,2,2,0,0.5401099920272827,6.345324858639146,0.0806537144912203,0.0,0.0,158.63312146597866,158.63312146597866,0.0,33.0,33.0,110.52631578947368,0.0,0.95,236.15943725545236,350.0,0.6747412493012924,0.16,85.6793339702527,37.95050996087238,9.51798728795872,38.2108367214216,10.523905403048282,10.523905403048282,1.6847598907117614,13.5,0.43779992528279127,1.8636426741908552,340.6881562929012,0.0,-3.0,158.63312146597866,158.63312146597866,0.0,33.0,33.0,110.52631578947368,0.0,236.15943725545236,350.0,0.6747412493012924,0.16,85.6793339702527,37.95050996087238,9.51798728795872,38.2108367214216,0.0,0.0,0.0,6.345324858639146,340.6881562929012,0.0,6.345324858639146,1.0,0.5287770715532621,6.345324858639146,0.0,158.63312146597866,158.63312146597866,0.0,0.0,0.0,1.0,1.0
101,5,101,0,2024-09-20T16:00:00,mappo_no_inference,H04,3,3,0,0.49742114543914795,7.234453023599642,0.0806537144912203,0.0,0.0,180.86132558999105,180.86132558999105,0.0,44.0,44.0,78.94736842105263,0.0,0.95,215.80869401104368,250.0,0.8632347760441748,0.16,89.96424774061603,34.74939104176699,10.851679535399462,44.36317716344958,13.152483613967664,13.152483613967664,4.049901500930273,13.5,0.43779992528279127,1.8636426741908552,340.6881562929012,0.0,-3.0,180.86132558999105,180.86132558999105,0.0,44.0,44.0,78.94736842105263,0.0,215.80869401104368,250.0,0.8632347760441748,0.16,89.96424774061603,34.74939104176699,10.851679535399462,44.36317716344958,0.0,0.0,0.0,7.234453023599642,340.6881562929012,0.0,7.234453023599642,1.0,0.9043066279499552,7.234453023599642,0.0,180.86132558999105,180.86132558999105,0.0,0.0,0.0,1.0,1.0
101,5,101,0,2024-09-20T16:00:00,mappo_no_inference,H05,4,4,0,0.5715135931968689,1.722355124014587,0.0806537144912203,0.0,0.0,43.05887810036467,43.05887810036467,0.0,82.5,0.0,131.57894736842104,0.0,0.95,92.13782546878573,500.0,0.18427565093757148,0.16,24.608734142165382,15.154552075005718,2.58353268602188,6.870649381137784,15.452753699703916,15.452753699703916,6.196237435805941,13.5,0.43779992528279127,1.8636426741908552,340.6881562929012,1.4210854715202004e-14,-3.0,43.05887810036467,43.05887810036467,0.0,82.5,0.0,131.57894736842104,0.0,92.13782546878573,500.0,0.18427565093757148,0.16,24.608734142165382,15.154552075005718,2.58353268602188,6.870649381137784,1.4210854715202004e-14,0.0,0.0,1.722355124014587,340.6881562929012,0.0,1.722355124014587,1.0,0.10764719525091168,1.722355124014587,0.0,43.05887810036467,43.05887810036467,0.0,0.0,0.0,1.0,1.0
101,5,101,0,2024-09-20T16:00:00,mappo_no_inference,H06,5,5,0,0.48801255226135254,8.002030042884499,0.0806537144912203,0.0,0.0,200.05075107211246,200.05075107211246,0.0,110.0,110.0,126.31578947368422,0.0,0.95,216.36654054579668,700.0,0.3090950579225667,0.16,97.62727761250211,35.168646487327464,12.003045064326749,50.4555860608479,13.395427633859006,13.395427633859006,4.623732762700242,13.5,0.43779992528279127,1.8636426741908552,340.6881562929012,0.0,-3.0,200.05075107211246,200.05075107211246,0.0,110.0,110.0,126.31578947368422,0.0,216.36654054579668,700.0,0.3090950579225667,0.16,97.62727761250211,35.168646487327464,12.003045064326749,50.4555860608479,0.0,0.0,0.0,8.002030042884499,340.6881562929012,0.0,8.002030042884499,1.0,0.5001268776802812,8.002030042884499,0.0,200.05075107211246,200.05075107211246,0.0,0.0,0.0,1.0,1.0
101,5,101,0,2024-09-20T16:00:00,mappo_no_inference,H07,6,6,0,0.5548680424690247,5.578353488003751,0.0806537144912203,0.0,0.0,139.45883720009377,139.45883720009377,0.0,27.5,27.5,126.31578947368422,0.0,0.95,238.274626673778,350.0,0.6807846476393656,0.16,77.38125200222242,38.26144026780448,8.367530232005628,30.752281502412316,10.1364867136448,10.1364867136448,1.2241021870505082,13.5,0.43779992528279127,1.8636426741908552,340.6881562929012,0.0,-3.0,139.45883720009377,139.45883720009377,0.0,27.5,27.5,126.31578947368422,0.0,238.274626673778,350.0,0.6807846476393656,0.16,77.38125200222242,38.26144026780448,8.367530232005628,30.752281502412316,0.0,0.0,0.0,5.578353488003751,340.6881562929012,0.0,5.578353488003751,1.0,0.4648627906669793,5.578353488003751,0.0,139.45883720009377,139.45883720009377,0.0,0.0,0.0,1.0,1.0
101,5,101,0,2024-09-20T16:00:00,mappo_no_inference,H08,7,7,0,0.4375755786895752,28.274485939487718,0.0806537144912203,46.02932227307895,31.029322273078943,706.862148487193,400.00000000000006,0.0,99.0,0.0,131.57894736842104,0.0,0.95,432.5789473684211,500.0,0.8651578947368422,0.16,175.0302314758301,69.70763157894739,24.0,81.32259989688272,9.971693452075861,9.971693452075861,1.3257422941237742,13.5,0.43779992528279127,1.8636426741908552,340.6881562929012,1.4210854715202004e-14,-3.0,706.862148487193,400.00000000000006,0.0,99.0,0.0,131.57894736842104,0.0,432.5789473684211,500.0,0.8651578947368422,0.16,175.0302314758301,69.70763157894739,24.0,81.32259989688272,1.4210854715202004e-14,0.5171553712179824,0.0,28.274485939487718,340.6881562929012,0.0,28.274485939487718,0.5658811988392207,1.7671553712179824,16.0,0.0,706.862148487193,400.00000000000006,306.862148487193,0.0,0.0,1.0,0.5658811988392207
101,5,101,0,2024-09-20T17:00:00,mappo_no_inference,H01,0,0,1,0.4694742262363434,0.0018613122853824967,0.1648729233320963,1.1465820059692855,0.0,0.04653280713456241,200.0,0.0,28.0,28.0,0.0,0.0,0.95,172.0,250.0,0.688,0.22,93.89484524726868,37.980000000000004,12.0,43.91484524726867,9.650132720360528,9.650132720360528,1.4781246550373743,13.5,0.7023293176482924,2.8682542586291864,514.8127994394188,0.0,-3.0,0.04653280713456241,200.0,0.0,28.0,28.0,0.0,0.0,172.0,250.0,0.688,0.22,93.89484524726868,37.980000000000004,12.0,43.91484524726867,0.0,0.0,0.0,0.0018613122853824967,514.8127994394188,8.151016288510522,8.152877600795906,0.9812486329022061,1.0191097000994882,8.0,203.77540721276307,203.82194001989762,200.0,3.8219400198976246,-1.1102230246251565e-16,0.0,1.0,0.9812486329022061
101,5,101,0,2024-09-20T17:00:00,mappo_no_inference,H02,1,1,1,0.5243332386016846,20.801160071690152,0.1648729233320963,96.00870053767613,81.00870053767613,520.0290017922538,199.99999999999997,0.0,21.0,21.0,0.0,0.0,0.95,178.99999999999997,250.0,0.7159999999999999,0.22,104.8666477203369,39.48499999999999,11.999999999999998,53.3816477203369,9.814443719774372,9.814443719774372,1.4631546808693041,13.5,0.7023293176482924,2.8682542586291864,514.8127994394188,0.0,-3.0,520.0290017922538,199.99999999999997,0.0,21.0,21.0,0.0,0.0,178.99999999999997,250.0,0.7159999999999999,0.22,104.8666477203369,39.48499999999999,11.999999999999998,53.3816477203369,0.0,1.350145008961269,0.0,20.801160071690152,514.8127994394188,0.0,20.801160071690152,0.3845939347819257,2.600145008961269,7.999999999999999,0.0,520.0290017922538,199.99999999999997,320.0290017922538,0.0,0.0,1.0,0.3845939347819257
101,5,101,0,2024-09-20T17:00:00,mappo_no_inference,H03,2,2,1,0.5424736738204956,14.744968706396623,0.1648729233320963,13.724843531983112,0.0,368.6242176599156,300.0,0.0,21.0,21.0,0.0,0.0,0.95,279.0,350.0,0.7971428571428572,0.22,162.74210214614868,61.485,18.0,83.25710214614868,10.600341887048312,10.600341887048312,2.0970281090612493,13.5,0.7023293176482924,2.8682542586291864,514.8127994394188,0.0,-3.0,368.6242176599156,300.0,0.0,21.0,21.0,0.0,0.0,279.0,350.0,0.7971428571428572,0.22,162.74210214614868,61.485,18.0,83.25710214614868,0.0,0.0,0.0,14.744968706396623,514.8127994394188,0.0,14.744968706396623,0.8138369255944363,1.2287473921997185,12.0,0.0,368.6242176599156,300.0,68.62421765991559,-5.551115123125783e-17,0.0,1.0,0.8138369255944363
101,5,101,0,2024-09-20T17:00:00,mappo_no_inference,H04,3,3,1,0.5062737464904785,13.963200485849157,0.1648729233320963,44.72400364386868,29.724003643868677,349.0800121462289,200.0,0.0,28.0,28.0,0.0,0.0,0.95,172.0,250.0,0.688,0.22,101.2547492980957,37.980000000000004,12.0,51.2747492980957,13.782671387102232,13.782671387102232,5.052970453822604,13.5,0.7023293176482924,2.8682542586291864,514.8127994394188,0.0,-3.0,349.0800121462289,200.0,0.0,28.0,28.0,0.0,0.0,172.0,250.0,0.688,0.22,101.2547492980957,37.980000000000004,12.0,51.2747492980957,0.0,0.4954000607311446,0.0,13.963200485849157,514.8127994394188,0.0,13.963200485849157,0.5729345509367646,1.7454000607311446,8.0,0.0,349.0800121462289,200.0,149.0800121462289,0.0,0.0,1.0,0.5729345509367646
101,5,101,0,2024-09-20T17:00:00,mappo_no_inference,H05,4,4,1,0.5747736692428589,3.4121529138662843,0.1648729233320963,0.0,0.0,85.30382284665711,85.30382284665711,0.0,52.5,52.5,0.0,0.0,0.95,32.80382284665711,500.0,0.06560764569331423,0.22,49.030391258015925,7.479341026264565,5.118229370799426,36.432820860951935,16.438237427894038,16.438237427894038,7.6213664586172865,13.5,0.7023293176482924,2.8682542586291864,514.8127994394188,0.0,-3.0,85.30382284665711,85.30382284665711,0.0,52.5,52.5,0.0,0.0,32.80382284665711,500.0,0.06560764569331423,0.22,49.030391258015925,7.479341026264565,5.118229370799426,36.432820860951935,0.0,0.0,0.0,3.4121529138662843,514.8127994394188,0.0,3.4121529138662843,1.0,0.21325955711664277,3.4121529138662843,0.0,85.30382284665711,85.30382284665711,0.0,0.0,0.0,1.0,1.0
101,5,101,0,2024-09-20T17:00:00,mappo_no_inference,H06,5,5,1,0.4888811707496643,20.86959536178807,0.1648729233320963,18.260982606705255,3.260982606705256,521.7398840447017,400.0,0.0,70.0,70.0,0.0,0.0,0.95,330.0,700.0,0.4714285714285714,0.22,195.55246829986572,72.94999999999999,24.0,98.60246829986573,12.83144428122311,12.83144428122311,4.519216259055196,13.5,0.7023293176482924,2.8682542586291864,514.8127994394188,0.0,-3.0,521.7398840447017,400.0,0.0,70.0,70.0,0.0,0.0,330.0,700.0,0.4714285714285714,0.22,195.55246829986572,72.94999999999999,24.0,98.60246829986573,0.0,0.05434971011175427,0.0,20.86959536178807,514.8127994394188,0.0,20.86959536178807,0.7666655592803573,1.3043497101117543,16.0,0.0,521.7398840447017,400.0,121.73988404470174,0.0,0.0,1.0,0.7666655592803573
101,5,101,0,2024-09-20T17:00:00,mappo_no_inference,H07,6,6,1,0.5554267168045044,12.854982414206331,0.1648729233320963,4.274912071031656,0.0,321.37456035515834,300.00000000000006,0.0,17.5,17.5,0.0,0.0,0.95,282.50000000000006,350.0,0.8071428571428573,0.22,166.62801504135135,62.23750000000001,18.0,86.39051504135134,10.390065593159019,10.390065593159019,1.8722579978916405,13.5,0.7023293176482924,2.8682542586291864,514.8127994394188,0.0,-3.0,321.37456035515834,300.00000000000006,0.0,17.5,17.5,0.0,0.0,282.50000000000006,350.0,0.8071428571428573,0.22,166.62801504135135,62.23750000000001,18.0,86.39051504135134,0.0,0.0,0.0,12.854982414206331,514.8127994394188,0.0,12.854982414206331,0.9334901918448779,1.0712485345171943,12.0,0.0,321.37456035515834,300.00000000000006,21.37456035515828,0.0,0.0,1.0,0.9334901918448779
101,5,101,0,2024-09-20T17:00:00,mappo_no_inference,H08,7,7,1,0.4359802007675171,0.0382692920464298,0.1648729233320963,0.0,0.0,0.9567323011607449,307.81888078835374,0.0,63.0,63.0,0.0,0.0,0.95,244.81888078835374,500.0,0.48963776157670746,0.22,134.20293744613886,54.17515377343782,18.46913284730122,61.55865082539982,9.47494261138779,9.47494261138779,1.2319063004723076,13.5,0.7023293176482924,2.8682542586291864,514.8127994394188,0.0,-3.0,0.9567323011607449,307.81888078835374,0.0,63.0,63.0,0.0,0.0,244.81888078835374,500.0,0.48963776157670746,0.22,134.20293744613886,54.17515377343782,18.46913284730122,61.55865082539982,0.0,0.0,0.0,0.0382692920464298,514.8127994394188,12.274485939487718,12.312755231534148,1.0,0.7695472019708842,12.312755231534148,306.862148487193,307.81888078835374,307.81888078835374,0.0,0.0,0.0,1.0,1.0
101,5,101,0,2024-09-20T18:00:00,mappo_no_inference,H01,0,0,2,0.43151408433914185,33.11115029983283,0.13229383045794188,189.4802092547155,174.4802092547155,827.7787574958206,200.0,0.0,12.8,12.8,0.0,0.0,0.95,187.2,250.0,0.7487999999999999,0.3,86.30281686782837,56.224,12.0,18.078816867828372,10.177544341226223,10.177544341226223,1.7030062568227582,13.5,0.6078818738906124,-2.0446005782149657,229.22009697100452,0.0,-3.0,827.7787574958206,200.0,0.0,12.8,12.8,0.0,0.0,187.2,250.0,0.7487999999999999,0.3,86.30281686782837,56.224,12.0,18.078816867828372,0.0,2.9080034875785916,0.0,33.11115029983283,229.22009697100452,0.15287760079590473,33.26402790062873,0.24050003877758863,4.158003487578592,8.0,3.8219400198976246,831.6006975157183,200.0,631.6006975157183,0.0,0.0,1.0,0.24050003877758863
101,5,101,0,2024-09-20T18:00:00,mappo_no_inference,H02,1,1,2,0.5542700290679932,1.0100401175139629e-06,0.13229383045794188,36.00870811297702,21.00870811297702,2.525100293784907e-05,199.99999999999997,0.0,9.6,9.6,0.0,0.0,0.95,190.39999999999998,250.0,0.7615999999999999,0.3,110.85400581359862,57.16799999999999,12.0,41.686005813598626,10.069952260420305,10.069952260420305,1.4465702957409425,13.5,0.6078818738906124,-2.0446005782149657,229.22009697100452,0.0,-3.0,2.525100293784907e-05,199.99999999999997,0.0,9.6,9.6,0.0,0.0,190.39999999999998,250.0,0.7615999999999999,0.3,110.85400581359862,57.16799999999999,12.0,41.686005813598626,0.0,0.35014513521628365,0.0,1.0100401175139629e-06,229.22009697100452,12.801160071690152,12.80116108173027,0.6249433116983073,1.6001451352162837,8.0,320.0290017922538,320.0290270432567,199.99999999999997,120.02902704325672,0.0,0.0,1.0,0.6249433116983073
101,5,101,0,2024-09-20T18:00:00,mappo_no_inference,H03,2,2,2,0.5554322004318237,0.7707959193529343,0.13229383045794188,0.0,0.0,19.269897983823356,87.89411564373894,0.0,9.6,9.6,0.0,0.0,0.95,78.29411564373895,350.0,0.22369747326782558,0.3,48.8192220570111,23.53623469312168,5.273646938624335,20.009340425265087,10.434340962512385,10.434340962512385,1.6851551868663517,13.5,0.6078818738906124,-2.0446005782149657,229.22009697100452,0.0,-3.0,19.269897983823356,87.89411564373894,0.0,9.6,9.6,0.0,0.0,78.29411564373895,350.0,0.22369747326782558,0.3,48.8192220570111,23.53623469312168,5.273646938624335,20.009340425265087,0.0,0.0,0.0,0.7707959193529343,229.22009697100452,2.744968706396622,3.5157646257495565,1.0,0.2929803854791297,3.5157646257495565,68.62421765991559,87.89411564373894,87.89411564373894,0.0,0.0,0.0,1.0,1.0
101,5,101,0,2024-09-20T18:00:00,mappo_no_inference,H04,3,3,2,0.5008842349052429,0.005917414105870982,0.13229383045794188,0.0,0.0,0.14793535264677457,149.2279474988757,0.0,12.8,12.8,0.0,0.0,0.95,136.42794749887568,250.0,0.5457117899955027,0.3,74.7459263094541,40.992384249662706,8.953676849932542,24.799865209858858,13.335930413241789,13.335930413241789,4.3805574320117815,13.5,0.6078818738906124,-2.0446005782149657,229.22009697100452,0.0,-3.0,0.14793535264677457,149.2279474988757,0.0,12.8,12.8,0.0,0.0,136.42794749887568,250.0,0.5457117899955027,0.3,74.7459263094541,40.992384249662706,8.953676849932542,24.799865209858858,0.0,0.0,0.0,0.005917414105870982,229.22009697100452,5.963200485849157,5.969117899955028,1.0,0.7461397374943785,5.969117899955028,149.0800121462289,149.2279474988757,149.2279474988757,0.0,0.0,0.0,1.0,1.0
101,5,101,0,2024-09-20T18:00:00,mappo_no_inference,H05,4,4,2,0.5850076675415039,1.8334353720517083,0.13229383045794188,0.0,0.0,45.83588430129271,45.83588430129271,0.0,24.0,24.0,0.0,0.0,0.95,21.835884301292708,500.0,0.04367176860258542,0.3,26.81434376480148,6.670765290387813,2.7501530580775624,17.393425416336108,16.126773292592112,16.126773292592112,7.053719925106525,13.5,0.6078818738906124,-2.0446005782149657,229.22009697100452,0.0,-3.0,45.83588430129271,45.83588430129271,0.0,24.0,24.0,0.0,0.0,21.835884301292708,500.0,0.04367176860258542,0.3,26.81434376480148,6.670765290387813,2.7501530580775624,17.393425416336108,0.0,0.0,0.0,1.8334353720517083,229.22009697100452,0.0,1.8334353720517083,1.0,0.11458971075323177,1.8334353720517083,0.0,45.83588430129271,45.83588430129271,0.0,0.0,0.0,1.0,1.0
101,5,101,0,2024-09-20T18:00:00,mappo_no_inference,H06,5,5,2,0.5050274133682251,0.46010371866228206,0.13229383045794188,0.0,0.0,11.502592966557051,133.24247701125879,0.0,32.0,32.0,0.0,0.0,0.95,101.24247701125879,700.0,0.14463211001608398,0.3,67.29110351577123,30.532743103377634,7.994548620675525,28.76381179171807,13.156234843067773,13.156234843067773,4.521366794940098,13.5,0.6078818738906124,-2.0446005782149657,229.22009697100452,0.0,-3.0,11.502592966557051,133.24247701125879,0.0,32.0,32.0,0.0,0.0,101.24247701125879,700.0,0.14463211001608398,0.3,67.29110351577123,30.532743103377634,7.994548620675525,28.76381179171807,0.0,0.0,0.0,0.46010371866228206,229.22009697100452,4.869595361788068,5.32969908045035,1.0,0.3331061925281469,5.32969908045035,121.73988404470174,133.24247701125879,133.24247701125879,0.0,0.0,0.0,1.0,1.0
101,5,101,0,2024-09-20T18:00:00,mappo_no_inference,H07,6,6,2,0.552955150604248,3.905758304655556,0.13229383045794188,0.0,0.0,97.64395761638889,119.01851797154717,0.0,8.0,8.0,0.0,0.0,0.95,111.01851797154717,350.0,0.3171957656329919,0.3,65.81190252965126,33.345555391464146,7.141111078292831,25.325236059894287,10.293069131472313,10.293069131472313,1.509419622042937,13.5,0.6078818738906124,-2.0446005782149657,229.22009697100452,0.0,-3.0,97.64395761638889,119.01851797154717,0.0,8.0,8.0,0.0,0.0,111.01851797154717,350.0,0.3171957656329919,0.3,65.81190252965126,33.345555391464146,7.141111078292831,25.325236059894287,0.0,0.0,0.0,3.905758304655556,229.22009697100452,0.8549824142063311,4.7607407188618875,1.0,0.39672839323849063,4.7607407188618875,21.37456035515828,119.01851797154717,119.01851797154717,0.0,0.0,0.0,1.0,1.0
101,5,101,0,2024-09-20T18:00:00,mappo_no_inference,H08,7,7,2,0.4716689884662628,25.693642674282138,0.13229383045794188,36.35116002855802,21.35116002855802,642.3410668570533,399.9999999999999,0.0,28.8,28.8,0.0,0.0,0.95,371.1999999999999,500.0,0.7423999999999997,0.3,188.66759538650507,111.50399999999996,24.0,53.16359538650511,9.847119103316667,9.847119103316667,1.305785707230592,13.5,0.6078818738906124,-2.0446005782149657,229.22009697100452,0.0,-3.0,642.3410668570533,399.9999999999999,0.0,28.8,28.8,0.0,0.0,371.1999999999999,500.0,0.7423999999999997,0.3,188.66759538650507,111.50399999999996,24.0,53.16359538650511,0.0,0.3558526671426337,0.0,25.693642674282138,229.22009697100452,0.0,25.693642674282138,0.6227221341415743,1.6058526671426336,16.0,0.0,642.3410668570533,399.9999999999999,242.34106685705342,0.0,0.0,1.0,0.6227221341415743
101,5,101,0,2024-09-20T19:00:00,mappo_no_inference,H01,0,0,3,0.5097450017929077,4.527504707906483e-13,0.223408710905564,129.48020925471891,114.48020925471891,1.1318761769766205e-11,200.00000000000003,0.0,3.2,3.2,0.0,0.0,0.95,196.80000000000004,250.0,0.7872000000000001,0.34,101.94900035858156,66.92800000000003,12.0,23.02100035858153,9.60161953998544,9.60161953998544,1.3718362902503074,13.5,0.8236104805254294,-0.403949274385094,188.56549107092843,0.0,-3.0,1.1318761769766205e-11,200.00000000000003,0.0,3.2,3.2,0.0,0.0,196.80000000000004,250.0,0.7872000000000001,0.34,101.94900035858156,66.92800000000003,12.0,23.02100035858153,0.0,1.9080034875786487,0.0,4.527504707906483e-13,188.56549107092843,25.264027900628733,25.264027900629184,0.31665576176001475,3.158003487578648,8.0,631.6006975157183,631.6006975157296,200.00000000000003,431.6006975157296,4.440892098500626e-16,0.0,1.0,0.31665576176001475
101,5,101,0,2024-09-20T19:00:00,mappo_no_inference,H02,1,1,3,0.5283474922180176,0.035350421591576746,0.223408710905564,0.0,0.0,0.8837605397894186,120.91278758304614,0.0,2.4,2.4,0.0,0.0,0.95,118.51278758304613,250.0,0.47405115033218453,0.34,63.883968096592284,40.30634777823569,7.254767254982769,16.322853063373824,9.59418040040428,9.59418040040428,1.2050023986179272,13.5,0.8236104805254294,-0.403949274385094,188.56549107092843,0.0,-3.0,0.8837605397894186,120.91278758304614,0.0,2.4,2.4,0.0,0.0,118.51278758304613,250.0,0.47405115033218453,0.34,63.883968096592284,40.30634777823569,7.254767254982769,16.322853063373824,0.0,0.0,0.0,0.035350421591576746,188.56549107092843,4.801161081730269,4.836511503321846,1.0,0.6045639379152308,4.836511503321846,120.02902704325672,120.91278758304614,120.91278758304614,0.0,0.0,0.0,1.0,1.0
101,5,101,0,2024-09-20T19:00:00,mappo_no_inference,H03,2,2,3,0.5553305149078369,8.195943916972608,0.223408710905564,0.0,0.0,204.8985979243152,204.8985979243152,0.0,2.4,2.4,0.0,0.0,0.95,202.4985979243152,350.0,0.5785674226409006,0.34,113.78644388920381,68.86152329426717,12.29391587545891,32.63100471947773,10.54656953840647,10.54656953840647,2.0236301366569056,13.5,0.8236104805254294,-0.403949274385094,188.56549107092843,0.0,-3.0,204.8985979243152,204.8985979243152,0.0,2.4,2.4,0.0,0.0,202.4985979243152,350.0,0.5785674226409006,0.34,113.78644388920381,68.86152329426717,12.29391587545891,32.63100471947773,0.0,0.0,0.0,8.195943916972608,188.56549107092843,0.0,8.195943916972608,1.0,0.682995326414384,8.195943916972608,0.0,204.8985979243152,204.8985979243152,0.0,0.0,0.0,1.0,1.0
101,5,101,0,2024-09-20T19:00:00,mappo_no_inference,H04,3,3,3,0.5041766166687012,9.225432427457285,0.223408710905564,9.190743205929639,0.0,230.63581068643214,200.0,0.0,3.2,3.2,0.0,0.0,0.95,196.8,250.0,0.7872,0.34,100.83532333374023,66.92800000000001,12.0,21.907323333740223,13.930514612940007,13.930514612940007,5.181381871193408,13.5,0.8236104805254294,-0.403949274385094,188.56549107092843,0.0,-3.0,230.63581068643214,200.0,0.0,3.2,3.2,0.0,0.0,196.8,250.0,0.7872,0.34,100.83532333374023,66.92800000000001,12.0,21.907323333740223,0.0,0.0,0.0,9.225432427457285,188.56549107092843,0.0,9.225432427457285,0.8671680230608941,1.1531790534321607,8.0,0.0,230.63581068643214,200.0,30.635810686432137,0.0,0.0,1.0,0.8671680230608941
101,5,101,0,2024-09-20T19:00:00,mappo_no_inference,H05,4,4,3,0.5890627503395081,1.762270654170132,0.223408710905564,0.0,0.0,44.056766354253305,44.056766354253305,0.0,6.0,6.0,0.0,0.0,0.95,38.056766354253305,500.0,0.07611353270850661,0.34,25.952199959701552,12.969300560446124,2.643405981255198,10.339493418000231,16.709504380748356,16.709504380748356,7.8757733362286215,13.5,0.8236104805254294,-0.403949274385094,188.56549107092843,0.0,-3.0,44.056766354253305,44.056766354253305,0.0,6.0,6.0,0.0,0.0,38.056766354253305,500.0,0.07611353270850661,0.34,25.952199959701552,12.969300560446124,2.643405981255198,10.339493418000231,0.0,0.0,0.0,1.762270654170132,188.56549107092843,0.0,1.762270654170132,1.0,0.11014191588563325,1.762270654170132,0.0,44.056766354253305,44.056766354253305,0.0,0.0,0.0,1.0,1.0
101,5,101,0,2024-09-20T19:00:00,mappo_no_inference,H06,5,5,3,0.5018701553344727,11.175810349473107,0.223408710905564,0.0,0.0,279.39525873682766,279.39525873682766,0.0,8.0,8.0,0.0,0.0,0.95,271.39525873682766,700.0,0.38770751248118235,0.34,140.22014190196688,92.31438797052142,16.76371552420966,31.142038407235802,12.97967937938138,12.97967937938138,4.599695335396318,13.5,0.8236104805254294,-0.403949274385094,188.56549107092843,0.0,-3.0,279.39525873682766,279.39525873682766,0.0,8.0,8.0,0.0,0.0,271.39525873682766,700.0,0.38770751248118235,0.34,140.22014190196688,92.31438797052142,16.76371552420966,31.142038407235802,0.0,0.0,0.0,11.175810349473107,188.56549107092843,0.0,11.175810349473107,1.0,0.6984881468420692,11.175810349473107,0.0,279.39525873682766,279.39525873682766,0.0,0.0,0.0,1.0,1.0
101,5,101,0,2024-09-20T19:00:00,mappo_no_inference,H07,6,6,3,0.5538836121559143,8.56363909057568,0.223408710905564,0.0,0.0,214.09097726439202,214.09097726439202,0.0,2.0,2.0,0.0,0.0,0.95,212.09097726439202,350.0,0.6059742207554057,0.34,118.58148381719118,72.1209322698933,12.84545863586352,33.61509291143436,10.42814888512893,10.42814888512893,1.8959896125693307,13.5,0.8236104805254294,-0.403949274385094,188.56549107092843,0.0,-3.0,214.09097726439202,214.09097726439202,0.0,2.0,2.0,0.0,0.0,212.09097726439202,350.0,0.6059742207554057,0.34,118.58148381719118,72.1209322698933,12.84545863586352,33.61509291143436,0.0,0.0,0.0,8.56363909057568,188.56549107092843,0.0,8.56363909057568,1.0,0.7136365908813067,8.56363909057568,0.0,214.09097726439202,214.09097726439202,0.0,0.0,0.0,1.0,1.0
101,5,101,0,2024-09-20T19:00:00,mappo_no_inference,H08,7,7,3,0.4703119993209839,0.07691428609099453,0.223408710905564,0.0,0.0,1.9228571522748636,244.2639240093283,0.0,7.2,7.2,0.0,0.0,0.95,237.0639240093283,500.0,0.4741278480186566,0.34,114.88025446281607,80.63773416317163,14.655835440559699,19.58668485908474,9.515092333212678,9.515092333212678,1.22821401868873,13.5,0.8236104805254294,-0.403949274385094,188.56549107092843,0.0,-3.0,1.9228571522748636,244.2639240093283,0.0,7.2,7.2,0.0,0.0,237.0639240093283,500.0,0.4741278480186566,0.34,114.88025446281607,80.63773416317163,14.655835440559699,19.58668485908474,0.0,0.0,0.0,0.07691428609099453,188.56549107092843,9.693642674282138,9.770556960373133,1.0,0.6106598100233208,9.770556960373133,242.34106685705342,244.2639240093283,244.2639240093283,0.0,0.0,0.0,1.0,1.0
101,5,101,0,2024-09-20T20:00:00,mappo_no_inference,H01,0,0,4,0.4905073046684265,4.611756293301018e-09,0.13170042090221815,69.48020928930708,54.48020928930708,1.1529390733252545e-07,199.99999999999997,0.0,0.0,0.0,0.0,0.0,0.95,199.99999999999997,250.0,0.7999999999999999,0.27,98.10146093368529,53.99999999999999,12.0,32.101460933685296,9.879021164183106,9.879021164183106,1.5196460016438882,13.5,0.6113697961484976,0.6770988024126143,176.6702988198756,0.0,-3.0,1.1529390733252545e-07,199.99999999999997,0.0,0.0,0.0,0.0,0.0,199.99999999999997,250.0,0.7999999999999999,0.27,98.10146093368529,53.99999999999999,12.0,32.101460933685296,0.0,0.9080034881551181,0.0,4.611756293301018e-09,176.6702988198756,17.264027900629188,17.264027905240944,0.46339128063917184,2.158003488155118,8.0,431.6006975157296,431.60069763102354,199.99999999999997,231.60069763102356,0.0,0.0,1.0,0.46339128063917184
101,5,101,0,2024-09-20T20:00:00,mappo_no_inference,H02,1,1,4,0.5120524764060974,6.661159969402538,0.13170042090221815,0.0,0.0,166.52899923506345,166.52899923506345,0.0,0.0,0.0,0.0,0.0,0.95,166.52899923506345,250.0,0.6661159969402538,0.27,85.27158645174335,44.96282979346714,9.991739954103807,30.317016704172403,9.83672254969814,9.83672254969814,1.319378302005763,13.5,0.6113697961484976,0.6770988024126143,176.6702988198756,0.0,-3.0,166.52899923506345,166.52899923506345,0.0,0.0,0.0,0.0,0.0,166.52899923506345,250.0,0.6661159969402538,0.27,85.27158645174335,44.96282979346714,9.991739954103807,30.317016704172403,0.0,0.0,0.0,6.661159969402538,176.6702988198756,0.0,6.661159969402538,1.0,0.8326449961753173,6.661159969402538,0.0,166.52899923506345,166.52899923506345,0.0,0.0,0.0,1.0,1.0
101,5,101,0,2024-09-20T20:00:00,mappo_no_inference,H03,2,2,4,0.5501130819320679,3.6407748994496263,0.13170042090221815,0.0,0.0,91.01937248624066,91.01937248624066,0.0,0.0,0.0,0.0,0.0,0.95,91.01937248624066,350.0,0.2600553499606876,0.27,50.07094751392871,24.57523057128498,5.461162349174439,20.034554593469288,10.564703062908102,10.564703062908102,1.883692995155239,13.5,0.6113697961484976,0.6770988024126143,176.6702988198756,0.0,-3.0,91.01937248624066,91.01937248624066,0.0,0.0,0.0,0.0,0.0,91.01937248624066,350.0,0.2600553499606876,0.27,50.07094751392871,24.57523057128498,5.461162349174439,20.034554593469288,0.0,0.0,0.0,3.6407748994496263,176.6702988198756,0.0,3.6407748994496263,1.0,0.3033979082874689,3.6407748994496263,0.0,91.01937248624066,91.01937248624066,0.0,0.0,0.0,1.0,1.0
101,5,101,0,2024-09-20T20:00:00,mappo_no_inference,H04,3,3,4,0.5089186429977417,0.8246396048961548,0.13170042090221815,0.0,0.0,20.615990122403865,51.251800808836,0.0,0.0,0.0,0.0,0.0,0.95,51.251800808836,250.0,0.20500720323534402,0.27,26.08299691882338,13.837986218385721,3.07510804853016,9.169902651907499,13.64305688979284,13.64305688979284,4.694573634222404,13.5,0.6113697961484976,0.6770988024126143,176.6702988198756,0.0,-3.0,20.615990122403865,51.251800808836,0.0,0.0,0.0,0.0,0.0,51.251800808836,250.0,0.20500720323534402,0.27,26.08299691882338,13.837986218385721,3.07510804853016,9.169902651907499,0.0,0.0,0.0,0.8246396048961548,176.6702988198756,1.2254324274572852,2.05007203235344,1.0,0.25625900404418,2.05007203235344,30.635810686432137,51.251800808836,51.251800808836,0.0,0.0,0.0,1.0,1.0
101,5,101,0,2024-09-20T20:00:00,mappo_no_inference,H05,4,4,4,0.5822031497955322,0.8693541211275146,0.13170042090221815,0.0,0.0,21.733853028187866,21.733853028187866,0.0,0.0,0.0,0.0,0.0,0.95,21.733853028187866,500.0,0.04346770605637573,0.27,12.653517690204142,5.868140317610724,1.304031181691272,5.481346190902146,16.198208281165968,16.198208281165968,7.127946681849593,13.5,0.6113697961484976,0.6770988024126143,176.6702988198756,0.0,-3.0,21.733853028187866,21.733853028187866,0.0,0.0,0.0,0.0,0.0,21.733853028187866,500.0,0.04346770605637573,0.27,12.653517690204142,5.868140317610724,1.304031181691272,5.481346190902146,0.0,0.0,0.0,0.8693541211275146,176.6702988198756,0.0,0.8693541211275146,1.0,0.054334632570469665,0.8693541211275146,0.0,21.733853028187866,21.733853028187866,0.0,0.0,0.0,1.0,1.0
101,5,101,0,2024-09-20T20:00:00,mappo_no_inference,H06,5,5,4,0.4950921833515167,4.960883564263485,0.13170042090221815,0.0,0.0,124.02208910658712,124.02208910658712,0.0,0.0,0.0,0.0,0.0,0.95,124.02208910658712,700.0,0.17717441300941017,0.27,61.40236687959657,33.48596405877852,7.441325346395227,20.47507747442282,13.148210697960632,13.148210697960632,4.590362880801277,13.5,0.6113697961484976,0.6770988024126143,176.6702988198756,0.0,-3.0,124.02208910658712,124.02208910658712,0.0,0.0,0.0,0.0,0.0,124.02208910658712,700.0,0.17717441300941017,0.27,61.40236687959657,33.48596405877852,7.441325346395227,20.47507747442282,0.0,0.0,0.0,4.960883564263485,176.6702988198756,0.0,4.960883564263485,1.0,0.3100552227664678,4.960883564263485,0.0,124.02208910658712,124.02208910658712,0.0,0.0,0.0,1.0,1.0
101,5,101,0,2024-09-20T20:00:00,mappo_no_inference,H07,6,6,4,0.5583367943763733,3.389753823020395,0.13170042090221815,0.0,0.0,84.7438455755099,84.7438455755099,0.0,0.0,0.0,0.0,0.0,0.95,84.7438455755099,350.0,0.24212527307288542,0.27,47.315607081756596,22.880838305387673,5.0846307345305926,19.35013804183833,10.346965220653313,10.346965220653313,1.6290814913622782,13.5,0.6113697961484976,0.6770988024126143,176.6702988198756,0.0,-3.0,84.7438455755099,84.7438455755099,0.0,0.0,0.0,0.0,0.0,84.7438455755099,350.0,0.24212527307288542,0.27,47.315607081756596,22.880838305387673,5.0846307345305926,19.35013804183833,0.0,0.0,0.0,3.389753823020395,176.6702988198756,0.0,3.389753823020395,1.0,0.2824794852516996,3.389753823020395,0.0,84.7438455755099,84.7438455755099,0.0,0.0,0.0,1.0,1.0
101,5,101,0,2024-09-20T20:00:00,mappo_no_inference,H08,7,7,4,0.4831700921058655,10.378214619603535,0.13170042090221815,0.0,0.0,259.4553654900884,259.4553654900884,0.0,0.0,0.0,0.0,0.0,0.95,259.4553654900884,500.0,0.5189107309801768,0.27,125.361072841207,70.05294868232387,15.567321929405303,39.74080222947783,9.714362371442228,9.714362371442228,1.2803845033669117,13.5,0.6113697961484976,0.6770988024126143,176.6702988198756,0.0,-3.0,259.4553654900884,259.4553654900884,0.0,0.0,0.0,0.0,0.0,259.4553654900884,500.0,0.5189107309801768,0.27,125.361072841207,70.05294868232387,15.567321929405303,39.74080222947783,0.0,0.0,0.0,10.378214619603535,176.6702988198756,0.0,10.378214619603535,1.0,0.6486384137252209,10.378214619603535,0.0,259.4553654900884,259.4553654900884,0.0,0.0,0.0,1.0,1.0
101,5,101,0,2024-09-20T21:00:00,mappo_no_inference,H01,0,0,5,0.4664035439491272,9.602304291677637e-05,0.11646355577228257,9.480929462128957,0.0,0.0024005760729194094,199.99999999999997,0.0,0.0,0.0,0.0,100.0,0.42368421052631583,99.99999999999997,250.0,0.3999999999999999,0.2,93.28070878982543,22.999999999999996,12.0,58.280708789825425,9.85351905420939,9.85351905420939,1.5312757397471886,13.5,0.5654211554329519,3.302991250073115,330.2991250073115,1.4210854715202004e-14,-3.0,0.0024005760729194094,199.99999999999997,0.0,0.0,0.0,0.0,100.0,99.99999999999997,250.0,0.3999999999999999,0.2,93.28070878982543,22.999999999999996,12.0,58.280708789825425,1.4210854715202004e-14,0.0,0.0,9.602304291677637e-05,330.2991250073115,9.264027905240944,9.26412392828386,0.8635463063674674,1.1580154910354825,8.0,231.60069763102356,231.60309820709648,199.99999999999997,31.603098207096508,1.1102230246251565e-16,0.0,1.0,0.8635463063674674
101,5,101,0,2024-09-20T21:00:00,mappo_no_inference,H02,1,1,5,0.5123090147972107,5.004058564192603,0.11646355577228257,0.0,0.0,125.10146410481508,125.10146410481508,0.0,0.0,0.0,0.0,100.0,0.42368421052631583,25.10146410481508,250.0,0.10040585641926032,0.2,64.09060782522643,8.020292820963016,7.506087846288905,48.56422715797451,9.777198945798048,9.777198945798048,1.308933795877488,13.5,0.5654211554329519,3.302991250073115,330.2991250073115,1.4210854715202004e-14,-3.0,125.10146410481508,125.10146410481508,0.0,0.0,0.0,0.0,100.0,25.10146410481508,250.0,0.10040585641926032,0.2,64.09060782522643,8.020292820963016,7.506087846288905,48.56422715797451,1.4210854715202004e-14,0.0,0.0,5.004058564192603,330.2991250073115,0.0,5.004058564192603,1.0,0.6255073205240754,5.004058564192603,0.0,125.10146410481508,125.10146410481508,0.0,0.0,0.0,1.0,1.0
101,5,101,0,2024-09-20T21:00:00,mappo_no_inference,H03,2,2,5,0.5418204665184021,3.1161804684725727,0.11646355577228257,0.0,0.0,77.90451171181432,77.90451171181432,0.0,0.0,0.0,0.0,77.90451171181432,0.6766508360988972,0.0,350.0,0.0,0.2,42.210258879583556,2.3371353513544295,4.674270702708859,35.19885282552027,10.447258764543445,10.447258764543445,1.8131655595096594,13.5,0.5654211554329519,3.302991250073115,330.2991250073115,1.4210854715202004e-14,-3.0,77.90451171181432,77.90451171181432,0.0,0.0,0.0,0.0,77.90451171181432,0.0,350.0,0.0,0.2,42.210258879583556,2.3371353513544295,4.674270702708859,35.19885282552027,1.4210854715202004e-14,0.0,0.0,3.1161804684725727,330.2991250073115,0.0,3.1161804684725727,1.0,0.2596817057060477,3.1161804684725727,0.0,77.90451171181432,77.90451171181432,0.0,0.0,0.0,1.0,1.0
101,5,101,0,2024-09-20T21:00:00,mappo_no_inference,H04,3,3,5,0.5128417611122131,2.676260181072017,0.11646355577228257,0.0,0.0,66.90650452680042,66.90650452680042,0.0,0.0,0.0,0.0,66.90650452680042,0.6682884019924192,0.0,250.0,0.0,0.2,34.31244961138659,2.0071951358040123,4.0143902716080255,28.290864203974554,13.606338944310458,13.606338944310458,4.69933416624985,13.5,0.5654211554329519,3.302991250073115,330.2991250073115,0.0,-3.0,66.90650452680042,66.90650452680042,0.0,0.0,0.0,0.0,66.90650452680042,0.0,250.0,0.0,0.2,34.31244961138659,2.0071951358040123,4.0143902716080255,28.290864203974554,0.0,0.0,0.0,2.676260181072017,330.2991250073115,0.0,2.676260181072017,1.0,0.3345325226340021,2.676260181072017,0.0,66.90650452680042,66.90650452680042,0.0,0.0,0.0,1.0,1.0
101,5,101,0,2024-09-20T21:00:00,mappo_no_inference,H05,4,4,5,0.5758111476898193,0.7020498673664167,0.11646355577228257,0.0,0.0,17.551246684160418,17.551246684160418,0.0,0.0,0.0,0.0,17.551246684160418,0.9130500069807149,0.0,500.0,0.0,0.2,10.106203496593546,0.5265374005248126,1.0530748010496251,8.526591295019108,16.27840455175985,16.27840455175985,7.245075186128264,13.5,0.5654211554329519,3.302991250073115,330.2991250073115,3.552713678800501e-15,-3.0,17.551246684160418,17.551246684160418,0.0,0.0,0.0,0.0,17.551246684160418,0.0,500.0,0.0,0.2,10.106203496593546,0.5265374005248126,1.0530748010496251,8.526591295019108,3.552713678800501e-15,0.0,0.0,0.7020498673664167,330.2991250073115,0.0,0.7020498673664167,1.0,0.043878116710401045,0.7020498673664167,0.0,17.551246684160418,17.551246684160418,0.0,0.0,0.0,1.0,1.0
101,5,101,0,2024-09-20T21:00:00,mappo_no_inference,H06,5,5,5,0.4901931881904602,3.894450533699881,0.11646355577228257,0.0,0.0,97.36126334249704,97.36126334249704,0.0,0.0,0.0,0.0,97.36126334249704,0.7791907660657946,0.0,700.0,0.0,0.2,47.72582808410961,2.920837900274911,5.8416758005498215,38.963314383284875,13.266512428034243,13.266512428034243,4.728280106791288,13.5,0.5654211554329519,3.302991250073115,330.2991250073115,0.0,-3.0,97.36126334249704,97.36126334249704,0.0,0.0,0.0,0.0,97.36126334249704,0.0,700.0,0.0,0.2,47.72582808410961,2.920837900274911,5.8416758005498215,38.963314383284875,0.0,0.0,0.0,3.894450533699881,330.2991250073115,0.0,3.894450533699881,1.0,0.24340315835624257,3.894450533699881,0.0,97.36126334249704,97.36126334249704,0.0,0.0,0.0,1.0,1.0
101,5,101,0,2024-09-20T21:00:00,mappo_no_inference,H07,6,6,5,0.5614270567893982,2.4685932537622435,0.11646355577228257,0.0,0.0,61.71483134405608,61.71483134405608,0.0,0.0,0.0,0.0,61.71483134405608,0.7334567321261191,0.0,350.0,0.0,0.2,34.6483761217475,1.8514449403216824,3.702889880643365,29.094041300782454,10.2640371182731,10.2640371182731,1.5932314194946298,13.5,0.5654211554329519,3.302991250073115,330.2991250073115,2.842170943040401e-14,-3.0,61.71483134405608,61.71483134405608,0.0,0.0,0.0,0.0,61.71483134405608,0.0,350.0,0.0,0.2,34.6483761217475,1.8514449403216824,3.702889880643365,29.094041300782454,2.842170943040401e-14,0.0,0.0,2.4685932537622435,330.2991250073115,0.0,2.4685932537622435,1.0,0.20571610448018696,2.4685932537622435,0.0,61.71483134405608,61.71483134405608,0.0,0.0,0.0,1.0,1.0
101,5,101,0,2024-09-20T21:00:00,mappo_no_inference,H08,7,7,5,0.4758242666721344,8.644404435222874,0.11646355577228257,0.0,0.0,216.11011088057185,216.11011088057185,0.0,0.0,0.0,0.0,216.11011088057185,0.4950313455145856,0.0,500.0,0.0,0.2,102.83043503018176,6.483303326417155,12.966606652834312,83.38052505093029,9.69221009112293,9.69221009112293,1.2920521924159383,13.5,0.5654211554329519,3.302991250073115,330.2991250073115,2.842170943040401e-14,-3.0,216.11011088057185,216.11011088057185,0.0,0.0,0.0,0.0,216.11011088057185,0.0,500.0,0.0,0.2,102.83043503018176,6.483303326417155,12.966606652834312,83.38052505093029,2.842170943040401e-14,0.0,0.0,8.644404435222874,330.2991250073115,0.0,8.644404435222874,1.0,0.5402752772014296,8.644404435222874,0.0,216.11011088057185,216.11011088057185,0.0,0.0,0.0,1.0,1.0
202,5,202,1,2024-09-20T16:00:00,mappo_no_inference,H01,0,0,0,0.4686073064804077,16.151016288510522,0.0806537144912203,61.13262216382892,46.13262216382892,403.77540721276307,200.0,0.0,44.0,44.0,84.21052631578947,0.0,0.95,240.21052631578948,250.0,0.9608421052631579,0.16,93.72146129608154,38.653684210526315,12.0,43.06777708555523,10.42131855390649,10.42131855390649,1.8746732916148687,13.5,0.43779992528279127,1.8636426741908552,340.6881562929012,0.0,-3.0,403.77540721276307,200.0,0.0,44.0,44.0,84.21052631578947,0.0,240.21052631578948,250.0,0.9608421052631579,0.16,93.72146129608154,38.653684210526315,12.0,43.06777708555523,0.0,0.7688770360638153,0.0,16.151016288510522,340.6881562929012,0.0,16.151016288510522,0.49532486730825875,2.0188770360638153,8.0,0.0,403.77540721276307,200.0,203.77540721276307,0.0,0.0,1.0,0.49532486730825875
202,5,202,1,2024-09-20T16:00:00,mappo_no_inference,H02,1,1,0,0.5294157266616821,7.199135456863978,0.0806537144912203,0.0,0.0,179.97838642159942,179.97838642159942,0.0,33.0,33.0,94.73684210526316,0.0,0.95,241.71522852686257,250.0,0.9668609141074503,0.16,95.28338823078808,38.83943656429801,10.798703185295967,45.6452484811941,10.34727735516838,10.34727735516838,1.6702325774322777,13.5,0.43779992528279127,1.8636426741908552,340.6881562929012,0.0,-3.0,179.97838642159942,179.97838642159942,0.0,33.0,33.0,94.73684210526316,0.0,241.71522852686257,250.0,0.9668609141074503,0.16,95.28338823078808,38.83943656429801,10.798703185295967,45.6452484811941,0.0,0.0,0.0,7.199135456863978,340.6881562929012,0.0,7.199135456863978,1.0,0.8998919321079972,7.199135456863978,0.0,179.97838642159942,179.97838642159942,0.0,0.0,0.0,1.0,1.0
202,5,202,1,2024-09-20T16:00:00,mappo_no_inference,H03,2,2,0,0.5401099920272827,6.345324858639146,0.0806537144912203,0.0,0.0,158.63312146597866,158.63312146597866,0.0,33.0,33.0,110.52631578947368,0.0,0.95,236.15943725545236,350.0,0.6747412493012924,0.16,85.6793339702527,37.95050996087238,9.51798728795872,38.2108367214216,10.523905403048282,10.523905403048282,1.6847598907117614,13.5,0.43779992528279127,1.8636426741908552,340.6881562929012,0.0,-3.0,158.63312146597866,158.63312146597866,0.0,33.0,33.0,110.52631578947368,0.0,236.15943725545236,350.0,0.6747412493012924,0.16,85.6793339702527,37.95050996087238,9.51798728795872,38.2108367214216,0.0,0.0,0.0,6.345324858639146,340.6881562929012,0.0,6.345324858639146,1.0,0.5287770715532621,6.345324858639146,0.0,158.63312146597866,158.63312146597866,0.0,0.0,0.0,1.0,1.0
202,5,202,1,2024-09-20T16:00:00,mappo_no_inference,H04,3,3,0,0.49742114543914795,7.234453023599642,0.0806537144912203,0.0,0.0,180.86132558999105,180.86132558999105,0.0,44.0,44.0,78.94736842105263,0.0,0.95,215.80869401104368,250.0,0.8632347760441748,0.16,89.96424774061603,34.74939104176699,10.851679535399462,44.36317716344958,13.152483613967664,13.152483613967664,4.049901500930273,13.5,0.43779992528279127,1.8636426741908552,340.6881562929012,0.0,-3.0,180.86132558999105,180.86132558999105,0.0,44.0,44.0,78.94736842105263,0.0,215.80869401104368,250.0,0.8632347760441748,0.16,89.96424774061603,34.74939104176699,10.851679535399462,44.36317716344958,0.0,0.0,0.0,7.234453023599642,340.6881562929012,0.0,7.234453023599642,1.0,0.9043066279499552,7.234453023599642,0.0,180.86132558999105,180.86132558999105,0.0,0.0,0.0,1.0,1.0
202,5,202,1,2024-09-20T16:00:00,mappo_no_inference,H05,4,4,0,0.5715135931968689,1.722355124014587,0.0806537144912203,0.0,0.0,43.05887810036467,43.05887810036467,0.0,82.5,0.0,131.57894736842104,0.0,0.95,92.13782546878573,500.0,0.18427565093757148,0.16,24.608734142165382,15.154552075005718,2.58353268602188,6.870649381137784,15.452753699703916,15.452753699703916,6.196237435805941,13.5,0.43779992528279127,1.8636426741908552,340.6881562929012,1.4210854715202004e-14,-3.0,43.05887810036467,43.05887810036467,0.0,82.5,0.0,131.57894736842104,0.0,92.13782546878573,500.0,0.18427565093757148,0.16,24.608734142165382,15.154552075005718,2.58353268602188,6.870649381137784,1.4210854715202004e-14,0.0,0.0,1.722355124014587,340.6881562929012,0.0,1.722355124014587,1.0,0.10764719525091168,1.722355124014587,0.0,43.05887810036467,43.05887810036467,0.0,0.0,0.0,1.0,1.0
202,5,202,1,2024-09-20T16:00:00,mappo_no_inference,H06,5,5,0,0.48801255226135254,8.002030042884499,0.0806537144912203,0.0,0.0,200.05075107211246,200.05075107211246,0.0,110.0,110.0,126.31578947368422,0.0,0.95,216.36654054579668,700.0,0.3090950579225667,0.16,97.62727761250211,35.168646487327464,12.003045064326749,50.4555860608479,13.395427633859006,13.395427633859006,4.623732762700242,13.5,0.43779992528279127,1.8636426741908552,340.6881562929012,0.0,-3.0,200.05075107211246,200.05075107211246,0.0,110.0,110.0,126.31578947368422,0.0,216.36654054579668,700.0,0.3090950579225667,0.16,97.62727761250211,35.168646487327464,12.003045064326749,50.4555860608479,0.0,0.0,0.0,8.002030042884499,340.6881562929012,0.0,8.002030042884499,1.0,0.5001268776802812,8.002030042884499,0.0,200.05075107211246,200.05075107211246,0.0,0.0,0.0,1.0,1.0
202,5,202,1,2024-09-20T16:00:00,mappo_no_inference,H07,6,6,0,0.5548680424690247,5.578353488003751,0.0806537144912203,0.0,0.0,139.45883720009377,139.45883720009377,0.0,27.5,27.5,126.31578947368422,0.0,0.95,238.274626673778,350.0,0.6807846476393656,0.16,77.38125200222242,38.26144026780448,8.367530232005628,30.752281502412316,10.1364867136448,10.1364867136448,1.2241021870505082,13.5,0.43779992528279127,1.8636426741908552,340.6881562929012,0.0,-3.0,139.45883720009377,139.45883720009377,0.0,27.5,27.5,126.31578947368422,0.0,238.274626673778,350.0,0.6807846476393656,0.16,77.38125200222242,38.26144026780448,8.367530232005628,30.752281502412316,0.0,0.0,0.0,5.578353488003751,340.6881562929012,0.0,5.578353488003751,1.0,0.4648627906669793,5.578353488003751,0.0,139.45883720009377,139.45883720009377,0.0,0.0,0.0,1.0,1.0
202,5,202,1,2024-09-20T16:00:00,mappo_no_inference,H08,7,7,0,0.4375755786895752,28.274485939487718,0.0806537144912203,46.02932227307895,31.029322273078943,706.862148487193,400.00000000000006,0.0,99.0,0.0,131.57894736842104,0.0,0.95,432.5789473684211,500.0,0.8651578947368422,0.16,175.0302314758301,69.70763157894739,24.0,81.32259989688272,9.971693452075861,9.971693452075861,1.3257422941237742,13.5,0.43779992528279127,1.8636426741908552,340.6881562929012,1.4210854715202004e-14,-3.0,706.862148487193,400.00000000000006,0.0,99.0,0.0,131.57894736842104,0.0,432.5789473684211,500.0,0.8651578947368422,0.16,175.0302314758301,69.70763157894739,24.0,81.32259989688272,1.4210854715202004e-14,0.5171553712179824,0.0,28.274485939487718,340.6881562929012,0.0,28.274485939487718,0.5658811988392207,1.7671553712179824,16.0,0.0,706.862148487193,400.00000000000006,306.862148487193,0.0,0.0,1.0,0.5658811988392207
202,5,202,1,2024-09-20T17:00:00,mappo_no_inference,H01,0,0,1,0.4694742262363434,0.0018613122853824967,0.1648729233320963,1.1465820059692855,0.0,0.04653280713456241,200.0,0.0,28.0,28.0,0.0,0.0,0.95,172.0,250.0,0.688,0.22,93.89484524726868,37.980000000000004,12.0,43.91484524726867,9.650132720360528,9.650132720360528,1.4781246550373743,13.5,0.7023293176482924,2.8682542586291864,514.8127994394188,0.0,-3.0,0.04653280713456241,200.0,0.0,28.0,28.0,0.0,0.0,172.0,250.0,0.688,0.22,93.89484524726868,37.980000000000004,12.0,43.91484524726867,0.0,0.0,0.0,0.0018613122853824967,514.8127994394188,8.151016288510522,8.152877600795906,0.9812486329022061,1.0191097000994882,8.0,203.77540721276307,203.82194001989762,200.0,3.8219400198976246,-1.1102230246251565e-16,0.0,1.0,0.9812486329022061
202,5,202,1,2024-09-20T17:00:00,mappo_no_inference,H02,1,1,1,0.5243332386016846,20.801160071690152,0.1648729233320963,96.00870053767613,81.00870053767613,520.0290017922538,199.99999999999997,0.0,21.0,21.0,0.0,0.0,0.95,178.99999999999997,250.0,0.7159999999999999,0.22,104.8666477203369,39.48499999999999,11.999999999999998,53.3816477203369,9.814443719774372,9.814443719774372,1.4631546808693041,13.5,0.7023293176482924,2.8682542586291864,514.8127994394188,0.0,-3.0,520.0290017922538,199.99999999999997,0.0,21.0,21.0,0.0,0.0,178.99999999999997,250.0,0.7159999999999999,0.22,104.8666477203369,39.48499999999999,11.999999999999998,53.3816477203369,0.0,1.350145008961269,0.0,20.801160071690152,514.8127994394188,0.0,20.801160071690152,0.3845939347819257,2.600145008961269,7.999999999999999,0.0,520.0290017922538,199.99999999999997,320.0290017922538,0.0,0.0,1.0,0.3845939347819257
202,5,202,1,2024-09-20T17:00:00,mappo_no_inference,H03,2,2,1,0.5424736738204956,14.744968706396623,0.1648729233320963,13.724843531983112,0.0,368.6242176599156,300.0,0.0,21.0,21.0,0.0,0.0,0.95,279.0,350.0,0.7971428571428572,0.22,162.74210214614868,61.485,18.0,83.25710214614868,10.600341887048312,10.600341887048312,2.0970281090612493,13.5,0.7023293176482924,2.8682542586291864,514.8127994394188,0.0,-3.0,368.6242176599156,300.0,0.0,21.0,21.0,0.0,0.0,279.0,350.0,0.7971428571428572,0.22,162.74210214614868,61.485,18.0,83.25710214614868,0.0,0.0,0.0,14.744968706396623,514.8127994394188,0.0,14.744968706396623,0.8138369255944363,1.2287473921997185,12.0,0.0,368.6242176599156,300.0,68.62421765991559,-5.551115123125783e-17,0.0,1.0,0.8138369255944363
202,5,202,1,2024-09-20T17:00:00,mappo_no_inference,H04,3,3,1,0.5062737464904785,13.963200485849157,0.1648729233320963,44.72400364386868,29.724003643868677,349.0800121462289,200.0,0.0,28.0,28.0,0.0,0.0,0.95,172.0,250.0,0.688,0.22,101.2547492980957,37.980000000000004,12.0,51.2747492980957,13.782671387102232,13.782671387102232,5.052970453822604,13.5,0.7023293176482924,2.8682542586291864,514.8127994394188,0.0,-3.0,349.0800121462289,200.0,0.0,28.0,28.0,0.0,0.0,172.0,250.0,0.688,0.22,101.2547492980957,37.980000000000004,12.0,51.2747492980957,0.0,0.4954000607311446,0.0,13.963200485849157,514.8127994394188,0.0,13.963200485849157,0.5729345509367646,1.7454000607311446,8.0,0.0,349.0800121462289,200.0,149.0800121462289,0.0,0.0,1.0,0.5729345509367646
202,5,202,1,2024-09-20T17:00:00,mappo_no_inference,H05,4,4,1,0.5747736692428589,3.4121529138662843,0.1648729233320963,0.0,0.0,85.30382284665711,85.30382284665711,0.0,52.5,52.5,0.0,0.0,0.95,32.80382284665711,500.0,0.06560764569331423,0.22,49.030391258015925,7.479341026264565,5.118229370799426,36.432820860951935,16.438237427894038,16.438237427894038,7.6213664586172865,13.5,0.7023293176482924,2.8682542586291864,514.8127994394188,0.0,-3.0,85.30382284665711,85.30382284665711,0.0,52.5,52.5,0.0,0.0,32.80382284665711,500.0,0.06560764569331423,0.22,49.030391258015925,7.479341026264565,5.118229370799426,36.432820860951935,0.0,0.0,0.0,3.4121529138662843,514.8127994394188,0.0,3.4121529138662843,1.0,0.21325955711664277,3.4121529138662843,0.0,85.30382284665711,85.30382284665711,0.0,0.0,0.0,1.0,1.0
202,5,202,1,2024-09-20T17:00:00,mappo_no_inference,H06,5,5,1,0.4888811707496643,20.86959536178807,0.1648729233320963,18.260982606705255,3.260982606705256,521.7398840447017,400.0,0.0,70.0,70.0,0.0,0.0,0.95,330.0,700.0,0.4714285714285714,0.22,195.55246829986572,72.94999999999999,24.0,98.60246829986573,12.83144428122311,12.83144428122311,4.519216259055196,13.5,0.7023293176482924,2.8682542586291864,514.8127994394188,0.0,-3.0,521.7398840447017,400.0,0.0,70.0,70.0,0.0,0.0,330.0,700.0,0.4714285714285714,0.22,195.55246829986572,72.94999999999999,24.0,98.60246829986573,0.0,0.05434971011175427,0.0,20.86959536178807,514.8127994394188,0.0,20.86959536178807,0.7666655592803573,1.3043497101117543,16.0,0.0,521.7398840447017,400.0,121.73988404470174,0.0,0.0,1.0,0.7666655592803573
202,5,202,1,2024-09-20T17:00:00,mappo_no_inference,H07,6,6,1,0.5554267168045044,12.854982414206331,0.1648729233320963,4.274912071031656,0.0,321.37456035515834,300.00000000000006,0.0,17.5,17.5,0.0,0.0,0.95,282.50000000000006,350.0,0.8071428571428573,0.22,166.62801504135135,62.23750000000001,18.0,86.39051504135134,10.390065593159019,10.390065593159019,1.8722579978916405,13.5,0.7023293176482924,2.8682542586291864,514.8127994394188,0.0,-3.0,321.37456035515834,300.00000000000006,0.0,17.5,17.5,0.0,0.0,282.50000000000006,350.0,0.8071428571428573,0.22,166.62801504135135,62.23750000000001,18.0,86.39051504135134,0.0,0.0,0.0,12.854982414206331,514.8127994394188,0.0,12.854982414206331,0.9334901918448779,1.0712485345171943,12.0,0.0,321.37456035515834,300.00000000000006,21.37456035515828,0.0,0.0,1.0,0.9334901918448779
202,5,202,1,2024-09-20T17:00:00,mappo_no_inference,H08,7,7,1,0.4359802007675171,0.0382692920464298,0.1648729233320963,0.0,0.0,0.9567323011607449,307.81888078835374,0.0,63.0,63.0,0.0,0.0,0.95,244.81888078835374,500.0,0.48963776157670746,0.22,134.20293744613886,54.17515377343782,18.46913284730122,61.55865082539982,9.47494261138779,9.47494261138779,1.2319063004723076,13.5,0.7023293176482924,2.8682542586291864,514.8127994394188,0.0,-3.0,0.9567323011607449,307.81888078835374,0.0,63.0,63.0,0.0,0.0,244.81888078835374,500.0,0.48963776157670746,0.22,134.20293744613886,54.17515377343782,18.46913284730122,61.55865082539982,0.0,0.0,0.0,0.0382692920464298,514.8127994394188,12.274485939487718,12.312755231534148,1.0,0.7695472019708842,12.312755231534148,306.862148487193,307.81888078835374,307.81888078835374,0.0,0.0,0.0,1.0,1.0
202,5,202,1,2024-09-20T18:00:00,mappo_no_inference,H01,0,0,2,0.43151408433914185,33.11115029983283,0.13229383045794188,189.4802092547155,174.4802092547155,827.7787574958206,200.0,0.0,12.8,12.8,0.0,0.0,0.95,187.2,250.0,0.7487999999999999,0.3,86.30281686782837,56.224,12.0,18.078816867828372,10.177544341226223,10.177544341226223,1.7030062568227582,13.5,0.6078818738906124,-2.0446005782149657,229.22009697100452,0.0,-3.0,827.7787574958206,200.0,0.0,12.8,12.8,0.0,0.0,187.2,250.0,0.7487999999999999,0.3,86.30281686782837,56.224,12.0,18.078816867828372,0.0,2.9080034875785916,0.0,33.11115029983283,229.22009697100452,0.15287760079590473,33.26402790062873,0.24050003877758863,4.158003487578592,8.0,3.8219400198976246,831.6006975157183,200.0,631.6006975157183,0.0,0.0,1.0,0.24050003877758863
202,5,202,1,2024-09-20T18:00:00,mappo_no_inference,H02,1,1,2,0.5542700290679932,1.0100401175139629e-06,0.13229383045794188,36.00870811297702,21.00870811297702,2.525100293784907e-05,199.99999999999997,0.0,9.6,9.6,0.0,0.0,0.95,190.39999999999998,250.0,0.7615999999999999,0.3,110.85400581359862,57.16799999999999,12.0,41.686005813598626,10.069952260420305,10.069952260420305,1.4465702957409425,13.5,0.6078818738906124,-2.0446005782149657,229.22009697100452,0.0,-3.0,2.525100293784907e-05,199.99999999999997,0.0,9.6,9.6,0.0,0.0,190.39999999999998,250.0,0.7615999999999999,0.3,110.85400581359862,57.16799999999999,12.0,41.686005813598626,0.0,0.35014513521628365,0.0,1.0100401175139629e-06,229.22009697100452,12.801160071690152,12.80116108173027,0.6249433116983073,1.6001451352162837,8.0,320.0290017922538,320.0290270432567,199.99999999999997,120.02902704325672,0.0,0.0,1.0,0.6249433116983073
202,5,202,1,2024-09-20T18:00:00,mappo_no_inference,H03,2,2,2,0.5554322004318237,0.7707959193529343,0.13229383045794188,0.0,0.0,19.269897983823356,87.89411564373894,0.0,9.6,9.6,0.0,0.0,0.95,78.29411564373895,350.0,0.22369747326782558,0.3,48.8192220570111,23.53623469312168,5.273646938624335,20.009340425265087,10.434340962512385,10.434340962512385,1.6851551868663517,13.5,0.6078818738906124,-2.0446005782149657,229.22009697100452,0.0,-3.0,19.269897983823356,87.89411564373894,0.0,9.6,9.6,0.0,0.0,78.29411564373895,350.0,0.22369747326782558,0.3,48.8192220570111,23.53623469312168,5.273646938624335,20.009340425265087,0.0,0.0,0.0,0.7707959193529343,229.22009697100452,2.744968706396622,3.5157646257495565,1.0,0.2929803854791297,3.5157646257495565,68.62421765991559,87.89411564373894,87.89411564373894,0.0,0.0,0.0,1.0,1.0
202,5,202,1,2024-09-20T18:00:00,mappo_no_inference,H04,3,3,2,0.5008842349052429,0.005917414105870982,0.13229383045794188,0.0,0.0,0.14793535264677457,149.2279474988757,0.0,12.8,12.8,0.0,0.0,0.95,136.42794749887568,250.0,0.5457117899955027,0.3,74.7459263094541,40.992384249662706,8.953676849932542,24.799865209858858,13.335930413241789,13.335930413241789,4.3805574320117815,13.5,0.6078818738906124,-2.0446005782149657,229.22009697100452,0.0,-3.0,0.14793535264677457,149.2279474988757,0.0,12.8,12.8,0.0,0.0,136.42794749887568,250.0,0.5457117899955027,0.3,74.7459263094541,40.992384249662706,8.953676849932542,24.799865209858858,0.0,0.0,0.0,0.005917414105870982,229.22009697100452,5.963200485849157,5.969117899955028,1.0,0.7461397374943785,5.969117899955028,149.0800121462289,149.2279474988757,149.2279474988757,0.0,0.0,0.0,1.0,1.0
202,5,202,1,2024-09-20T18:00:00,mappo_no_inference,H05,4,4,2,0.5850076675415039,1.8334353720517083,0.13229383045794188,0.0,0.0,45.83588430129271,45.83588430129271,0.0,24.0,24.0,0.0,0.0,0.95,21.835884301292708,500.0,0.04367176860258542,0.3,26.81434376480148,6.670765290387813,2.7501530580775624,17.393425416336108,16.126773292592112,16.126773292592112,7.053719925106525,13.5,0.6078818738906124,-2.0446005782149657,229.22009697100452,0.0,-3.0,45.83588430129271,45.83588430129271,0.0,24.0,24.0,0.0,0.0,21.835884301292708,500.0,0.04367176860258542,0.3,26.81434376480148,6.670765290387813,2.7501530580775624,17.393425416336108,0.0,0.0,0.0,1.8334353720517083,229.22009697100452,0.0,1.8334353720517083,1.0,0.11458971075323177,1.8334353720517083,0.0,45.83588430129271,45.83588430129271,0.0,0.0,0.0,1.0,1.0
202,5,202,1,2024-09-20T18:00:00,mappo_no_inference,H06,5,5,2,0.5050274133682251,0.46010371866228206,0.13229383045794188,0.0,0.0,11.502592966557051,133.24247701125879,0.0,32.0,32.0,0.0,0.0,0.95,101.24247701125879,700.0,0.14463211001608398,0.3,67.29110351577123,30.532743103377634,7.994548620675525,28.76381179171807,13.156234843067773,13.156234843067773,4.521366794940098,13.5,0.6078818738906124,-2.0446005782149657,229.22009697100452,0.0,-3.0,11.502592966557051,133.24247701125879,0.0,32.0,32.0,0.0,0.0,101.24247701125879,700.0,0.14463211001608398,0.3,67.29110351577123,30.532743103377634,7.994548620675525,28.76381179171807,0.0,0.0,0.0,0.46010371866228206,229.22009697100452,4.869595361788068,5.32969908045035,1.0,0.3331061925281469,5.32969908045035,121.73988404470174,133.24247701125879,133.24247701125879,0.0,0.0,0.0,1.0,1.0
202,5,202,1,2024-09-20T18:00:00,mappo_no_inference,H07,6,6,2,0.552955150604248,3.905758304655556,0.13229383045794188,0.0,0.0,97.64395761638889,119.01851797154717,0.0,8.0,8.0,0.0,0.0,0.95,111.01851797154717,350.0,0.3171957656329919,0.3,65.81190252965126,33.345555391464146,7.141111078292831,25.325236059894287,10.293069131472313,10.293069131472313,1.509419622042937,13.5,0.6078818738906124,-2.0446005782149657,229.22009697100452,0.0,-3.0,97.64395761638889,119.01851797154717,0.0,8.0,8.0,0.0,0.0,111.01851797154717,350.0,0.3171957656329919,0.3,65.81190252965126,33.345555391464146,7.141111078292831,25.325236059894287,0.0,0.0,0.0,3.905758304655556,229.22009697100452,0.8549824142063311,4.7607407188618875,1.0,0.39672839323849063,4.7607407188618875,21.37456035515828,119.01851797154717,119.01851797154717,0.0,0.0,0.0,1.0,1.0
202,5,202,1,2024-09-20T18:00:00,mappo_no_inference,H08,7,7,2,0.4716689884662628,25.693642674282138,0.13229383045794188,36.35116002855802,21.35116002855802,642.3410668570533,399.9999999999999,0.0,28.8,28.8,0.0,0.0,0.95,371.1999999999999,500.0,0.7423999999999997,0.3,188.66759538650507,111.50399999999996,24.0,53.16359538650511,9.847119103316667,9.847119103316667,1.305785707230592,13.5,0.6078818738906124,-2.0446005782149657,229.22009697100452,0.0,-3.0,642.3410668570533,399.9999999999999,0.0,28.8,28.8,0.0,0.0,371.1999999999999,500.0,0.7423999999999997,0.3,188.66759538650507,111.50399999999996,24.0,53.16359538650511,0.0,0.3558526671426337,0.0,25.693642674282138,229.22009697100452,0.0,25.693642674282138,0.6227221341415743,1.6058526671426336,16.0,0.0,642.3410668570533,399.9999999999999,242.34106685705342,0.0,0.0,1.0,0.6227221341415743
202,5,202,1,2024-09-20T19:00:00,mappo_no_inference,H01,0,0,3,0.5097450017929077,4.527504707906483e-13,0.223408710905564,129.48020925471891,114.48020925471891,1.1318761769766205e-11,200.00000000000003,0.0,3.2,3.2,0.0,0.0,0.95,196.80000000000004,250.0,0.7872000000000001,0.34,101.94900035858156,66.92800000000003,12.0,23.02100035858153,9.60161953998544,9.60161953998544,1.3718362902503074,13.5,0.8236104805254294,-0.403949274385094,188.56549107092843,0.0,-3.0,1.1318761769766205e-11,200.00000000000003,0.0,3.2,3.2,0.0,0.0,196.80000000000004,250.0,0.7872000000000001,0.34,101.94900035858156,66.92800000000003,12.0,23.02100035858153,0.0,1.9080034875786487,0.0,4.527504707906483e-13,188.56549107092843,25.264027900628733,25.264027900629184,0.31665576176001475,3.158003487578648,8.0,631.6006975157183,631.6006975157296,200.00000000000003,431.6006975157296,4.440892098500626e-16,0.0,1.0,0.31665576176001475
202,5,202,1,2024-09-20T19:00:00,mappo_no_inference,H02,1,1,3,0.5283474922180176,0.035350421591576746,0.223408710905564,0.0,0.0,0.8837605397894186,120.91278758304614,0.0,2.4,2.4,0.0,0.0,0.95,118.51278758304613,250.0,0.47405115033218453,0.34,63.883968096592284,40.30634777823569,7.254767254982769,16.322853063373824,9.59418040040428,9.59418040040428,1.2050023986179272,13.5,0.8236104805254294,-0.403949274385094,188.56549107092843,0.0,-3.0,0.8837605397894186,120.91278758304614,0.0,2.4,2.4,0.0,0.0,118.51278758304613,250.0,0.47405115033218453,0.34,63.883968096592284,40.30634777823569,7.254767254982769,16.322853063373824,0.0,0.0,0.0,0.035350421591576746,188.56549107092843,4.801161081730269,4.836511503321846,1.0,0.6045639379152308,4.836511503321846,120.02902704325672,120.91278758304614,120.91278758304614,0.0,0.0,0.0,1.0,1.0
202,5,202,1,2024-09-20T19:00:00,mappo_no_inference,H03,2,2,3,0.5553305149078369,8.195943916972608,0.223408710905564,0.0,0.0,204.8985979243152,204.8985979243152,0.0,2.4,2.4,0.0,0.0,0.95,202.4985979243152,350.0,0.5785674226409006,0.34,113.78644388920381,68.86152329426717,12.29391587545891,32.63100471947773,10.54656953840647,10.54656953840647,2.0236301366569056,13.5,0.8236104805254294,-0.403949274385094,188.56549107092843,0.0,-3.0,204.8985979243152,204.8985979243152,0.0,2.4,2.4,0.0,0.0,202.4985979243152,350.0,0.5785674226409006,0.34,113.78644388920381,68.86152329426717,12.29391587545891,32.63100471947773,0.0,0.0,0.0,8.195943916972608,188.56549107092843,0.0,8.195943916972608,1.0,0.682995326414384,8.195943916972608,0.0,204.8985979243152,204.8985979243152,0.0,0.0,0.0,1.0,1.0
202,5,202,1,2024-09-20T19:00:00,mappo_no_inference,H04,3,3,3,0.5041766166687012,9.225432427457285,0.223408710905564,9.190743205929639,0.0,230.63581068643214,200.0,0.0,3.2,3.2,0.0,0.0,0.95,196.8,250.0,0.7872,0.34,100.83532333374023,66.92800000000001,12.0,21.907323333740223,13.930514612940007,13.930514612940007,5.181381871193408,13.5,0.8236104805254294,-0.403949274385094,188.56549107092843,0.0,-3.0,230.63581068643214,200.0,0.0,3.2,3.2,0.0,0.0,196.8,250.0,0.7872,0.34,100.83532333374023,66.92800000000001,12.0,21.907323333740223,0.0,0.0,0.0,9.225432427457285,188.56549107092843,0.0,9.225432427457285,0.8671680230608941,1.1531790534321607,8.0,0.0,230.63581068643214,200.0,30.635810686432137,0.0,0.0,1.0,0.8671680230608941
202,5,202,1,2024-09-20T19:00:00,mappo_no_inference,H05,4,4,3,0.5890627503395081,1.762270654170132,0.223408710905564,0.0,0.0,44.056766354253305,44.056766354253305,0.0,6.0,6.0,0.0,0.0,0.95,38.056766354253305,500.0,0.07611353270850661,0.34,25.952199959701552,12.969300560446124,2.643405981255198,10.339493418000231,16.709504380748356,16.709504380748356,7.8757733362286215,13.5,0.8236104805254294,-0.403949274385094,188.56549107092843,0.0,-3.0,44.056766354253305,44.056766354253305,0.0,6.0,6.0,0.0,0.0,38.056766354253305,500.0,0.07611353270850661,0.34,25.952199959701552,12.969300560446124,2.643405981255198,10.339493418000231,0.0,0.0,0.0,1.762270654170132,188.56549107092843,0.0,1.762270654170132,1.0,0.11014191588563325,1.762270654170132,0.0,44.056766354253305,44.056766354253305,0.0,0.0,0.0,1.0,1.0
202,5,202,1,2024-09-20T19:00:00,mappo_no_inference,H06,5,5,3,0.5018701553344727,11.175810349473107,0.223408710905564,0.0,0.0,279.39525873682766,279.39525873682766,0.0,8.0,8.0,0.0,0.0,0.95,271.39525873682766,700.0,0.38770751248118235,0.34,140.22014190196688,92.31438797052142,16.76371552420966,31.142038407235802,12.97967937938138,12.97967937938138,4.599695335396318,13.5,0.8236104805254294,-0.403949274385094,188.56549107092843,0.0,-3.0,279.39525873682766,279.39525873682766,0.0,8.0,8.0,0.0,0.0,271.39525873682766,700.0,0.38770751248118235,0.34,140.22014190196688,92.31438797052142,16.76371552420966,31.142038407235802,0.0,0.0,0.0,11.175810349473107,188.56549107092843,0.0,11.175810349473107,1.0,0.6984881468420692,11.175810349473107,0.0,279.39525873682766,279.39525873682766,0.0,0.0,0.0,1.0,1.0
202,5,202,1,2024-09-20T19:00:00,mappo_no_inference,H07,6,6,3,0.5538836121559143,8.56363909057568,0.223408710905564,0.0,0.0,214.09097726439202,214.09097726439202,0.0,2.0,2.0,0.0,0.0,0.95,212.09097726439202,350.0,0.6059742207554057,0.34,118.58148381719118,72.1209322698933,12.84545863586352,33.61509291143436,10.42814888512893,10.42814888512893,1.8959896125693307,13.5,0.8236104805254294,-0.403949274385094,188.56549107092843,0.0,-3.0,214.09097726439202,214.09097726439202,0.0,2.0,2.0,0.0,0.0,212.09097726439202,350.0,0.6059742207554057,0.34,118.58148381719118,72.1209322698933,12.84545863586352,33.61509291143436,0.0,0.0,0.0,8.56363909057568,188.56549107092843,0.0,8.56363909057568,1.0,0.7136365908813067,8.56363909057568,0.0,214.09097726439202,214.09097726439202,0.0,0.0,0.0,1.0,1.0
202,5,202,1,2024-09-20T19:00:00,mappo_no_inference,H08,7,7,3,0.4703119993209839,0.07691428609099453,0.223408710905564,0.0,0.0,1.9228571522748636,244.2639240093283,0.0,7.2,7.2,0.0,0.0,0.95,237.0639240093283,500.0,0.4741278480186566,0.34,114.88025446281607,80.63773416317163,14.655835440559699,19.58668485908474,9.515092333212678,9.515092333212678,1.22821401868873,13.5,0.8236104805254294,-0.403949274385094,188.56549107092843,0.0,-3.0,1.9228571522748636,244.2639240093283,0.0,7.2,7.2,0.0,0.0,237.0639240093283,500.0,0.4741278480186566,0.34,114.88025446281607,80.63773416317163,14.655835440559699,19.58668485908474,0.0,0.0,0.0,0.07691428609099453,188.56549107092843,9.693642674282138,9.770556960373133,1.0,0.6106598100233208,9.770556960373133,242.34106685705342,244.2639240093283,244.2639240093283,0.0,0.0,0.0,1.0,1.0
202,5,202,1,2024-09-20T20:00:00,mappo_no_inference,H01,0,0,4,0.4905073046684265,4.611756293301018e-09,0.13170042090221815,69.48020928930708,54.48020928930708,1.1529390733252545e-07,199.99999999999997,0.0,0.0,0.0,0.0,0.0,0.95,199.99999999999997,250.0,0.7999999999999999,0.27,98.10146093368529,53.99999999999999,12.0,32.101460933685296,9.879021164183106,9.879021164183106,1.5196460016438882,13.5,0.6113697961484976,0.6770988024126143,176.6702988198756,0.0,-3.0,1.1529390733252545e-07,199.99999999999997,0.0,0.0,0.0,0.0,0.0,199.99999999999997,250.0,0.7999999999999999,0.27,98.10146093368529,53.99999999999999,12.0,32.101460933685296,0.0,0.9080034881551181,0.0,4.611756293301018e-09,176.6702988198756,17.264027900629188,17.264027905240944,0.46339128063917184,2.158003488155118,8.0,431.6006975157296,431.60069763102354,199.99999999999997,231.60069763102356,0.0,0.0,1.0,0.46339128063917184
202,5,202,1,2024-09-20T20:00:00,mappo_no_inference,H02,1,1,4,0.5120524764060974,6.661159969402538,0.13170042090221815,0.0,0.0,166.52899923506345,166.52899923506345,0.0,0.0,0.0,0.0,0.0,0.95,166.52899923506345,250.0,0.6661159969402538,0.27,85.27158645174335,44.96282979346714,9.991739954103807,30.317016704172403,9.83672254969814,9.83672254969814,1.319378302005763,13.5,0.6113697961484976,0.6770988024126143,176.6702988198756,0.0,-3.0,166.52899923506345,166.52899923506345,0.0,0.0,0.0,0.0,0.0,166.52899923506345,250.0,0.6661159969402538,0.27,85.27158645174335,44.96282979346714,9.991739954103807,30.317016704172403,0.0,0.0,0.0,6.661159969402538,176.6702988198756,0.0,6.661159969402538,1.0,0.8326449961753173,6.661159969402538,0.0,166.52899923506345,166.52899923506345,0.0,0.0,0.0,1.0,1.0
202,5,202,1,2024-09-20T20:00:00,mappo_no_inference,H03,2,2,4,0.5501130819320679,3.6407748994496263,0.13170042090221815,0.0,0.0,91.01937248624066,91.01937248624066,0.0,0.0,0.0,0.0,0.0,0.95,91.01937248624066,350.0,0.2600553499606876,0.27,50.07094751392871,24.57523057128498,5.461162349174439,20.034554593469288,10.564703062908102,10.564703062908102,1.883692995155239,13.5,0.6113697961484976,0.6770988024126143,176.6702988198756,0.0,-3.0,91.01937248624066,91.01937248624066,0.0,0.0,0.0,0.0,0.0,91.01937248624066,350.0,0.2600553499606876,0.27,50.07094751392871,24.57523057128498,5.461162349174439,20.034554593469288,0.0,0.0,0.0,3.6407748994496263,176.6702988198756,0.0,3.6407748994496263,1.0,0.3033979082874689,3.6407748994496263,0.0,91.01937248624066,91.01937248624066,0.0,0.0,0.0,1.0,1.0
202,5,202,1,2024-09-20T20:00:00,mappo_no_inference,H04,3,3,4,0.5089186429977417,0.8246396048961548,0.13170042090221815,0.0,0.0,20.615990122403865,51.251800808836,0.0,0.0,0.0,0.0,0.0,0.95,51.251800808836,250.0,0.20500720323534402,0.27,26.08299691882338,13.837986218385721,3.07510804853016,9.169902651907499,13.64305688979284,13.64305688979284,4.694573634222404,13.5,0.6113697961484976,0.6770988024126143,176.6702988198756,0.0,-3.0,20.615990122403865,51.251800808836,0.0,0.0,0.0,0.0,0.0,51.251800808836,250.0,0.20500720323534402,0.27,26.08299691882338,13.837986218385721,3.07510804853016,9.169902651907499,0.0,0.0,0.0,0.8246396048961548,176.6702988198756,1.2254324274572852,2.05007203235344,1.0,0.25625900404418,2.05007203235344,30.635810686432137,51.251800808836,51.251800808836,0.0,0.0,0.0,1.0,1.0
202,5,202,1,2024-09-20T20:00:00,mappo_no_inference,H05,4,4,4,0.5822031497955322,0.8693541211275146,0.13170042090221815,0.0,0.0,21.733853028187866,21.733853028187866,0.0,0.0,0.0,0.0,0.0,0.95,21.733853028187866,500.0,0.04346770605637573,0.27,12.653517690204142,5.868140317610724,1.304031181691272,5.481346190902146,16.198208281165968,16.198208281165968,7.127946681849593,13.5,0.6113697961484976,0.6770988024126143,176.6702988198756,0.0,-3.0,21.733853028187866,21.733853028187866,0.0,0.0,0.0,0.0,0.0,21.733853028187866,500.0,0.04346770605637573,0.27,12.653517690204142,5.868140317610724,1.304031181691272,5.481346190902146,0.0,0.0,0.0,0.8693541211275146,176.6702988198756,0.0,0.8693541211275146,1.0,0.054334632570469665,0.8693541211275146,0.0,21.733853028187866,21.733853028187866,0.0,0.0,0.0,1.0,1.0
202,5,202,1,2024-09-20T20:00:00,mappo_no_inference,H06,5,5,4,0.4950921833515167,4.960883564263485,0.13170042090221815,0.0,0.0,124.02208910658712,124.02208910658712,0.0,0.0,0.0,0.0,0.0,0.95,124.02208910658712,700.0,0.17717441300941017,0.27,61.40236687959657,33.48596405877852,7.441325346395227,20.47507747442282,13.148210697960632,13.148210697960632,4.590362880801277,13.5,0.6113697961484976,0.6770988024126143,176.6702988198756,0.0,-3.0,124.02208910658712,124.02208910658712,0.0,0.0,0.0,0.0,0.0,124.02208910658712,700.0,0.17717441300941017,0.27,61.40236687959657,33.48596405877852,7.441325346395227,20.47507747442282,0.0,0.0,0.0,4.960883564263485,176.6702988198756,0.0,4.960883564263485,1.0,0.3100552227664678,4.960883564263485,0.0,124.02208910658712,124.02208910658712,0.0,0.0,0.0,1.0,1.0
202,5,202,1,2024-09-20T20:00:00,mappo_no_inference,H07,6,6,4,0.5583367943763733,3.389753823020395,0.13170042090221815,0.0,0.0,84.7438455755099,84.7438455755099,0.0,0.0,0.0,0.0,0.0,0.95,84.7438455755099,350.0,0.24212527307288542,0.27,47.315607081756596,22.880838305387673,5.0846307345305926,19.35013804183833,10.346965220653313,10.346965220653313,1.6290814913622782,13.5,0.6113697961484976,0.6770988024126143,176.6702988198756,0.0,-3.0,84.7438455755099,84.7438455755099,0.0,0.0,0.0,0.0,0.0,84.7438455755099,350.0,0.24212527307288542,0.27,47.315607081756596,22.880838305387673,5.0846307345305926,19.35013804183833,0.0,0.0,0.0,3.389753823020395,176.6702988198756,0.0,3.389753823020395,1.0,0.2824794852516996,3.389753823020395,0.0,84.7438455755099,84.7438455755099,0.0,0.0,0.0,1.0,1.0
202,5,202,1,2024-09-20T20:00:00,mappo_no_inference,H08,7,7,4,0.4831700921058655,10.378214619603535,0.13170042090221815,0.0,0.0,259.4553654900884,259.4553654900884,0.0,0.0,0.0,0.0,0.0,0.95,259.4553654900884,500.0,0.5189107309801768,0.27,125.361072841207,70.05294868232387,15.567321929405303,39.74080222947783,9.714362371442228,9.714362371442228,1.2803845033669117,13.5,0.6113697961484976,0.6770988024126143,176.6702988198756,0.0,-3.0,259.4553654900884,259.4553654900884,0.0,0.0,0.0,0.0,0.0,259.4553654900884,500.0,0.5189107309801768,0.27,125.361072841207,70.05294868232387,15.567321929405303,39.74080222947783,0.0,0.0,0.0,10.378214619603535,176.6702988198756,0.0,10.378214619603535,1.0,0.6486384137252209,10.378214619603535,0.0,259.4553654900884,259.4553654900884,0.0,0.0,0.0,1.0,1.0
202,5,202,1,2024-09-20T21:00:00,mappo_no_inference,H01,0,0,5,0.4664035439491272,9.602304291677637e-05,0.11646355577228257,9.480929462128957,0.0,0.0024005760729194094,199.99999999999997,0.0,0.0,0.0,0.0,100.0,0.42368421052631583,99.99999999999997,250.0,0.3999999999999999,0.2,93.28070878982543,22.999999999999996,12.0,58.280708789825425,9.85351905420939,9.85351905420939,1.5312757397471886,13.5,0.5654211554329519,3.302991250073115,330.2991250073115,1.4210854715202004e-14,-3.0,0.0024005760729194094,199.99999999999997,0.0,0.0,0.0,0.0,100.0,99.99999999999997,250.0,0.3999999999999999,0.2,93.28070878982543,22.999999999999996,12.0,58.280708789825425,1.4210854715202004e-14,0.0,0.0,9.602304291677637e-05,330.2991250073115,9.264027905240944,9.26412392828386,0.8635463063674674,1.1580154910354825,8.0,231.60069763102356,231.60309820709648,199.99999999999997,31.603098207096508,1.1102230246251565e-16,0.0,1.0,0.8635463063674674
202,5,202,1,2024-09-20T21:00:00,mappo_no_inference,H02,1,1,5,0.5123090147972107,5.004058564192603,0.11646355577228257,0.0,0.0,125.10146410481508,125.10146410481508,0.0,0.0,0.0,0.0,100.0,0.42368421052631583,25.10146410481508,250.0,0.10040585641926032,0.2,64.09060782522643,8.020292820963016,7.506087846288905,48.56422715797451,9.777198945798048,9.777198945798048,1.308933795877488,13.5,0.5654211554329519,3.302991250073115,330.2991250073115,1.4210854715202004e-14,-3.0,125.10146410481508,125.10146410481508,0.0,0.0,0.0,0.0,100.0,25.10146410481508,250.0,0.10040585641926032,0.2,64.09060782522643,8.020292820963016,7.506087846288905,48.56422715797451,1.4210854715202004e-14,0.0,0.0,5.004058564192603,330.2991250073115,0.0,5.004058564192603,1.0,0.6255073205240754,5.004058564192603,0.0,125.10146410481508,125.10146410481508,0.0,0.0,0.0,1.0,1.0
202,5,202,1,2024-09-20T21:00:00,mappo_no_inference,H03,2,2,5,0.5418204665184021,3.1161804684725727,0.11646355577228257,0.0,0.0,77.90451171181432,77.90451171181432,0.0,0.0,0.0,0.0,77.90451171181432,0.6766508360988972,0.0,350.0,0.0,0.2,42.210258879583556,2.3371353513544295,4.674270702708859,35.19885282552027,10.447258764543445,10.447258764543445,1.8131655595096594,13.5,0.5654211554329519,3.302991250073115,330.2991250073115,1.4210854715202004e-14,-3.0,77.90451171181432,77.90451171181432,0.0,0.0,0.0,0.0,77.90451171181432,0.0,350.0,0.0,0.2,42.210258879583556,2.3371353513544295,4.674270702708859,35.19885282552027,1.4210854715202004e-14,0.0,0.0,3.1161804684725727,330.2991250073115,0.0,3.1161804684725727,1.0,0.2596817057060477,3.1161804684725727,0.0,77.90451171181432,77.90451171181432,0.0,0.0,0.0,1.0,1.0
202,5,202,1,2024-09-20T21:00:00,mappo_no_inference,H04,3,3,5,0.5128417611122131,2.676260181072017,0.11646355577228257,0.0,0.0,66.90650452680042,66.90650452680042,0.0,0.0,0.0,0.0,66.90650452680042,0.6682884019924192,0.0,250.0,0.0,0.2,34.31244961138659,2.0071951358040123,4.0143902716080255,28.290864203974554,13.606338944310458,13.606338944310458,4.69933416624985,13.5,0.5654211554329519,3.302991250073115,330.2991250073115,0.0,-3.0,66.90650452680042,66.90650452680042,0.0,0.0,0.0,0.0,66.90650452680042,0.0,250.0,0.0,0.2,34.31244961138659,2.0071951358040123,4.0143902716080255,28.290864203974554,0.0,0.0,0.0,2.676260181072017,330.2991250073115,0.0,2.676260181072017,1.0,0.3345325226340021,2.676260181072017,0.0,66.90650452680042,66.90650452680042,0.0,0.0,0.0,1.0,1.0
202,5,202,1,2024-09-20T21:00:00,mappo_no_inference,H05,4,4,5,0.5758111476898193,0.7020498673664167,0.11646355577228257,0.0,0.0,17.551246684160418,17.551246684160418,0.0,0.0,0.0,0.0,17.551246684160418,0.9130500069807149,0.0,500.0,0.0,0.2,10.106203496593546,0.5265374005248126,1.0530748010496251,8.526591295019108,16.27840455175985,16.27840455175985,7.245075186128264,13.5,0.5654211554329519,3.302991250073115,330.2991250073115,3.552713678800501e-15,-3.0,17.551246684160418,17.551246684160418,0.0,0.0,0.0,0.0,17.551246684160418,0.0,500.0,0.0,0.2,10.106203496593546,0.5265374005248126,1.0530748010496251,8.526591295019108,3.552713678800501e-15,0.0,0.0,0.7020498673664167,330.2991250073115,0.0,0.7020498673664167,1.0,0.043878116710401045,0.7020498673664167,0.0,17.551246684160418,17.551246684160418,0.0,0.0,0.0,1.0,1.0
202,5,202,1,2024-09-20T21:00:00,mappo_no_inference,H06,5,5,5,0.4901931881904602,3.894450533699881,0.11646355577228257,0.0,0.0,97.36126334249704,97.36126334249704,0.0,0.0,0.0,0.0,97.36126334249704,0.7791907660657946,0.0,700.0,0.0,0.2,47.72582808410961,2.920837900274911,5.8416758005498215,38.963314383284875,13.266512428034243,13.266512428034243,4.728280106791288,13.5,0.5654211554329519,3.302991250073115,330.2991250073115,0.0,-3.0,97.36126334249704,97.36126334249704,0.0,0.0,0.0,0.0,97.36126334249704,0.0,700.0,0.0,0.2,47.72582808410961,2.920837900274911,5.8416758005498215,38.963314383284875,0.0,0.0,0.0,3.894450533699881,330.2991250073115,0.0,3.894450533699881,1.0,0.24340315835624257,3.894450533699881,0.0,97.36126334249704,97.36126334249704,0.0,0.0,0.0,1.0,1.0
202,5,202,1,2024-09-20T21:00:00,mappo_no_inference,H07,6,6,5,0.5614270567893982,2.4685932537622435,0.11646355577228257,0.0,0.0,61.71483134405608,61.71483134405608,0.0,0.0,0.0,0.0,61.71483134405608,0.7334567321261191,0.0,350.0,0.0,0.2,34.6483761217475,1.8514449403216824,3.702889880643365,29.094041300782454,10.2640371182731,10.2640371182731,1.5932314194946298,13.5,0.5654211554329519,3.302991250073115,330.2991250073115,2.842170943040401e-14,-3.0,61.71483134405608,61.71483134405608,0.0,0.0,0.0,0.0,61.71483134405608,0.0,350.0,0.0,0.2,34.6483761217475,1.8514449403216824,3.702889880643365,29.094041300782454,2.842170943040401e-14,0.0,0.0,2.4685932537622435,330.2991250073115,0.0,2.4685932537622435,1.0,0.20571610448018696,2.4685932537622435,0.0,61.71483134405608,61.71483134405608,0.0,0.0,0.0,1.0,1.0
202,5,202,1,2024-09-20T21:00:00,mappo_no_inference,H08,7,7,5,0.4758242666721344,8.644404435222874,0.11646355577228257,0.0,0.0,216.11011088057185,216.11011088057185,0.0,0.0,0.0,0.0,216.11011088057185,0.4950313455145856,0.0,500.0,0.0,0.2,102.83043503018176,6.483303326417155,12.966606652834312,83.38052505093029,9.69221009112293,9.69221009112293,1.2920521924159383,13.5,0.5654211554329519,3.302991250073115,330.2991250073115,2.842170943040401e-14,-3.0,216.11011088057185,216.11011088057185,0.0,0.0,0.0,0.0,216.11011088057185,0.0,500.0,0.0,0.2,102.83043503018176,6.483303326417155,12.966606652834312,83.38052505093029,2.842170943040401e-14,0.0,0.0,8.644404435222874,330.2991250073115,0.0,8.644404435222874,1.0,0.5402752772014296,8.644404435222874,0.0,216.11011088057185,216.11011088057185,0.0,0.0,0.0,1.0,1.0
303,5,303,2,2024-09-20T16:00:00,mappo_no_inference,H01,0,0,0,0.4686073064804077,16.151016288510522,0.0806537144912203,61.13262216382892,46.13262216382892,403.77540721276307,200.0,0.0,44.0,44.0,84.21052631578947,0.0,0.95,240.21052631578948,250.0,0.9608421052631579,0.16,93.72146129608154,38.653684210526315,12.0,43.06777708555523,10.42131855390649,10.42131855390649,1.8746732916148687,13.5,0.43779992528279127,1.8636426741908552,340.6881562929012,0.0,-3.0,403.77540721276307,200.0,0.0,44.0,44.0,84.21052631578947,0.0,240.21052631578948,250.0,0.9608421052631579,0.16,93.72146129608154,38.653684210526315,12.0,43.06777708555523,0.0,0.7688770360638153,0.0,16.151016288510522,340.6881562929012,0.0,16.151016288510522,0.49532486730825875,2.0188770360638153,8.0,0.0,403.77540721276307,200.0,203.77540721276307,0.0,0.0,1.0,0.49532486730825875
303,5,303,2,2024-09-20T16:00:00,mappo_no_inference,H02,1,1,0,0.5294157266616821,7.199135456863978,0.0806537144912203,0.0,0.0,179.97838642159942,179.97838642159942,0.0,33.0,33.0,94.73684210526316,0.0,0.95,241.71522852686257,250.0,0.9668609141074503,0.16,95.28338823078808,38.83943656429801,10.798703185295967,45.6452484811941,10.34727735516838,10.34727735516838,1.6702325774322777,13.5,0.43779992528279127,1.8636426741908552,340.6881562929012,0.0,-3.0,179.97838642159942,179.97838642159942,0.0,33.0,33.0,94.73684210526316,0.0,241.71522852686257,250.0,0.9668609141074503,0.16,95.28338823078808,38.83943656429801,10.798703185295967,45.6452484811941,0.0,0.0,0.0,7.199135456863978,340.6881562929012,0.0,7.199135456863978,1.0,0.8998919321079972,7.199135456863978,0.0,179.97838642159942,179.97838642159942,0.0,0.0,0.0,1.0,1.0
303,5,303,2,2024-09-20T16:00:00,mappo_no_inference,H03,2,2,0,0.5401099920272827,6.345324858639146,0.0806537144912203,0.0,0.0,158.63312146597866,158.63312146597866,0.0,33.0,33.0,110.52631578947368,0.0,0.95,236.15943725545236,350.0,0.6747412493012924,0.16,85.6793339702527,37.95050996087238,9.51798728795872,38.2108367214216,10.523905403048282,10.523905403048282,1.6847598907117614,13.5,0.43779992528279127,1.8636426741908552,340.6881562929012,0.0,-3.0,158.63312146597866,158.63312146597866,0.0,33.0,33.0,110.52631578947368,0.0,236.15943725545236,350.0,0.6747412493012924,0.16,85.6793339702527,37.95050996087238,9.51798728795872,38.2108367214216,0.0,0.0,0.0,6.345324858639146,340.6881562929012,0.0,6.345324858639146,1.0,0.5287770715532621,6.345324858639146,0.0,158.63312146597866,158.63312146597866,0.0,0.0,0.0,1.0,1.0
303,5,303,2,2024-09-20T16:00:00,mappo_no_inference,H04,3,3,0,0.49742114543914795,7.234453023599642,0.0806537144912203,0.0,0.0,180.86132558999105,180.86132558999105,0.0,44.0,44.0,78.94736842105263,0.0,0.95,215.80869401104368,250.0,0.8632347760441748,0.16,89.96424774061603,34.74939104176699,10.851679535399462,44.36317716344958,13.152483613967664,13.152483613967664,4.049901500930273,13.5,0.43779992528279127,1.8636426741908552,340.6881562929012,0.0,-3.0,180.86132558999105,180.86132558999105,0.0,44.0,44.0,78.94736842105263,0.0,215.80869401104368,250.0,0.8632347760441748,0.16,89.96424774061603,34.74939104176699,10.851679535399462,44.36317716344958,0.0,0.0,0.0,7.234453023599642,340.6881562929012,0.0,7.234453023599642,1.0,0.9043066279499552,7.234453023599642,0.0,180.86132558999105,180.86132558999105,0.0,0.0,0.0,1.0,1.0
303,5,303,2,2024-09-20T16:00:00,mappo_no_inference,H05,4,4,0,0.5715135931968689,1.722355124014587,0.0806537144912203,0.0,0.0,43.05887810036467,43.05887810036467,0.0,82.5,0.0,131.57894736842104,0.0,0.95,92.13782546878573,500.0,0.18427565093757148,0.16,24.608734142165382,15.154552075005718,2.58353268602188,6.870649381137784,15.452753699703916,15.452753699703916,6.196237435805941,13.5,0.43779992528279127,1.8636426741908552,340.6881562929012,1.4210854715202004e-14,-3.0,43.05887810036467,43.05887810036467,0.0,82.5,0.0,131.57894736842104,0.0,92.13782546878573,500.0,0.18427565093757148,0.16,24.608734142165382,15.154552075005718,2.58353268602188,6.870649381137784,1.4210854715202004e-14,0.0,0.0,1.722355124014587,340.6881562929012,0.0,1.722355124014587,1.0,0.10764719525091168,1.722355124014587,0.0,43.05887810036467,43.05887810036467,0.0,0.0,0.0,1.0,1.0
303,5,303,2,2024-09-20T16:00:00,mappo_no_inference,H06,5,5,0,0.48801255226135254,8.002030042884499,0.0806537144912203,0.0,0.0,200.05075107211246,200.05075107211246,0.0,110.0,110.0,126.31578947368422,0.0,0.95,216.36654054579668,700.0,0.3090950579225667,0.16,97.62727761250211,35.168646487327464,12.003045064326749,50.4555860608479,13.395427633859006,13.395427633859006,4.623732762700242,13.5,0.43779992528279127,1.8636426741908552,340.6881562929012,0.0,-3.0,200.05075107211246,200.05075107211246,0.0,110.0,110.0,126.31578947368422,0.0,216.36654054579668,700.0,0.3090950579225667,0.16,97.62727761250211,35.168646487327464,12.003045064326749,50.4555860608479,0.0,0.0,0.0,8.002030042884499,340.6881562929012,0.0,8.002030042884499,1.0,0.5001268776802812,8.002030042884499,0.0,200.05075107211246,200.05075107211246,0.0,0.0,0.0,1.0,1.0
303,5,303,2,2024-09-20T16:00:00,mappo_no_inference,H07,6,6,0,0.5548680424690247,5.578353488003751,0.0806537144912203,0.0,0.0,139.45883720009377,139.45883720009377,0.0,27.5,27.5,126.31578947368422,0.0,0.95,238.274626673778,350.0,0.6807846476393656,0.16,77.38125200222242,38.26144026780448,8.367530232005628,30.752281502412316,10.1364867136448,10.1364867136448,1.2241021870505082,13.5,0.43779992528279127,1.8636426741908552,340.6881562929012,0.0,-3.0,139.45883720009377,139.45883720009377,0.0,27.5,27.5,126.31578947368422,0.0,238.274626673778,350.0,0.6807846476393656,0.16,77.38125200222242,38.26144026780448,8.367530232005628,30.752281502412316,0.0,0.0,0.0,5.578353488003751,340.6881562929012,0.0,5.578353488003751,1.0,0.4648627906669793,5.578353488003751,0.0,139.45883720009377,139.45883720009377,0.0,0.0,0.0,1.0,1.0
303,5,303,2,2024-09-20T16:00:00,mappo_no_inference,H08,7,7,0,0.4375755786895752,28.274485939487718,0.0806537144912203,46.02932227307895,31.029322273078943,706.862148487193,400.00000000000006,0.0,99.0,0.0,131.57894736842104,0.0,0.95,432.5789473684211,500.0,0.8651578947368422,0.16,175.0302314758301,69.70763157894739,24.0,81.32259989688272,9.971693452075861,9.971693452075861,1.3257422941237742,13.5,0.43779992528279127,1.8636426741908552,340.6881562929012,1.4210854715202004e-14,-3.0,706.862148487193,400.00000000000006,0.0,99.0,0.0,131.57894736842104,0.0,432.5789473684211,500.0,0.8651578947368422,0.16,175.0302314758301,69.70763157894739,24.0,81.32259989688272,1.4210854715202004e-14,0.5171553712179824,0.0,28.274485939487718,340.6881562929012,0.0,28.274485939487718,0.5658811988392207,1.7671553712179824,16.0,0.0,706.862148487193,400.00000000000006,306.862148487193,0.0,0.0,1.0,0.5658811988392207
303,5,303,2,2024-09-20T17:00:00,mappo_no_inference,H01,0,0,1,0.4694742262363434,0.0018613122853824967,0.1648729233320963,1.1465820059692855,0.0,0.04653280713456241,200.0,0.0,28.0,28.0,0.0,0.0,0.95,172.0,250.0,0.688,0.22,93.89484524726868,37.980000000000004,12.0,43.91484524726867,9.650132720360528,9.650132720360528,1.4781246550373743,13.5,0.7023293176482924,2.8682542586291864,514.8127994394188,0.0,-3.0,0.04653280713456241,200.0,0.0,28.0,28.0,0.0,0.0,172.0,250.0,0.688,0.22,93.89484524726868,37.980000000000004,12.0,43.91484524726867,0.0,0.0,0.0,0.0018613122853824967,514.8127994394188,8.151016288510522,8.152877600795906,0.9812486329022061,1.0191097000994882,8.0,203.77540721276307,203.82194001989762,200.0,3.8219400198976246,-1.1102230246251565e-16,0.0,1.0,0.9812486329022061
303,5,303,2,2024-09-20T17:00:00,mappo_no_inference,H02,1,1,1,0.5243332386016846,20.801160071690152,0.1648729233320963,96.00870053767613,81.00870053767613,520.0290017922538,199.99999999999997,0.0,21.0,21.0,0.0,0.0,0.95,178.99999999999997,250.0,0.7159999999999999,0.22,104.8666477203369,39.48499999999999,11.999999999999998,53.3816477203369,9.814443719774372,9.814443719774372,1.4631546808693041,13.5,0.7023293176482924,2.8682542586291864,514.8127994394188,0.0,-3.0,520.0290017922538,199.99999999999997,0.0,21.0,21.0,0.0,0.0,178.99999999999997,250.0,0.7159999999999999,0.22,104.8666477203369,39.48499999999999,11.999999999999998,53.3816477203369,0.0,1.350145008961269,0.0,20.801160071690152,514.8127994394188,0.0,20.801160071690152,0.3845939347819257,2.600145008961269,7.999999999999999,0.0,520.0290017922538,199.99999999999997,320.0290017922538,0.0,0.0,1.0,0.3845939347819257
303,5,303,2,2024-09-20T17:00:00,mappo_no_inference,H03,2,2,1,0.5424736738204956,14.744968706396623,0.1648729233320963,13.724843531983112,0.0,368.6242176599156,300.0,0.0,21.0,21.0,0.0,0.0,0.95,279.0,350.0,0.7971428571428572,0.22,162.74210214614868,61.485,18.0,83.25710214614868,10.600341887048312,10.600341887048312,2.0970281090612493,13.5,0.7023293176482924,2.8682542586291864,514.8127994394188,0.0,-3.0,368.6242176599156,300.0,0.0,21.0,21.0,0.0,0.0,279.0,350.0,0.7971428571428572,0.22,162.74210214614868,61.485,18.0,83.25710214614868,0.0,0.0,0.0,14.744968706396623,514.8127994394188,0.0,14.744968706396623,0.8138369255944363,1.2287473921997185,12.0,0.0,368.6242176599156,300.0,68.62421765991559,-5.551115123125783e-17,0.0,1.0,0.8138369255944363
303,5,303,2,2024-09-20T17:00:00,mappo_no_inference,H04,3,3,1,0.5062737464904785,13.963200485849157,0.1648729233320963,44.72400364386868,29.724003643868677,349.0800121462289,200.0,0.0,28.0,28.0,0.0,0.0,0.95,172.0,250.0,0.688,0.22,101.2547492980957,37.980000000000004,12.0,51.2747492980957,13.782671387102232,13.782671387102232,5.052970453822604,13.5,0.7023293176482924,2.8682542586291864,514.8127994394188,0.0,-3.0,349.0800121462289,200.0,0.0,28.0,28.0,0.0,0.0,172.0,250.0,0.688,0.22,101.2547492980957,37.980000000000004,12.0,51.2747492980957,0.0,0.4954000607311446,0.0,13.963200485849157,514.8127994394188,0.0,13.963200485849157,0.5729345509367646,1.7454000607311446,8.0,0.0,349.0800121462289,200.0,149.0800121462289,0.0,0.0,1.0,0.5729345509367646
303,5,303,2,2024-09-20T17:00:00,mappo_no_inference,H05,4,4,1,0.5747736692428589,3.4121529138662843,0.1648729233320963,0.0,0.0,85.30382284665711,85.30382284665711,0.0,52.5,52.5,0.0,0.0,0.95,32.80382284665711,500.0,0.06560764569331423,0.22,49.030391258015925,7.479341026264565,5.118229370799426,36.432820860951935,16.438237427894038,16.438237427894038,7.6213664586172865,13.5,0.7023293176482924,2.8682542586291864,514.8127994394188,0.0,-3.0,85.30382284665711,85.30382284665711,0.0,52.5,52.5,0.0,0.0,32.80382284665711,500.0,0.06560764569331423,0.22,49.030391258015925,7.479341026264565,5.118229370799426,36.432820860951935,0.0,0.0,0.0,3.4121529138662843,514.8127994394188,0.0,3.4121529138662843,1.0,0.21325955711664277,3.4121529138662843,0.0,85.30382284665711,85.30382284665711,0.0,0.0,0.0,1.0,1.0
303,5,303,2,2024-09-20T17:00:00,mappo_no_inference,H06,5,5,1,0.4888811707496643,20.86959536178807,0.1648729233320963,18.260982606705255,3.260982606705256,521.7398840447017,400.0,0.0,70.0,70.0,0.0,0.0,0.95,330.0,700.0,0.4714285714285714,0.22,195.55246829986572,72.94999999999999,24.0,98.60246829986573,12.83144428122311,12.83144428122311,4.519216259055196,13.5,0.7023293176482924,2.8682542586291864,514.8127994394188,0.0,-3.0,521.7398840447017,400.0,0.0,70.0,70.0,0.0,0.0,330.0,700.0,0.4714285714285714,0.22,195.55246829986572,72.94999999999999,24.0,98.60246829986573,0.0,0.05434971011175427,0.0,20.86959536178807,514.8127994394188,0.0,20.86959536178807,0.7666655592803573,1.3043497101117543,16.0,0.0,521.7398840447017,400.0,121.73988404470174,0.0,0.0,1.0,0.7666655592803573
303,5,303,2,2024-09-20T17:00:00,mappo_no_inference,H07,6,6,1,0.5554267168045044,12.854982414206331,0.1648729233320963,4.274912071031656,0.0,321.37456035515834,300.00000000000006,0.0,17.5,17.5,0.0,0.0,0.95,282.50000000000006,350.0,0.8071428571428573,0.22,166.62801504135135,62.23750000000001,18.0,86.39051504135134,10.390065593159019,10.390065593159019,1.8722579978916405,13.5,0.7023293176482924,2.8682542586291864,514.8127994394188,0.0,-3.0,321.37456035515834,300.00000000000006,0.0,17.5,17.5,0.0,0.0,282.50000000000006,350.0,0.8071428571428573,0.22,166.62801504135135,62.23750000000001,18.0,86.39051504135134,0.0,0.0,0.0,12.854982414206331,514.8127994394188,0.0,12.854982414206331,0.9334901918448779,1.0712485345171943,12.0,0.0,321.37456035515834,300.00000000000006,21.37456035515828,0.0,0.0,1.0,0.9334901918448779
303,5,303,2,2024-09-20T17:00:00,mappo_no_inference,H08,7,7,1,0.4359802007675171,0.0382692920464298,0.1648729233320963,0.0,0.0,0.9567323011607449,307.81888078835374,0.0,63.0,63.0,0.0,0.0,0.95,244.81888078835374,500.0,0.48963776157670746,0.22,134.20293744613886,54.17515377343782,18.46913284730122,61.55865082539982,9.47494261138779,9.47494261138779,1.2319063004723076,13.5,0.7023293176482924,2.8682542586291864,514.8127994394188,0.0,-3.0,0.9567323011607449,307.81888078835374,0.0,63.0,63.0,0.0,0.0,244.81888078835374,500.0,0.48963776157670746,0.22,134.20293744613886,54.17515377343782,18.46913284730122,61.55865082539982,0.0,0.0,0.0,0.0382692920464298,514.8127994394188,12.274485939487718,12.312755231534148,1.0,0.7695472019708842,12.312755231534148,306.862148487193,307.81888078835374,307.81888078835374,0.0,0.0,0.0,1.0,1.0
303,5,303,2,2024-09-20T18:00:00,mappo_no_inference,H01,0,0,2,0.43151408433914185,33.11115029983283,0.13229383045794188,189.4802092547155,174.4802092547155,827.7787574958206,200.0,0.0,12.8,12.8,0.0,0.0,0.95,187.2,250.0,0.7487999999999999,0.3,86.30281686782837,56.224,12.0,18.078816867828372,10.177544341226223,10.177544341226223,1.7030062568227582,13.5,0.6078818738906124,-2.0446005782149657,229.22009697100452,0.0,-3.0,827.7787574958206,200.0,0.0,12.8,12.8,0.0,0.0,187.2,250.0,0.7487999999999999,0.3,86.30281686782837,56.224,12.0,18.078816867828372,0.0,2.9080034875785916,0.0,33.11115029983283,229.22009697100452,0.15287760079590473,33.26402790062873,0.24050003877758863,4.158003487578592,8.0,3.8219400198976246,831.6006975157183,200.0,631.6006975157183,0.0,0.0,1.0,0.24050003877758863
303,5,303,2,2024-09-20T18:00:00,mappo_no_inference,H02,1,1,2,0.5542700290679932,1.0100401175139629e-06,0.13229383045794188,36.00870811297702,21.00870811297702,2.525100293784907e-05,199.99999999999997,0.0,9.6,9.6,0.0,0.0,0.95,190.39999999999998,250.0,0.7615999999999999,0.3,110.85400581359862,57.16799999999999,12.0,41.686005813598626,10.069952260420305,10.069952260420305,1.4465702957409425,13.5,0.6078818738906124,-2.0446005782149657,229.22009697100452,0.0,-3.0,2.525100293784907e-05,199.99999999999997,0.0,9.6,9.6,0.0,0.0,190.39999999999998,250.0,0.7615999999999999,0.3,110.85400581359862,57.16799999999999,12.0,41.686005813598626,0.0,0.35014513521628365,0.0,1.0100401175139629e-06,229.22009697100452,12.801160071690152,12.80116108173027,0.6249433116983073,1.6001451352162837,8.0,320.0290017922538,320.0290270432567,199.99999999999997,120.02902704325672,0.0,0.0,1.0,0.6249433116983073
303,5,303,2,2024-09-20T18:00:00,mappo_no_inference,H03,2,2,2,0.5554322004318237,0.7707959193529343,0.13229383045794188,0.0,0.0,19.269897983823356,87.89411564373894,0.0,9.6,9.6,0.0,0.0,0.95,78.29411564373895,350.0,0.22369747326782558,0.3,48.8192220570111,23.53623469312168,5.273646938624335,20.009340425265087,10.434340962512385,10.434340962512385,1.6851551868663517,13.5,0.6078818738906124,-2.0446005782149657,229.22009697100452,0.0,-3.0,19.269897983823356,87.89411564373894,0.0,9.6,9.6,0.0,0.0,78.29411564373895,350.0,0.22369747326782558,0.3,48.8192220570111,23.53623469312168,5.273646938624335,20.009340425265087,0.0,0.0,0.0,0.7707959193529343,229.22009697100452,2.744968706396622,3.5157646257495565,1.0,0.2929803854791297,3.5157646257495565,68.62421765991559,87.89411564373894,87.89411564373894,0.0,0.0,0.0,1.0,1.0
303,5,303,2,2024-09-20T18:00:00,mappo_no_inference,H04,3,3,2,0.5008842349052429,0.005917414105870982,0.13229383045794188,0.0,0.0,0.14793535264677457,149.2279474988757,0.0,12.8,12.8,0.0,0.0,0.95,136.42794749887568,250.0,0.5457117899955027,0.3,74.7459263094541,40.992384249662706,8.953676849932542,24.799865209858858,13.335930413241789,13.335930413241789,4.3805574320117815,13.5,0.6078818738906124,-2.0446005782149657,229.22009697100452,0.0,-3.0,0.14793535264677457,149.2279474988757,0.0,12.8,12.8,0.0,0.0,136.42794749887568,250.0,0.5457117899955027,0.3,74.7459263094541,40.992384249662706,8.953676849932542,24.799865209858858,0.0,0.0,0.0,0.005917414105870982,229.22009697100452,5.963200485849157,5.969117899955028,1.0,0.7461397374943785,5.969117899955028,149.0800121462289,149.2279474988757,149.2279474988757,0.0,0.0,0.0,1.0,1.0
303,5,303,2,2024-09-20T18:00:00,mappo_no_inference,H05,4,4,2,0.5850076675415039,1.8334353720517083,0.13229383045794188,0.0,0.0,45.83588430129271,45.83588430129271,0.0,24.0,24.0,0.0,0.0,0.95,21.835884301292708,500.0,0.04367176860258542,0.3,26.81434376480148,6.670765290387813,2.7501530580775624,17.393425416336108,16.126773292592112,16.126773292592112,7.053719925106525,13.5,0.6078818738906124,-2.0446005782149657,229.22009697100452,0.0,-3.0,45.83588430129271,45.83588430129271,0.0,24.0,24.0,0.0,0.0,21.835884301292708,500.0,0.04367176860258542,0.3,26.81434376480148,6.670765290387813,2.7501530580775624,17.393425416336108,0.0,0.0,0.0,1.8334353720517083,229.22009697100452,0.0,1.8334353720517083,1.0,0.11458971075323177,1.8334353720517083,0.0,45.83588430129271,45.83588430129271,0.0,0.0,0.0,1.0,1.0
303,5,303,2,2024-09-20T18:00:00,mappo_no_inference,H06,5,5,2,0.5050274133682251,0.46010371866228206,0.13229383045794188,0.0,0.0,11.502592966557051,133.24247701125879,0.0,32.0,32.0,0.0,0.0,0.95,101.24247701125879,700.0,0.14463211001608398,0.3,67.29110351577123,30.532743103377634,7.994548620675525,28.76381179171807,13.156234843067773,13.156234843067773,4.521366794940098,13.5,0.6078818738906124,-2.0446005782149657,229.22009697100452,0.0,-3.0,11.502592966557051,133.24247701125879,0.0,32.0,32.0,0.0,0.0,101.24247701125879,700.0,0.14463211001608398,0.3,67.29110351577123,30.532743103377634,7.994548620675525,28.76381179171807,0.0,0.0,0.0,0.46010371866228206,229.22009697100452,4.869595361788068,5.32969908045035,1.0,0.3331061925281469,5.32969908045035,121.73988404470174,133.24247701125879,133.24247701125879,0.0,0.0,0.0,1.0,1.0
303,5,303,2,2024-09-20T18:00:00,mappo_no_inference,H07,6,6,2,0.552955150604248,3.905758304655556,0.13229383045794188,0.0,0.0,97.64395761638889,119.01851797154717,0.0,8.0,8.0,0.0,0.0,0.95,111.01851797154717,350.0,0.3171957656329919,0.3,65.81190252965126,33.345555391464146,7.141111078292831,25.325236059894287,10.293069131472313,10.293069131472313,1.509419622042937,13.5,0.6078818738906124,-2.0446005782149657,229.22009697100452,0.0,-3.0,97.64395761638889,119.01851797154717,0.0,8.0,8.0,0.0,0.0,111.01851797154717,350.0,0.3171957656329919,0.3,65.81190252965126,33.345555391464146,7.141111078292831,25.325236059894287,0.0,0.0,0.0,3.905758304655556,229.22009697100452,0.8549824142063311,4.7607407188618875,1.0,0.39672839323849063,4.7607407188618875,21.37456035515828,119.01851797154717,119.01851797154717,0.0,0.0,0.0,1.0,1.0
303,5,303,2,2024-09-20T18:00:00,mappo_no_inference,H08,7,7,2,0.4716689884662628,25.693642674282138,0.13229383045794188,36.35116002855802,21.35116002855802,642.3410668570533,399.9999999999999,0.0,28.8,28.8,0.0,0.0,0.95,371.1999999999999,500.0,0.7423999999999997,0.3,188.66759538650507,111.50399999999996,24.0,53.16359538650511,9.847119103316667,9.847119103316667,1.305785707230592,13.5,0.6078818738906124,-2.0446005782149657,229.22009697100452,0.0,-3.0,642.3410668570533,399.9999999999999,0.0,28.8,28.8,0.0,0.0,371.1999999999999,500.0,0.7423999999999997,0.3,188.66759538650507,111.50399999999996,24.0,53.16359538650511,0.0,0.3558526671426337,0.0,25.693642674282138,229.22009697100452,0.0,25.693642674282138,0.6227221341415743,1.6058526671426336,16.0,0.0,642.3410668570533,399.9999999999999,242.34106685705342,0.0,0.0,1.0,0.6227221341415743
303,5,303,2,2024-09-20T19:00:00,mappo_no_inference,H01,0,0,3,0.5097450017929077,4.527504707906483e-13,0.223408710905564,129.48020925471891,114.48020925471891,1.1318761769766205e-11,200.00000000000003,0.0,3.2,3.2,0.0,0.0,0.95,196.80000000000004,250.0,0.7872000000000001,0.34,101.94900035858156,66.92800000000003,12.0,23.02100035858153,9.60161953998544,9.60161953998544,1.3718362902503074,13.5,0.8236104805254294,-0.403949274385094,188.56549107092843,0.0,-3.0,1.1318761769766205e-11,200.00000000000003,0.0,3.2,3.2,0.0,0.0,196.80000000000004,250.0,0.7872000000000001,0.34,101.94900035858156,66.92800000000003,12.0,23.02100035858153,0.0,1.9080034875786487,0.0,4.527504707906483e-13,188.56549107092843,25.264027900628733,25.264027900629184,0.31665576176001475,3.158003487578648,8.0,631.6006975157183,631.6006975157296,200.00000000000003,431.6006975157296,4.440892098500626e-16,0.0,1.0,0.31665576176001475
303,5,303,2,2024-09-20T19:00:00,mappo_no_inference,H02,1,1,3,0.5283474922180176,0.035350421591576746,0.223408710905564,0.0,0.0,0.8837605397894186,120.91278758304614,0.0,2.4,2.4,0.0,0.0,0.95,118.51278758304613,250.0,0.47405115033218453,0.34,63.883968096592284,40.30634777823569,7.254767254982769,16.322853063373824,9.59418040040428,9.59418040040428,1.2050023986179272,13.5,0.8236104805254294,-0.403949274385094,188.56549107092843,0.0,-3.0,0.8837605397894186,120.91278758304614,0.0,2.4,2.4,0.0,0.0,118.51278758304613,250.0,0.47405115033218453,0.34,63.883968096592284,40.30634777823569,7.254767254982769,16.322853063373824,0.0,0.0,0.0,0.035350421591576746,188.56549107092843,4.801161081730269,4.836511503321846,1.0,0.6045639379152308,4.836511503321846,120.02902704325672,120.91278758304614,120.91278758304614,0.0,0.0,0.0,1.0,1.0
303,5,303,2,2024-09-20T19:00:00,mappo_no_inference,H03,2,2,3,0.5553305149078369,8.195943916972608,0.223408710905564,0.0,0.0,204.8985979243152,204.8985979243152,0.0,2.4,2.4,0.0,0.0,0.95,202.4985979243152,350.0,0.5785674226409006,0.34,113.78644388920381,68.86152329426717,12.29391587545891,32.63100471947773,10.54656953840647,10.54656953840647,2.0236301366569056,13.5,0.8236104805254294,-0.403949274385094,188.56549107092843,0.0,-3.0,204.8985979243152,204.8985979243152,0.0,2.4,2.4,0.0,0.0,202.4985979243152,350.0,0.5785674226409006,0.34,113.78644388920381,68.86152329426717,12.29391587545891,32.63100471947773,0.0,0.0,0.0,8.195943916972608,188.56549107092843,0.0,8.195943916972608,1.0,0.682995326414384,8.195943916972608,0.0,204.8985979243152,204.8985979243152,0.0,0.0,0.0,1.0,1.0
303,5,303,2,2024-09-20T19:00:00,mappo_no_inference,H04,3,3,3,0.5041766166687012,9.225432427457285,0.223408710905564,9.190743205929639,0.0,230.63581068643214,200.0,0.0,3.2,3.2,0.0,0.0,0.95,196.8,250.0,0.7872,0.34,100.83532333374023,66.92800000000001,12.0,21.907323333740223,13.930514612940007,13.930514612940007,5.181381871193408,13.5,0.8236104805254294,-0.403949274385094,188.56549107092843,0.0,-3.0,230.63581068643214,200.0,0.0,3.2,3.2,0.0,0.0,196.8,250.0,0.7872,0.34,100.83532333374023,66.92800000000001,12.0,21.907323333740223,0.0,0.0,0.0,9.225432427457285,188.56549107092843,0.0,9.225432427457285,0.8671680230608941,1.1531790534321607,8.0,0.0,230.63581068643214,200.0,30.635810686432137,0.0,0.0,1.0,0.8671680230608941
303,5,303,2,2024-09-20T19:00:00,mappo_no_inference,H05,4,4,3,0.5890627503395081,1.762270654170132,0.223408710905564,0.0,0.0,44.056766354253305,44.056766354253305,0.0,6.0,6.0,0.0,0.0,0.95,38.056766354253305,500.0,0.07611353270850661,0.34,25.952199959701552,12.969300560446124,2.643405981255198,10.339493418000231,16.709504380748356,16.709504380748356,7.8757733362286215,13.5,0.8236104805254294,-0.403949274385094,188.56549107092843,0.0,-3.0,44.056766354253305,44.056766354253305,0.0,6.0,6.0,0.0,0.0,38.056766354253305,500.0,0.07611353270850661,0.34,25.952199959701552,12.969300560446124,2.643405981255198,10.339493418000231,0.0,0.0,0.0,1.762270654170132,188.56549107092843,0.0,1.762270654170132,1.0,0.11014191588563325,1.762270654170132,0.0,44.056766354253305,44.056766354253305,0.0,0.0,0.0,1.0,1.0
303,5,303,2,2024-09-20T19:00:00,mappo_no_inference,H06,5,5,3,0.5018701553344727,11.175810349473107,0.223408710905564,0.0,0.0,279.39525873682766,279.39525873682766,0.0,8.0,8.0,0.0,0.0,0.95,271.39525873682766,700.0,0.38770751248118235,0.34,140.22014190196688,92.31438797052142,16.76371552420966,31.142038407235802,12.97967937938138,12.97967937938138,4.599695335396318,13.5,0.8236104805254294,-0.403949274385094,188.56549107092843,0.0,-3.0,279.39525873682766,279.39525873682766,0.0,8.0,8.0,0.0,0.0,271.39525873682766,700.0,0.38770751248118235,0.34,140.22014190196688,92.31438797052142,16.76371552420966,31.142038407235802,0.0,0.0,0.0,11.175810349473107,188.56549107092843,0.0,11.175810349473107,1.0,0.6984881468420692,11.175810349473107,0.0,279.39525873682766,279.39525873682766,0.0,0.0,0.0,1.0,1.0
303,5,303,2,2024-09-20T19:00:00,mappo_no_inference,H07,6,6,3,0.5538836121559143,8.56363909057568,0.223408710905564,0.0,0.0,214.09097726439202,214.09097726439202,0.0,2.0,2.0,0.0,0.0,0.95,212.09097726439202,350.0,0.6059742207554057,0.34,118.58148381719118,72.1209322698933,12.84545863586352,33.61509291143436,10.42814888512893,10.42814888512893,1.8959896125693307,13.5,0.8236104805254294,-0.403949274385094,188.56549107092843,0.0,-3.0,214.09097726439202,214.09097726439202,0.0,2.0,2.0,0.0,0.0,212.09097726439202,350.0,0.6059742207554057,0.34,118.58148381719118,72.1209322698933,12.84545863586352,33.61509291143436,0.0,0.0,0.0,8.56363909057568,188.56549107092843,0.0,8.56363909057568,1.0,0.7136365908813067,8.56363909057568,0.0,214.09097726439202,214.09097726439202,0.0,0.0,0.0,1.0,1.0
303,5,303,2,2024-09-20T19:00:00,mappo_no_inference,H08,7,7,3,0.4703119993209839,0.07691428609099453,0.223408710905564,0.0,0.0,1.9228571522748636,244.2639240093283,0.0,7.2,7.2,0.0,0.0,0.95,237.0639240093283,500.0,0.4741278480186566,0.34,114.88025446281607,80.63773416317163,14.655835440559699,19.58668485908474,9.515092333212678,9.515092333212678,1.22821401868873,13.5,0.8236104805254294,-0.403949274385094,188.56549107092843,0.0,-3.0,1.9228571522748636,244.2639240093283,0.0,7.2,7.2,0.0,0.0,237.0639240093283,500.0,0.4741278480186566,0.34,114.88025446281607,80.63773416317163,14.655835440559699,19.58668485908474,0.0,0.0,0.0,0.07691428609099453,188.56549107092843,9.693642674282138,9.770556960373133,1.0,0.6106598100233208,9.770556960373133,242.34106685705342,244.2639240093283,244.2639240093283,0.0,0.0,0.0,1.0,1.0
303,5,303,2,2024-09-20T20:00:00,mappo_no_inference,H01,0,0,4,0.4905073046684265,4.611756293301018e-09,0.13170042090221815,69.48020928930708,54.48020928930708,1.1529390733252545e-07,199.99999999999997,0.0,0.0,0.0,0.0,0.0,0.95,199.99999999999997,250.0,0.7999999999999999,0.27,98.10146093368529,53.99999999999999,12.0,32.101460933685296,9.879021164183106,9.879021164183106,1.5196460016438882,13.5,0.6113697961484976,0.6770988024126143,176.6702988198756,0.0,-3.0,1.1529390733252545e-07,199.99999999999997,0.0,0.0,0.0,0.0,0.0,199.99999999999997,250.0,0.7999999999999999,0.27,98.10146093368529,53.99999999999999,12.0,32.101460933685296,0.0,0.9080034881551181,0.0,4.611756293301018e-09,176.6702988198756,17.264027900629188,17.264027905240944,0.46339128063917184,2.158003488155118,8.0,431.6006975157296,431.60069763102354,199.99999999999997,231.60069763102356,0.0,0.0,1.0,0.46339128063917184
303,5,303,2,2024-09-20T20:00:00,mappo_no_inference,H02,1,1,4,0.5120524764060974,6.661159969402538,0.13170042090221815,0.0,0.0,166.52899923506345,166.52899923506345,0.0,0.0,0.0,0.0,0.0,0.95,166.52899923506345,250.0,0.6661159969402538,0.27,85.27158645174335,44.96282979346714,9.991739954103807,30.317016704172403,9.83672254969814,9.83672254969814,1.319378302005763,13.5,0.6113697961484976,0.6770988024126143,176.6702988198756,0.0,-3.0,166.52899923506345,166.52899923506345,0.0,0.0,0.0,0.0,0.0,166.52899923506345,250.0,0.6661159969402538,0.27,85.27158645174335,44.96282979346714,9.991739954103807,30.317016704172403,0.0,0.0,0.0,6.661159969402538,176.6702988198756,0.0,6.661159969402538,1.0,0.8326449961753173,6.661159969402538,0.0,166.52899923506345,166.52899923506345,0.0,0.0,0.0,1.0,1.0
303,5,303,2,2024-09-20T20:00:00,mappo_no_inference,H03,2,2,4,0.5501130819320679,3.6407748994496263,0.13170042090221815,0.0,0.0,91.01937248624066,91.01937248624066,0.0,0.0,0.0,0.0,0.0,0.95,91.01937248624066,350.0,0.2600553499606876,0.27,50.07094751392871,24.57523057128498,5.461162349174439,20.034554593469288,10.564703062908102,10.564703062908102,1.883692995155239,13.5,0.6113697961484976,0.6770988024126143,176.6702988198756,0.0,-3.0,91.01937248624066,91.01937248624066,0.0,0.0,0.0,0.0,0.0,91.01937248624066,350.0,0.2600553499606876,0.27,50.07094751392871,24.57523057128498,5.461162349174439,20.034554593469288,0.0,0.0,0.0,3.6407748994496263,176.6702988198756,0.0,3.6407748994496263,1.0,0.3033979082874689,3.6407748994496263,0.0,91.01937248624066,91.01937248624066,0.0,0.0,0.0,1.0,1.0
303,5,303,2,2024-09-20T20:00:00,mappo_no_inference,H04,3,3,4,0.5089186429977417,0.8246396048961548,0.13170042090221815,0.0,0.0,20.615990122403865,51.251800808836,0.0,0.0,0.0,0.0,0.0,0.95,51.251800808836,250.0,0.20500720323534402,0.27,26.08299691882338,13.837986218385721,3.07510804853016,9.169902651907499,13.64305688979284,13.64305688979284,4.694573634222404,13.5,0.6113697961484976,0.6770988024126143,176.6702988198756,0.0,-3.0,20.615990122403865,51.251800808836,0.0,0.0,0.0,0.0,0.0,51.251800808836,250.0,0.20500720323534402,0.27,26.08299691882338,13.837986218385721,3.07510804853016,9.169902651907499,0.0,0.0,0.0,0.8246396048961548,176.6702988198756,1.2254324274572852,2.05007203235344,1.0,0.25625900404418,2.05007203235344,30.635810686432137,51.251800808836,51.251800808836,0.0,0.0,0.0,1.0,1.0
303,5,303,2,2024-09-20T20:00:00,mappo_no_inference,H05,4,4,4,0.5822031497955322,0.8693541211275146,0.13170042090221815,0.0,0.0,21.733853028187866,21.733853028187866,0.0,0.0,0.0,0.0,0.0,0.95,21.733853028187866,500.0,0.04346770605637573,0.27,12.653517690204142,5.868140317610724,1.304031181691272,5.481346190902146,16.198208281165968,16.198208281165968,7.127946681849593,13.5,0.6113697961484976,0.6770988024126143,176.6702988198756,0.0,-3.0,21.733853028187866,21.733853028187866,0.0,0.0,0.0,0.0,0.0,21.733853028187866,500.0,0.04346770605637573,0.27,12.653517690204142,5.868140317610724,1.304031181691272,5.481346190902146,0.0,0.0,0.0,0.8693541211275146,176.6702988198756,0.0,0.8693541211275146,1.0,0.054334632570469665,0.8693541211275146,0.0,21.733853028187866,21.733853028187866,0.0,0.0,0.0,1.0,1.0
303,5,303,2,2024-09-20T20:00:00,mappo_no_inference,H06,5,5,4,0.4950921833515167,4.960883564263485,0.13170042090221815,0.0,0.0,124.02208910658712,124.02208910658712,0.0,0.0,0.0,0.0,0.0,0.95,124.02208910658712,700.0,0.17717441300941017,0.27,61.40236687959657,33.48596405877852,7.441325346395227,20.47507747442282,13.148210697960632,13.148210697960632,4.590362880801277,13.5,0.6113697961484976,0.6770988024126143,176.6702988198756,0.0,-3.0,124.02208910658712,124.02208910658712,0.0,0.0,0.0,0.0,0.0,124.02208910658712,700.0,0.17717441300941017,0.27,61.40236687959657,33.48596405877852,7.441325346395227,20.47507747442282,0.0,0.0,0.0,4.960883564263485,176.6702988198756,0.0,4.960883564263485,1.0,0.3100552227664678,4.960883564263485,0.0,124.02208910658712,124.02208910658712,0.0,0.0,0.0,1.0,1.0
303,5,303,2,2024-09-20T20:00:00,mappo_no_inference,H07,6,6,4,0.5583367943763733,3.389753823020395,0.13170042090221815,0.0,0.0,84.7438455755099,84.7438455755099,0.0,0.0,0.0,0.0,0.0,0.95,84.7438455755099,350.0,0.24212527307288542,0.27,47.315607081756596,22.880838305387673,5.0846307345305926,19.35013804183833,10.346965220653313,10.346965220653313,1.6290814913622782,13.5,0.6113697961484976,0.6770988024126143,176.6702988198756,0.0,-3.0,84.7438455755099,84.7438455755099,0.0,0.0,0.0,0.0,0.0,84.7438455755099,350.0,0.24212527307288542,0.27,47.315607081756596,22.880838305387673,5.0846307345305926,19.35013804183833,0.0,0.0,0.0,3.389753823020395,176.6702988198756,0.0,3.389753823020395,1.0,0.2824794852516996,3.389753823020395,0.0,84.7438455755099,84.7438455755099,0.0,0.0,0.0,1.0,1.0
303,5,303,2,2024-09-20T20:00:00,mappo_no_inference,H08,7,7,4,0.4831700921058655,10.378214619603535,0.13170042090221815,0.0,0.0,259.4553654900884,259.4553654900884,0.0,0.0,0.0,0.0,0.0,0.95,259.4553654900884,500.0,0.5189107309801768,0.27,125.361072841207,70.05294868232387,15.567321929405303,39.74080222947783,9.714362371442228,9.714362371442228,1.2803845033669117,13.5,0.6113697961484976,0.6770988024126143,176.6702988198756,0.0,-3.0,259.4553654900884,259.4553654900884,0.0,0.0,0.0,0.0,0.0,259.4553654900884,500.0,0.5189107309801768,0.27,125.361072841207,70.05294868232387,15.567321929405303,39.74080222947783,0.0,0.0,0.0,10.378214619603535,176.6702988198756,0.0,10.378214619603535,1.0,0.6486384137252209,10.378214619603535,0.0,259.4553654900884,259.4553654900884,0.0,0.0,0.0,1.0,1.0
303,5,303,2,2024-09-20T21:00:00,mappo_no_inference,H01,0,0,5,0.4664035439491272,9.602304291677637e-05,0.11646355577228257,9.480929462128957,0.0,0.0024005760729194094,199.99999999999997,0.0,0.0,0.0,0.0,100.0,0.42368421052631583,99.99999999999997,250.0,0.3999999999999999,0.2,93.28070878982543,22.999999999999996,12.0,58.280708789825425,9.85351905420939,9.85351905420939,1.5312757397471886,13.5,0.5654211554329519,3.302991250073115,330.2991250073115,1.4210854715202004e-14,-3.0,0.0024005760729194094,199.99999999999997,0.0,0.0,0.0,0.0,100.0,99.99999999999997,250.0,0.3999999999999999,0.2,93.28070878982543,22.999999999999996,12.0,58.280708789825425,1.4210854715202004e-14,0.0,0.0,9.602304291677637e-05,330.2991250073115,9.264027905240944,9.26412392828386,0.8635463063674674,1.1580154910354825,8.0,231.60069763102356,231.60309820709648,199.99999999999997,31.603098207096508,1.1102230246251565e-16,0.0,1.0,0.8635463063674674
303,5,303,2,2024-09-20T21:00:00,mappo_no_inference,H02,1,1,5,0.5123090147972107,5.004058564192603,0.11646355577228257,0.0,0.0,125.10146410481508,125.10146410481508,0.0,0.0,0.0,0.0,100.0,0.42368421052631583,25.10146410481508,250.0,0.10040585641926032,0.2,64.09060782522643,8.020292820963016,7.506087846288905,48.56422715797451,9.777198945798048,9.777198945798048,1.308933795877488,13.5,0.5654211554329519,3.302991250073115,330.2991250073115,1.4210854715202004e-14,-3.0,125.10146410481508,125.10146410481508,0.0,0.0,0.0,0.0,100.0,25.10146410481508,250.0,0.10040585641926032,0.2,64.09060782522643,8.020292820963016,7.506087846288905,48.56422715797451,1.4210854715202004e-14,0.0,0.0,5.004058564192603,330.2991250073115,0.0,5.004058564192603,1.0,0.6255073205240754,5.004058564192603,0.0,125.10146410481508,125.10146410481508,0.0,0.0,0.0,1.0,1.0
303,5,303,2,2024-09-20T21:00:00,mappo_no_inference,H03,2,2,5,0.5418204665184021,3.1161804684725727,0.11646355577228257,0.0,0.0,77.90451171181432,77.90451171181432,0.0,0.0,0.0,0.0,77.90451171181432,0.6766508360988972,0.0,350.0,0.0,0.2,42.210258879583556,2.3371353513544295,4.674270702708859,35.19885282552027,10.447258764543445,10.447258764543445,1.8131655595096594,13.5,0.5654211554329519,3.302991250073115,330.2991250073115,1.4210854715202004e-14,-3.0,77.90451171181432,77.90451171181432,0.0,0.0,0.0,0.0,77.90451171181432,0.0,350.0,0.0,0.2,42.210258879583556,2.3371353513544295,4.674270702708859,35.19885282552027,1.4210854715202004e-14,0.0,0.0,3.1161804684725727,330.2991250073115,0.0,3.1161804684725727,1.0,0.2596817057060477,3.1161804684725727,0.0,77.90451171181432,77.90451171181432,0.0,0.0,0.0,1.0,1.0
303,5,303,2,2024-09-20T21:00:00,mappo_no_inference,H04,3,3,5,0.5128417611122131,2.676260181072017,0.11646355577228257,0.0,0.0,66.90650452680042,66.90650452680042,0.0,0.0,0.0,0.0,66.90650452680042,0.6682884019924192,0.0,250.0,0.0,0.2,34.31244961138659,2.0071951358040123,4.0143902716080255,28.290864203974554,13.606338944310458,13.606338944310458,4.69933416624985,13.5,0.5654211554329519,3.302991250073115,330.2991250073115,0.0,-3.0,66.90650452680042,66.90650452680042,0.0,0.0,0.0,0.0,66.90650452680042,0.0,250.0,0.0,0.2,34.31244961138659,2.0071951358040123,4.0143902716080255,28.290864203974554,0.0,0.0,0.0,2.676260181072017,330.2991250073115,0.0,2.676260181072017,1.0,0.3345325226340021,2.676260181072017,0.0,66.90650452680042,66.90650452680042,0.0,0.0,0.0,1.0,1.0
303,5,303,2,2024-09-20T21:00:00,mappo_no_inference,H05,4,4,5,0.5758111476898193,0.7020498673664167,0.11646355577228257,0.0,0.0,17.551246684160418,17.551246684160418,0.0,0.0,0.0,0.0,17.551246684160418,0.9130500069807149,0.0,500.0,0.0,0.2,10.106203496593546,0.5265374005248126,1.0530748010496251,8.526591295019108,16.27840455175985,16.27840455175985,7.245075186128264,13.5,0.5654211554329519,3.302991250073115,330.2991250073115,3.552713678800501e-15,-3.0,17.551246684160418,17.551246684160418,0.0,0.0,0.0,0.0,17.551246684160418,0.0,500.0,0.0,0.2,10.106203496593546,0.5265374005248126,1.0530748010496251,8.526591295019108,3.552713678800501e-15,0.0,0.0,0.7020498673664167,330.2991250073115,0.0,0.7020498673664167,1.0,0.043878116710401045,0.7020498673664167,0.0,17.551246684160418,17.551246684160418,0.0,0.0,0.0,1.0,1.0
303,5,303,2,2024-09-20T21:00:00,mappo_no_inference,H06,5,5,5,0.4901931881904602,3.894450533699881,0.11646355577228257,0.0,0.0,97.36126334249704,97.36126334249704,0.0,0.0,0.0,0.0,97.36126334249704,0.7791907660657946,0.0,700.0,0.0,0.2,47.72582808410961,2.920837900274911,5.8416758005498215,38.963314383284875,13.266512428034243,13.266512428034243,4.728280106791288,13.5,0.5654211554329519,3.302991250073115,330.2991250073115,0.0,-3.0,97.36126334249704,97.36126334249704,0.0,0.0,0.0,0.0,97.36126334249704,0.0,700.0,0.0,0.2,47.72582808410961,2.920837900274911,5.8416758005498215,38.963314383284875,0.0,0.0,0.0,3.894450533699881,330.2991250073115,0.0,3.894450533699881,1.0,0.24340315835624257,3.894450533699881,0.0,97.36126334249704,97.36126334249704,0.0,0.0,0.0,1.0,1.0
303,5,303,2,2024-09-20T21:00:00,mappo_no_inference,H07,6,6,5,0.5614270567893982,2.4685932537622435,0.11646355577228257,0.0,0.0,61.71483134405608,61.71483134405608,0.0,0.0,0.0,0.0,61.71483134405608,0.7334567321261191,0.0,350.0,0.0,0.2,34.6483761217475,1.8514449403216824,3.702889880643365,29.094041300782454,10.2640371182731,10.2640371182731,1.5932314194946298,13.5,0.5654211554329519,3.302991250073115,330.2991250073115,2.842170943040401e-14,-3.0,61.71483134405608,61.71483134405608,0.0,0.0,0.0,0.0,61.71483134405608,0.0,350.0,0.0,0.2,34.6483761217475,1.8514449403216824,3.702889880643365,29.094041300782454,2.842170943040401e-14,0.0,0.0,2.4685932537622435,330.2991250073115,0.0,2.4685932537622435,1.0,0.20571610448018696,2.4685932537622435,0.0,61.71483134405608,61.71483134405608,0.0,0.0,0.0,1.0,1.0
303,5,303,2,2024-09-20T21:00:00,mappo_no_inference,H08,7,7,5,0.4758242666721344,8.644404435222874,0.11646355577228257,0.0,0.0,216.11011088057185,216.11011088057185,0.0,0.0,0.0,0.0,216.11011088057185,0.4950313455145856,0.0,500.0,0.0,0.2,102.83043503018176,6.483303326417155,12.966606652834312,83.38052505093029,9.69221009112293,9.69221009112293,1.2920521924159383,13.5,0.5654211554329519,3.302991250073115,330.2991250073115,2.842170943040401e-14,-3.0,216.11011088057185,216.11011088057185,0.0,0.0,0.0,0.0,216.11011088057185,0.0,500.0,0.0,0.2,102.83043503018176,6.483303326417155,12.966606652834312,83.38052505093029,2.842170943040401e-14,0.0,0.0,8.644404435222874,330.2991250073115,0.0,8.644404435222874,1.0,0.5402752772014296,8.644404435222874,0.0,216.11011088057185,216.11011088057185,0.0,0.0,0.0,1.0,1.0
101,5,101,0,2024-09-20T16:00:00,ippo,H01,0,0,0,0.5244994163513184,9.563468034534138,0.10179605727483755,11.726010259006031,0.0,239.08670086335343,200.0,0.0,44.0,44.0,84.21052631578947,0.0,0.95,240.21052631578948,250.0,0.9608421052631579,0.16,104.89988327026367,38.653684210526315,12.0,54.246199059737364,10.358842566746771,10.358842566746771,1.8365486592864668,13.5,0.5159178326246958,3.6296618910092566,416.7280062465172,0.0,-3.0,239.08670086335343,200.0,0.0,44.0,44.0,84.21052631578947,0.0,240.21052631578948,250.0,0.9608421052631579,0.16,104.89988327026367,38.653684210526315,12.0,54.246199059737364,0.0,0.0,0.0,9.563468034534138,416.7280062465172,0.0,9.563468034534138,0.8365166246294357,1.1954335043167672,8.0,0.0,239.08670086335343,200.0,39.08670086335343,0.0,0.0,1.0,0.8365166246294357
101,5,101,0,2024-09-20T16:00:00,ippo,H02,1,1,0,0.5406837463378906,7.849408717844462,0.10179605727483755,0.0,0.0,196.23521794611156,196.23521794611156,0.0,33.0,33.0,86.76478205388844,0.0,0.91213271475597,250.0,250.0,1.0,0.16,106.10119280253606,40.165,11.774113076766692,54.16207972576936,10.30283909100993,10.30283909100993,1.646704726360117,13.5,0.5159178326246958,3.6296618910092566,416.7280062465172,1.4210854715202004e-14,-3.0,196.23521794611156,196.23521794611156,0.0,33.0,33.0,86.76478205388844,0.0,250.0,250.0,1.0,0.16,106.10119280253606,40.165,11.774113076766692,54.16207972576936,1.4210854715202004e-14,0.0,0.0,7.849408717844462,416.7280062465172,0.0,7.849408717844462,1.0,0.9811760897305577,7.849408717844462,0.0,196.23521794611156,196.23521794611156,0.0,0.0,0.0,1.0,1.0
101,5,101,0,2024-09-20T16:00:00,ippo,H03,2,2,0,0.5108418464660645,11.935517071478413,0.10179605727483755,0.0,0.0,298.3879267869603,298.3879267869603,0.0,33.0,0.0,84.61207321303971,0.0,0.8679382318412924,350.0,350.0,1.0,0.16,152.42903948303166,56.165,17.90327560721762,78.36076387581404,10.54731961428155,10.54731961428155,1.7246119327838139,13.5,0.5159178326246958,3.6296618910092566,416.7280062465172,1.4210854715202004e-14,-3.0,298.3879267869603,298.3879267869603,0.0,33.0,0.0,84.61207321303971,0.0,350.0,350.0,1.0,0.16,152.42903948303166,56.165,17.90327560721762,78.36076387581404,1.4210854715202004e-14,0.0,0.0,11.935517071478413,416.7280062465172,0.0,11.935517071478413,1.0,0.9946264226232011,11.935517071478413,0.0,298.3879267869603,298.3879267869603,0.0,0.0,0.0,1.0,1.0
101,5,101,0,2024-09-20T16:00:00,ippo,H04,3,3,0,0.531040608882904,5.703004553714502,0.10179605727483755,0.0,0.0,142.57511384286255,142.57511384286255,0.0,44.0,44.0,78.94736842105263,0.0,0.95,177.52248226391518,250.0,0.7100899290556607,0.16,75.71317526666309,28.623597162226428,8.554506830571754,38.5350712738649,13.202787205991651,13.202787205991651,4.112324297579384,13.5,0.5159178326246958,3.6296618910092566,416.7280062465172,0.0,-3.0,142.57511384286255,142.57511384286255,0.0,44.0,44.0,78.94736842105263,0.0,177.52248226391518,250.0,0.7100899290556607,0.16,75.71317526666309,28.623597162226428,8.554506830571754,38.5350712738649,0.0,0.0,0.0,5.703004553714502,416.7280062465172,0.0,5.703004553714502,1.0,0.7128755692143127,5.703004553714502,0.0,142.57511384286255,142.57511384286255,0.0,0.0,0.0,1.0,1.0
101,5,101,0,2024-09-20T16:00:00,ippo,H05,4,4,0,0.5878431797027588,1.7260806846798689,0.10179605727483755,0.0,0.0,43.152017116996724,43.152017116996724,0.0,82.5,0.0,131.57894736842104,0.0,0.95,92.23096448541779,500.0,0.18446192897083558,0.16,25.36661895264323,15.169454317666846,2.5891210270198033,7.60804360795658,15.483232124532375,15.483232124532375,6.240806834350976,13.5,0.5159178326246958,3.6296618910092566,416.7280062465172,1.4210854715202004e-14,-3.0,43.152017116996724,43.152017116996724,0.0,82.5,0.0,131.57894736842104,0.0,92.23096448541779,500.0,0.18446192897083558,0.16,25.36661895264323,15.169454317666846,2.5891210270198033,7.60804360795658,1.4210854715202004e-14,0.0,0.0,1.7260806846798689,416.7280062465172,0.0,1.7260806846798689,1.0,0.1078800427924918,1.7260806846798689,0.0,43.152017116996724,43.152017116996724,0.0,0.0,0.0,1.0,1.0
101,5,101,0,2024-09-20T16:00:00,ippo,H06,5,5,0,0.5035836100578308,8.188318819014054,0.10179605727483755,0.0,0.0,204.70797047535137,204.70797047535137,0.0,110.0,110.0,126.31578947368422,0.0,0.95,221.0237599490356,700.0,0.3157482284986223,0.16,103.0875787795893,35.91380159184569,12.28247822852108,54.89129895922253,13.364054890477172,13.364054890477172,4.617247524587439,13.5,0.5159178326246958,3.6296618910092566,416.7280062465172,0.0,-3.0,204.70797047535137,204.70797047535137,0.0,110.0,110.0,126.31578947368422,0.0,221.0237599490356,700.0,0.3157482284986223,0.16,103.0875787795893,35.91380159184569,12.28247822852108,54.89129895922253,0.0,0.0,0.0,8.188318819014054,416.7280062465172,0.0,8.188318819014054,1.0,0.5117699261883784,8.188318819014054,0.0,204.70797047535137,204.70797047535137,0.0,0.0,0.0,1.0,1.0
101,5,101,0,2024-09-20T16:00:00,ippo,H07,6,6,0,0.5602169036865234,6.521679097098166,0.10179605727483755,0.0,0.0,163.04197742745413,163.04197742745413,0.0,27.5,27.5,126.31578947368422,0.0,0.95,261.85776690113835,350.0,0.7481650482889667,0.16,91.33887176533639,42.034742704182136,9.782518645647249,39.521610415507006,10.155353189309935,10.155353189309935,1.260608004326515,13.5,0.5159178326246958,3.6296618910092566,416.7280062465172,0.0,-3.0,163.04197742745413,163.04197742745413,0.0,27.5,27.5,126.31578947368422,0.0,261.85776690113835,350.0,0.7481650482889667,0.16,91.33887176533639,42.034742704182136,9.782518645647249,39.521610415507006,0.0,0.0,0.0,6.521679097098166,416.7280062465172,0.0,6.521679097098166,1.0,0.5434732580915138,6.521679097098166,0.0,163.04197742745413,163.04197742745413,0.0,0.0,0.0,1.0,1.0
101,5,101,0,2024-09-20T16:00:00,ippo,H08,7,7,0,0.45777642726898193,27.16824228607888,0.10179605727483755,41.880908572795796,26.880908572795796,679.206057151972,400.00000000000006,0.0,99.0,0.0,131.57894736842104,0.0,0.95,432.5789473684211,500.0,0.8651578947368422,0.16,183.1105709075928,69.70763157894739,24.0,89.40293932864542,9.939280235524947,9.939280235524947,1.3166220402552176,13.5,0.5159178326246958,3.6296618910092566,416.7280062465172,1.4210854715202004e-14,-3.0,679.206057151972,400.00000000000006,0.0,99.0,0.0,131.57894736842104,0.0,432.5789473684211,500.0,0.8651578947368422,0.16,183.1105709075928,69.70763157894739,24.0,89.40293932864542,1.4210854715202004e-14,0.44801514287992994,0.0,27.16824228607888,416.7280062465172,0.0,27.16824228607888,0.5889228987109876,1.69801514287993,16.0,0.0,679.206057151972,400.00000000000006,279.20605715197195,0.0,0.0,1.0,0.5889228987109876
101,5,101,0,2024-09-20T17:00:00,ippo,H01,0,0,1,0.5164505839347839,3.5510367146019624,0.17346424439621455,0.0,0.0,88.77591786504907,127.8626187284025,0.0,28.0,28.0,0.0,0.0,0.95,99.8626187284025,250.0,0.39945047491360997,0.22,66.0347241057141,22.10977612024855,7.67175712370415,36.2531908617614,9.667378830690511,9.667378830690511,1.487732871921975,13.5,0.7227319992756815,3.1252338170920657,508.620389408315,0.0,-3.0,88.77591786504907,127.8626187284025,0.0,28.0,28.0,0.0,0.0,99.8626187284025,250.0,0.39945047491360997,0.22,66.0347241057141,22.10977612024855,7.67175712370415,36.2531908617614,0.0,0.0,0.0,3.5510367146019624,508.620389408315,1.5634680345341376,5.1145047491361,1.0,0.6393130936420125,5.1145047491361,39.08670086335343,127.8626187284025,127.8626187284025,0.0,0.0,0.0,1.0,1.0
101,5,101,0,2024-09-20T17:00:00,ippo,H02,1,1,1,0.5398718118667603,17.600485295182292,0.17346424439621455,72.00363971386719,57.00363971386719,440.0121323795574,200.00000000000003,0.0,21.0,21.0,7.9720600513747435,0.0,0.95,186.97206005137477,250.0,0.747888240205499,0.22,107.97436237335206,41.23885321130245,12.0,54.735509162049624,9.840181554975015,9.840181554975015,1.4790599347270237,13.5,0.7227319992756815,3.1252338170920657,508.620389408315,0.0,-3.0,440.0121323795574,200.00000000000003,0.0,21.0,21.0,7.9720600513747435,0.0,186.97206005137477,250.0,0.747888240205499,0.22,107.97436237335206,41.23885321130245,12.0,54.735509162049624,0.0,0.9500606618977865,0.0,17.600485295182292,508.620389408315,0.0,17.600485295182292,0.4545329214410813,2.2000606618977865,8.0,0.0,440.0121323795574,200.00000000000003,240.01213237955736,0.0,0.0,1.0,0.4545329214410813
101,5,101,0,2024-09-20T17:00:00,ippo,H03,2,2,1,0.5130066871643066,23.20897282713741,0.17346424439621455,56.04486413568704,41.04486413568704,580.2243206784351,299.99999999999994,0.0,21.0,21.0,25.91424257643397,0.0,0.95,304.91424257643394,350.0,0.8711835502183827,0.22,153.90200614929196,67.18613336681547,18.0,68.7158727824765,10.614641474677185,10.614641474677185,2.099847417673482,13.5,0.7227319992756815,3.1252338170920657,508.620389408315,0.0,-3.0,580.2243206784351,299.99999999999994,0.0,21.0,21.0,25.91424257643397,0.0,304.91424257643394,350.0,0.8711835502183827,0.22,153.90200614929196,67.18613336681547,18.0,68.7158727824765,0.0,0.6840810689281174,0.0,23.20897282713741,508.620389408315,0.0,23.20897282713741,0.5170414084835687,1.9340810689281174,12.0,0.0,580.2243206784351,299.99999999999994,280.22432067843516,0.0,0.0,1.0,0.5170414084835687
101,5,101,0,2024-09-20T17:00:00,ippo,H04,3,3,1,0.5375383496284485,9.583433342258814,0.17346424439621455,11.875750066941109,0.0,239.5858335564704,200.0,0.0,28.0,28.0,0.0,0.0,0.95,172.0,250.0,0.688,0.22,107.5076699256897,37.980000000000004,12.0,57.52766992568969,13.767672235782786,13.767672235782786,5.025120910380792,13.5,0.7227319992756815,3.1252338170920657,508.620389408315,0.0,-3.0,239.5858335564704,200.0,0.0,28.0,28.0,0.0,0.0,172.0,250.0,0.688,0.22,107.5076699256897,37.980000000000004,12.0,57.52766992568969,0.0,0.0,0.0,9.583433342258814,508.620389408315,0.0,9.583433342258814,0.8347738972340366,1.1979291677823518,8.0,0.0,239.5858335564704,200.0,39.58583355647039,0.0,0.0,1.0,0.8347738972340366
101,5,101,0,2024-09-20T17:00:00,ippo,H05,4,4,1,0.5930873155593872,2.8081436292076605,0.17346424439621455,0.0,0.0,70.20359073019152,70.20359073019152,0.0,52.5,52.5,0.0,0.0,0.95,17.70359073019152,500.0,0.03540718146038304,0.22,41.63685916879917,4.157289960642134,4.212215443811491,33.26735376434554,16.399576089696478,16.399576089696478,7.568224497732716,13.5,0.7227319992756815,3.1252338170920657,508.620389408315,0.0,-3.0,70.20359073019152,70.20359073019152,0.0,52.5,52.5,0.0,0.0,17.70359073019152,500.0,0.03540718146038304,0.22,41.63685916879917,4.157289960642134,4.212215443811491,33.26735376434554,0.0,0.0,0.0,2.8081436292076605,508.620389408315,0.0,2.8081436292076605,1.0,0.17550897682547878,2.8081436292076605,0.0,70.20359073019152,70.20359073019152,0.0,0.0,0.0,1.0,1.0
101,5,101,0,2024-09-20T17:00:00,ippo,H06,5,5,1,0.5081111788749695,16.886434123556484,0.17346424439621455,3.3241279633368137,0.0,422.16085308891206,400.0,0.0,70.0,70.0,0.0,0.0,0.95,330.0,700.0,0.4714285714285714,0.22,203.2444715499878,72.94999999999999,24.0,106.2944715499878,12.822755051164002,12.822755051164002,4.50254316087527,13.5,0.7227319992756815,3.1252338170920657,508.620389408315,0.0,-3.0,422.16085308891206,400.0,0.0,70.0,70.0,0.0,0.0,330.0,700.0,0.4714285714285714,0.22,203.2444715499878,72.94999999999999,24.0,106.2944715499878,0.0,0.0,0.0,16.886434123556484,508.620389408315,0.0,16.886434123556484,0.9475061391250204,1.0554021327222802,16.0,0.0,422.16085308891206,400.0,22.160853088912063,0.0,0.0,1.0,0.9475061391250204
101,5,101,0,2024-09-20T17:00:00,ippo,H07,6,6,1,0.5635052919387817,12.09558288898545,0.17346424439621455,0.4779144449272543,0.0,302.38957222463625,300.0,0.0,17.5,17.5,0.0,0.0,0.95,282.5,350.0,0.8071428571428572,0.22,169.05158758163452,62.2375,18.0,88.81408758163452,10.394071614843423,10.394071614843423,1.8634348141479058,13.5,0.7227319992756815,3.1252338170920657,508.620389408315,0.0,-3.0,302.38957222463625,300.0,0.0,17.5,17.5,0.0,0.0,282.5,350.0,0.8071428571428572,0.22,169.05158758163452,62.2375,18.0,88.81408758163452,0.0,0.0,0.0,12.09558288898545,508.620389408315,0.0,12.09558288898545,0.9920977029496866,1.0079652407487876,12.0,0.0,302.38957222463625,300.0,2.389572224636254,0.0,0.0,1.0,0.9920977029496866
101,5,101,0,2024-09-20T17:00:00,ippo,H08,7,7,1,0.45621925592422485,0.06032261074285382,0.17346424439621455,0.0,0.0,1.5080652685713458,280.7141224205433,0.0,63.0,63.0,0.0,0.0,0.95,217.71412242054328,500.0,0.43542824484108655,0.22,128.067188058122,48.21210693251952,16.8428473452326,63.0122337803699,9.4847879592705,9.4847879592705,1.2332761839458783,13.5,0.7227319992756815,3.1252338170920657,508.620389408315,0.0,-3.0,1.5080652685713458,280.7141224205433,0.0,63.0,63.0,0.0,0.0,217.71412242054328,500.0,0.43542824484108655,0.22,128.067188058122,48.21210693251952,16.8428473452326,63.0122337803699,0.0,0.0,0.0,0.06032261074285382,508.620389408315,11.168242286078879,11.228564896821732,1.0,0.7017853060513582,11.228564896821732,279.20605715197195,280.7141224205433,280.7141224205433,0.0,0.0,0.0,1.0,1.0
101,5,101,0,2024-09-20T18:00:00,ippo,H01,0,0,2,0.4978886842727661,21.505977849052364,0.17271675342927525,101.29483386789273,86.29483386789273,537.6494462263091,200.00000000000003,0.0,12.8,12.8,0.0,0.0,0.95,187.20000000000002,250.0,0.7488,0.3,99.57773685455324,56.224000000000004,12.0,31.353736854553233,10.050873837027648,10.050873837027648,1.6191006843018236,13.5,0.7162910631440274,0.9138394449417879,295.937513911461,0.0,-3.0,537.6494462263091,200.00000000000003,0.0,12.8,12.8,0.0,0.0,187.20000000000002,250.0,0.7488,0.3,99.57773685455324,56.224000000000004,12.0,31.353736854553233,0.0,1.4382472311315455,0.0,21.505977849052364,295.937513911461,0.0,21.505977849052364,0.37198959545810706,2.6882472311315455,8.0,0.0,537.6494462263091,200.00000000000003,337.6494462263091,0.0,0.0,1.0,0.37198959545810706
101,5,101,0,2024-09-20T18:00:00,ippo,H02,1,1,2,0.5508692264556885,7.417489708384917e-05,0.17271675342927525,12.00419602559532,0.0,0.001854372427096229,200.00000000000006,0.0,9.6,9.6,0.0,0.0,0.95,190.40000000000006,250.0,0.7616000000000003,0.3,110.17384529113772,57.16800000000002,12.0,41.0058452911377,9.955200582651807,9.955200582651807,1.3728358984814044,13.5,0.7162910631440274,0.9138394449417879,295.937513911461,0.0,-3.0,0.001854372427096229,200.00000000000006,0.0,9.6,9.6,0.0,0.0,190.40000000000006,250.0,0.7616000000000003,0.3,110.17384529113772,57.16800000000002,12.0,41.0058452911377,0.0,0.0,0.0,7.417489708384917e-05,295.937513911461,9.600485295182292,9.600559470079375,0.8332847710523955,1.2000699337599219,8.0,240.01213237955736,240.01398675198445,200.00000000000006,40.01398675198439,1.1102230246251565e-16,0.0,1.0,0.8332847710523955
101,5,101,0,2024-09-20T18:00:00,ippo,H03,2,2,2,0.5157111883163452,0.0016045656711199878,0.17271675342927525,0.0,0.0,0.04011414177799969,280.2644348202132,0.0,9.6,9.6,0.0,0.0,0.95,270.66443482021316,350.0,0.7733269566291805,0.3,144.53550472394102,81.24733044606394,16.81586608921279,46.472308188664286,10.467373647534243,10.467373647534243,1.7567394784571775,13.5,0.7162910631440274,0.9138394449417879,295.937513911461,0.0,-3.0,0.04011414177799969,280.2644348202132,0.0,9.6,9.6,0.0,0.0,270.66443482021316,350.0,0.7733269566291805,0.3,144.53550472394102,81.24733044606394,16.81586608921279,46.472308188664286,0.0,0.0,0.0,0.0016045656711199878,295.937513911461,11.208972827137409,11.210577392808528,1.0,0.934214782734044,11.210577392808528,280.22432067843516,280.2644348202132,280.2644348202132,0.0,0.0,0.0,1.0,1.0
101,5,101,0,2024-09-20T18:00:00,ippo,H04,3,3,2,0.5359201431274414,1.0560717569962441,0.17271675342927525,0.0,0.0,26.4017939249061,65.98762748137649,0.0,12.8,12.8,0.0,0.0,0.95,53.187627481376495,250.0,0.21275050992550598,0.3,35.36409876445958,16.020288244412946,3.9592576488825877,15.384552871164043,13.461660353771398,13.461660353771398,4.541208645938353,13.5,0.7162910631440274,0.9138394449417879,295.937513911461,0.0,-3.0,26.4017939249061,65.98762748137649,0.0,12.8,12.8,0.0,0.0,53.187627481376495,250.0,0.21275050992550598,0.3,35.36409876445958,16.020288244412946,3.9592576488825877,15.384552871164043,0.0,0.0,0.0,1.0560717569962441,295.937513911461,1.5834333422588145,2.6395050992550586,1.0,0.3299381374068823,2.6395050992550586,39.58583355647039,65.98762748137649,65.98762748137649,0.0,0.0,0.0,1.0,1.0
101,5,101,0,2024-09-20T18:00:00,ippo,H05,4,4,2,0.6059725284576416,1.7574295763499463,0.17271675342927525,0.0,0.0,43.93573940874866,43.93573940874866,0.0,24.0,24.0,0.0,0.0,0.95,19.93573940874866,500.0,0.03987147881749732,0.3,26.62385109917547,6.100721822624598,2.6361443645249194,17.886984912025955,16.246350226648744,16.246350226648744,7.215181684496706,13.5,0.7162910631440274,0.9138394449417879,295.937513911461,0.0,-3.0,43.93573940874866,43.93573940874866,0.0,24.0,24.0,0.0,0.0,19.93573940874866,500.0,0.03987147881749732,0.3,26.62385109917547,6.100721822624598,2.6361443645249194,17.886984912025955,0.0,0.0,0.0,1.7574295763499463,295.937513911461,0.0,1.7574295763499463,1.0,0.10983934852187165,1.7574295763499463,0.0,43.93573940874866,43.93573940874866,0.0,0.0,0.0,1.0,1.0
101,5,101,0,2024-09-20T18:00:00,ippo,H06,5,5,2,0.5178951025009155,5.951347006143623,0.17271675342927525,0.0,0.0,148.78367515359056,170.94452824250263,0.0,32.0,32.0,0.0,0.0,0.95,138.94452824250263,700.0,0.19849218320357517,0.3,88.53133397612154,41.843358472750786,10.25667169455016,36.4313038088206,13.114396102564116,13.114396102564116,4.524015130864482,13.5,0.7162910631440274,0.9138394449417879,295.937513911461,0.0,-3.0,148.78367515359056,170.94452824250263,0.0,32.0,32.0,0.0,0.0,138.94452824250263,700.0,0.19849218320357517,0.3,88.53133397612154,41.843358472750786,10.25667169455016,36.4313038088206,0.0,0.0,0.0,5.951347006143623,295.937513911461,0.8864341235564837,6.837781129700106,1.0,0.42736132060625664,6.837781129700106,22.160853088912063,170.94452824250263,170.94452824250263,0.0,0.0,0.0,1.0,1.0
101,5,101,0,2024-09-20T18:00:00,ippo,H07,6,6,2,0.563647449016571,8.181984435883376,0.17271675342927525,0.0,0.0,204.54961089708434,206.9391831217206,0.0,8.0,8.0,0.0,0.0,0.95,198.9391831217206,350.0,0.5683976660620588,0.3,116.64074266813087,59.72175493651617,12.41635098730324,44.50263674431146,10.334964776728544,10.334964776728544,1.5949273153269026,13.5,0.7162910631440274,0.9138394449417879,295.937513911461,0.0,-3.0,204.54961089708434,206.9391831217206,0.0,8.0,8.0,0.0,0.0,198.9391831217206,350.0,0.5683976660620588,0.3,116.64074266813087,59.72175493651617,12.41635098730324,44.50263674431146,0.0,0.0,0.0,8.181984435883376,295.937513911461,0.09558288898545086,8.277567324868826,1.0,0.6897972770724022,8.277567324868826,2.389572224636254,206.9391831217206,206.9391831217206,0.0,0.0,0.0,1.0,1.0
101,5,101,0,2024-09-20T18:00:00,ippo,H08,7,7,2,0.49601036310195923,24.2618535575329,0.17271675342927525,30.981950840748368,15.981950840748368,606.5463389383225,400.0,0.0,28.8,28.8,0.0,0.0,0.95,371.2,500.0,0.7424,0.3,198.4041452407837,111.504,24.0,62.90014524078369,9.782819232625643,9.782819232625643,1.2855665863349683,13.5,0.7162910631440274,0.9138394449417879,295.937513911461,0.0,-3.0,606.5463389383225,400.0,0.0,28.8,28.8,0.0,0.0,371.2,500.0,0.7424,0.3,198.4041452407837,111.504,24.0,62.90014524078369,0.0,0.26636584734580615,0.0,24.2618535575329,295.937513911461,0.0,24.2618535575329,0.6594714604990379,1.5163658473458062,16.0,0.0,606.5463389383225,400.0,206.5463389383225,0.0,0.0,1.0,0.6594714604990379
101,5,101,0,2024-09-20T19:00:00,ippo,H01,0,0,3,0.5770127773284912,3.79901713865911e-07,0.22795252437188904,41.29483671715558,26.294836717155583,9.497542846647774e-06,200.00000000000003,0.0,3.2,3.2,0.0,0.0,0.95,196.80000000000004,250.0,0.7872000000000001,0.34,115.40255546569826,66.92800000000003,12.0,36.47455546569823,9.628092828757962,9.628092828757962,1.3936453995831328,13.5,0.832177367227176,1.486421242930656,201.23179772737677,0.0,-3.0,9.497542846647774e-06,200.00000000000003,0.0,3.2,3.2,0.0,0.0,196.80000000000004,250.0,0.7872000000000001,0.34,115.40255546569826,66.92800000000003,12.0,36.47455546569823,0.0,0.4382472786192597,0.0,3.79901713865911e-07,201.23179772737677,13.505977849052364,13.505978228954078,0.5923302899192909,1.6882472786192597,8.0,337.6494462263091,337.649455723852,200.00000000000003,137.64945572385196,0.0,0.0,1.0,0.5923302899192909
101,5,101,0,2024-09-20T19:00:00,ippo,H02,1,1,3,0.5351542830467224,1.708934411406349,0.22795252437188904,0.0,0.0,42.723360285158726,82.73734703714311,0.0,2.4,2.4,0.0,0.0,0.95,80.3373470371431,250.0,0.3213493881485724,0.34,44.27724563485018,27.32669799262866,4.964240822228588,11.986306819992935,9.645931393981579,9.645931393981579,1.246568515852319,13.5,0.832177367227176,1.486421242930656,201.23179772737677,0.0,-3.0,42.723360285158726,82.73734703714311,0.0,2.4,2.4,0.0,0.0,80.3373470371431,250.0,0.3213493881485724,0.34,44.27724563485018,27.32669799262866,4.964240822228588,11.986306819992935,0.0,0.0,0.0,1.708934411406349,201.23179772737677,1.600559470079376,3.309493881485725,1.0,0.41368673518571564,3.309493881485725,40.01398675198439,82.73734703714311,82.73734703714311,0.0,0.0,0.0,1.0,1.0
101,5,101,0,2024-09-20T19:00:00,ippo,H03,2,2,3,0.523544430732727,12.900191311698203,0.22795252437188904,4.500956558491014,0.0,322.5047827924551,300.00000000000006,0.0,2.4,2.4,0.0,0.0,0.95,297.6000000000001,350.0,0.8502857142857145,0.34,157.06332921981814,101.19600000000004,18.0,37.8673292198181,10.567485918680099,10.567485918680099,2.0303746812092105,13.5,0.832177367227176,1.486421242930656,201.23179772737677,0.0,-3.0,322.5047827924551,300.00000000000006,0.0,2.4,2.4,0.0,0.0,297.6000000000001,350.0,0.8502857142857145,0.34,157.06332921981814,101.19600000000004,18.0,37.8673292198181,0.0,0.0,0.0,12.900191311698203,201.23179772737677,0.0,12.900191311698203,0.9302187626564974,1.075015942641517,12.0,0.0,322.5047827924551,300.00000000000006,22.504782792455046,0.0,0.0,1.0,0.9302187626564974
101,5,101,0,2024-09-20T19:00:00,ippo,H04,3,3,3,0.5314645767211914,6.5059780334376365,0.22795252437188904,0.0,0.0,162.64945083594088,162.64945083594088,0.0,3.2,3.2,0.0,0.0,0.95,159.4494508359409,250.0,0.6377978033437636,0.34,86.44242154245755,54.2288132842199,9.758967050156455,22.454641208081192,13.894727311168339,13.894727311168339,5.130008409442833,13.5,0.832177367227176,1.486421242930656,201.23179772737677,0.0,-3.0,162.64945083594088,162.64945083594088,0.0,3.2,3.2,0.0,0.0,159.4494508359409,250.0,0.6377978033437636,0.34,86.44242154245755,54.2288132842199,9.758967050156455,22.454641208081192,0.0,0.0,0.0,6.5059780334376365,201.23179772737677,0.0,6.5059780334376365,1.0,0.8132472541797046,6.5059780334376365,0.0,162.64945083594088,162.64945083594088,0.0,0.0,0.0,1.0,1.0
101,5,101,0,2024-09-20T19:00:00,ippo,H05,4,4,3,0.6112883687019348,1.3393407253482101,0.22795252437188904,0.0,0.0,33.48351813370525,33.48351813370525,0.0,6.0,6.0,0.0,0.0,0.95,27.483518133705253,500.0,0.05496703626741051,0.34,20.468085178354336,9.374396165459785,2.0090110880223153,9.084677924872235,16.641994994959436,16.641994994959436,7.791168356843116,13.5,0.832177367227176,1.486421242930656,201.23179772737677,0.0,-3.0,33.48351813370525,33.48351813370525,0.0,6.0,6.0,0.0,0.0,27.483518133705253,500.0,0.05496703626741051,0.34,20.468085178354336,9.374396165459785,2.0090110880223153,9.084677924872235,0.0,0.0,0.0,1.3393407253482101,201.23179772737677,0.0,1.3393407253482101,1.0,0.08370879533426313,1.3393407253482101,0.0,33.48351813370525,33.48351813370525,0.0,0.0,0.0,1.0,1.0
101,5,101,0,2024-09-20T19:00:00,ippo,H06,5,5,3,0.5229619741439819,8.578465773966167,0.22795252437188904,0.0,0.0,214.4616443491542,214.4616443491542,0.0,8.0,8.0,0.0,0.0,0.95,206.4616443491542,700.0,0.2949452062130774,0.34,112.15528490699823,70.23695907871245,12.867698660949252,29.050627167336536,12.950104694715257,12.950104694715257,4.56651779671618,13.5,0.832177367227176,1.486421242930656,201.23179772737677,0.0,-3.0,214.4616443491542,214.4616443491542,0.0,8.0,8.0,0.0,0.0,206.4616443491542,700.0,0.2949452062130774,0.34,112.15528490699823,70.23695907871245,12.867698660949252,29.050627167336536,0.0,0.0,0.0,8.578465773966167,201.23179772737677,0.0,8.578465773966167,1.0,0.5361541108728854,8.578465773966167,0.0,214.4616443491542,214.4616443491542,0.0,0.0,0.0,1.0,1.0
101,5,101,0,2024-09-20T19:00:00,ippo,H07,6,6,3,0.5636076927185059,7.639213214383599,0.22795252437188904,0.0,0.0,190.98033035958997,190.98033035958997,0.0,2.0,2.0,0.0,0.0,0.95,188.98033035958997,350.0,0.5399438010273999,0.34,107.63798334858652,64.2633123222606,11.458819821575398,31.915851204750517,10.432445283259113,10.432445283259113,1.884748893606938,13.5,0.832177367227176,1.486421242930656,201.23179772737677,0.0,-3.0,190.98033035958997,190.98033035958997,0.0,2.0,2.0,0.0,0.0,188.98033035958997,350.0,0.5399438010273999,0.34,107.63798334858652,64.2633123222606,11.458819821575398,31.915851204750517,0.0,0.0,0.0,7.639213214383599,201.23179772737677,0.0,7.639213214383599,1.0,0.6366011011986332,7.639213214383599,0.0,190.98033035958997,190.98033035958997,0.0,0.0,0.0,1.0,1.0
101,5,101,0,2024-09-20T19:00:00,ippo,H08,7,7,3,0.4952079653739929,0.1348425123051221,0.22795252437188904,0.0,0.0,3.371062807628052,209.91740174595054,0.0,7.2,7.2,0.0,0.0,0.95,202.71740174595055,500.0,0.4054348034919011,0.34,103.95276941520724,68.95991659362319,12.59504410475703,22.397808716827022,9.525179054351273,9.525179054351273,1.2319894889644385,13.5,0.832177367227176,1.486421242930656,201.23179772737677,0.0,-3.0,3.371062807628052,209.91740174595054,0.0,7.2,7.2,0.0,0.0,202.71740174595055,500.0,0.4054348034919011,0.34,103.95276941520724,68.95991659362319,12.59504410475703,22.397808716827022,0.0,0.0,0.0,0.1348425123051221,201.23179772737677,8.261853557532898,8.39669606983802,1.0,0.5247935043648763,8.39669606983802,206.5463389383225,209.91740174595054,209.91740174595054,0.0,0.0,0.0,1.0,1.0
101,5,101,0,2024-09-20T20:00:00,ippo,H01,0,0,4,0.5342321395874023,0.006302471351905616,0.1556131992940408,0.0,0.0,0.15756178379764044,137.8070175076496,0.0,0.0,0.0,0.0,0.0,0.95,137.8070175076496,250.0,0.5512280700305984,0.27,73.62093781327026,37.207894727065394,8.268421050458976,28.14462203574589,9.819298758565326,9.819298758565326,1.489679112327199,13.5,0.6779853003467464,1.7966912896398897,179.66912896398895,0.0,-3.0,0.15756178379764044,137.8070175076496,0.0,0.0,0.0,0.0,0.0,137.8070175076496,250.0,0.5512280700305984,0.27,73.62093781327026,37.207894727065394,8.268421050458976,28.14462203574589,0.0,0.0,0.0,0.006302471351905616,179.66912896398895,5.505978228954078,5.5122807003059835,1.0,0.6890350875382479,5.5122807003059835,137.64945572385196,137.8070175076496,137.8070175076496,0.0,0.0,0.0,1.0,1.0
101,5,101,0,2024-09-20T20:00:00,ippo,H02,1,1,4,0.5291972160339355,6.272145865531923,0.1556131992940408,0.0,0.0,156.8036466382981,156.8036466382981,0.0,0.0,0.0,0.0,0.0,0.95,156.8036466382981,250.0,0.6272145865531924,0.27,82.98005326495633,42.336984592340485,9.408218798297884,31.234849874317955,9.792099245282419,9.792099245282419,1.3029569734734754,13.5,0.6779853003467464,1.7966912896398897,179.66912896398895,0.0,-3.0,156.8036466382981,156.8036466382981,0.0,0.0,0.0,0.0,0.0,156.8036466382981,250.0,0.6272145865531924,0.27,82.98005326495633,42.336984592340485,9.408218798297884,31.234849874317955,0.0,0.0,0.0,6.272145865531923,179.66912896398895,0.0,6.272145865531923,1.0,0.7840182331914903,6.272145865531923,0.0,156.8036466382981,156.8036466382981,0.0,0.0,0.0,1.0,1.0
101,5,101,0,2024-09-20T20:00:00,ippo,H03,2,2,4,0.5188763737678528,3.1428523447052457,0.1556131992940408,0.0,0.0,78.57130861763116,101.0760914100862,0.0,0.0,0.0,0.0,0.0,0.95,101.0760914100862,350.0,0.2887888326002463,0.27,52.445995785493544,27.29054468072328,6.064565484605172,19.090885620165093,10.570574583523875,10.570574583523875,1.9189318788016434,13.5,0.6779853003467464,1.7966912896398897,179.66912896398895,0.0,-3.0,78.57130861763116,101.0760914100862,0.0,0.0,0.0,0.0,0.0,101.0760914100862,350.0,0.2887888326002463,0.27,52.445995785493544,27.29054468072328,6.064565484605172,19.090885620165093,0.0,0.0,0.0,3.1428523447052457,179.66912896398895,0.9001913116982028,4.043043656403448,1.0,0.33692030470028733,4.043043656403448,22.504782792455046,101.0760914100862,101.0760914100862,0.0,0.0,0.0,1.0,1.0
101,5,101,0,2024-09-20T20:00:00,ippo,H04,3,3,4,0.5360385179519653,3.029379336111638,0.1556131992940408,0.0,0.0,75.73448340279094,75.73448340279094,0.0,0.0,0.0,0.0,0.0,0.95,75.73448340279094,250.0,0.3029379336111638,0.27,40.596600241089774,20.448310518753555,4.544069004167457,15.604220718168762,13.699836101767021,13.699836101767021,4.7816118411791715,13.5,0.6779853003467464,1.7966912896398897,179.66912896398895,0.0,-3.0,75.73448340279094,75.73448340279094,0.0,0.0,0.0,0.0,0.0,75.73448340279094,250.0,0.3029379336111638,0.27,40.596600241089774,20.448310518753555,4.544069004167457,15.604220718168762,0.0,0.0,0.0,3.029379336111638,179.66912896398895,0.0,3.029379336111638,1.0,0.37867241701395477,3.029379336111638,0.0,75.73448340279094,75.73448340279094,0.0,0.0,0.0,1.0,1.0
101,5,101,0,2024-09-20T20:00:00,ippo,H05,4,4,4,0.6033949255943298,0.7589349736623057,0.1556131992940408,0.0,0.0,18.973374341557644,18.973374341557644,0.0,0.0,0.0,0.0,0.0,0.95,18.973374341557644,500.0,0.03794674868311529,0.27,11.448437799097542,5.122811072220564,1.1384024604934586,5.187224266383519,16.26692824968608,16.26692824968608,7.230963676727654,13.5,0.6779853003467464,1.7966912896398897,179.66912896398895,0.0,-3.0,18.973374341557644,18.973374341557644,0.0,0.0,0.0,0.0,0.0,18.973374341557644,500.0,0.03794674868311529,0.27,11.448437799097542,5.122811072220564,1.1384024604934586,5.187224266383519,0.0,0.0,0.0,0.7589349736623057,179.66912896398895,0.0,0.7589349736623057,1.0,0.047433435853894104,0.7589349736623057,0.0,18.973374341557644,18.973374341557644,0.0,0.0,0.0,1.0,1.0
101,5,101,0,2024-09-20T20:00:00,ippo,H06,5,5,4,0.5174784660339355,4.326197608267545,0.1556131992940408,0.0,0.0,108.15494020668862,108.15494020668862,0.0,0.0,0.0,0.0,0.0,0.95,108.15494020668862,700.0,0.1545070574381266,0.27,55.967852552149246,29.20183385580593,6.489296412401318,20.276722283942,13.118428973357647,13.118428973357647,4.595493475572498,13.5,0.6779853003467464,1.7966912896398897,179.66912896398895,0.0,-3.0,108.15494020668862,108.15494020668862,0.0,0.0,0.0,0.0,0.0,108.15494020668862,700.0,0.1545070574381266,0.27,55.967852552149246,29.20183385580593,6.489296412401318,20.276722283942,0.0,0.0,0.0,4.326197608267545,179.66912896398895,0.0,4.326197608267545,1.0,0.2703873505167216,4.326197608267545,0.0,108.15494020668862,108.15494020668862,0.0,0.0,0.0,1.0,1.0
101,5,101,0,2024-09-20T20:00:00,ippo,H07,6,6,4,0.5669366121292114,3.5512081589900673,0.1556131992940408,0.0,0.0,88.78020397475169,88.78020397475169,0.0,0.0,0.0,0.0,0.0,0.95,88.78020397475169,350.0,0.25365772564214767,0.27,50.332748065586074,23.970655073182957,5.3268122384851,21.035280753918016,10.359782496990368,10.359782496990368,1.6746692770505405,13.5,0.6779853003467464,1.7966912896398897,179.66912896398895,0.0,-3.0,88.78020397475169,88.78020397475169,0.0,0.0,0.0,0.0,0.0,88.78020397475169,350.0,0.25365772564214767,0.27,50.332748065586074,23.970655073182957,5.3268122384851,21.035280753918016,0.0,0.0,0.0,3.5512081589900673,179.66912896398895,0.0,3.5512081589900673,1.0,0.2959340132491723,3.5512081589900673,0.0,88.78020397475169,88.78020397475169,0.0,0.0,0.0,1.0,1.0
101,5,101,0,2024-09-20T20:00:00,ippo,H08,7,7,4,0.5078756809234619,8.791606184359743,0.1556131992940408,0.0,0.0,219.7901546089936,219.7901546089936,0.0,0.0,0.0,0.0,0.0,0.95,219.7901546089936,500.0,0.4395803092179872,0.27,111.62607443231559,59.34334174442827,13.187409276539615,39.09532341134771,9.673703790908274,9.673703790908274,1.2712640694825714,13.5,0.6779853003467464,1.7966912896398897,179.66912896398895,0.0,-3.0,219.7901546089936,219.7901546089936,0.0,0.0,0.0,0.0,0.0,219.7901546089936,500.0,0.4395803092179872,0.27,111.62607443231559,59.34334174442827,13.187409276539615,39.09532341134771,0.0,0.0,0.0,8.791606184359743,179.66912896398895,0.0,8.791606184359743,1.0,0.549475386522484,8.791606184359743,0.0,219.7901546089936,219.7901546089936,0.0,0.0,0.0,1.0,1.0
101,5,101,0,2024-09-20T21:00:00,ippo,H01,0,0,5,0.49838483333587646,5.487224276112254,0.11035443983466077,0.0,0.0,137.18060690280637,137.18060690280637,0.0,0.0,0.0,0.0,100.0,0.42368421052631583,37.180606902806375,250.0,0.1487224276112255,0.2,68.36873390816955,10.436121380561275,8.230836414168381,49.70177611343989,9.939951698224789,9.939951698224789,1.583933698553828,13.5,0.5446090075394009,2.7842229575962962,278.4222957596296,1.4210854715202004e-14,-3.0,137.18060690280637,137.18060690280637,0.0,0.0,0.0,0.0,100.0,37.180606902806375,250.0,0.1487224276112255,0.2,68.36873390816955,10.436121380561275,8.230836414168381,49.70177611343989,1.4210854715202004e-14,0.0,0.0,5.487224276112254,278.4222957596296,0.0,5.487224276112254,1.0,0.6859030345140318,5.487224276112254,0.0,137.18060690280637,137.18060690280637,0.0,0.0,0.0,1.0,1.0
101,5,101,0,2024-09-20T21:00:00,ippo,H02,1,1,5,0.5276811718940735,3.778628386365777,0.11035443983466077,0.0,0.0,94.46570965914441,94.46570965914441,0.0,0.0,0.0,0.0,94.46570965914441,0.4528120544255557,0.0,250.0,0.0,0.2,49.847776376742615,2.833971289774332,5.667942579548665,41.34586250741962,9.859866330574674,9.859866330574674,1.356848652367292,13.5,0.5446090075394009,2.7842229575962962,278.4222957596296,0.0,-3.0,94.46570965914441,94.46570965914441,0.0,0.0,0.0,0.0,94.46570965914441,0.0,250.0,0.0,0.2,49.847776376742615,2.833971289774332,5.667942579548665,41.34586250741962,0.0,0.0,0.0,3.778628386365777,278.4222957596296,0.0,3.778628386365777,1.0,0.47232854829572213,3.778628386365777,0.0,94.46570965914441,94.46570965914441,0.0,0.0,0.0,1.0,1.0
101,5,101,0,2024-09-20T21:00:00,ippo,H03,2,2,5,0.5112578868865967,4.498130641330546,0.11035443983466077,0.0,0.0,112.45326603326365,112.45326603326365,0.0,0.0,0.0,0.0,112.45326603326365,0.5554271367253908,0.0,350.0,0.0,0.2,57.49261916566267,3.3735979809979093,6.747195961995819,47.37182522266894,10.440162511468,10.440162511468,1.7706101541753276,13.5,0.5446090075394009,2.7842229575962962,278.4222957596296,1.4210854715202004e-14,-3.0,112.45326603326365,112.45326603326365,0.0,0.0,0.0,0.0,112.45326603326365,0.0,350.0,0.0,0.2,57.49261916566267,3.3735979809979093,6.747195961995819,47.37182522266894,1.4210854715202004e-14,0.0,0.0,4.498130641330546,278.4222957596296,0.0,4.498130641330546,1.0,0.3748442201108788,4.498130641330546,0.0,112.45326603326365,112.45326603326365,0.0,0.0,0.0,1.0,1.0
101,5,101,0,2024-09-20T21:00:00,ippo,H04,3,3,5,0.5393117666244507,1.7877241958892354,0.11035443983466077,0.0,0.0,44.69310489723088,44.69310489723088,0.0,0.0,0.0,0.0,44.69310489723088,0.7618185056958701,0.0,250.0,0.0,0.2,24.103517358057474,1.3407931469169263,2.681586293833853,20.081137917306695,13.518473231100945,13.518473231100945,4.578470890104083,13.5,0.5446090075394009,2.7842229575962962,278.4222957596296,2.1316282072803006e-14,-3.0,44.69310489723088,44.69310489723088,0.0,0.0,0.0,0.0,44.69310489723088,0.0,250.0,0.0,0.2,24.103517358057474,1.3407931469169263,2.681586293833853,20.081137917306695,2.1316282072803006e-14,0.0,0.0,1.7877241958892354,278.4222957596296,0.0,1.7877241958892354,1.0,0.22346552448615442,1.7877241958892354,0.0,44.69310489723088,44.69310489723088,0.0,0.0,0.0,1.0,1.0
101,5,101,0,2024-09-20T21:00:00,ippo,H05,4,4,5,0.5958634614944458,0.5131882717217462,0.11035443983466077,0.0,0.0,12.829706793043654,12.829706793043654,0.0,0.0,0.0,0.0,12.829706793043654,0.9229900909620133,0.0,500.0,0.0,0.2,7.644753499661797,0.3848912037913096,0.7697824075826193,6.490079888287868,16.184886424167207,16.184886424167207,7.114870184547617,13.5,0.5446090075394009,2.7842229575962962,278.4222957596296,5.329070518200751e-15,-3.0,12.829706793043654,12.829706793043654,0.0,0.0,0.0,0.0,12.829706793043654,0.0,500.0,0.0,0.2,7.644753499661797,0.3848912037913096,0.7697824075826193,6.490079888287868,5.329070518200751e-15,0.0,0.0,0.5131882717217462,278.4222957596296,0.0,0.5131882717217462,1.0,0.03207426698260914,0.5131882717217462,0.0,12.829706793043654,12.829706793043654,0.0,0.0,0.0,1.0,1.0
101,5,101,0,2024-09-20T21:00:00,ippo,H06,5,5,5,0.5120816230773926,2.7280547203129024,0.11035443983466077,0.0,0.0,68.20136800782257,68.20136800782257,0.0,0.0,0.0,0.0,68.20136800782257,0.8303484771792586,0.0,700.0,0.0,0.2,34.92466722554433,2.0460410402346767,4.092082080469353,28.786544104840303,13.280956583035202,13.280956583035202,4.706234613330851,13.5,0.5446090075394009,2.7842229575962962,278.4222957596296,0.0,-3.0,68.20136800782257,68.20136800782257,0.0,0.0,0.0,0.0,68.20136800782257,0.0,700.0,0.0,0.2,34.92466722554433,2.0460410402346767,4.092082080469353,28.786544104840303,0.0,0.0,0.0,2.7280547203129024,278.4222957596296,0.0,2.7280547203129024,1.0,0.1705034200195564,2.7280547203129024,0.0,68.20136800782257,68.20136800782257,0.0,0.0,0.0,1.0,1.0
101,5,101,0,2024-09-20T21:00:00,ippo,H07,6,6,5,0.5692809820175171,2.104893949224809,0.11035443983466077,0.0,0.0,52.62234873062023,52.62234873062023,0.0,0.0,0.0,0.0,52.62234873062023,0.7653601798925606,0.0,350.0,0.0,0.2,29.95690236143573,1.578670461918607,3.1573409238372134,25.22089097567991,10.248178671059057,10.248178671059057,1.5387165105651097,13.5,0.5446090075394009,2.7842229575962962,278.4222957596296,0.0,-3.0,52.62234873062023,52.62234873062023,0.0,0.0,0.0,0.0,52.62234873062023,0.0,350.0,0.0,0.2,29.95690236143573,1.578670461918607,3.1573409238372134,25.22089097567991,0.0,0.0,0.0,2.104893949224809,278.4222957596296,0.0,2.104893949224809,1.0,0.17540782910206743,2.104893949224809,0.0,52.62234873062023,52.62234873062023,0.0,0.0,0.0,1.0,1.0
101,5,101,0,2024-09-20T21:00:00,ippo,H08,7,7,5,0.5004218220710754,5.79152236400291,0.11035443983466077,0.0,0.0,144.78805910007276,144.78805910007276,0.0,0.0,0.0,0.0,144.78805910007276,0.645183033473531,0.0,500.0,0.0,0.2,72.45510434899296,4.343641773002182,8.687283546004366,59.42417902998642,9.741133096545958,9.741133096545958,1.3051912459291275,13.5,0.5446090075394009,2.7842229575962962,278.4222957596296,2.842170943040401e-14,-3.0,144.78805910007276,144.78805910007276,0.0,0.0,0.0,0.0,144.78805910007276,0.0,500.0,0.0,0.2,72.45510434899296,4.343641773002182,8.687283546004366,59.42417902998642,2.842170943040401e-14,0.0,0.0,5.79152236400291,278.4222957596296,0.0,5.79152236400291,1.0,0.3619701477501819,5.79152236400291,0.0,144.78805910007276,144.78805910007276,0.0,0.0,0.0,1.0,1.0
202,5,202,1,2024-09-20T16:00:00,ippo,H01,0,0,0,0.5244994163513184,9.563468034534138,0.10179605727483755,11.726010259006031,0.0,239.08670086335343,200.0,0.0,44.0,44.0,84.21052631578947,0.0,0.95,240.21052631578948,250.0,0.9608421052631579,0.16,104.89988327026367,38.653684210526315,12.0,54.246199059737364,10.358842566746771,10.358842566746771,1.8365486592864668,13.5,0.5159178326246958,3.6296618910092566,416.7280062465172,0.0,-3.0,239.08670086335343,200.0,0.0,44.0,44.0,84.21052631578947,0.0,240.21052631578948,250.0,0.9608421052631579,0.16,104.89988327026367,38.653684210526315,12.0,54.246199059737364,0.0,0.0,0.0,9.563468034534138,416.7280062465172,0.0,9.563468034534138,0.8365166246294357,1.1954335043167672,8.0,0.0,239.08670086335343,200.0,39.08670086335343,0.0,0.0,1.0,0.8365166246294357
202,5,202,1,2024-09-20T16:00:00,ippo,H02,1,1,0,0.5406837463378906,7.849408717844462,0.10179605727483755,0.0,0.0,196.23521794611156,196.23521794611156,0.0,33.0,33.0,86.76478205388844,0.0,0.91213271475597,250.0,250.0,1.0,0.16,106.10119280253606,40.165,11.774113076766692,54.16207972576936,10.30283909100993,10.30283909100993,1.646704726360117,13.5,0.5159178326246958,3.6296618910092566,416.7280062465172,1.4210854715202004e-14,-3.0,196.23521794611156,196.23521794611156,0.0,33.0,33.0,86.76478205388844,0.0,250.0,250.0,1.0,0.16,106.10119280253606,40.165,11.774113076766692,54.16207972576936,1.4210854715202004e-14,0.0,0.0,7.849408717844462,416.7280062465172,0.0,7.849408717844462,1.0,0.9811760897305577,7.849408717844462,0.0,196.23521794611156,196.23521794611156,0.0,0.0,0.0,1.0,1.0
202,5,202,1,2024-09-20T16:00:00,ippo,H03,2,2,0,0.5108418464660645,11.935517071478413,0.10179605727483755,0.0,0.0,298.3879267869603,298.3879267869603,0.0,33.0,0.0,84.61207321303971,0.0,0.8679382318412924,350.0,350.0,1.0,0.16,152.42903948303166,56.165,17.90327560721762,78.36076387581404,10.54731961428155,10.54731961428155,1.7246119327838139,13.5,0.5159178326246958,3.6296618910092566,416.7280062465172,1.4210854715202004e-14,-3.0,298.3879267869603,298.3879267869603,0.0,33.0,0.0,84.61207321303971,0.0,350.0,350.0,1.0,0.16,152.42903948303166,56.165,17.90327560721762,78.36076387581404,1.4210854715202004e-14,0.0,0.0,11.935517071478413,416.7280062465172,0.0,11.935517071478413,1.0,0.9946264226232011,11.935517071478413,0.0,298.3879267869603,298.3879267869603,0.0,0.0,0.0,1.0,1.0
202,5,202,1,2024-09-20T16:00:00,ippo,H04,3,3,0,0.531040608882904,5.703004553714502,0.10179605727483755,0.0,0.0,142.57511384286255,142.57511384286255,0.0,44.0,44.0,78.94736842105263,0.0,0.95,177.52248226391518,250.0,0.7100899290556607,0.16,75.71317526666309,28.623597162226428,8.554506830571754,38.5350712738649,13.202787205991651,13.202787205991651,4.112324297579384,13.5,0.5159178326246958,3.6296618910092566,416.7280062465172,0.0,-3.0,142.57511384286255,142.57511384286255,0.0,44.0,44.0,78.94736842105263,0.0,177.52248226391518,250.0,0.7100899290556607,0.16,75.71317526666309,28.623597162226428,8.554506830571754,38.5350712738649,0.0,0.0,0.0,5.703004553714502,416.7280062465172,0.0,5.703004553714502,1.0,0.7128755692143127,5.703004553714502,0.0,142.57511384286255,142.57511384286255,0.0,0.0,0.0,1.0,1.0
202,5,202,1,2024-09-20T16:00:00,ippo,H05,4,4,0,0.5878431797027588,1.7260806846798689,0.10179605727483755,0.0,0.0,43.152017116996724,43.152017116996724,0.0,82.5,0.0,131.57894736842104,0.0,0.95,92.23096448541779,500.0,0.18446192897083558,0.16,25.36661895264323,15.169454317666846,2.5891210270198033,7.60804360795658,15.483232124532375,15.483232124532375,6.240806834350976,13.5,0.5159178326246958,3.6296618910092566,416.7280062465172,1.4210854715202004e-14,-3.0,43.152017116996724,43.152017116996724,0.0,82.5,0.0,131.57894736842104,0.0,92.23096448541779,500.0,0.18446192897083558,0.16,25.36661895264323,15.169454317666846,2.5891210270198033,7.60804360795658,1.4210854715202004e-14,0.0,0.0,1.7260806846798689,416.7280062465172,0.0,1.7260806846798689,1.0,0.1078800427924918,1.7260806846798689,0.0,43.152017116996724,43.152017116996724,0.0,0.0,0.0,1.0,1.0
202,5,202,1,2024-09-20T16:00:00,ippo,H06,5,5,0,0.5035836100578308,8.188318819014054,0.10179605727483755,0.0,0.0,204.70797047535137,204.70797047535137,0.0,110.0,110.0,126.31578947368422,0.0,0.95,221.0237599490356,700.0,0.3157482284986223,0.16,103.0875787795893,35.91380159184569,12.28247822852108,54.89129895922253,13.364054890477172,13.364054890477172,4.617247524587439,13.5,0.5159178326246958,3.6296618910092566,416.7280062465172,0.0,-3.0,204.70797047535137,204.70797047535137,0.0,110.0,110.0,126.31578947368422,0.0,221.0237599490356,700.0,0.3157482284986223,0.16,103.0875787795893,35.91380159184569,12.28247822852108,54.89129895922253,0.0,0.0,0.0,8.188318819014054,416.7280062465172,0.0,8.188318819014054,1.0,0.5117699261883784,8.188318819014054,0.0,204.70797047535137,204.70797047535137,0.0,0.0,0.0,1.0,1.0
202,5,202,1,2024-09-20T16:00:00,ippo,H07,6,6,0,0.5602169036865234,6.521679097098166,0.10179605727483755,0.0,0.0,163.04197742745413,163.04197742745413,0.0,27.5,27.5,126.31578947368422,0.0,0.95,261.85776690113835,350.0,0.7481650482889667,0.16,91.33887176533639,42.034742704182136,9.782518645647249,39.521610415507006,10.155353189309935,10.155353189309935,1.260608004326515,13.5,0.5159178326246958,3.6296618910092566,416.7280062465172,0.0,-3.0,163.04197742745413,163.04197742745413,0.0,27.5,27.5,126.31578947368422,0.0,261.85776690113835,350.0,0.7481650482889667,0.16,91.33887176533639,42.034742704182136,9.782518645647249,39.521610415507006,0.0,0.0,0.0,6.521679097098166,416.7280062465172,0.0,6.521679097098166,1.0,0.5434732580915138,6.521679097098166,0.0,163.04197742745413,163.04197742745413,0.0,0.0,0.0,1.0,1.0
202,5,202,1,2024-09-20T16:00:00,ippo,H08,7,7,0,0.45777642726898193,27.16824228607888,0.10179605727483755,41.880908572795796,26.880908572795796,679.206057151972,400.00000000000006,0.0,99.0,0.0,131.57894736842104,0.0,0.95,432.5789473684211,500.0,0.8651578947368422,0.16,183.1105709075928,69.70763157894739,24.0,89.40293932864542,9.939280235524947,9.939280235524947,1.3166220402552176,13.5,0.5159178326246958,3.6296618910092566,416.7280062465172,1.4210854715202004e-14,-3.0,679.206057151972,400.00000000000006,0.0,99.0,0.0,131.57894736842104,0.0,432.5789473684211,500.0,0.8651578947368422,0.16,183.1105709075928,69.70763157894739,24.0,89.40293932864542,1.4210854715202004e-14,0.44801514287992994,0.0,27.16824228607888,416.7280062465172,0.0,27.16824228607888,0.5889228987109876,1.69801514287993,16.0,0.0,679.206057151972,400.00000000000006,279.20605715197195,0.0,0.0,1.0,0.5889228987109876
202,5,202,1,2024-09-20T17:00:00,ippo,H01,0,0,1,0.5164505839347839,3.5510367146019624,0.17346424439621455,0.0,0.0,88.77591786504907,127.8626187284025,0.0,28.0,28.0,0.0,0.0,0.95,99.8626187284025,250.0,0.39945047491360997,0.22,66.0347241057141,22.10977612024855,7.67175712370415,36.2531908617614,9.667378830690511,9.667378830690511,1.487732871921975,13.5,0.7227319992756815,3.1252338170920657,508.620389408315,0.0,-3.0,88.77591786504907,127.8626187284025,0.0,28.0,28.0,0.0,0.0,99.8626187284025,250.0,0.39945047491360997,0.22,66.0347241057141,22.10977612024855,7.67175712370415,36.2531908617614,0.0,0.0,0.0,3.5510367146019624,508.620389408315,1.5634680345341376,5.1145047491361,1.0,0.6393130936420125,5.1145047491361,39.08670086335343,127.8626187284025,127.8626187284025,0.0,0.0,0.0,1.0,1.0
202,5,202,1,2024-09-20T17:00:00,ippo,H02,1,1,1,0.5398718118667603,17.600485295182292,0.17346424439621455,72.00363971386719,57.00363971386719,440.0121323795574,200.00000000000003,0.0,21.0,21.0,7.9720600513747435,0.0,0.95,186.97206005137477,250.0,0.747888240205499,0.22,107.97436237335206,41.23885321130245,12.0,54.735509162049624,9.840181554975015,9.840181554975015,1.4790599347270237,13.5,0.7227319992756815,3.1252338170920657,508.620389408315,0.0,-3.0,440.0121323795574,200.00000000000003,0.0,21.0,21.0,7.9720600513747435,0.0,186.97206005137477,250.0,0.747888240205499,0.22,107.97436237335206,41.23885321130245,12.0,54.735509162049624,0.0,0.9500606618977865,0.0,17.600485295182292,508.620389408315,0.0,17.600485295182292,0.4545329214410813,2.2000606618977865,8.0,0.0,440.0121323795574,200.00000000000003,240.01213237955736,0.0,0.0,1.0,0.4545329214410813
202,5,202,1,2024-09-20T17:00:00,ippo,H03,2,2,1,0.5130066871643066,23.20897282713741,0.17346424439621455,56.04486413568704,41.04486413568704,580.2243206784351,299.99999999999994,0.0,21.0,21.0,25.91424257643397,0.0,0.95,304.91424257643394,350.0,0.8711835502183827,0.22,153.90200614929196,67.18613336681547,18.0,68.7158727824765,10.614641474677185,10.614641474677185,2.099847417673482,13.5,0.7227319992756815,3.1252338170920657,508.620389408315,0.0,-3.0,580.2243206784351,299.99999999999994,0.0,21.0,21.0,25.91424257643397,0.0,304.91424257643394,350.0,0.8711835502183827,0.22,153.90200614929196,67.18613336681547,18.0,68.7158727824765,0.0,0.6840810689281174,0.0,23.20897282713741,508.620389408315,0.0,23.20897282713741,0.5170414084835687,1.9340810689281174,12.0,0.0,580.2243206784351,299.99999999999994,280.22432067843516,0.0,0.0,1.0,0.5170414084835687
202,5,202,1,2024-09-20T17:00:00,ippo,H04,3,3,1,0.5375383496284485,9.583433342258814,0.17346424439621455,11.875750066941109,0.0,239.5858335564704,200.0,0.0,28.0,28.0,0.0,0.0,0.95,172.0,250.0,0.688,0.22,107.5076699256897,37.980000000000004,12.0,57.52766992568969,13.767672235782786,13.767672235782786,5.025120910380792,13.5,0.7227319992756815,3.1252338170920657,508.620389408315,0.0,-3.0,239.5858335564704,200.0,0.0,28.0,28.0,0.0,0.0,172.0,250.0,0.688,0.22,107.5076699256897,37.980000000000004,12.0,57.52766992568969,0.0,0.0,0.0,9.583433342258814,508.620389408315,0.0,9.583433342258814,0.8347738972340366,1.1979291677823518,8.0,0.0,239.5858335564704,200.0,39.58583355647039,0.0,0.0,1.0,0.8347738972340366
202,5,202,1,2024-09-20T17:00:00,ippo,H05,4,4,1,0.5930873155593872,2.8081436292076605,0.17346424439621455,0.0,0.0,70.20359073019152,70.20359073019152,0.0,52.5,52.5,0.0,0.0,0.95,17.70359073019152,500.0,0.03540718146038304,0.22,41.63685916879917,4.157289960642134,4.212215443811491,33.26735376434554,16.399576089696478,16.399576089696478,7.568224497732716,13.5,0.7227319992756815,3.1252338170920657,508.620389408315,0.0,-3.0,70.20359073019152,70.20359073019152,0.0,52.5,52.5,0.0,0.0,17.70359073019152,500.0,0.03540718146038304,0.22,41.63685916879917,4.157289960642134,4.212215443811491,33.26735376434554,0.0,0.0,0.0,2.8081436292076605,508.620389408315,0.0,2.8081436292076605,1.0,0.17550897682547878,2.8081436292076605,0.0,70.20359073019152,70.20359073019152,0.0,0.0,0.0,1.0,1.0
202,5,202,1,2024-09-20T17:00:00,ippo,H06,5,5,1,0.5081111788749695,16.886434123556484,0.17346424439621455,3.3241279633368137,0.0,422.16085308891206,400.0,0.0,70.0,70.0,0.0,0.0,0.95,330.0,700.0,0.4714285714285714,0.22,203.2444715499878,72.94999999999999,24.0,106.2944715499878,12.822755051164002,12.822755051164002,4.50254316087527,13.5,0.7227319992756815,3.1252338170920657,508.620389408315,0.0,-3.0,422.16085308891206,400.0,0.0,70.0,70.0,0.0,0.0,330.0,700.0,0.4714285714285714,0.22,203.2444715499878,72.94999999999999,24.0,106.2944715499878,0.0,0.0,0.0,16.886434123556484,508.620389408315,0.0,16.886434123556484,0.9475061391250204,1.0554021327222802,16.0,0.0,422.16085308891206,400.0,22.160853088912063,0.0,0.0,1.0,0.9475061391250204
202,5,202,1,2024-09-20T17:00:00,ippo,H07,6,6,1,0.5635052919387817,12.09558288898545,0.17346424439621455,0.4779144449272543,0.0,302.38957222463625,300.0,0.0,17.5,17.5,0.0,0.0,0.95,282.5,350.0,0.8071428571428572,0.22,169.05158758163452,62.2375,18.0,88.81408758163452,10.394071614843423,10.394071614843423,1.8634348141479058,13.5,0.7227319992756815,3.1252338170920657,508.620389408315,0.0,-3.0,302.38957222463625,300.0,0.0,17.5,17.5,0.0,0.0,282.5,350.0,0.8071428571428572,0.22,169.05158758163452,62.2375,18.0,88.81408758163452,0.0,0.0,0.0,12.09558288898545,508.620389408315,0.0,12.09558288898545,0.9920977029496866,1.0079652407487876,12.0,0.0,302.38957222463625,300.0,2.389572224636254,0.0,0.0,1.0,0.9920977029496866
202,5,202,1,2024-09-20T17:00:00,ippo,H08,7,7,1,0.45621925592422485,0.06032261074285382,0.17346424439621455,0.0,0.0,1.5080652685713458,280.7141224205433,0.0,63.0,63.0,0.0,0.0,0.95,217.71412242054328,500.0,0.43542824484108655,0.22,128.067188058122,48.21210693251952,16.8428473452326,63.0122337803699,9.4847879592705,9.4847879592705,1.2332761839458783,13.5,0.7227319992756815,3.1252338170920657,508.620389408315,0.0,-3.0,1.5080652685713458,280.7141224205433,0.0,63.0,63.0,0.0,0.0,217.71412242054328,500.0,0.43542824484108655,0.22,128.067188058122,48.21210693251952,16.8428473452326,63.0122337803699,0.0,0.0,0.0,0.06032261074285382,508.620389408315,11.168242286078879,11.228564896821732,1.0,0.7017853060513582,11.228564896821732,279.20605715197195,280.7141224205433,280.7141224205433,0.0,0.0,0.0,1.0,1.0
202,5,202,1,2024-09-20T18:00:00,ippo,H01,0,0,2,0.4978886842727661,21.505977849052364,0.17271675342927525,101.29483386789273,86.29483386789273,537.6494462263091,200.00000000000003,0.0,12.8,12.8,0.0,0.0,0.95,187.20000000000002,250.0,0.7488,0.3,99.57773685455324,56.224000000000004,12.0,31.353736854553233,10.050873837027648,10.050873837027648,1.6191006843018236,13.5,0.7162910631440274,0.9138394449417879,295.937513911461,0.0,-3.0,537.6494462263091,200.00000000000003,0.0,12.8,12.8,0.0,0.0,187.20000000000002,250.0,0.7488,0.3,99.57773685455324,56.224000000000004,12.0,31.353736854553233,0.0,1.4382472311315455,0.0,21.505977849052364,295.937513911461,0.0,21.505977849052364,0.37198959545810706,2.6882472311315455,8.0,0.0,537.6494462263091,200.00000000000003,337.6494462263091,0.0,0.0,1.0,0.37198959545810706
202,5,202,1,2024-09-20T18:00:00,ippo,H02,1,1,2,0.5508692264556885,7.417489708384917e-05,0.17271675342927525,12.00419602559532,0.0,0.001854372427096229,200.00000000000006,0.0,9.6,9.6,0.0,0.0,0.95,190.40000000000006,250.0,0.7616000000000003,0.3,110.17384529113772,57.16800000000002,12.0,41.0058452911377,9.955200582651807,9.955200582651807,1.3728358984814044,13.5,0.7162910631440274,0.9138394449417879,295.937513911461,0.0,-3.0,0.001854372427096229,200.00000000000006,0.0,9.6,9.6,0.0,0.0,190.40000000000006,250.0,0.7616000000000003,0.3,110.17384529113772,57.16800000000002,12.0,41.0058452911377,0.0,0.0,0.0,7.417489708384917e-05,295.937513911461,9.600485295182292,9.600559470079375,0.8332847710523955,1.2000699337599219,8.0,240.01213237955736,240.01398675198445,200.00000000000006,40.01398675198439,1.1102230246251565e-16,0.0,1.0,0.8332847710523955
202,5,202,1,2024-09-20T18:00:00,ippo,H03,2,2,2,0.5157111883163452,0.0016045656711199878,0.17271675342927525,0.0,0.0,0.04011414177799969,280.2644348202132,0.0,9.6,9.6,0.0,0.0,0.95,270.66443482021316,350.0,0.7733269566291805,0.3,144.53550472394102,81.24733044606394,16.81586608921279,46.472308188664286,10.467373647534243,10.467373647534243,1.7567394784571775,13.5,0.7162910631440274,0.9138394449417879,295.937513911461,0.0,-3.0,0.04011414177799969,280.2644348202132,0.0,9.6,9.6,0.0,0.0,270.66443482021316,350.0,0.7733269566291805,0.3,144.53550472394102,81.24733044606394,16.81586608921279,46.472308188664286,0.0,0.0,0.0,0.0016045656711199878,295.937513911461,11.208972827137409,11.210577392808528,1.0,0.934214782734044,11.210577392808528,280.22432067843516,280.2644348202132,280.2644348202132,0.0,0.0,0.0,1.0,1.0
202,5,202,1,2024-09-20T18:00:00,ippo,H04,3,3,2,0.5359201431274414,1.0560717569962441,0.17271675342927525,0.0,0.0,26.4017939249061,65.98762748137649,0.0,12.8,12.8,0.0,0.0,0.95,53.187627481376495,250.0,0.21275050992550598,0.3,35.36409876445958,16.020288244412946,3.9592576488825877,15.384552871164043,13.461660353771398,13.461660353771398,4.541208645938353,13.5,0.7162910631440274,0.9138394449417879,295.937513911461,0.0,-3.0,26.4017939249061,65.98762748137649,0.0,12.8,12.8,0.0,0.0,53.187627481376495,250.0,0.21275050992550598,0.3,35.36409876445958,16.020288244412946,3.9592576488825877,15.384552871164043,0.0,0.0,0.0,1.0560717569962441,295.937513911461,1.5834333422588145,2.6395050992550586,1.0,0.3299381374068823,2.6395050992550586,39.58583355647039,65.98762748137649,65.98762748137649,0.0,0.0,0.0,1.0,1.0
202,5,202,1,2024-09-20T18:00:00,ippo,H05,4,4,2,0.6059725284576416,1.7574295763499463,0.17271675342927525,0.0,0.0,43.93573940874866,43.93573940874866,0.0,24.0,24.0,0.0,0.0,0.95,19.93573940874866,500.0,0.03987147881749732,0.3,26.62385109917547,6.100721822624598,2.6361443645249194,17.886984912025955,16.246350226648744,16.246350226648744,7.215181684496706,13.5,0.7162910631440274,0.9138394449417879,295.937513911461,0.0,-3.0,43.93573940874866,43.93573940874866,0.0,24.0,24.0,0.0,0.0,19.93573940874866,500.0,0.03987147881749732,0.3,26.62385109917547,6.100721822624598,2.6361443645249194,17.886984912025955,0.0,0.0,0.0,1.7574295763499463,295.937513911461,0.0,1.7574295763499463,1.0,0.10983934852187165,1.7574295763499463,0.0,43.93573940874866,43.93573940874866,0.0,0.0,0.0,1.0,1.0
202,5,202,1,2024-09-20T18:00:00,ippo,H06,5,5,2,0.5178951025009155,5.951347006143623,0.17271675342927525,0.0,0.0,148.78367515359056,170.94452824250263,0.0,32.0,32.0,0.0,0.0,0.95,138.94452824250263,700.0,0.19849218320357517,0.3,88.53133397612154,41.843358472750786,10.25667169455016,36.4313038088206,13.114396102564116,13.114396102564116,4.524015130864482,13.5,0.7162910631440274,0.9138394449417879,295.937513911461,0.0,-3.0,148.78367515359056,170.94452824250263,0.0,32.0,32.0,0.0,0.0,138.94452824250263,700.0,0.19849218320357517,0.3,88.53133397612154,41.843358472750786,10.25667169455016,36.4313038088206,0.0,0.0,0.0,5.951347006143623,295.937513911461,0.8864341235564837,6.837781129700106,1.0,0.42736132060625664,6.837781129700106,22.160853088912063,170.94452824250263,170.94452824250263,0.0,0.0,0.0,1.0,1.0
202,5,202,1,2024-09-20T18:00:00,ippo,H07,6,6,2,0.563647449016571,8.181984435883376,0.17271675342927525,0.0,0.0,204.54961089708434,206.9391831217206,0.0,8.0,8.0,0.0,0.0,0.95,198.9391831217206,350.0,0.5683976660620588,0.3,116.64074266813087,59.72175493651617,12.41635098730324,44.50263674431146,10.334964776728544,10.334964776728544,1.5949273153269026,13.5,0.7162910631440274,0.9138394449417879,295.937513911461,0.0,-3.0,204.54961089708434,206.9391831217206,0.0,8.0,8.0,0.0,0.0,198.9391831217206,350.0,0.5683976660620588,0.3,116.64074266813087,59.72175493651617,12.41635098730324,44.50263674431146,0.0,0.0,0.0,8.181984435883376,295.937513911461,0.09558288898545086,8.277567324868826,1.0,0.6897972770724022,8.277567324868826,2.389572224636254,206.9391831217206,206.9391831217206,0.0,0.0,0.0,1.0,1.0
202,5,202,1,2024-09-20T18:00:00,ippo,H08,7,7,2,0.49601036310195923,24.2618535575329,0.17271675342927525,30.981950840748368,15.981950840748368,606.5463389383225,400.0,0.0,28.8,28.8,0.0,0.0,0.95,371.2,500.0,0.7424,0.3,198.4041452407837,111.504,24.0,62.90014524078369,9.782819232625643,9.782819232625643,1.2855665863349683,13.5,0.7162910631440274,0.9138394449417879,295.937513911461,0.0,-3.0,606.5463389383225,400.0,0.0,28.8,28.8,0.0,0.0,371.2,500.0,0.7424,0.3,198.4041452407837,111.504,24.0,62.90014524078369,0.0,0.26636584734580615,0.0,24.2618535575329,295.937513911461,0.0,24.2618535575329,0.6594714604990379,1.5163658473458062,16.0,0.0,606.5463389383225,400.0,206.5463389383225,0.0,0.0,1.0,0.6594714604990379
202,5,202,1,2024-09-20T19:00:00,ippo,H01,0,0,3,0.5770127773284912,3.79901713865911e-07,0.22795252437188904,41.29483671715558,26.294836717155583,9.497542846647774e-06,200.00000000000003,0.0,3.2,3.2,0.0,0.0,0.95,196.80000000000004,250.0,0.7872000000000001,0.34,115.40255546569826,66.92800000000003,12.0,36.47455546569823,9.628092828757962,9.628092828757962,1.3936453995831328,13.5,0.832177367227176,1.486421242930656,201.23179772737677,0.0,-3.0,9.497542846647774e-06,200.00000000000003,0.0,3.2,3.2,0.0,0.0,196.80000000000004,250.0,0.7872000000000001,0.34,115.40255546569826,66.92800000000003,12.0,36.47455546569823,0.0,0.4382472786192597,0.0,3.79901713865911e-07,201.23179772737677,13.505977849052364,13.505978228954078,0.5923302899192909,1.6882472786192597,8.0,337.6494462263091,337.649455723852,200.00000000000003,137.64945572385196,0.0,0.0,1.0,0.5923302899192909
202,5,202,1,2024-09-20T19:00:00,ippo,H02,1,1,3,0.5351542830467224,1.708934411406349,0.22795252437188904,0.0,0.0,42.723360285158726,82.73734703714311,0.0,2.4,2.4,0.0,0.0,0.95,80.3373470371431,250.0,0.3213493881485724,0.34,44.27724563485018,27.32669799262866,4.964240822228588,11.986306819992935,9.645931393981579,9.645931393981579,1.246568515852319,13.5,0.832177367227176,1.486421242930656,201.23179772737677,0.0,-3.0,42.723360285158726,82.73734703714311,0.0,2.4,2.4,0.0,0.0,80.3373470371431,250.0,0.3213493881485724,0.34,44.27724563485018,27.32669799262866,4.964240822228588,11.986306819992935,0.0,0.0,0.0,1.708934411406349,201.23179772737677,1.600559470079376,3.309493881485725,1.0,0.41368673518571564,3.309493881485725,40.01398675198439,82.73734703714311,82.73734703714311,0.0,0.0,0.0,1.0,1.0
202,5,202,1,2024-09-20T19:00:00,ippo,H03,2,2,3,0.523544430732727,12.900191311698203,0.22795252437188904,4.500956558491014,0.0,322.5047827924551,300.00000000000006,0.0,2.4,2.4,0.0,0.0,0.95,297.6000000000001,350.0,0.8502857142857145,0.34,157.06332921981814,101.19600000000004,18.0,37.8673292198181,10.567485918680099,10.567485918680099,2.0303746812092105,13.5,0.832177367227176,1.486421242930656,201.23179772737677,0.0,-3.0,322.5047827924551,300.00000000000006,0.0,2.4,2.4,0.0,0.0,297.6000000000001,350.0,0.8502857142857145,0.34,157.06332921981814,101.19600000000004,18.0,37.8673292198181,0.0,0.0,0.0,12.900191311698203,201.23179772737677,0.0,12.900191311698203,0.9302187626564974,1.075015942641517,12.0,0.0,322.5047827924551,300.00000000000006,22.504782792455046,0.0,0.0,1.0,0.9302187626564974
202,5,202,1,2024-09-20T19:00:00,ippo,H04,3,3,3,0.5314645767211914,6.5059780334376365,0.22795252437188904,0.0,0.0,162.64945083594088,162.64945083594088,0.0,3.2,3.2,0.0,0.0,0.95,159.4494508359409,250.0,0.6377978033437636,0.34,86.44242154245755,54.2288132842199,9.758967050156455,22.454641208081192,13.894727311168339,13.894727311168339,5.130008409442833,13.5,0.832177367227176,1.486421242930656,201.23179772737677,0.0,-3.0,162.64945083594088,162.64945083594088,0.0,3.2,3.2,0.0,0.0,159.4494508359409,250.0,0.6377978033437636,0.34,86.44242154245755,54.2288132842199,9.758967050156455,22.454641208081192,0.0,0.0,0.0,6.5059780334376365,201.23179772737677,0.0,6.5059780334376365,1.0,0.8132472541797046,6.5059780334376365,0.0,162.64945083594088,162.64945083594088,0.0,0.0,0.0,1.0,1.0
202,5,202,1,2024-09-20T19:00:00,ippo,H05,4,4,3,0.6112883687019348,1.3393407253482101,0.22795252437188904,0.0,0.0,33.48351813370525,33.48351813370525,0.0,6.0,6.0,0.0,0.0,0.95,27.483518133705253,500.0,0.05496703626741051,0.34,20.468085178354336,9.374396165459785,2.0090110880223153,9.084677924872235,16.641994994959436,16.641994994959436,7.791168356843116,13.5,0.832177367227176,1.486421242930656,201.23179772737677,0.0,-3.0,33.48351813370525,33.48351813370525,0.0,6.0,6.0,0.0,0.0,27.483518133705253,500.0,0.05496703626741051,0.34,20.468085178354336,9.374396165459785,2.0090110880223153,9.084677924872235,0.0,0.0,0.0,1.3393407253482101,201.23179772737677,0.0,1.3393407253482101,1.0,0.08370879533426313,1.3393407253482101,0.0,33.48351813370525,33.48351813370525,0.0,0.0,0.0,1.0,1.0
202,5,202,1,2024-09-20T19:00:00,ippo,H06,5,5,3,0.5229619741439819,8.578465773966167,0.22795252437188904,0.0,0.0,214.4616443491542,214.4616443491542,0.0,8.0,8.0,0.0,0.0,0.95,206.4616443491542,700.0,0.2949452062130774,0.34,112.15528490699823,70.23695907871245,12.867698660949252,29.050627167336536,12.950104694715257,12.950104694715257,4.56651779671618,13.5,0.832177367227176,1.486421242930656,201.23179772737677,0.0,-3.0,214.4616443491542,214.4616443491542,0.0,8.0,8.0,0.0,0.0,206.4616443491542,700.0,0.2949452062130774,0.34,112.15528490699823,70.23695907871245,12.867698660949252,29.050627167336536,0.0,0.0,0.0,8.578465773966167,201.23179772737677,0.0,8.578465773966167,1.0,0.5361541108728854,8.578465773966167,0.0,214.4616443491542,214.4616443491542,0.0,0.0,0.0,1.0,1.0
202,5,202,1,2024-09-20T19:00:00,ippo,H07,6,6,3,0.5636076927185059,7.639213214383599,0.22795252437188904,0.0,0.0,190.98033035958997,190.98033035958997,0.0,2.0,2.0,0.0,0.0,0.95,188.98033035958997,350.0,0.5399438010273999,0.34,107.63798334858652,64.2633123222606,11.458819821575398,31.915851204750517,10.432445283259113,10.432445283259113,1.884748893606938,13.5,0.832177367227176,1.486421242930656,201.23179772737677,0.0,-3.0,190.98033035958997,190.98033035958997,0.0,2.0,2.0,0.0,0.0,188.98033035958997,350.0,0.5399438010273999,0.34,107.63798334858652,64.2633123222606,11.458819821575398,31.915851204750517,0.0,0.0,0.0,7.639213214383599,201.23179772737677,0.0,7.639213214383599,1.0,0.6366011011986332,7.639213214383599,0.0,190.98033035958997,190.98033035958997,0.0,0.0,0.0,1.0,1.0
202,5,202,1,2024-09-20T19:00:00,ippo,H08,7,7,3,0.4952079653739929,0.1348425123051221,0.22795252437188904,0.0,0.0,3.371062807628052,209.91740174595054,0.0,7.2,7.2,0.0,0.0,0.95,202.71740174595055,500.0,0.4054348034919011,0.34,103.95276941520724,68.95991659362319,12.59504410475703,22.397808716827022,9.525179054351273,9.525179054351273,1.2319894889644385,13.5,0.832177367227176,1.486421242930656,201.23179772737677,0.0,-3.0,3.371062807628052,209.91740174595054,0.0,7.2,7.2,0.0,0.0,202.71740174595055,500.0,0.4054348034919011,0.34,103.95276941520724,68.95991659362319,12.59504410475703,22.397808716827022,0.0,0.0,0.0,0.1348425123051221,201.23179772737677,8.261853557532898,8.39669606983802,1.0,0.5247935043648763,8.39669606983802,206.5463389383225,209.91740174595054,209.91740174595054,0.0,0.0,0.0,1.0,1.0
202,5,202,1,2024-09-20T20:00:00,ippo,H01,0,0,4,0.5342321395874023,0.006302471351905616,0.1556131992940408,0.0,0.0,0.15756178379764044,137.8070175076496,0.0,0.0,0.0,0.0,0.0,0.95,137.8070175076496,250.0,0.5512280700305984,0.27,73.62093781327026,37.207894727065394,8.268421050458976,28.14462203574589,9.819298758565326,9.819298758565326,1.489679112327199,13.5,0.6779853003467464,1.7966912896398897,179.66912896398895,0.0,-3.0,0.15756178379764044,137.8070175076496,0.0,0.0,0.0,0.0,0.0,137.8070175076496,250.0,0.5512280700305984,0.27,73.62093781327026,37.207894727065394,8.268421050458976,28.14462203574589,0.0,0.0,0.0,0.006302471351905616,179.66912896398895,5.505978228954078,5.5122807003059835,1.0,0.6890350875382479,5.5122807003059835,137.64945572385196,137.8070175076496,137.8070175076496,0.0,0.0,0.0,1.0,1.0
202,5,202,1,2024-09-20T20:00:00,ippo,H02,1,1,4,0.5291972160339355,6.272145865531923,0.1556131992940408,0.0,0.0,156.8036466382981,156.8036466382981,0.0,0.0,0.0,0.0,0.0,0.95,156.8036466382981,250.0,0.6272145865531924,0.27,82.98005326495633,42.336984592340485,9.408218798297884,31.234849874317955,9.792099245282419,9.792099245282419,1.3029569734734754,13.5,0.6779853003467464,1.7966912896398897,179.66912896398895,0.0,-3.0,156.8036466382981,156.8036466382981,0.0,0.0,0.0,0.0,0.0,156.8036466382981,250.0,0.6272145865531924,0.27,82.98005326495633,42.336984592340485,9.408218798297884,31.234849874317955,0.0,0.0,0.0,6.272145865531923,179.66912896398895,0.0,6.272145865531923,1.0,0.7840182331914903,6.272145865531923,0.0,156.8036466382981,156.8036466382981,0.0,0.0,0.0,1.0,1.0
202,5,202,1,2024-09-20T20:00:00,ippo,H03,2,2,4,0.5188763737678528,3.1428523447052457,0.1556131992940408,0.0,0.0,78.57130861763116,101.0760914100862,0.0,0.0,0.0,0.0,0.0,0.95,101.0760914100862,350.0,0.2887888326002463,0.27,52.445995785493544,27.29054468072328,6.064565484605172,19.090885620165093,10.570574583523875,10.570574583523875,1.9189318788016434,13.5,0.6779853003467464,1.7966912896398897,179.66912896398895,0.0,-3.0,78.57130861763116,101.0760914100862,0.0,0.0,0.0,0.0,0.0,101.0760914100862,350.0,0.2887888326002463,0.27,52.445995785493544,27.29054468072328,6.064565484605172,19.090885620165093,0.0,0.0,0.0,3.1428523447052457,179.66912896398895,0.9001913116982028,4.043043656403448,1.0,0.33692030470028733,4.043043656403448,22.504782792455046,101.0760914100862,101.0760914100862,0.0,0.0,0.0,1.0,1.0
202,5,202,1,2024-09-20T20:00:00,ippo,H04,3,3,4,0.5360385179519653,3.029379336111638,0.1556131992940408,0.0,0.0,75.73448340279094,75.73448340279094,0.0,0.0,0.0,0.0,0.0,0.95,75.73448340279094,250.0,0.3029379336111638,0.27,40.596600241089774,20.448310518753555,4.544069004167457,15.604220718168762,13.699836101767021,13.699836101767021,4.7816118411791715,13.5,0.6779853003467464,1.7966912896398897,179.66912896398895,0.0,-3.0,75.73448340279094,75.73448340279094,0.0,0.0,0.0,0.0,0.0,75.73448340279094,250.0,0.3029379336111638,0.27,40.596600241089774,20.448310518753555,4.544069004167457,15.604220718168762,0.0,0.0,0.0,3.029379336111638,179.66912896398895,0.0,3.029379336111638,1.0,0.37867241701395477,3.029379336111638,0.0,75.73448340279094,75.73448340279094,0.0,0.0,0.0,1.0,1.0
202,5,202,1,2024-09-20T20:00:00,ippo,H05,4,4,4,0.6033949255943298,0.7589349736623057,0.1556131992940408,0.0,0.0,18.973374341557644,18.973374341557644,0.0,0.0,0.0,0.0,0.0,0.95,18.973374341557644,500.0,0.03794674868311529,0.27,11.448437799097542,5.122811072220564,1.1384024604934586,5.187224266383519,16.26692824968608,16.26692824968608,7.230963676727654,13.5,0.6779853003467464,1.7966912896398897,179.66912896398895,0.0,-3.0,18.973374341557644,18.973374341557644,0.0,0.0,0.0,0.0,0.0,18.973374341557644,500.0,0.03794674868311529,0.27,11.448437799097542,5.122811072220564,1.1384024604934586,5.187224266383519,0.0,0.0,0.0,0.7589349736623057,179.66912896398895,0.0,0.7589349736623057,1.0,0.047433435853894104,0.7589349736623057,0.0,18.973374341557644,18.973374341557644,0.0,0.0,0.0,1.0,1.0
202,5,202,1,2024-09-20T20:00:00,ippo,H06,5,5,4,0.5174784660339355,4.326197608267545,0.1556131992940408,0.0,0.0,108.15494020668862,108.15494020668862,0.0,0.0,0.0,0.0,0.0,0.95,108.15494020668862,700.0,0.1545070574381266,0.27,55.967852552149246,29.20183385580593,6.489296412401318,20.276722283942,13.118428973357647,13.118428973357647,4.595493475572498,13.5,0.6779853003467464,1.7966912896398897,179.66912896398895,0.0,-3.0,108.15494020668862,108.15494020668862,0.0,0.0,0.0,0.0,0.0,108.15494020668862,700.0,0.1545070574381266,0.27,55.967852552149246,29.20183385580593,6.489296412401318,20.276722283942,0.0,0.0,0.0,4.326197608267545,179.66912896398895,0.0,4.326197608267545,1.0,0.2703873505167216,4.326197608267545,0.0,108.15494020668862,108.15494020668862,0.0,0.0,0.0,1.0,1.0
202,5,202,1,2024-09-20T20:00:00,ippo,H07,6,6,4,0.5669366121292114,3.5512081589900673,0.1556131992940408,0.0,0.0,88.78020397475169,88.78020397475169,0.0,0.0,0.0,0.0,0.0,0.95,88.78020397475169,350.0,0.25365772564214767,0.27,50.332748065586074,23.970655073182957,5.3268122384851,21.035280753918016,10.359782496990368,10.359782496990368,1.6746692770505405,13.5,0.6779853003467464,1.7966912896398897,179.66912896398895,0.0,-3.0,88.78020397475169,88.78020397475169,0.0,0.0,0.0,0.0,0.0,88.78020397475169,350.0,0.25365772564214767,0.27,50.332748065586074,23.970655073182957,5.3268122384851,21.035280753918016,0.0,0.0,0.0,3.5512081589900673,179.66912896398895,0.0,3.5512081589900673,1.0,0.2959340132491723,3.5512081589900673,0.0,88.78020397475169,88.78020397475169,0.0,0.0,0.0,1.0,1.0
202,5,202,1,2024-09-20T20:00:00,ippo,H08,7,7,4,0.5078756809234619,8.791606184359743,0.1556131992940408,0.0,0.0,219.7901546089936,219.7901546089936,0.0,0.0,0.0,0.0,0.0,0.95,219.7901546089936,500.0,0.4395803092179872,0.27,111.62607443231559,59.34334174442827,13.187409276539615,39.09532341134771,9.673703790908274,9.673703790908274,1.2712640694825714,13.5,0.6779853003467464,1.7966912896398897,179.66912896398895,0.0,-3.0,219.7901546089936,219.7901546089936,0.0,0.0,0.0,0.0,0.0,219.7901546089936,500.0,0.4395803092179872,0.27,111.62607443231559,59.34334174442827,13.187409276539615,39.09532341134771,0.0,0.0,0.0,8.791606184359743,179.66912896398895,0.0,8.791606184359743,1.0,0.549475386522484,8.791606184359743,0.0,219.7901546089936,219.7901546089936,0.0,0.0,0.0,1.0,1.0
202,5,202,1,2024-09-20T21:00:00,ippo,H01,0,0,5,0.49838483333587646,5.487224276112254,0.11035443983466077,0.0,0.0,137.18060690280637,137.18060690280637,0.0,0.0,0.0,0.0,100.0,0.42368421052631583,37.180606902806375,250.0,0.1487224276112255,0.2,68.36873390816955,10.436121380561275,8.230836414168381,49.70177611343989,9.939951698224789,9.939951698224789,1.583933698553828,13.5,0.5446090075394009,2.7842229575962962,278.4222957596296,1.4210854715202004e-14,-3.0,137.18060690280637,137.18060690280637,0.0,0.0,0.0,0.0,100.0,37.180606902806375,250.0,0.1487224276112255,0.2,68.36873390816955,10.436121380561275,8.230836414168381,49.70177611343989,1.4210854715202004e-14,0.0,0.0,5.487224276112254,278.4222957596296,0.0,5.487224276112254,1.0,0.6859030345140318,5.487224276112254,0.0,137.18060690280637,137.18060690280637,0.0,0.0,0.0,1.0,1.0
202,5,202,1,2024-09-20T21:00:00,ippo,H02,1,1,5,0.5276811718940735,3.778628386365777,0.11035443983466077,0.0,0.0,94.46570965914441,94.46570965914441,0.0,0.0,0.0,0.0,94.46570965914441,0.4528120544255557,0.0,250.0,0.0,0.2,49.847776376742615,2.833971289774332,5.667942579548665,41.34586250741962,9.859866330574674,9.859866330574674,1.356848652367292,13.5,0.5446090075394009,2.7842229575962962,278.4222957596296,0.0,-3.0,94.46570965914441,94.46570965914441,0.0,0.0,0.0,0.0,94.46570965914441,0.0,250.0,0.0,0.2,49.847776376742615,2.833971289774332,5.667942579548665,41.34586250741962,0.0,0.0,0.0,3.778628386365777,278.4222957596296,0.0,3.778628386365777,1.0,0.47232854829572213,3.778628386365777,0.0,94.46570965914441,94.46570965914441,0.0,0.0,0.0,1.0,1.0
202,5,202,1,2024-09-20T21:00:00,ippo,H03,2,2,5,0.5112578868865967,4.498130641330546,0.11035443983466077,0.0,0.0,112.45326603326365,112.45326603326365,0.0,0.0,0.0,0.0,112.45326603326365,0.5554271367253908,0.0,350.0,0.0,0.2,57.49261916566267,3.3735979809979093,6.747195961995819,47.37182522266894,10.440162511468,10.440162511468,1.7706101541753276,13.5,0.5446090075394009,2.7842229575962962,278.4222957596296,1.4210854715202004e-14,-3.0,112.45326603326365,112.45326603326365,0.0,0.0,0.0,0.0,112.45326603326365,0.0,350.0,0.0,0.2,57.49261916566267,3.3735979809979093,6.747195961995819,47.37182522266894,1.4210854715202004e-14,0.0,0.0,4.498130641330546,278.4222957596296,0.0,4.498130641330546,1.0,0.3748442201108788,4.498130641330546,0.0,112.45326603326365,112.45326603326365,0.0,0.0,0.0,1.0,1.0
202,5,202,1,2024-09-20T21:00:00,ippo,H04,3,3,5,0.5393117666244507,1.7877241958892354,0.11035443983466077,0.0,0.0,44.69310489723088,44.69310489723088,0.0,0.0,0.0,0.0,44.69310489723088,0.7618185056958701,0.0,250.0,0.0,0.2,24.103517358057474,1.3407931469169263,2.681586293833853,20.081137917306695,13.518473231100945,13.518473231100945,4.578470890104083,13.5,0.5446090075394009,2.7842229575962962,278.4222957596296,2.1316282072803006e-14,-3.0,44.69310489723088,44.69310489723088,0.0,0.0,0.0,0.0,44.69310489723088,0.0,250.0,0.0,0.2,24.103517358057474,1.3407931469169263,2.681586293833853,20.081137917306695,2.1316282072803006e-14,0.0,0.0,1.7877241958892354,278.4222957596296,0.0,1.7877241958892354,1.0,0.22346552448615442,1.7877241958892354,0.0,44.69310489723088,44.69310489723088,0.0,0.0,0.0,1.0,1.0
202,5,202,1,2024-09-20T21:00:00,ippo,H05,4,4,5,0.5958634614944458,0.5131882717217462,0.11035443983466077,0.0,0.0,12.829706793043654,12.829706793043654,0.0,0.0,0.0,0.0,12.829706793043654,0.9229900909620133,0.0,500.0,0.0,0.2,7.644753499661797,0.3848912037913096,0.7697824075826193,6.490079888287868,16.184886424167207,16.184886424167207,7.114870184547617,13.5,0.5446090075394009,2.7842229575962962,278.4222957596296,5.329070518200751e-15,-3.0,12.829706793043654,12.829706793043654,0.0,0.0,0.0,0.0,12.829706793043654,0.0,500.0,0.0,0.2,7.644753499661797,0.3848912037913096,0.7697824075826193,6.490079888287868,5.329070518200751e-15,0.0,0.0,0.5131882717217462,278.4222957596296,0.0,0.5131882717217462,1.0,0.03207426698260914,0.5131882717217462,0.0,12.829706793043654,12.829706793043654,0.0,0.0,0.0,1.0,1.0
202,5,202,1,2024-09-20T21:00:00,ippo,H06,5,5,5,0.5120816230773926,2.7280547203129024,0.11035443983466077,0.0,0.0,68.20136800782257,68.20136800782257,0.0,0.0,0.0,0.0,68.20136800782257,0.8303484771792586,0.0,700.0,0.0,0.2,34.92466722554433,2.0460410402346767,4.092082080469353,28.786544104840303,13.280956583035202,13.280956583035202,4.706234613330851,13.5,0.5446090075394009,2.7842229575962962,278.4222957596296,0.0,-3.0,68.20136800782257,68.20136800782257,0.0,0.0,0.0,0.0,68.20136800782257,0.0,700.0,0.0,0.2,34.92466722554433,2.0460410402346767,4.092082080469353,28.786544104840303,0.0,0.0,0.0,2.7280547203129024,278.4222957596296,0.0,2.7280547203129024,1.0,0.1705034200195564,2.7280547203129024,0.0,68.20136800782257,68.20136800782257,0.0,0.0,0.0,1.0,1.0
202,5,202,1,2024-09-20T21:00:00,ippo,H07,6,6,5,0.5692809820175171,2.104893949224809,0.11035443983466077,0.0,0.0,52.62234873062023,52.62234873062023,0.0,0.0,0.0,0.0,52.62234873062023,0.7653601798925606,0.0,350.0,0.0,0.2,29.95690236143573,1.578670461918607,3.1573409238372134,25.22089097567991,10.248178671059057,10.248178671059057,1.5387165105651097,13.5,0.5446090075394009,2.7842229575962962,278.4222957596296,0.0,-3.0,52.62234873062023,52.62234873062023,0.0,0.0,0.0,0.0,52.62234873062023,0.0,350.0,0.0,0.2,29.95690236143573,1.578670461918607,3.1573409238372134,25.22089097567991,0.0,0.0,0.0,2.104893949224809,278.4222957596296,0.0,2.104893949224809,1.0,0.17540782910206743,2.104893949224809,0.0,52.62234873062023,52.62234873062023,0.0,0.0,0.0,1.0,1.0
202,5,202,1,2024-09-20T21:00:00,ippo,H08,7,7,5,0.5004218220710754,5.79152236400291,0.11035443983466077,0.0,0.0,144.78805910007276,144.78805910007276,0.0,0.0,0.0,0.0,144.78805910007276,0.645183033473531,0.0,500.0,0.0,0.2,72.45510434899296,4.343641773002182,8.687283546004366,59.42417902998642,9.741133096545958,9.741133096545958,1.3051912459291275,13.5,0.5446090075394009,2.7842229575962962,278.4222957596296,2.842170943040401e-14,-3.0,144.78805910007276,144.78805910007276,0.0,0.0,0.0,0.0,144.78805910007276,0.0,500.0,0.0,0.2,72.45510434899296,4.343641773002182,8.687283546004366,59.42417902998642,2.842170943040401e-14,0.0,0.0,5.79152236400291,278.4222957596296,0.0,5.79152236400291,1.0,0.3619701477501819,5.79152236400291,0.0,144.78805910007276,144.78805910007276,0.0,0.0,0.0,1.0,1.0
303,5,303,2,2024-09-20T16:00:00,ippo,H01,0,0,0,0.5244994163513184,9.563468034534138,0.10179605727483755,11.726010259006031,0.0,239.08670086335343,200.0,0.0,44.0,44.0,84.21052631578947,0.0,0.95,240.21052631578948,250.0,0.9608421052631579,0.16,104.89988327026367,38.653684210526315,12.0,54.246199059737364,10.358842566746771,10.358842566746771,1.8365486592864668,13.5,0.5159178326246958,3.6296618910092566,416.7280062465172,0.0,-3.0,239.08670086335343,200.0,0.0,44.0,44.0,84.21052631578947,0.0,240.21052631578948,250.0,0.9608421052631579,0.16,104.89988327026367,38.653684210526315,12.0,54.246199059737364,0.0,0.0,0.0,9.563468034534138,416.7280062465172,0.0,9.563468034534138,0.8365166246294357,1.1954335043167672,8.0,0.0,239.08670086335343,200.0,39.08670086335343,0.0,0.0,1.0,0.8365166246294357
303,5,303,2,2024-09-20T16:00:00,ippo,H02,1,1,0,0.5406837463378906,7.849408717844462,0.10179605727483755,0.0,0.0,196.23521794611156,196.23521794611156,0.0,33.0,33.0,86.76478205388844,0.0,0.91213271475597,250.0,250.0,1.0,0.16,106.10119280253606,40.165,11.774113076766692,54.16207972576936,10.30283909100993,10.30283909100993,1.646704726360117,13.5,0.5159178326246958,3.6296618910092566,416.7280062465172,1.4210854715202004e-14,-3.0,196.23521794611156,196.23521794611156,0.0,33.0,33.0,86.76478205388844,0.0,250.0,250.0,1.0,0.16,106.10119280253606,40.165,11.774113076766692,54.16207972576936,1.4210854715202004e-14,0.0,0.0,7.849408717844462,416.7280062465172,0.0,7.849408717844462,1.0,0.9811760897305577,7.849408717844462,0.0,196.23521794611156,196.23521794611156,0.0,0.0,0.0,1.0,1.0
303,5,303,2,2024-09-20T16:00:00,ippo,H03,2,2,0,0.5108418464660645,11.935517071478413,0.10179605727483755,0.0,0.0,298.3879267869603,298.3879267869603,0.0,33.0,0.0,84.61207321303971,0.0,0.8679382318412924,350.0,350.0,1.0,0.16,152.42903948303166,56.165,17.90327560721762,78.36076387581404,10.54731961428155,10.54731961428155,1.7246119327838139,13.5,0.5159178326246958,3.6296618910092566,416.7280062465172,1.4210854715202004e-14,-3.0,298.3879267869603,298.3879267869603,0.0,33.0,0.0,84.61207321303971,0.0,350.0,350.0,1.0,0.16,152.42903948303166,56.165,17.90327560721762,78.36076387581404,1.4210854715202004e-14,0.0,0.0,11.935517071478413,416.7280062465172,0.0,11.935517071478413,1.0,0.9946264226232011,11.935517071478413,0.0,298.3879267869603,298.3879267869603,0.0,0.0,0.0,1.0,1.0
303,5,303,2,2024-09-20T16:00:00,ippo,H04,3,3,0,0.531040608882904,5.703004553714502,0.10179605727483755,0.0,0.0,142.57511384286255,142.57511384286255,0.0,44.0,44.0,78.94736842105263,0.0,0.95,177.52248226391518,250.0,0.7100899290556607,0.16,75.71317526666309,28.623597162226428,8.554506830571754,38.5350712738649,13.202787205991651,13.202787205991651,4.112324297579384,13.5,0.5159178326246958,3.6296618910092566,416.7280062465172,0.0,-3.0,142.57511384286255,142.57511384286255,0.0,44.0,44.0,78.94736842105263,0.0,177.52248226391518,250.0,0.7100899290556607,0.16,75.71317526666309,28.623597162226428,8.554506830571754,38.5350712738649,0.0,0.0,0.0,5.703004553714502,416.7280062465172,0.0,5.703004553714502,1.0,0.7128755692143127,5.703004553714502,0.0,142.57511384286255,142.57511384286255,0.0,0.0,0.0,1.0,1.0
303,5,303,2,2024-09-20T16:00:00,ippo,H05,4,4,0,0.5878431797027588,1.7260806846798689,0.10179605727483755,0.0,0.0,43.152017116996724,43.152017116996724,0.0,82.5,0.0,131.57894736842104,0.0,0.95,92.23096448541779,500.0,0.18446192897083558,0.16,25.36661895264323,15.169454317666846,2.5891210270198033,7.60804360795658,15.483232124532375,15.483232124532375,6.240806834350976,13.5,0.5159178326246958,3.6296618910092566,416.7280062465172,1.4210854715202004e-14,-3.0,43.152017116996724,43.152017116996724,0.0,82.5,0.0,131.57894736842104,0.0,92.23096448541779,500.0,0.18446192897083558,0.16,25.36661895264323,15.169454317666846,2.5891210270198033,7.60804360795658,1.4210854715202004e-14,0.0,0.0,1.7260806846798689,416.7280062465172,0.0,1.7260806846798689,1.0,0.1078800427924918,1.7260806846798689,0.0,43.152017116996724,43.152017116996724,0.0,0.0,0.0,1.0,1.0
303,5,303,2,2024-09-20T16:00:00,ippo,H06,5,5,0,0.5035836100578308,8.188318819014054,0.10179605727483755,0.0,0.0,204.70797047535137,204.70797047535137,0.0,110.0,110.0,126.31578947368422,0.0,0.95,221.0237599490356,700.0,0.3157482284986223,0.16,103.0875787795893,35.91380159184569,12.28247822852108,54.89129895922253,13.364054890477172,13.364054890477172,4.617247524587439,13.5,0.5159178326246958,3.6296618910092566,416.7280062465172,0.0,-3.0,204.70797047535137,204.70797047535137,0.0,110.0,110.0,126.31578947368422,0.0,221.0237599490356,700.0,0.3157482284986223,0.16,103.0875787795893,35.91380159184569,12.28247822852108,54.89129895922253,0.0,0.0,0.0,8.188318819014054,416.7280062465172,0.0,8.188318819014054,1.0,0.5117699261883784,8.188318819014054,0.0,204.70797047535137,204.70797047535137,0.0,0.0,0.0,1.0,1.0
303,5,303,2,2024-09-20T16:00:00,ippo,H07,6,6,0,0.5602169036865234,6.521679097098166,0.10179605727483755,0.0,0.0,163.04197742745413,163.04197742745413,0.0,27.5,27.5,126.31578947368422,0.0,0.95,261.85776690113835,350.0,0.7481650482889667,0.16,91.33887176533639,42.034742704182136,9.782518645647249,39.521610415507006,10.155353189309935,10.155353189309935,1.260608004326515,13.5,0.5159178326246958,3.6296618910092566,416.7280062465172,0.0,-3.0,163.04197742745413,163.04197742745413,0.0,27.5,27.5,126.31578947368422,0.0,261.85776690113835,350.0,0.7481650482889667,0.16,91.33887176533639,42.034742704182136,9.782518645647249,39.521610415507006,0.0,0.0,0.0,6.521679097098166,416.7280062465172,0.0,6.521679097098166,1.0,0.5434732580915138,6.521679097098166,0.0,163.04197742745413,163.04197742745413,0.0,0.0,0.0,1.0,1.0
303,5,303,2,2024-09-20T16:00:00,ippo,H08,7,7,0,0.45777642726898193,27.16824228607888,0.10179605727483755,41.880908572795796,26.880908572795796,679.206057151972,400.00000000000006,0.0,99.0,0.0,131.57894736842104,0.0,0.95,432.5789473684211,500.0,0.8651578947368422,0.16,183.1105709075928,69.70763157894739,24.0,89.40293932864542,9.939280235524947,9.939280235524947,1.3166220402552176,13.5,0.5159178326246958,3.6296618910092566,416.7280062465172,1.4210854715202004e-14,-3.0,679.206057151972,400.00000000000006,0.0,99.0,0.0,131.57894736842104,0.0,432.5789473684211,500.0,0.8651578947368422,0.16,183.1105709075928,69.70763157894739,24.0,89.40293932864542,1.4210854715202004e-14,0.44801514287992994,0.0,27.16824228607888,416.7280062465172,0.0,27.16824228607888,0.5889228987109876,1.69801514287993,16.0,0.0,679.206057151972,400.00000000000006,279.20605715197195,0.0,0.0,1.0,0.5889228987109876
303,5,303,2,2024-09-20T17:00:00,ippo,H01,0,0,1,0.5164505839347839,3.5510367146019624,0.17346424439621455,0.0,0.0,88.77591786504907,127.8626187284025,0.0,28.0,28.0,0.0,0.0,0.95,99.8626187284025,250.0,0.39945047491360997,0.22,66.0347241057141,22.10977612024855,7.67175712370415,36.2531908617614,9.667378830690511,9.667378830690511,1.487732871921975,13.5,0.7227319992756815,3.1252338170920657,508.620389408315,0.0,-3.0,88.77591786504907,127.8626187284025,0.0,28.0,28.0,0.0,0.0,99.8626187284025,250.0,0.39945047491360997,0.22,66.0347241057141,22.10977612024855,7.67175712370415,36.2531908617614,0.0,0.0,0.0,3.5510367146019624,508.620389408315,1.5634680345341376,5.1145047491361,1.0,0.6393130936420125,5.1145047491361,39.08670086335343,127.8626187284025,127.8626187284025,0.0,0.0,0.0,1.0,1.0
303,5,303,2,2024-09-20T17:00:00,ippo,H02,1,1,1,0.5398718118667603,17.600485295182292,0.17346424439621455,72.00363971386719,57.00363971386719,440.0121323795574,200.00000000000003,0.0,21.0,21.0,7.9720600513747435,0.0,0.95,186.97206005137477,250.0,0.747888240205499,0.22,107.97436237335206,41.23885321130245,12.0,54.735509162049624,9.840181554975015,9.840181554975015,1.4790599347270237,13.5,0.7227319992756815,3.1252338170920657,508.620389408315,0.0,-3.0,440.0121323795574,200.00000000000003,0.0,21.0,21.0,7.9720600513747435,0.0,186.97206005137477,250.0,0.747888240205499,0.22,107.97436237335206,41.23885321130245,12.0,54.735509162049624,0.0,0.9500606618977865,0.0,17.600485295182292,508.620389408315,0.0,17.600485295182292,0.4545329214410813,2.2000606618977865,8.0,0.0,440.0121323795574,200.00000000000003,240.01213237955736,0.0,0.0,1.0,0.4545329214410813
303,5,303,2,2024-09-20T17:00:00,ippo,H03,2,2,1,0.5130066871643066,23.20897282713741,0.17346424439621455,56.04486413568704,41.04486413568704,580.2243206784351,299.99999999999994,0.0,21.0,21.0,25.91424257643397,0.0,0.95,304.91424257643394,350.0,0.8711835502183827,0.22,153.90200614929196,67.18613336681547,18.0,68.7158727824765,10.614641474677185,10.614641474677185,2.099847417673482,13.5,0.7227319992756815,3.1252338170920657,508.620389408315,0.0,-3.0,580.2243206784351,299.99999999999994,0.0,21.0,21.0,25.91424257643397,0.0,304.91424257643394,350.0,0.8711835502183827,0.22,153.90200614929196,67.18613336681547,18.0,68.7158727824765,0.0,0.6840810689281174,0.0,23.20897282713741,508.620389408315,0.0,23.20897282713741,0.5170414084835687,1.9340810689281174,12.0,0.0,580.2243206784351,299.99999999999994,280.22432067843516,0.0,0.0,1.0,0.5170414084835687
303,5,303,2,2024-09-20T17:00:00,ippo,H04,3,3,1,0.5375383496284485,9.583433342258814,0.17346424439621455,11.875750066941109,0.0,239.5858335564704,200.0,0.0,28.0,28.0,0.0,0.0,0.95,172.0,250.0,0.688,0.22,107.5076699256897,37.980000000000004,12.0,57.52766992568969,13.767672235782786,13.767672235782786,5.025120910380792,13.5,0.7227319992756815,3.1252338170920657,508.620389408315,0.0,-3.0,239.5858335564704,200.0,0.0,28.0,28.0,0.0,0.0,172.0,250.0,0.688,0.22,107.5076699256897,37.980000000000004,12.0,57.52766992568969,0.0,0.0,0.0,9.583433342258814,508.620389408315,0.0,9.583433342258814,0.8347738972340366,1.1979291677823518,8.0,0.0,239.5858335564704,200.0,39.58583355647039,0.0,0.0,1.0,0.8347738972340366
303,5,303,2,2024-09-20T17:00:00,ippo,H05,4,4,1,0.5930873155593872,2.8081436292076605,0.17346424439621455,0.0,0.0,70.20359073019152,70.20359073019152,0.0,52.5,52.5,0.0,0.0,0.95,17.70359073019152,500.0,0.03540718146038304,0.22,41.63685916879917,4.157289960642134,4.212215443811491,33.26735376434554,16.399576089696478,16.399576089696478,7.568224497732716,13.5,0.7227319992756815,3.1252338170920657,508.620389408315,0.0,-3.0,70.20359073019152,70.20359073019152,0.0,52.5,52.5,0.0,0.0,17.70359073019152,500.0,0.03540718146038304,0.22,41.63685916879917,4.157289960642134,4.212215443811491,33.26735376434554,0.0,0.0,0.0,2.8081436292076605,508.620389408315,0.0,2.8081436292076605,1.0,0.17550897682547878,2.8081436292076605,0.0,70.20359073019152,70.20359073019152,0.0,0.0,0.0,1.0,1.0
303,5,303,2,2024-09-20T17:00:00,ippo,H06,5,5,1,0.5081111788749695,16.886434123556484,0.17346424439621455,3.3241279633368137,0.0,422.16085308891206,400.0,0.0,70.0,70.0,0.0,0.0,0.95,330.0,700.0,0.4714285714285714,0.22,203.2444715499878,72.94999999999999,24.0,106.2944715499878,12.822755051164002,12.822755051164002,4.50254316087527,13.5,0.7227319992756815,3.1252338170920657,508.620389408315,0.0,-3.0,422.16085308891206,400.0,0.0,70.0,70.0,0.0,0.0,330.0,700.0,0.4714285714285714,0.22,203.2444715499878,72.94999999999999,24.0,106.2944715499878,0.0,0.0,0.0,16.886434123556484,508.620389408315,0.0,16.886434123556484,0.9475061391250204,1.0554021327222802,16.0,0.0,422.16085308891206,400.0,22.160853088912063,0.0,0.0,1.0,0.9475061391250204
303,5,303,2,2024-09-20T17:00:00,ippo,H07,6,6,1,0.5635052919387817,12.09558288898545,0.17346424439621455,0.4779144449272543,0.0,302.38957222463625,300.0,0.0,17.5,17.5,0.0,0.0,0.95,282.5,350.0,0.8071428571428572,0.22,169.05158758163452,62.2375,18.0,88.81408758163452,10.394071614843423,10.394071614843423,1.8634348141479058,13.5,0.7227319992756815,3.1252338170920657,508.620389408315,0.0,-3.0,302.38957222463625,300.0,0.0,17.5,17.5,0.0,0.0,282.5,350.0,0.8071428571428572,0.22,169.05158758163452,62.2375,18.0,88.81408758163452,0.0,0.0,0.0,12.09558288898545,508.620389408315,0.0,12.09558288898545,0.9920977029496866,1.0079652407487876,12.0,0.0,302.38957222463625,300.0,2.389572224636254,0.0,0.0,1.0,0.9920977029496866
303,5,303,2,2024-09-20T17:00:00,ippo,H08,7,7,1,0.45621925592422485,0.06032261074285382,0.17346424439621455,0.0,0.0,1.5080652685713458,280.7141224205433,0.0,63.0,63.0,0.0,0.0,0.95,217.71412242054328,500.0,0.43542824484108655,0.22,128.067188058122,48.21210693251952,16.8428473452326,63.0122337803699,9.4847879592705,9.4847879592705,1.2332761839458783,13.5,0.7227319992756815,3.1252338170920657,508.620389408315,0.0,-3.0,1.5080652685713458,280.7141224205433,0.0,63.0,63.0,0.0,0.0,217.71412242054328,500.0,0.43542824484108655,0.22,128.067188058122,48.21210693251952,16.8428473452326,63.0122337803699,0.0,0.0,0.0,0.06032261074285382,508.620389408315,11.168242286078879,11.228564896821732,1.0,0.7017853060513582,11.228564896821732,279.20605715197195,280.7141224205433,280.7141224205433,0.0,0.0,0.0,1.0,1.0
303,5,303,2,2024-09-20T18:00:00,ippo,H01,0,0,2,0.4978886842727661,21.505977849052364,0.17271675342927525,101.29483386789273,86.29483386789273,537.6494462263091,200.00000000000003,0.0,12.8,12.8,0.0,0.0,0.95,187.20000000000002,250.0,0.7488,0.3,99.57773685455324,56.224000000000004,12.0,31.353736854553233,10.050873837027648,10.050873837027648,1.6191006843018236,13.5,0.7162910631440274,0.9138394449417879,295.937513911461,0.0,-3.0,537.6494462263091,200.00000000000003,0.0,12.8,12.8,0.0,0.0,187.20000000000002,250.0,0.7488,0.3,99.57773685455324,56.224000000000004,12.0,31.353736854553233,0.0,1.4382472311315455,0.0,21.505977849052364,295.937513911461,0.0,21.505977849052364,0.37198959545810706,2.6882472311315455,8.0,0.0,537.6494462263091,200.00000000000003,337.6494462263091,0.0,0.0,1.0,0.37198959545810706
303,5,303,2,2024-09-20T18:00:00,ippo,H02,1,1,2,0.5508692264556885,7.417489708384917e-05,0.17271675342927525,12.00419602559532,0.0,0.001854372427096229,200.00000000000006,0.0,9.6,9.6,0.0,0.0,0.95,190.40000000000006,250.0,0.7616000000000003,0.3,110.17384529113772,57.16800000000002,12.0,41.0058452911377,9.955200582651807,9.955200582651807,1.3728358984814044,13.5,0.7162910631440274,0.9138394449417879,295.937513911461,0.0,-3.0,0.001854372427096229,200.00000000000006,0.0,9.6,9.6,0.0,0.0,190.40000000000006,250.0,0.7616000000000003,0.3,110.17384529113772,57.16800000000002,12.0,41.0058452911377,0.0,0.0,0.0,7.417489708384917e-05,295.937513911461,9.600485295182292,9.600559470079375,0.8332847710523955,1.2000699337599219,8.0,240.01213237955736,240.01398675198445,200.00000000000006,40.01398675198439,1.1102230246251565e-16,0.0,1.0,0.8332847710523955
303,5,303,2,2024-09-20T18:00:00,ippo,H03,2,2,2,0.5157111883163452,0.0016045656711199878,0.17271675342927525,0.0,0.0,0.04011414177799969,280.2644348202132,0.0,9.6,9.6,0.0,0.0,0.95,270.66443482021316,350.0,0.7733269566291805,0.3,144.53550472394102,81.24733044606394,16.81586608921279,46.472308188664286,10.467373647534243,10.467373647534243,1.7567394784571775,13.5,0.7162910631440274,0.9138394449417879,295.937513911461,0.0,-3.0,0.04011414177799969,280.2644348202132,0.0,9.6,9.6,0.0,0.0,270.66443482021316,350.0,0.7733269566291805,0.3,144.53550472394102,81.24733044606394,16.81586608921279,46.472308188664286,0.0,0.0,0.0,0.0016045656711199878,295.937513911461,11.208972827137409,11.210577392808528,1.0,0.934214782734044,11.210577392808528,280.22432067843516,280.2644348202132,280.2644348202132,0.0,0.0,0.0,1.0,1.0
303,5,303,2,2024-09-20T18:00:00,ippo,H04,3,3,2,0.5359201431274414,1.0560717569962441,0.17271675342927525,0.0,0.0,26.4017939249061,65.98762748137649,0.0,12.8,12.8,0.0,0.0,0.95,53.187627481376495,250.0,0.21275050992550598,0.3,35.36409876445958,16.020288244412946,3.9592576488825877,15.384552871164043,13.461660353771398,13.461660353771398,4.541208645938353,13.5,0.7162910631440274,0.9138394449417879,295.937513911461,0.0,-3.0,26.4017939249061,65.98762748137649,0.0,12.8,12.8,0.0,0.0,53.187627481376495,250.0,0.21275050992550598,0.3,35.36409876445958,16.020288244412946,3.9592576488825877,15.384552871164043,0.0,0.0,0.0,1.0560717569962441,295.937513911461,1.5834333422588145,2.6395050992550586,1.0,0.3299381374068823,2.6395050992550586,39.58583355647039,65.98762748137649,65.98762748137649,0.0,0.0,0.0,1.0,1.0
303,5,303,2,2024-09-20T18:00:00,ippo,H05,4,4,2,0.6059725284576416,1.7574295763499463,0.17271675342927525,0.0,0.0,43.93573940874866,43.93573940874866,0.0,24.0,24.0,0.0,0.0,0.95,19.93573940874866,500.0,0.03987147881749732,0.3,26.62385109917547,6.100721822624598,2.6361443645249194,17.886984912025955,16.246350226648744,16.246350226648744,7.215181684496706,13.5,0.7162910631440274,0.9138394449417879,295.937513911461,0.0,-3.0,43.93573940874866,43.93573940874866,0.0,24.0,24.0,0.0,0.0,19.93573940874866,500.0,0.03987147881749732,0.3,26.62385109917547,6.100721822624598,2.6361443645249194,17.886984912025955,0.0,0.0,0.0,1.7574295763499463,295.937513911461,0.0,1.7574295763499463,1.0,0.10983934852187165,1.7574295763499463,0.0,43.93573940874866,43.93573940874866,0.0,0.0,0.0,1.0,1.0
303,5,303,2,2024-09-20T18:00:00,ippo,H06,5,5,2,0.5178951025009155,5.951347006143623,0.17271675342927525,0.0,0.0,148.78367515359056,170.94452824250263,0.0,32.0,32.0,0.0,0.0,0.95,138.94452824250263,700.0,0.19849218320357517,0.3,88.53133397612154,41.843358472750786,10.25667169455016,36.4313038088206,13.114396102564116,13.114396102564116,4.524015130864482,13.5,0.7162910631440274,0.9138394449417879,295.937513911461,0.0,-3.0,148.78367515359056,170.94452824250263,0.0,32.0,32.0,0.0,0.0,138.94452824250263,700.0,0.19849218320357517,0.3,88.53133397612154,41.843358472750786,10.25667169455016,36.4313038088206,0.0,0.0,0.0,5.951347006143623,295.937513911461,0.8864341235564837,6.837781129700106,1.0,0.42736132060625664,6.837781129700106,22.160853088912063,170.94452824250263,170.94452824250263,0.0,0.0,0.0,1.0,1.0
303,5,303,2,2024-09-20T18:00:00,ippo,H07,6,6,2,0.563647449016571,8.181984435883376,0.17271675342927525,0.0,0.0,204.54961089708434,206.9391831217206,0.0,8.0,8.0,0.0,0.0,0.95,198.9391831217206,350.0,0.5683976660620588,0.3,116.64074266813087,59.72175493651617,12.41635098730324,44.50263674431146,10.334964776728544,10.334964776728544,1.5949273153269026,13.5,0.7162910631440274,0.9138394449417879,295.937513911461,0.0,-3.0,204.54961089708434,206.9391831217206,0.0,8.0,8.0,0.0,0.0,198.9391831217206,350.0,0.5683976660620588,0.3,116.64074266813087,59.72175493651617,12.41635098730324,44.50263674431146,0.0,0.0,0.0,8.181984435883376,295.937513911461,0.09558288898545086,8.277567324868826,1.0,0.6897972770724022,8.277567324868826,2.389572224636254,206.9391831217206,206.9391831217206,0.0,0.0,0.0,1.0,1.0
303,5,303,2,2024-09-20T18:00:00,ippo,H08,7,7,2,0.49601036310195923,24.2618535575329,0.17271675342927525,30.981950840748368,15.981950840748368,606.5463389383225,400.0,0.0,28.8,28.8,0.0,0.0,0.95,371.2,500.0,0.7424,0.3,198.4041452407837,111.504,24.0,62.90014524078369,9.782819232625643,9.782819232625643,1.2855665863349683,13.5,0.7162910631440274,0.9138394449417879,295.937513911461,0.0,-3.0,606.5463389383225,400.0,0.0,28.8,28.8,0.0,0.0,371.2,500.0,0.7424,0.3,198.4041452407837,111.504,24.0,62.90014524078369,0.0,0.26636584734580615,0.0,24.2618535575329,295.937513911461,0.0,24.2618535575329,0.6594714604990379,1.5163658473458062,16.0,0.0,606.5463389383225,400.0,206.5463389383225,0.0,0.0,1.0,0.6594714604990379
303,5,303,2,2024-09-20T19:00:00,ippo,H01,0,0,3,0.5770127773284912,3.79901713865911e-07,0.22795252437188904,41.29483671715558,26.294836717155583,9.497542846647774e-06,200.00000000000003,0.0,3.2,3.2,0.0,0.0,0.95,196.80000000000004,250.0,0.7872000000000001,0.34,115.40255546569826,66.92800000000003,12.0,36.47455546569823,9.628092828757962,9.628092828757962,1.3936453995831328,13.5,0.832177367227176,1.486421242930656,201.23179772737677,0.0,-3.0,9.497542846647774e-06,200.00000000000003,0.0,3.2,3.2,0.0,0.0,196.80000000000004,250.0,0.7872000000000001,0.34,115.40255546569826,66.92800000000003,12.0,36.47455546569823,0.0,0.4382472786192597,0.0,3.79901713865911e-07,201.23179772737677,13.505977849052364,13.505978228954078,0.5923302899192909,1.6882472786192597,8.0,337.6494462263091,337.649455723852,200.00000000000003,137.64945572385196,0.0,0.0,1.0,0.5923302899192909
303,5,303,2,2024-09-20T19:00:00,ippo,H02,1,1,3,0.5351542830467224,1.708934411406349,0.22795252437188904,0.0,0.0,42.723360285158726,82.73734703714311,0.0,2.4,2.4,0.0,0.0,0.95,80.3373470371431,250.0,0.3213493881485724,0.34,44.27724563485018,27.32669799262866,4.964240822228588,11.986306819992935,9.645931393981579,9.645931393981579,1.246568515852319,13.5,0.832177367227176,1.486421242930656,201.23179772737677,0.0,-3.0,42.723360285158726,82.73734703714311,0.0,2.4,2.4,0.0,0.0,80.3373470371431,250.0,0.3213493881485724,0.34,44.27724563485018,27.32669799262866,4.964240822228588,11.986306819992935,0.0,0.0,0.0,1.708934411406349,201.23179772737677,1.600559470079376,3.309493881485725,1.0,0.41368673518571564,3.309493881485725,40.01398675198439,82.73734703714311,82.73734703714311,0.0,0.0,0.0,1.0,1.0
303,5,303,2,2024-09-20T19:00:00,ippo,H03,2,2,3,0.523544430732727,12.900191311698203,0.22795252437188904,4.500956558491014,0.0,322.5047827924551,300.00000000000006,0.0,2.4,2.4,0.0,0.0,0.95,297.6000000000001,350.0,0.8502857142857145,0.34,157.06332921981814,101.19600000000004,18.0,37.8673292198181,10.567485918680099,10.567485918680099,2.0303746812092105,13.5,0.832177367227176,1.486421242930656,201.23179772737677,0.0,-3.0,322.5047827924551,300.00000000000006,0.0,2.4,2.4,0.0,0.0,297.6000000000001,350.0,0.8502857142857145,0.34,157.06332921981814,101.19600000000004,18.0,37.8673292198181,0.0,0.0,0.0,12.900191311698203,201.23179772737677,0.0,12.900191311698203,0.9302187626564974,1.075015942641517,12.0,0.0,322.5047827924551,300.00000000000006,22.504782792455046,0.0,0.0,1.0,0.9302187626564974
303,5,303,2,2024-09-20T19:00:00,ippo,H04,3,3,3,0.5314645767211914,6.5059780334376365,0.22795252437188904,0.0,0.0,162.64945083594088,162.64945083594088,0.0,3.2,3.2,0.0,0.0,0.95,159.4494508359409,250.0,0.6377978033437636,0.34,86.44242154245755,54.2288132842199,9.758967050156455,22.454641208081192,13.894727311168339,13.894727311168339,5.130008409442833,13.5,0.832177367227176,1.486421242930656,201.23179772737677,0.0,-3.0,162.64945083594088,162.64945083594088,0.0,3.2,3.2,0.0,0.0,159.4494508359409,250.0,0.6377978033437636,0.34,86.44242154245755,54.2288132842199,9.758967050156455,22.454641208081192,0.0,0.0,0.0,6.5059780334376365,201.23179772737677,0.0,6.5059780334376365,1.0,0.8132472541797046,6.5059780334376365,0.0,162.64945083594088,162.64945083594088,0.0,0.0,0.0,1.0,1.0
303,5,303,2,2024-09-20T19:00:00,ippo,H05,4,4,3,0.6112883687019348,1.3393407253482101,0.22795252437188904,0.0,0.0,33.48351813370525,33.48351813370525,0.0,6.0,6.0,0.0,0.0,0.95,27.483518133705253,500.0,0.05496703626741051,0.34,20.468085178354336,9.374396165459785,2.0090110880223153,9.084677924872235,16.641994994959436,16.641994994959436,7.791168356843116,13.5,0.832177367227176,1.486421242930656,201.23179772737677,0.0,-3.0,33.48351813370525,33.48351813370525,0.0,6.0,6.0,0.0,0.0,27.483518133705253,500.0,0.05496703626741051,0.34,20.468085178354336,9.374396165459785,2.0090110880223153,9.084677924872235,0.0,0.0,0.0,1.3393407253482101,201.23179772737677,0.0,1.3393407253482101,1.0,0.08370879533426313,1.3393407253482101,0.0,33.48351813370525,33.48351813370525,0.0,0.0,0.0,1.0,1.0
303,5,303,2,2024-09-20T19:00:00,ippo,H06,5,5,3,0.5229619741439819,8.578465773966167,0.22795252437188904,0.0,0.0,214.4616443491542,214.4616443491542,0.0,8.0,8.0,0.0,0.0,0.95,206.4616443491542,700.0,0.2949452062130774,0.34,112.15528490699823,70.23695907871245,12.867698660949252,29.050627167336536,12.950104694715257,12.950104694715257,4.56651779671618,13.5,0.832177367227176,1.486421242930656,201.23179772737677,0.0,-3.0,214.4616443491542,214.4616443491542,0.0,8.0,8.0,0.0,0.0,206.4616443491542,700.0,0.2949452062130774,0.34,112.15528490699823,70.23695907871245,12.867698660949252,29.050627167336536,0.0,0.0,0.0,8.578465773966167,201.23179772737677,0.0,8.578465773966167,1.0,0.5361541108728854,8.578465773966167,0.0,214.4616443491542,214.4616443491542,0.0,0.0,0.0,1.0,1.0
303,5,303,2,2024-09-20T19:00:00,ippo,H07,6,6,3,0.5636076927185059,7.639213214383599,0.22795252437188904,0.0,0.0,190.98033035958997,190.98033035958997,0.0,2.0,2.0,0.0,0.0,0.95,188.98033035958997,350.0,0.5399438010273999,0.34,107.63798334858652,64.2633123222606,11.458819821575398,31.915851204750517,10.432445283259113,10.432445283259113,1.884748893606938,13.5,0.832177367227176,1.486421242930656,201.23179772737677,0.0,-3.0,190.98033035958997,190.98033035958997,0.0,2.0,2.0,0.0,0.0,188.98033035958997,350.0,0.5399438010273999,0.34,107.63798334858652,64.2633123222606,11.458819821575398,31.915851204750517,0.0,0.0,0.0,7.639213214383599,201.23179772737677,0.0,7.639213214383599,1.0,0.6366011011986332,7.639213214383599,0.0,190.98033035958997,190.98033035958997,0.0,0.0,0.0,1.0,1.0
303,5,303,2,2024-09-20T19:00:00,ippo,H08,7,7,3,0.4952079653739929,0.1348425123051221,0.22795252437188904,0.0,0.0,3.371062807628052,209.91740174595054,0.0,7.2,7.2,0.0,0.0,0.95,202.71740174595055,500.0,0.4054348034919011,0.34,103.95276941520724,68.95991659362319,12.59504410475703,22.397808716827022,9.525179054351273,9.525179054351273,1.2319894889644385,13.5,0.832177367227176,1.486421242930656,201.23179772737677,0.0,-3.0,3.371062807628052,209.91740174595054,0.0,7.2,7.2,0.0,0.0,202.71740174595055,500.0,0.4054348034919011,0.34,103.95276941520724,68.95991659362319,12.59504410475703,22.397808716827022,0.0,0.0,0.0,0.1348425123051221,201.23179772737677,8.261853557532898,8.39669606983802,1.0,0.5247935043648763,8.39669606983802,206.5463389383225,209.91740174595054,209.91740174595054,0.0,0.0,0.0,1.0,1.0
303,5,303,2,2024-09-20T20:00:00,ippo,H01,0,0,4,0.5342321395874023,0.006302471351905616,0.1556131992940408,0.0,0.0,0.15756178379764044,137.8070175076496,0.0,0.0,0.0,0.0,0.0,0.95,137.8070175076496,250.0,0.5512280700305984,0.27,73.62093781327026,37.207894727065394,8.268421050458976,28.14462203574589,9.819298758565326,9.819298758565326,1.489679112327199,13.5,0.6779853003467464,1.7966912896398897,179.66912896398895,0.0,-3.0,0.15756178379764044,137.8070175076496,0.0,0.0,0.0,0.0,0.0,137.8070175076496,250.0,0.5512280700305984,0.27,73.62093781327026,37.207894727065394,8.268421050458976,28.14462203574589,0.0,0.0,0.0,0.006302471351905616,179.66912896398895,5.505978228954078,5.5122807003059835,1.0,0.6890350875382479,5.5122807003059835,137.64945572385196,137.8070175076496,137.8070175076496,0.0,0.0,0.0,1.0,1.0
303,5,303,2,2024-09-20T20:00:00,ippo,H02,1,1,4,0.5291972160339355,6.272145865531923,0.1556131992940408,0.0,0.0,156.8036466382981,156.8036466382981,0.0,0.0,0.0,0.0,0.0,0.95,156.8036466382981,250.0,0.6272145865531924,0.27,82.98005326495633,42.336984592340485,9.408218798297884,31.234849874317955,9.792099245282419,9.792099245282419,1.3029569734734754,13.5,0.6779853003467464,1.7966912896398897,179.66912896398895,0.0,-3.0,156.8036466382981,156.8036466382981,0.0,0.0,0.0,0.0,0.0,156.8036466382981,250.0,0.6272145865531924,0.27,82.98005326495633,42.336984592340485,9.408218798297884,31.234849874317955,0.0,0.0,0.0,6.272145865531923,179.66912896398895,0.0,6.272145865531923,1.0,0.7840182331914903,6.272145865531923,0.0,156.8036466382981,156.8036466382981,0.0,0.0,0.0,1.0,1.0
303,5,303,2,2024-09-20T20:00:00,ippo,H03,2,2,4,0.5188763737678528,3.1428523447052457,0.1556131992940408,0.0,0.0,78.57130861763116,101.0760914100862,0.0,0.0,0.0,0.0,0.0,0.95,101.0760914100862,350.0,0.2887888326002463,0.27,52.445995785493544,27.29054468072328,6.064565484605172,19.090885620165093,10.570574583523875,10.570574583523875,1.9189318788016434,13.5,0.6779853003467464,1.7966912896398897,179.66912896398895,0.0,-3.0,78.57130861763116,101.0760914100862,0.0,0.0,0.0,0.0,0.0,101.0760914100862,350.0,0.2887888326002463,0.27,52.445995785493544,27.29054468072328,6.064565484605172,19.090885620165093,0.0,0.0,0.0,3.1428523447052457,179.66912896398895,0.9001913116982028,4.043043656403448,1.0,0.33692030470028733,4.043043656403448,22.504782792455046,101.0760914100862,101.0760914100862,0.0,0.0,0.0,1.0,1.0
303,5,303,2,2024-09-20T20:00:00,ippo,H04,3,3,4,0.5360385179519653,3.029379336111638,0.1556131992940408,0.0,0.0,75.73448340279094,75.73448340279094,0.0,0.0,0.0,0.0,0.0,0.95,75.73448340279094,250.0,0.3029379336111638,0.27,40.596600241089774,20.448310518753555,4.544069004167457,15.604220718168762,13.699836101767021,13.699836101767021,4.7816118411791715,13.5,0.6779853003467464,1.7966912896398897,179.66912896398895,0.0,-3.0,75.73448340279094,75.73448340279094,0.0,0.0,0.0,0.0,0.0,75.73448340279094,250.0,0.3029379336111638,0.27,40.596600241089774,20.448310518753555,4.544069004167457,15.604220718168762,0.0,0.0,0.0,3.029379336111638,179.66912896398895,0.0,3.029379336111638,1.0,0.37867241701395477,3.029379336111638,0.0,75.73448340279094,75.73448340279094,0.0,0.0,0.0,1.0,1.0
303,5,303,2,2024-09-20T20:00:00,ippo,H05,4,4,4,0.6033949255943298,0.7589349736623057,0.1556131992940408,0.0,0.0,18.973374341557644,18.973374341557644,0.0,0.0,0.0,0.0,0.0,0.95,18.973374341557644,500.0,0.03794674868311529,0.27,11.448437799097542,5.122811072220564,1.1384024604934586,5.187224266383519,16.26692824968608,16.26692824968608,7.230963676727654,13.5,0.6779853003467464,1.7966912896398897,179.66912896398895,0.0,-3.0,18.973374341557644,18.973374341557644,0.0,0.0,0.0,0.0,0.0,18.973374341557644,500.0,0.03794674868311529,0.27,11.448437799097542,5.122811072220564,1.1384024604934586,5.187224266383519,0.0,0.0,0.0,0.7589349736623057,179.66912896398895,0.0,0.7589349736623057,1.0,0.047433435853894104,0.7589349736623057,0.0,18.973374341557644,18.973374341557644,0.0,0.0,0.0,1.0,1.0
303,5,303,2,2024-09-20T20:00:00,ippo,H06,5,5,4,0.5174784660339355,4.326197608267545,0.1556131992940408,0.0,0.0,108.15494020668862,108.15494020668862,0.0,0.0,0.0,0.0,0.0,0.95,108.15494020668862,700.0,0.1545070574381266,0.27,55.967852552149246,29.20183385580593,6.489296412401318,20.276722283942,13.118428973357647,13.118428973357647,4.595493475572498,13.5,0.6779853003467464,1.7966912896398897,179.66912896398895,0.0,-3.0,108.15494020668862,108.15494020668862,0.0,0.0,0.0,0.0,0.0,108.15494020668862,700.0,0.1545070574381266,0.27,55.967852552149246,29.20183385580593,6.489296412401318,20.276722283942,0.0,0.0,0.0,4.326197608267545,179.66912896398895,0.0,4.326197608267545,1.0,0.2703873505167216,4.326197608267545,0.0,108.15494020668862,108.15494020668862,0.0,0.0,0.0,1.0,1.0
303,5,303,2,2024-09-20T20:00:00,ippo,H07,6,6,4,0.5669366121292114,3.5512081589900673,0.1556131992940408,0.0,0.0,88.78020397475169,88.78020397475169,0.0,0.0,0.0,0.0,0.0,0.95,88.78020397475169,350.0,0.25365772564214767,0.27,50.332748065586074,23.970655073182957,5.3268122384851,21.035280753918016,10.359782496990368,10.359782496990368,1.6746692770505405,13.5,0.6779853003467464,1.7966912896398897,179.66912896398895,0.0,-3.0,88.78020397475169,88.78020397475169,0.0,0.0,0.0,0.0,0.0,88.78020397475169,350.0,0.25365772564214767,0.27,50.332748065586074,23.970655073182957,5.3268122384851,21.035280753918016,0.0,0.0,0.0,3.5512081589900673,179.66912896398895,0.0,3.5512081589900673,1.0,0.2959340132491723,3.5512081589900673,0.0,88.78020397475169,88.78020397475169,0.0,0.0,0.0,1.0,1.0
303,5,303,2,2024-09-20T20:00:00,ippo,H08,7,7,4,0.5078756809234619,8.791606184359743,0.1556131992940408,0.0,0.0,219.7901546089936,219.7901546089936,0.0,0.0,0.0,0.0,0.0,0.95,219.7901546089936,500.0,0.4395803092179872,0.27,111.62607443231559,59.34334174442827,13.187409276539615,39.09532341134771,9.673703790908274,9.673703790908274,1.2712640694825714,13.5,0.6779853003467464,1.7966912896398897,179.66912896398895,0.0,-3.0,219.7901546089936,219.7901546089936,0.0,0.0,0.0,0.0,0.0,219.7901546089936,500.0,0.4395803092179872,0.27,111.62607443231559,59.34334174442827,13.187409276539615,39.09532341134771,0.0,0.0,0.0,8.791606184359743,179.66912896398895,0.0,8.791606184359743,1.0,0.549475386522484,8.791606184359743,0.0,219.7901546089936,219.7901546089936,0.0,0.0,0.0,1.0,1.0
303,5,303,2,2024-09-20T21:00:00,ippo,H01,0,0,5,0.49838483333587646,5.487224276112254,0.11035443983466077,0.0,0.0,137.18060690280637,137.18060690280637,0.0,0.0,0.0,0.0,100.0,0.42368421052631583,37.180606902806375,250.0,0.1487224276112255,0.2,68.36873390816955,10.436121380561275,8.230836414168381,49.70177611343989,9.939951698224789,9.939951698224789,1.583933698553828,13.5,0.5446090075394009,2.7842229575962962,278.4222957596296,1.4210854715202004e-14,-3.0,137.18060690280637,137.18060690280637,0.0,0.0,0.0,0.0,100.0,37.180606902806375,250.0,0.1487224276112255,0.2,68.36873390816955,10.436121380561275,8.230836414168381,49.70177611343989,1.4210854715202004e-14,0.0,0.0,5.487224276112254,278.4222957596296,0.0,5.487224276112254,1.0,0.6859030345140318,5.487224276112254,0.0,137.18060690280637,137.18060690280637,0.0,0.0,0.0,1.0,1.0
303,5,303,2,2024-09-20T21:00:00,ippo,H02,1,1,5,0.5276811718940735,3.778628386365777,0.11035443983466077,0.0,0.0,94.46570965914441,94.46570965914441,0.0,0.0,0.0,0.0,94.46570965914441,0.4528120544255557,0.0,250.0,0.0,0.2,49.847776376742615,2.833971289774332,5.667942579548665,41.34586250741962,9.859866330574674,9.859866330574674,1.356848652367292,13.5,0.5446090075394009,2.7842229575962962,278.4222957596296,0.0,-3.0,94.46570965914441,94.46570965914441,0.0,0.0,0.0,0.0,94.46570965914441,0.0,250.0,0.0,0.2,49.847776376742615,2.833971289774332,5.667942579548665,41.34586250741962,0.0,0.0,0.0,3.778628386365777,278.4222957596296,0.0,3.778628386365777,1.0,0.47232854829572213,3.778628386365777,0.0,94.46570965914441,94.46570965914441,0.0,0.0,0.0,1.0,1.0
303,5,303,2,2024-09-20T21:00:00,ippo,H03,2,2,5,0.5112578868865967,4.498130641330546,0.11035443983466077,0.0,0.0,112.45326603326365,112.45326603326365,0.0,0.0,0.0,0.0,112.45326603326365,0.5554271367253908,0.0,350.0,0.0,0.2,57.49261916566267,3.3735979809979093,6.747195961995819,47.37182522266894,10.440162511468,10.440162511468,1.7706101541753276,13.5,0.5446090075394009,2.7842229575962962,278.4222957596296,1.4210854715202004e-14,-3.0,112.45326603326365,112.45326603326365,0.0,0.0,0.0,0.0,112.45326603326365,0.0,350.0,0.0,0.2,57.49261916566267,3.3735979809979093,6.747195961995819,47.37182522266894,1.4210854715202004e-14,0.0,0.0,4.498130641330546,278.4222957596296,0.0,4.498130641330546,1.0,0.3748442201108788,4.498130641330546,0.0,112.45326603326365,112.45326603326365,0.0,0.0,0.0,1.0,1.0
303,5,303,2,2024-09-20T21:00:00,ippo,H04,3,3,5,0.5393117666244507,1.7877241958892354,0.11035443983466077,0.0,0.0,44.69310489723088,44.69310489723088,0.0,0.0,0.0,0.0,44.69310489723088,0.7618185056958701,0.0,250.0,0.0,0.2,24.103517358057474,1.3407931469169263,2.681586293833853,20.081137917306695,13.518473231100945,13.518473231100945,4.578470890104083,13.5,0.5446090075394009,2.7842229575962962,278.4222957596296,2.1316282072803006e-14,-3.0,44.69310489723088,44.69310489723088,0.0,0.0,0.0,0.0,44.69310489723088,0.0,250.0,0.0,0.2,24.103517358057474,1.3407931469169263,2.681586293833853,20.081137917306695,2.1316282072803006e-14,0.0,0.0,1.7877241958892354,278.4222957596296,0.0,1.7877241958892354,1.0,0.22346552448615442,1.7877241958892354,0.0,44.69310489723088,44.69310489723088,0.0,0.0,0.0,1.0,1.0
303,5,303,2,2024-09-20T21:00:00,ippo,H05,4,4,5,0.5958634614944458,0.5131882717217462,0.11035443983466077,0.0,0.0,12.829706793043654,12.829706793043654,0.0,0.0,0.0,0.0,12.829706793043654,0.9229900909620133,0.0,500.0,0.0,0.2,7.644753499661797,0.3848912037913096,0.7697824075826193,6.490079888287868,16.184886424167207,16.184886424167207,7.114870184547617,13.5,0.5446090075394009,2.7842229575962962,278.4222957596296,5.329070518200751e-15,-3.0,12.829706793043654,12.829706793043654,0.0,0.0,0.0,0.0,12.829706793043654,0.0,500.0,0.0,0.2,7.644753499661797,0.3848912037913096,0.7697824075826193,6.490079888287868,5.329070518200751e-15,0.0,0.0,0.5131882717217462,278.4222957596296,0.0,0.5131882717217462,1.0,0.03207426698260914,0.5131882717217462,0.0,12.829706793043654,12.829706793043654,0.0,0.0,0.0,1.0,1.0
303,5,303,2,2024-09-20T21:00:00,ippo,H06,5,5,5,0.5120816230773926,2.7280547203129024,0.11035443983466077,0.0,0.0,68.20136800782257,68.20136800782257,0.0,0.0,0.0,0.0,68.20136800782257,0.8303484771792586,0.0,700.0,0.0,0.2,34.92466722554433,2.0460410402346767,4.092082080469353,28.786544104840303,13.280956583035202,13.280956583035202,4.706234613330851,13.5,0.5446090075394009,2.7842229575962962,278.4222957596296,0.0,-3.0,68.20136800782257,68.20136800782257,0.0,0.0,0.0,0.0,68.20136800782257,0.0,700.0,0.0,0.2,34.92466722554433,2.0460410402346767,4.092082080469353,28.786544104840303,0.0,0.0,0.0,2.7280547203129024,278.4222957596296,0.0,2.7280547203129024,1.0,0.1705034200195564,2.7280547203129024,0.0,68.20136800782257,68.20136800782257,0.0,0.0,0.0,1.0,1.0
303,5,303,2,2024-09-20T21:00:00,ippo,H07,6,6,5,0.5692809820175171,2.104893949224809,0.11035443983466077,0.0,0.0,52.62234873062023,52.62234873062023,0.0,0.0,0.0,0.0,52.62234873062023,0.7653601798925606,0.0,350.0,0.0,0.2,29.95690236143573,1.578670461918607,3.1573409238372134,25.22089097567991,10.248178671059057,10.248178671059057,1.5387165105651097,13.5,0.5446090075394009,2.7842229575962962,278.4222957596296,0.0,-3.0,52.62234873062023,52.62234873062023,0.0,0.0,0.0,0.0,52.62234873062023,0.0,350.0,0.0,0.2,29.95690236143573,1.578670461918607,3.1573409238372134,25.22089097567991,0.0,0.0,0.0,2.104893949224809,278.4222957596296,0.0,2.104893949224809,1.0,0.17540782910206743,2.104893949224809,0.0,52.62234873062023,52.62234873062023,0.0,0.0,0.0,1.0,1.0
303,5,303,2,2024-09-20T21:00:00,ippo,H08,7,7,5,0.5004218220710754,5.79152236400291,0.11035443983466077,0.0,0.0,144.78805910007276,144.78805910007276,0.0,0.0,0.0,0.0,144.78805910007276,0.645183033473531,0.0,500.0,0.0,0.2,72.45510434899296,4.343641773002182,8.687283546004366,59.42417902998642,9.741133096545958,9.741133096545958,1.3051912459291275,13.5,0.5446090075394009,2.7842229575962962,278.4222957596296,2.842170943040401e-14,-3.0,144.78805910007276,144.78805910007276,0.0,0.0,0.0,0.0,144.78805910007276,0.0,500.0,0.0,0.2,72.45510434899296,4.343641773002182,8.687283546004366,59.42417902998642,2.842170943040401e-14,0.0,0.0,5.79152236400291,278.4222957596296,0.0,5.79152236400291,1.0,0.3619701477501819,5.79152236400291,0.0,144.78805910007276,144.78805910007276,0.0,0.0,0.0,1.0,1.0
101,,101,0,2024-09-20T16:00:00,centralized_coordinate_search_reference,H01,0,0,0,0.45,11.98624712870717,0.04527566743543794,29.896853465303774,14.896853465303774,299.6561782176792,200.0,0.0,44.0,44.0,84.21052631578947,0.0,0.95,240.21052631578948,250.0,0.9608421052631579,0.16,90.0,38.653684210526315,12.0,39.346315789473685,10.289385279540998,10.289385279540998,1.8088700379889642,16.5,0.18416386009022195,3.0777851502568696,371.098453112549,0.0,0.0,299.6561782176792,200.0,0.0,44.0,44.0,84.21052631578947,0.0,240.21052631578948,250.0,0.9608421052631579,0.16,90.0,38.653684210526315,12.0,39.346315789473685,0.0,0.24828089108839624,0.0,11.98624712870717,371.098453112549,0.0,11.98624712870717,0.6674315917314877,1.4982808910883962,8.0,0.0,299.6561782176792,200.0,99.65617821767921,0.0,0.0,1.0,0.6674315917314877
101,,101,0,2024-09-20T16:00:00,centralized_coordinate_search_reference,H02,1,1,0,0.45,12.235082077083634,0.04527566743543794,31.763115578127255,16.763115578127255,305.87705192709086,200.00000000000003,0.0,33.0,33.0,82.99999999999997,0.0,0.8942499999999999,250.0,250.0,1.0,0.16,90.00000000000001,40.165,12.0,37.835000000000015,10.263145803347566,10.263145803347566,1.6436684341973367,16.5,0.18416386009022195,3.0777851502568696,371.098453112549,0.0,0.0,305.87705192709086,200.00000000000003,0.0,33.0,33.0,82.99999999999997,0.0,250.0,250.0,1.0,0.16,90.00000000000001,40.165,12.0,37.835000000000015,0.0,0.27938525963545424,0.0,12.235082077083634,371.098453112549,0.0,12.235082077083634,0.6538574853522264,1.5293852596354542,8.0,0.0,305.87705192709086,200.00000000000003,105.87705192709083,0.0,0.0,1.0,0.6538574853522264
101,,101,0,2024-09-20T16:00:00,centralized_coordinate_search_reference,H03,2,2,0,0.45,12.26182098093095,0.04527566743543794,1.3091049046547587,0.0,306.5455245232738,300.0,0.0,33.0,0.0,83.0,0.0,0.8628333333333335,350.0,350.0,1.0,0.16,135.0,56.165,18.0,60.83500000000001,10.54377777257144,10.54377777257144,1.7553453596136455,16.5,0.18416386009022195,3.0777851502568696,371.098453112549,2.842170943040401e-14,0.0,306.5455245232738,300.0,0.0,33.0,0.0,83.0,0.0,350.0,350.0,1.0,0.16,135.0,56.165,18.0,60.83500000000001,2.842170943040401e-14,0.0,0.0,12.26182098093095,371.098453112549,0.0,12.26182098093095,0.9786474634283012,1.0218184150775793,12.0,0.0,306.5455245232738,300.0,6.545524523273798,7.632783294297951e-17,0.0,1.0,0.9786474634283012
101,,101,0,2024-09-20T16:00:00,centralized_coordinate_search_reference,H04,3,3,0,0.45,7.676421365741855,0.04527566743543794,0.0,0.0,191.91053414354639,191.91053414354639,0.0,44.0,44.0,78.94736842105263,0.0,0.95,226.85790256459902,250.0,0.907431610258396,0.16,86.35974036459588,36.51726441033584,11.514632048612782,38.327843905647256,13.24013956682249,13.24013956682249,4.184380232588157,16.5,0.18416386009022195,3.0777851502568696,371.098453112549,0.0,0.0,191.91053414354639,191.91053414354639,0.0,44.0,44.0,78.94736842105263,0.0,226.85790256459902,250.0,0.907431610258396,0.16,86.35974036459588,36.51726441033584,11.514632048612782,38.327843905647256,0.0,0.0,0.0,7.676421365741855,371.098453112549,0.0,7.676421365741855,1.0,0.9595526707177319,7.676421365741855,0.0,191.91053414354639,191.91053414354639,0.0,0.0,0.0,1.0,1.0
101,,101,0,2024-09-20T16:00:00,centralized_coordinate_search_reference,H05,4,4,0,0.45,5.051820412707781,0.04527566743543794,0.0,0.0,126.29551031769452,126.29551031769452,0.0,82.5,82.5,131.57894736842107,0.0,0.95,175.3744576861156,500.0,0.3507489153722312,0.16,56.832979642962535,28.472413229778496,7.577730619061672,20.782835794122366,15.549063215017503,15.549063215017503,6.344191684753173,16.5,0.18416386009022195,3.0777851502568696,371.098453112549,1.4210854715202004e-14,0.0,126.29551031769452,126.29551031769452,0.0,82.5,82.5,131.57894736842107,0.0,175.3744576861156,500.0,0.3507489153722312,0.16,56.832979642962535,28.472413229778496,7.577730619061672,20.782835794122366,1.4210854715202004e-14,0.0,0.0,5.051820412707781,371.098453112549,0.0,5.051820412707781,1.0,0.3157387757942363,5.051820412707781,0.0,126.29551031769452,126.29551031769452,0.0,0.0,0.0,1.0,1.0
101,,101,0,2024-09-20T16:00:00,centralized_coordinate_search_reference,H06,5,5,0,0.45,7.6582168942991125,0.04527566743543794,0.0,0.0,191.4554223574778,191.4554223574778,0.0,110.0,110.0,126.31578947368422,0.0,0.95,207.77121183116202,700.0,0.29681601690166004,0.16,86.15494006086502,33.79339389298592,11.487325341448669,40.87422082643043,13.317908294398809,13.317908294398809,4.618044087917267,16.5,0.18416386009022195,3.0777851502568696,371.098453112549,0.0,0.0,191.4554223574778,191.4554223574778,0.0,110.0,110.0,126.31578947368422,0.0,207.77121183116202,700.0,0.29681601690166004,0.16,86.15494006086502,33.79339389298592,11.487325341448669,40.87422082643043,0.0,0.0,0.0,7.6582168942991125,371.098453112549,0.0,7.6582168942991125,1.0,0.47863855589369453,7.6582168942991125,0.0,191.4554223574778,191.4554223574778,0.0,0.0,0.0,1.0,1.0
101,,101,0,2024-09-20T16:00:00,centralized_coordinate_search_reference,H07,6,6,0,0.45,13.180406443065124,0.04527566743543794,5.902032215325623,0.0,329.5101610766281,300.0,0.0,27.5,27.5,77.5,0.0,0.7954166666666667,350.0,350.0,1.0,0.16,135.0,56.1375,18.0,60.8625,10.164814492903282,10.164814492903282,1.3078753622469699,16.5,0.18416386009022195,3.0777851502568696,371.098453112549,0.0,0.0,329.5101610766281,300.0,0.0,27.5,27.5,77.5,0.0,350.0,350.0,1.0,0.16,135.0,56.1375,18.0,60.8625,0.0,0.0,0.0,13.180406443065124,371.098453112549,0.0,13.180406443065124,0.9104423336136045,1.0983672035887604,12.0,0.0,329.5101610766281,300.0,29.510161076628094,8.326672684688674e-17,0.0,1.0,0.9104423336136045
101,,101,0,2024-09-20T16:00:00,centralized_coordinate_search_reference,H08,7,7,0,0.45,13.555194500143063,0.04527566743543794,0.0,0.0,338.8798625035766,338.8798625035766,0.0,99.0,99.0,131.57894736842107,0.0,0.95,371.4588098719977,500.0,0.7429176197439954,0.16,152.49593812660947,59.92840957951963,20.332791750214597,72.23473679687524,9.890213613143395,9.890213613143395,1.3090734557406114,16.5,0.18416386009022195,3.0777851502568696,371.098453112549,1.4210854715202004e-14,0.0,338.8798625035766,338.8798625035766,0.0,99.0,99.0,131.57894736842107,0.0,371.4588098719977,500.0,0.7429176197439954,0.16,152.49593812660947,59.92840957951963,20.332791750214597,72.23473679687524,1.4210854715202004e-14,0.0,0.0,13.555194500143063,371.098453112549,0.0,13.555194500143063,1.0,0.8471996562589414,13.555194500143063,0.0,338.8798625035766,338.8798625035766,0.0,0.0,0.0,1.0,1.0
101,,101,0,2024-09-20T17:00:00,centralized_coordinate_search_reference,H01,0,0,1,0.45,0.19303678240635253,0.07518254690939993,0.0,0.0,4.825919560158813,104.48209777783802,0.0,28.0,28.0,0.0,0.0,0.95,76.48209777783802,250.0,0.30592839111135206,0.22,47.01694400002711,16.966061511124366,6.268925866670283,23.78195662223246,9.639508756329237,9.639508756329237,1.4384606483343285,16.5,0.26664404930487173,2.1863029662415134,383.9830581018766,0.0,0.0,4.825919560158813,104.48209777783802,0.0,28.0,28.0,0.0,0.0,76.48209777783802,250.0,0.30592839111135206,0.22,47.01694400002711,16.966061511124366,6.268925866670283,23.78195662223246,0.0,0.0,0.0,0.19303678240635253,383.9830581018766,3.98624712870717,4.179283911113522,1.0,0.5224104888891903,4.179283911113522,99.65617821767921,104.48209777783802,104.48209777783802,0.0,0.0,0.0,1.0,1.0
101,,101,0,2024-09-20T17:00:00,centralized_coordinate_search_reference,H02,1,1,1,0.45,0.14149025926546052,0.07518254690939993,0.0,0.0,3.5372564816365126,109.41430840872735,0.0,21.0,21.0,11.736842105263195,0.0,0.95,100.15115051399054,250.0,0.40060460205596216,0.22,49.23643878392731,22.13825311307792,6.564858504523642,20.53332716632575,9.743277825734216,9.743277825734216,1.3695400242279696,16.5,0.26664404930487173,2.1863029662415134,383.9830581018766,0.0,0.0,3.5372564816365126,109.41430840872735,0.0,21.0,21.0,11.736842105263195,0.0,100.15115051399054,250.0,0.40060460205596216,0.22,49.23643878392731,22.13825311307792,6.564858504523642,20.53332716632575,0.0,0.0,0.0,0.14149025926546052,383.9830581018766,4.235082077083634,4.376572336349095,1.0,0.5470715420436368,4.376572336349095,105.87705192709083,109.41430840872735,109.41430840872735,0.0,0.0,0.0,1.0,1.0
101,,101,0,2024-09-20T17:00:00,centralized_coordinate_search_reference,H03,2,2,1,0.45,19.328655738992147,0.07518254690939993,37.95238359961549,22.952383599615487,483.21639347480374,300.0,0.0,21.0,21.0,27.52631578947366,0.0,0.95,306.52631578947364,350.0,0.8757894736842105,0.22,135.0,67.5407894736842,18.0,49.4592105263158,10.602780469270085,10.602780469270085,2.085664621305609,16.5,0.26664404930487173,2.1863029662415134,383.9830581018766,0.0,0.0,483.21639347480374,300.0,0.0,21.0,21.0,27.52631578947366,0.0,306.52631578947364,350.0,0.8757894736842105,0.22,135.0,67.5407894736842,18.0,49.4592105263158,0.0,0.3825397266602581,0.0,19.328655738992147,383.9830581018766,0.26182098093095174,19.5904767199231,0.6125425211218191,1.6325397266602584,12.0,6.545524523273798,489.76191799807754,300.0,189.76191799807754,-1.1102230246251565e-16,0.0,1.0,0.6125425211218191
101,,101,0,2024-09-20T17:00:00,centralized_coordinate_search_reference,H04,3,3,1,0.45,13.691840188833025,0.07518254690939993,42.688801416247685,27.688801416247685,342.2960047208255,199.99999999999991,0.0,28.0,28.0,0.0,0.0,0.95,171.99999999999991,250.0,0.6879999999999996,0.22,89.99999999999996,37.97999999999998,11.999999999999998,40.019999999999975,13.840766192431477,13.840766192431477,5.099140439964717,16.5,0.26664404930487173,2.1863029662415134,383.9830581018766,0.0,0.0,342.2960047208255,199.99999999999991,0.0,28.0,28.0,0.0,0.0,171.99999999999991,250.0,0.6879999999999996,0.22,89.99999999999996,37.97999999999998,11.999999999999998,40.019999999999975,0.0,0.4614800236041281,0.0,13.691840188833025,383.9830581018766,0.0,13.691840188833025,0.5842896126208621,1.711480023604128,7.999999999999999,0.0,342.2960047208255,199.99999999999991,142.2960047208256,0.0,0.0,1.0,0.5842896126208621
101,,101,0,2024-09-20T17:00:00,centralized_coordinate_search_reference,H05,4,4,1,0.45,8.5516029842778,0.07518254690939993,0.0,0.0,213.79007460694498,213.79007460694498,0.0,52.5,52.5,0.0,0.0,0.95,161.29007460694498,500.0,0.32258014921388994,0.22,96.20553357312525,35.7463164135279,12.8274044764167,47.631812683180655,16.506510799556352,16.506510799556352,7.67810740374707,16.5,0.26664404930487173,2.1863029662415134,383.9830581018766,0.0,0.0,213.79007460694498,213.79007460694498,0.0,52.5,52.5,0.0,0.0,161.29007460694498,500.0,0.32258014921388994,0.22,96.20553357312525,35.7463164135279,12.8274044764167,47.631812683180655,0.0,0.0,0.0,8.5516029842778,383.9830581018766,0.0,8.5516029842778,1.0,0.5344751865173625,8.5516029842778,0.0,213.79007460694498,213.79007460694498,0.0,0.0,0.0,1.0,1.0
101,,101,0,2024-09-20T17:00:00,centralized_coordinate_search_reference,H06,5,5,1,0.45,16.153295663443988,0.07518254690939993,0.5748587379149539,0.0,403.8323915860997,400.0,0.0,70.0,70.0,0.0,0.0,0.95,330.0,700.0,0.4714285714285714,0.22,180.0,72.94999999999999,24.0,83.05000000000001,12.868065317219896,12.868065317219896,4.526873660907929,16.5,0.26664404930487173,2.1863029662415134,383.9830581018766,0.0,0.0,403.8323915860997,400.0,0.0,70.0,70.0,0.0,0.0,330.0,700.0,0.4714285714285714,0.22,180.0,72.94999999999999,24.0,83.05000000000001,0.0,0.0,0.0,16.153295663443988,383.9830581018766,0.0,16.153295663443988,0.9905099450515905,1.0095809789652492,16.0,0.0,403.8323915860997,400.0,3.832391586099675,0.0,0.0,1.0,0.9905099450515905
101,,101,0,2024-09-20T17:00:00,centralized_coordinate_search_reference,H07,6,6,1,0.45,9.393411154119,0.07518254690939993,0.0,0.0,234.83527885297502,264.3454399296031,0.0,17.5,17.5,48.81578947368421,0.0,0.95,295.66122940328734,350.0,0.8447463697236781,0.22,118.95544796832141,65.13297046872322,15.860726395776187,37.96175110382201,10.416415910105442,10.416415910105442,1.885722686892369,16.5,0.26664404930487173,2.1863029662415134,383.9830581018766,0.0,0.0,234.83527885297502,264.3454399296031,0.0,17.5,17.5,48.81578947368421,0.0,295.66122940328734,350.0,0.8447463697236781,0.22,118.95544796832141,65.13297046872322,15.860726395776187,37.96175110382201,0.0,0.0,0.0,9.393411154119,383.9830581018766,1.1804064430651247,10.573817597184124,1.0,0.8811514664320104,10.573817597184124,29.510161076628094,264.3454399296031,264.3454399296031,0.0,0.0,0.0,1.0,1.0
101,,101,0,2024-09-20T17:00:00,centralized_coordinate_search_reference,H08,7,7,1,0.45,28.54271885946652,0.07518254690939993,47.035195722999454,32.035195722999454,713.5679714866629,399.99999999999994,0.0,63.0,63.0,0.0,0.0,0.95,336.99999999999994,500.0,0.6739999999999999,0.22,179.99999999999997,74.45499999999998,24.0,81.54499999999999,9.4927966007629,9.4927966007629,1.225946729053429,16.5,0.26664404930487173,2.1863029662415134,383.9830581018766,0.0,0.0,713.5679714866629,399.99999999999994,0.0,63.0,63.0,0.0,0.0,336.99999999999994,500.0,0.6739999999999999,0.22,179.99999999999997,74.45499999999998,24.0,81.54499999999999,0.0,0.5339199287166576,0.0,28.54271885946652,383.9830581018766,0.0,28.54271885946652,0.560563276357025,1.7839199287166576,16.0,0.0,713.5679714866629,399.99999999999994,313.567971486663,0.0,0.0,1.0,0.560563276357025
101,,101,0,2024-09-20T18:00:00,centralized_coordinate_search_reference,H01,0,0,2,0.45,17.739435568646165,0.07304347515594575,73.04576676484623,58.045766764846235,443.4858892161541,199.99999999999997,0.0,12.8,12.8,0.0,0.0,0.95,187.19999999999996,250.0,0.7487999999999998,0.3,89.99999999999999,56.22399999999999,12.0,21.775999999999996,9.984591500828689,9.984591500828689,1.6181441329208102,16.5,0.2607747325473557,-0.6775892255338264,199.19757190458463,0.0,0.0,443.4858892161541,199.99999999999997,0.0,12.8,12.8,0.0,0.0,187.19999999999996,250.0,0.7487999999999998,0.3,89.99999999999999,56.22399999999999,12.0,21.775999999999996,0.0,0.9674294460807705,0.0,17.739435568646165,199.19757190458463,0.0,17.739435568646165,0.4509726348982445,2.2174294460807706,8.0,0.0,443.4858892161541,199.99999999999997,243.4858892161541,0.0,0.0,1.0,0.4509726348982445
101,,101,0,2024-09-20T18:00:00,centralized_coordinate_search_reference,H02,1,1,2,0.45,18.132782744611497,0.07304347515594575,75.99587058458623,60.99587058458623,453.3195686152874,199.99999999999997,0.0,9.6,9.6,0.0,0.0,0.95,190.39999999999998,250.0,0.7615999999999999,0.3,89.99999999999999,57.16799999999999,12.0,20.831999999999994,9.955309371475154,9.955309371475154,1.4287184583425978,16.5,0.2607747325473557,-0.6775892255338264,199.19757190458463,0.0,0.0,453.3195686152874,199.99999999999997,0.0,9.6,9.6,0.0,0.0,190.39999999999998,250.0,0.7615999999999999,0.3,89.99999999999999,57.16799999999999,12.0,20.831999999999994,0.0,1.016597843076437,0.0,18.132782744611497,199.19757190458463,0.0,18.132782744611497,0.4411898665899669,2.266597843076437,8.0,0.0,453.3195686152874,199.99999999999997,253.3195686152874,0.0,0.0,1.0,0.4411898665899669
101,,101,0,2024-09-20T18:00:00,centralized_coordinate_search_reference,H03,2,2,2,0.45,0.03320991209348001,0.07304347515594575,0.0,0.0,0.8302478023370004,190.59216580041453,0.0,9.6,9.6,0.0,0.0,0.95,180.99216580041454,350.0,0.5171204737154701,0.3,85.76647461018655,54.345649740124365,11.435529948024866,19.98529492203732,10.453016685829315,10.453016685829315,1.794501102524119,16.5,0.2607747325473557,-0.6775892255338264,199.19757190458463,0.0,0.0,0.8302478023370004,190.59216580041453,0.0,9.6,9.6,0.0,0.0,180.99216580041454,350.0,0.5171204737154701,0.3,85.76647461018655,54.345649740124365,11.435529948024866,19.98529492203732,0.0,0.0,0.0,0.03320991209348001,199.19757190458463,7.590476719923098,7.623686632016578,1.0,0.6353072193347148,7.623686632016578,189.76191799807754,190.59216580041453,190.59216580041453,0.0,0.0,0.0,1.0,1.0
101,,101,0,2024-09-20T18:00:00,centralized_coordinate_search_reference,H04,3,3,2,0.45,0.008982506614791917,0.07304347515594575,0.0,0.0,0.2245626653697979,142.5205673861954,0.0,12.8,12.8,0.0,0.0,0.95,129.7205673861954,250.0,0.5188822695447816,0.3,64.13425532378794,38.98017021585862,8.551234043171725,16.602851064757594,13.475513745643006,13.475513745643006,4.612367980151988,16.5,0.2607747325473557,-0.6775892255338264,199.19757190458463,0.0,0.0,0.2245626653697979,142.5205673861954,0.0,12.8,12.8,0.0,0.0,129.7205673861954,250.0,0.5188822695447816,0.3,64.13425532378794,38.98017021585862,8.551234043171725,16.602851064757594,0.0,0.0,0.0,0.008982506614791917,199.19757190458463,5.691840188833025,5.700822695447816,1.0,0.712602836930977,5.700822695447816,142.2960047208256,142.5205673861954,142.5205673861954,0.0,0.0,0.0,1.0,1.0
101,,101,0,2024-09-20T18:00:00,centralized_coordinate_search_reference,H05,4,4,2,0.45,6.285773432445209,0.07304347515594575,0.0,0.0,157.14433581113025,157.14433581113025,0.0,24.0,24.0,0.0,0.0,0.95,133.14433581113025,500.0,0.2662886716222605,0.3,70.71495111500862,40.06330074333907,9.428660148667813,21.222990223001734,16.31506251009911,16.31506251009911,7.350794632587319,16.5,0.2607747325473557,-0.6775892255338264,199.19757190458463,0.0,0.0,157.14433581113025,157.14433581113025,0.0,24.0,24.0,0.0,0.0,133.14433581113025,500.0,0.2662886716222605,0.3,70.71495111500862,40.06330074333907,9.428660148667813,21.222990223001734,0.0,0.0,0.0,6.285773432445209,199.19757190458463,0.0,6.285773432445209,1.0,0.3928608395278256,6.285773432445209,0.0,157.14433581113025,157.14433581113025,0.0,0.0,0.0,1.0,1.0
101,,101,0,2024-09-20T18:00:00,centralized_coordinate_search_reference,H06,5,5,2,0.45,10.176744092468198,0.07304347515594575,0.0,0.0,254.418602311705,258.2509938978047,0.0,32.0,32.0,0.0,0.0,0.95,226.25099389780468,700.0,0.3232157055682924,0.3,116.21294725401211,68.0352981693414,15.495059633868278,32.682589450802425,13.04579443841627,13.04579443841627,4.528264337257339,16.5,0.2607747325473557,-0.6775892255338264,199.19757190458463,0.0,0.0,254.418602311705,258.2509938978047,0.0,32.0,32.0,0.0,0.0,226.25099389780468,700.0,0.3232157055682924,0.3,116.21294725401211,68.0352981693414,15.495059633868278,32.682589450802425,0.0,0.0,0.0,10.176744092468198,199.19757190458463,0.1532956634439877,10.330039755912185,1.0,0.6456274847445116,10.330039755912185,3.832391586099675,258.2509938978047,258.2509938978047,0.0,0.0,0.0,1.0,1.0
101,,101,0,2024-09-20T18:00:00,centralized_coordinate_search_reference,H07,6,6,2,0.45,17.88732197591023,0.07304347515594575,29.43660987955115,14.436609879551149,447.1830493977557,300.0,0.0,8.0,8.0,0.0,0.0,0.95,292.0,350.0,0.8342857142857143,0.3,135.0,87.64,18.0,29.36,10.326252408811243,10.326252408811243,1.6452517532134272,16.5,0.2607747325473557,-0.6775892255338264,199.19757190458463,0.0,0.0,447.1830493977557,300.0,0.0,8.0,8.0,0.0,0.0,292.0,350.0,0.8342857142857143,0.3,135.0,87.64,18.0,29.36,0.0,0.2406101646591858,0.0,17.88732197591023,199.19757190458463,0.0,17.88732197591023,0.670866215533047,1.4906101646591858,12.0,0.0,447.1830493977557,300.0,147.18304939775572,1.1102230246251565e-16,0.0,1.0,0.670866215533047
101,,101,0,2024-09-20T18:00:00,centralized_coordinate_search_reference,H08,7,7,2,0.45,0.00832391563818518,0.07304347515594575,0.0,0.0,0.20809789095462947,313.7760693776176,0.0,28.8,28.8,0.0,0.0,0.95,284.9760693776176,500.0,0.5699521387552352,0.3,141.19923121992792,85.63682081328528,18.82656416265706,36.73584624398558,9.71407190518804,9.71407190518804,1.2804380826646244,16.5,0.2607747325473557,-0.6775892255338264,199.19757190458463,0.0,0.0,0.20809789095462947,313.7760693776176,0.0,28.8,28.8,0.0,0.0,284.9760693776176,500.0,0.5699521387552352,0.3,141.19923121992792,85.63682081328528,18.82656416265706,36.73584624398558,0.0,0.0,0.0,0.00832391563818518,199.19757190458463,12.542718859466522,12.551042775104706,1.0,0.7844401734440442,12.551042775104706,313.567971486663,313.7760693776176,313.7760693776176,0.0,0.0,0.0,1.0,1.0
101,,101,0,2024-09-20T19:00:00,centralized_coordinate_search_reference,H01,0,0,3,0.45,7.937577980723504e-05,0.07942284851654914,13.046362083194795,0.0,0.001984394495180876,200.0,0.0,3.2,3.2,0.0,0.0,0.95,196.8,250.0,0.7872,0.34,90.0,66.92800000000001,12.0,11.071999999999989,9.68884242004732,9.68884242004732,1.4076902009081014,16.5,0.2771545853946621,0.9422380729355537,96.21629476153419,0.0,0.0,0.001984394495180876,200.0,0.0,3.2,3.2,0.0,0.0,196.8,250.0,0.7872,0.34,90.0,66.92800000000001,12.0,11.071999999999989,0.0,0.0,0.0,7.937577980723504e-05,96.21629476153419,9.739435568646165,9.739514944425972,0.8213961419689063,1.2174393680532465,8.0,243.4858892161541,243.48787361064927,200.0,43.487873610649274,1.1102230246251565e-16,0.0,1.0,0.8213961419689063
101,,101,0,2024-09-20T19:00:00,centralized_coordinate_search_reference,H02,1,1,3,0.45,4.9753253757698905e-05,0.07942284851654914,15.996243733989408,0.9962437339894081,0.0012438313439424725,200.00000000000003,0.0,2.4,2.4,0.0,0.0,0.95,197.60000000000002,250.0,0.7904000000000001,0.34,90.00000000000001,67.19600000000001,12.0,10.804000000000002,9.650487412127484,9.650487412127484,1.2124268239769678,16.5,0.2771545853946621,0.9422380729355537,96.21629476153419,0.0,0.0,0.0012438313439424725,200.00000000000003,0.0,2.4,2.4,0.0,0.0,197.60000000000002,250.0,0.7904000000000001,0.34,90.00000000000001,67.19600000000001,12.0,10.804000000000002,0.0,0.016604062233156802,0.0,4.9753253757698905e-05,96.21629476153419,10.132782744611497,10.132832497865254,0.7895127055229039,1.2666040622331567,8.0,253.3195686152874,253.32081244663135,200.00000000000003,53.32081244663132,1.1102230246251565e-16,0.0,1.0,0.7895127055229039
101,,101,0,2024-09-20T19:00:00,centralized_coordinate_search_reference,H03,2,2,3,0.45,12.4061675569649,0.07942284851654914,2.030837784824504,0.0,310.1541889241225,299.99999999999994,0.0,2.4,2.4,0.0,0.0,0.95,297.59999999999997,350.0,0.8502857142857142,0.34,134.99999999999997,101.196,18.0,15.803999999999974,10.542874365570718,10.542874365570718,1.9686631862524169,16.5,0.2771545853946621,0.9422380729355537,96.21629476153419,0.0,0.0,310.1541889241225,299.99999999999994,0.0,2.4,2.4,0.0,0.0,297.59999999999997,350.0,0.8502857142857142,0.34,134.99999999999997,101.196,18.0,15.803999999999974,0.0,0.0,0.0,12.4061675569649,96.21629476153419,0.0,12.4061675569649,0.9672608357818869,1.0338472964137417,12.0,0.0,310.1541889241225,299.99999999999994,10.154188924122536,0.0,0.0,1.0,0.9672608357818869
101,,101,0,2024-09-20T19:00:00,centralized_coordinate_search_reference,H04,3,3,3,0.45,7.002786115491766,0.07942284851654914,0.0,0.0,175.06965288729413,175.06965288729413,0.0,3.2,3.2,0.0,0.0,0.95,171.86965288729414,250.0,0.6874786115491766,0.34,78.78134379928235,58.45168198168001,10.504179173237649,9.825482644364694,13.846286451176091,13.846286451176091,5.042093576129971,16.5,0.2771545853946621,0.9422380729355537,96.21629476153419,0.0,0.0,175.06965288729413,175.06965288729413,0.0,3.2,3.2,0.0,0.0,171.86965288729414,250.0,0.6874786115491766,0.34,78.78134379928235,58.45168198168001,10.504179173237649,9.825482644364694,0.0,0.0,0.0,7.002786115491766,96.21629476153419,0.0,7.002786115491766,1.0,0.8753482644364707,7.002786115491766,0.0,175.06965288729413,175.06965288729413,0.0,0.0,0.0,1.0,1.0
101,,101,0,2024-09-20T19:00:00,centralized_coordinate_search_reference,H05,4,4,3,0.45,4.31201623149601,0.07942284851654914,0.0,0.0,107.80040578740025,107.80040578740025,0.0,6.0,6.0,0.0,0.0,0.95,101.80040578740025,500.0,0.2036008115748005,0.34,48.51018260433011,34.64213796771609,6.468024347244015,7.400020289370008,16.599724573531923,16.599724573531923,7.702202842029336,16.5,0.2771545853946621,0.9422380729355537,96.21629476153419,0.0,0.0,107.80040578740025,107.80040578740025,0.0,6.0,6.0,0.0,0.0,101.80040578740025,500.0,0.2036008115748005,0.34,48.51018260433011,34.64213796771609,6.468024347244015,7.400020289370008,0.0,0.0,0.0,4.31201623149601,96.21629476153419,0.0,4.31201623149601,1.0,0.2695010144685006,4.31201623149601,0.0,107.80040578740025,107.80040578740025,0.0,0.0,0.0,1.0,1.0
101,,101,0,2024-09-20T19:00:00,centralized_coordinate_search_reference,H06,5,5,3,0.45,8.060811734114992,0.07942284851654914,0.0,0.0,201.52029335287477,201.52029335287477,0.0,8.0,8.0,0.0,0.0,0.95,193.52029335287477,700.0,0.27645756193267823,0.34,90.68413200879365,65.83689973997744,12.091217601172488,12.756014667643726,13.023703912274566,13.023703912274566,4.584053893867751,16.5,0.2771545853946621,0.9422380729355537,96.21629476153419,0.0,0.0,201.52029335287477,201.52029335287477,0.0,8.0,8.0,0.0,0.0,193.52029335287477,700.0,0.27645756193267823,0.34,90.68413200879365,65.83689973997744,12.091217601172488,12.756014667643726,0.0,0.0,0.0,8.060811734114992,96.21629476153419,0.0,8.060811734114992,1.0,0.503800733382187,8.060811734114992,0.0,201.52029335287477,201.52029335287477,0.0,0.0,0.0,1.0,1.0
101,,101,0,2024-09-20T19:00:00,centralized_coordinate_search_reference,H07,6,6,3,0.45,0.09888540266538161,0.07942284851654914,0.0,0.0,2.4721350666345403,149.65518446439026,0.0,2.0,2.0,0.0,0.0,0.95,147.65518446439026,350.0,0.4218719556125436,0.34,67.34483300897561,50.21276271789269,8.979311067863417,8.152759223219508,10.418199828091508,10.418199828091508,1.8287348580143523,16.5,0.2771545853946621,0.9422380729355537,96.21629476153419,0.0,0.0,2.4721350666345403,149.65518446439026,0.0,2.0,2.0,0.0,0.0,147.65518446439026,350.0,0.4218719556125436,0.34,67.34483300897561,50.21276271789269,8.979311067863417,8.152759223219508,0.0,0.0,0.0,0.09888540266538161,96.21629476153419,5.88732197591023,5.986207378575612,1.0,0.498850614881301,5.986207378575612,147.18304939775572,149.65518446439026,149.65518446439026,0.0,0.0,0.0,1.0,1.0
101,,101,0,2024-09-20T19:00:00,centralized_coordinate_search_reference,H08,7,7,3,0.45,14.392014349549044,0.07942284851654914,0.0,0.0,359.80035873872606,359.80035873872606,0.0,7.2,7.2,0.0,0.0,0.95,352.6003587387261,500.0,0.7052007174774522,0.34,161.91016143242672,119.92012197116688,21.588021524323565,20.402017936936275,9.580674490710638,9.580674490710638,1.2398464808795417,16.5,0.2771545853946621,0.9422380729355537,96.21629476153419,0.0,0.0,359.80035873872606,359.80035873872606,0.0,7.2,7.2,0.0,0.0,352.6003587387261,500.0,0.7052007174774522,0.34,161.91016143242672,119.92012197116688,21.588021524323565,20.402017936936275,0.0,0.0,0.0,14.392014349549044,96.21629476153419,0.0,14.392014349549044,1.0,0.8995008968468152,14.392014349549044,0.0,359.80035873872606,359.80035873872606,0.0,0.0,0.0,1.0,1.0
101,,101,0,2024-09-20T20:00:00,centralized_coordinate_search_reference,H01,0,0,4,0.45,0.9018714507981169,0.06456559237502559,0.0,0.0,22.54678626995293,66.0346598806022,0.0,0.0,0.0,0.0,0.0,0.95,66.0346598806022,250.0,0.26413863952240885,0.27,29.715596946270992,17.829358167762596,3.9620795928361345,7.924159185672261,9.706526235558712,9.706526235558712,1.4135774005972295,16.5,0.23921470569616454,1.1213658453919755,112.13658453919754,0.0,0.0,22.54678626995293,66.0346598806022,0.0,0.0,0.0,0.0,0.0,66.0346598806022,250.0,0.26413863952240885,0.27,29.715596946270992,17.829358167762596,3.9620795928361345,7.924159185672261,0.0,0.0,0.0,0.9018714507981169,112.13658453919754,1.7395149444259728,2.6413863952240897,1.0,0.3301732994030112,2.6413863952240897,43.487873610649274,66.0346598806022,66.0346598806022,0.0,0.0,0.0,1.0,1.0
101,,101,0,2024-09-20T20:00:00,centralized_coordinate_search_reference,H02,1,1,4,0.45,0.5653668891227998,0.06456559237502559,0.0,0.0,14.134172228069993,67.45498467470131,0.0,0.0,0.0,0.0,0.0,0.95,67.45498467470131,250.0,0.2698199386988052,0.27,30.35474310361559,18.212845862169353,4.047299080482081,8.094598160964157,9.670613042610356,9.670613042610356,1.220755019198699,16.5,0.23921470569616454,1.1213658453919755,112.13658453919754,0.0,0.0,14.134172228069993,67.45498467470131,0.0,0.0,0.0,0.0,0.0,67.45498467470131,250.0,0.2698199386988052,0.27,30.35474310361559,18.212845862169353,4.047299080482081,8.094598160964157,0.0,0.0,0.0,0.5653668891227998,112.13658453919754,2.1328324978652544,2.6981993869880543,1.0,0.3372749233735068,2.6981993869880543,53.32081244663132,67.45498467470131,67.45498467470131,0.0,0.0,0.0,1.0,1.0
101,,101,0,2024-09-20T20:00:00,centralized_coordinate_search_reference,H03,2,2,4,0.45,5.050145375724274,0.06456559237502559,0.0,0.0,126.25363439310684,136.40782331722937,0.0,0.0,0.0,0.0,0.0,0.95,136.40782331722937,350.0,0.38973663804922676,0.27,61.38352049275322,36.83011229565194,8.184469399033762,16.36893879806752,10.57949695568772,10.57949695568772,1.9754764878962292,16.5,0.23921470569616454,1.1213658453919755,112.13658453919754,0.0,0.0,126.25363439310684,136.40782331722937,0.0,0.0,0.0,0.0,0.0,136.40782331722937,350.0,0.38973663804922676,0.27,61.38352049275322,36.83011229565194,8.184469399033762,16.36893879806752,0.0,0.0,0.0,5.050145375724274,112.13658453919754,0.4061675569649008,5.456312932689174,1.0,0.4546927443907645,5.456312932689174,10.154188924122536,136.40782331722937,136.40782331722937,0.0,0.0,0.0,1.0,1.0
101,,101,0,2024-09-20T20:00:00,centralized_coordinate_search_reference,H04,3,3,4,0.45,4.014253509263314,0.06456559237502559,0.0,0.0,100.35633773158285,100.35633773158285,0.0,0.0,0.0,0.0,0.0,0.95,100.35633773158285,250.0,0.4014253509263314,0.27,45.16035197921229,27.096211187527373,6.021380263894971,12.042760527789941,13.839630973809257,13.839630973809257,4.973300674810703,16.5,0.23921470569616454,1.1213658453919755,112.13658453919754,0.0,0.0,100.35633773158285,100.35633773158285,0.0,0.0,0.0,0.0,0.0,100.35633773158285,250.0,0.4014253509263314,0.27,45.16035197921229,27.096211187527373,6.021380263894971,12.042760527789941,0.0,0.0,0.0,4.014253509263314,112.13658453919754,0.0,4.014253509263314,1.0,0.5017816886579143,4.014253509263314,0.0,100.35633773158285,100.35633773158285,0.0,0.0,0.0,1.0,1.0
101,,101,0,2024-09-20T20:00:00,centralized_coordinate_search_reference,H05,4,4,4,0.45,2.5224704024044105,0.06456559237502559,0.0,0.0,63.06176006011026,63.06176006011026,0.0,0.0,0.0,0.0,0.0,0.95,63.06176006011026,500.0,0.12612352012022052,0.27,28.37779202704962,17.026675216229773,3.7837056036066157,7.5674112072132305,16.440311075332218,16.440311075332218,7.464292842337216,16.5,0.23921470569616454,1.1213658453919755,112.13658453919754,0.0,0.0,63.06176006011026,63.06176006011026,0.0,0.0,0.0,0.0,0.0,63.06176006011026,500.0,0.12612352012022052,0.27,28.37779202704962,17.026675216229773,3.7837056036066157,7.5674112072132305,0.0,0.0,0.0,2.5224704024044105,112.13658453919754,0.0,2.5224704024044105,1.0,0.15765440015027565,2.5224704024044105,0.0,63.06176006011026,63.06176006011026,0.0,0.0,0.0,1.0,1.0
101,,101,0,2024-09-20T20:00:00,centralized_coordinate_search_reference,H06,5,5,4,0.45,4.55730632487996,0.06456559237502559,0.0,0.0,113.932658121999,113.932658121999,0.0,0.0,0.0,0.0,0.0,0.95,113.932658121999,700.0,0.16276094017428427,0.27,51.26969615489955,30.761817692939733,6.83595948731994,13.671918974639876,13.088491055100201,13.088491055100201,4.611867989615424,16.5,0.23921470569616454,1.1213658453919755,112.13658453919754,0.0,0.0,113.932658121999,113.932658121999,0.0,0.0,0.0,0.0,0.0,113.932658121999,700.0,0.16276094017428427,0.27,51.26969615489955,30.761817692939733,6.83595948731994,13.671918974639876,0.0,0.0,0.0,4.55730632487996,112.13658453919754,0.0,4.55730632487996,1.0,0.2848316453049975,4.55730632487996,0.0,113.932658121999,113.932658121999,0.0,0.0,0.0,1.0,1.0
101,,101,0,2024-09-20T20:00:00,centralized_coordinate_search_reference,H07,6,6,4,0.45,7.311283464727189,0.06456559237502559,0.0,0.0,182.7820866181797,182.7820866181797,0.0,0.0,0.0,0.0,0.0,0.95,182.7820866181797,350.0,0.5222345331947992,0.27,82.25193897818087,49.351163386908524,10.966925197090783,21.93385039418157,10.397199683421908,10.397199683421908,1.7665929818879889,16.5,0.23921470569616454,1.1213658453919755,112.13658453919754,0.0,0.0,182.7820866181797,182.7820866181797,0.0,0.0,0.0,0.0,0.0,182.7820866181797,350.0,0.5222345331947992,0.27,82.25193897818087,49.351163386908524,10.966925197090783,21.93385039418157,0.0,0.0,0.0,7.311283464727189,112.13658453919754,0.0,7.311283464727189,1.0,0.6092736220605991,7.311283464727189,0.0,182.7820866181797,182.7820866181797,0.0,0.0,0.0,1.0,1.0
101,,101,0,2024-09-20T20:00:00,centralized_coordinate_search_reference,H08,7,7,4,0.45,8.177649096889658,0.06456559237502559,0.0,0.0,204.44122742224147,204.44122742224147,0.0,0.0,0.0,0.0,0.0,0.95,204.44122742224147,500.0,0.40888245484448293,0.27,91.99855234000866,55.1991314040052,12.266473645334486,24.53294729066897,9.610430555544186,9.610430555544186,1.251052601123607,16.5,0.23921470569616454,1.1213658453919755,112.13658453919754,0.0,0.0,204.44122742224147,204.44122742224147,0.0,0.0,0.0,0.0,0.0,204.44122742224147,500.0,0.40888245484448293,0.27,91.99855234000866,55.1991314040052,12.266473645334486,24.53294729066897,0.0,0.0,0.0,8.177649096889658,112.13658453919754,0.0,8.177649096889658,1.0,0.5111030685556036,8.177649096889658,0.0,204.44122742224147,204.44122742224147,0.0,0.0,0.0,1.0,1.0
101,,101,0,2024-09-20T21:00:00,centralized_coordinate_search_reference,H01,0,0,5,0.45,4.365712680060657,0.04448069373976857,0.0,0.0,109.14281700151643,109.14281700151643,0.0,0.0,0.0,0.0,100.0,0.42368421052631583,9.142817001516434,250.0,0.036571268006065735,0.2,49.11426765068239,4.8285634003032865,6.548569020090985,37.73713523028812,9.864978316876206,9.864978316876206,1.543406219471731,16.5,0.18173174720712232,2.543843547247538,254.38435472475376,1.4210854715202004e-14,0.0,109.14281700151643,109.14281700151643,0.0,0.0,0.0,0.0,100.0,9.142817001516434,250.0,0.036571268006065735,0.2,49.11426765068239,4.8285634003032865,6.548569020090985,37.73713523028812,1.4210854715202004e-14,0.0,0.0,4.365712680060657,254.38435472475376,0.0,4.365712680060657,1.0,0.5457140850075821,4.365712680060657,0.0,109.14281700151643,109.14281700151643,0.0,0.0,0.0,1.0,1.0
101,,101,0,2024-09-20T21:00:00,centralized_coordinate_search_reference,H02,1,1,5,0.45,4.482724488294334,0.04448069373976857,0.0,0.0,112.06811220735835,112.06811220735835,0.0,0.0,0.0,0.0,100.0,0.42368421052631583,12.068112207358354,250.0,0.04827244882943341,0.2,50.43065049331126,5.413622441471671,6.724086732441501,38.29294131939809,9.801956453012131,9.801956453012131,1.3312736897204487,16.5,0.18173174720712232,2.543843547247538,254.38435472475376,1.4210854715202004e-14,0.0,112.06811220735835,112.06811220735835,0.0,0.0,0.0,0.0,100.0,12.068112207358354,250.0,0.04827244882943341,0.2,50.43065049331126,5.413622441471671,6.724086732441501,38.29294131939809,1.4210854715202004e-14,0.0,0.0,4.482724488294334,254.38435472475376,0.0,4.482724488294334,1.0,0.5603405610367918,4.482724488294334,0.0,112.06811220735835,112.06811220735835,0.0,0.0,0.0,1.0,1.0
101,,101,0,2024-09-20T21:00:00,centralized_coordinate_search_reference,H03,2,2,5,0.45,4.204481583001069,0.04448069373976857,0.0,0.0,105.11203957502676,105.11203957502676,0.0,0.0,0.0,0.0,105.11203957502676,0.5811858260525378,0.0,350.0,0.0,0.2,47.30041780876204,3.1533611872508027,6.306722374501604,37.840334247009636,10.449005449759161,10.449005449759161,1.8131512434022747,16.5,0.18173174720712232,2.543843547247538,254.38435472475376,2.842170943040401e-14,0.0,105.11203957502676,105.11203957502676,0.0,0.0,0.0,0.0,105.11203957502676,0.0,350.0,0.0,0.2,47.30041780876204,3.1533611872508027,6.306722374501604,37.840334247009636,2.842170943040401e-14,0.0,0.0,4.204481583001069,254.38435472475376,0.0,4.204481583001069,1.0,0.3503734652500891,4.204481583001069,0.0,105.11203957502676,105.11203957502676,0.0,0.0,0.0,1.0,1.0
101,,101,0,2024-09-20T21:00:00,centralized_coordinate_search_reference,H04,3,3,5,0.45,2.432120448766289,0.04448069373976857,0.0,0.0,60.80301121915723,60.80301121915723,0.0,0.0,0.0,0.0,60.80301121915723,0.6939873211824958,0.0,250.0,0.0,0.2,27.36135504862075,1.8240903365747168,3.648180673149433,21.889084038896602,13.588872516487255,13.588872516487255,4.684453778934837,16.5,0.18173174720712232,2.543843547247538,254.38435472475376,0.0,0.0,60.80301121915723,60.80301121915723,0.0,0.0,0.0,0.0,60.80301121915723,0.0,250.0,0.0,0.2,27.36135504862075,1.8240903365747168,3.648180673149433,21.889084038896602,0.0,0.0,0.0,2.432120448766289,254.38435472475376,0.0,2.432120448766289,1.0,0.3040150560957861,2.432120448766289,0.0,60.80301121915723,60.80301121915723,0.0,0.0,0.0,1.0,1.0
101,,101,0,2024-09-20T21:00:00,centralized_coordinate_search_reference,H05,4,4,5,0.45,1.5150282995193378,0.04448069373976857,0.0,0.0,37.87570748798345,37.87570748798345,0.0,0.0,0.0,0.0,37.87570748798345,0.8702616684463507,0.0,500.0,0.0,0.2,17.04406836959255,1.1362712246395035,2.2725424492790065,13.63525469567404,16.272985288316953,16.272985288316953,7.244222869154261,16.5,0.18173174720712232,2.543843547247538,254.38435472475376,1.4210854715202004e-14,0.0,37.87570748798345,37.87570748798345,0.0,0.0,0.0,0.0,37.87570748798345,0.0,500.0,0.0,0.2,17.04406836959255,1.1362712246395035,2.2725424492790065,13.63525469567404,1.4210854715202004e-14,0.0,0.0,1.5150282995193378,254.38435472475376,0.0,1.5150282995193378,1.0,0.09468926871995861,1.5150282995193378,0.0,37.87570748798345,37.87570748798345,0.0,0.0,0.0,1.0,1.0
101,,101,0,2024-09-20T21:00:00,centralized_coordinate_search_reference,H06,5,5,5,0.45,2.5960630085530427,0.04448069373976857,0.0,0.0,64.90157521382608,64.90157521382608,0.0,0.0,0.0,0.0,64.90157521382608,0.8361375873441648,0.0,700.0,0.0,0.2,29.205708846221736,1.9470472564147823,3.894094512829564,23.36456707697739,13.241698225691076,13.241698225691076,4.708876069987988,16.5,0.18173174720712232,2.543843547247538,254.38435472475376,1.4210854715202004e-14,0.0,64.90157521382608,64.90157521382608,0.0,0.0,0.0,0.0,64.90157521382608,0.0,700.0,0.0,0.2,29.205708846221736,1.9470472564147823,3.894094512829564,23.36456707697739,1.4210854715202004e-14,0.0,0.0,2.5960630085530427,254.38435472475376,0.0,2.5960630085530427,1.0,0.16225393803456517,2.5960630085530427,0.0,64.90157521382608,64.90157521382608,0.0,0.0,0.0,1.0,1.0
101,,101,0,2024-09-20T21:00:00,centralized_coordinate_search_reference,H07,6,6,5,0.45,4.360826171691084,0.04448069373976857,0.0,0.0,109.0206542922771,109.0206542922771,0.0,0.0,0.0,0.0,109.0206542922771,0.5674713884481506,0.0,350.0,0.0,0.2,49.0592944315247,3.270619628768313,6.541239257536626,39.24743554521976,10.266868710366857,10.266868710366857,1.5955307472535427,16.5,0.18173174720712232,2.543843547247538,254.38435472475376,1.4210854715202004e-14,0.0,109.0206542922771,109.0206542922771,0.0,0.0,0.0,0.0,109.0206542922771,0.0,350.0,0.0,0.2,49.0592944315247,3.270619628768313,6.541239257536626,39.24743554521976,1.4210854715202004e-14,0.0,0.0,4.360826171691084,254.38435472475376,0.0,4.360826171691084,1.0,0.36340218097425697,4.360826171691084,0.0,109.0206542922771,109.0206542922771,0.0,0.0,0.0,1.0,1.0
101,,101,0,2024-09-20T21:00:00,centralized_coordinate_search_reference,H08,7,7,5,0.45,4.708622507921125,0.04448069373976857,0.0,0.0,117.71556269802811,117.71556269802811,0.0,0.0,0.0,0.0,117.71556269802811,0.7021777627409934,0.0,500.0,0.0,0.2,52.97200321411265,3.531466880940843,7.062933761881688,42.37760257129012,9.692438291191834,9.692438291191834,1.2932355955498966,16.5,0.18173174720712232,2.543843547247538,254.38435472475376,0.0,0.0,117.71556269802811,117.71556269802811,0.0,0.0,0.0,0.0,117.71556269802811,0.0,500.0,0.0,0.2,52.97200321411265,3.531466880940843,7.062933761881688,42.37760257129012,0.0,0.0,0.0,4.708622507921125,254.38435472475376,0.0,4.708622507921125,1.0,0.2942889067450703,4.708622507921125,0.0,117.71556269802811,117.71556269802811,0.0,0.0,0.0,1.0,1.0
202,,202,1,2024-09-20T16:00:00,centralized_coordinate_search_reference,H01,0,0,0,0.45,11.98624712870717,0.04527566743543794,29.896853465303774,14.896853465303774,299.6561782176792,200.0,0.0,44.0,44.0,84.21052631578947,0.0,0.95,240.21052631578948,250.0,0.9608421052631579,0.16,90.0,38.653684210526315,12.0,39.346315789473685,10.289385279540998,10.289385279540998,1.8088700379889642,16.5,0.18416386009022195,3.0777851502568696,371.098453112549,0.0,0.0,299.6561782176792,200.0,0.0,44.0,44.0,84.21052631578947,0.0,240.21052631578948,250.0,0.9608421052631579,0.16,90.0,38.653684210526315,12.0,39.346315789473685,0.0,0.24828089108839624,0.0,11.98624712870717,371.098453112549,0.0,11.98624712870717,0.6674315917314877,1.4982808910883962,8.0,0.0,299.6561782176792,200.0,99.65617821767921,0.0,0.0,1.0,0.6674315917314877
202,,202,1,2024-09-20T16:00:00,centralized_coordinate_search_reference,H02,1,1,0,0.45,12.235082077083634,0.04527566743543794,31.763115578127255,16.763115578127255,305.87705192709086,200.00000000000003,0.0,33.0,33.0,82.99999999999997,0.0,0.8942499999999999,250.0,250.0,1.0,0.16,90.00000000000001,40.165,12.0,37.835000000000015,10.263145803347566,10.263145803347566,1.6436684341973367,16.5,0.18416386009022195,3.0777851502568696,371.098453112549,0.0,0.0,305.87705192709086,200.00000000000003,0.0,33.0,33.0,82.99999999999997,0.0,250.0,250.0,1.0,0.16,90.00000000000001,40.165,12.0,37.835000000000015,0.0,0.27938525963545424,0.0,12.235082077083634,371.098453112549,0.0,12.235082077083634,0.6538574853522264,1.5293852596354542,8.0,0.0,305.87705192709086,200.00000000000003,105.87705192709083,0.0,0.0,1.0,0.6538574853522264
202,,202,1,2024-09-20T16:00:00,centralized_coordinate_search_reference,H03,2,2,0,0.45,12.26182098093095,0.04527566743543794,1.3091049046547587,0.0,306.5455245232738,300.0,0.0,33.0,0.0,83.0,0.0,0.8628333333333335,350.0,350.0,1.0,0.16,135.0,56.165,18.0,60.83500000000001,10.54377777257144,10.54377777257144,1.7553453596136455,16.5,0.18416386009022195,3.0777851502568696,371.098453112549,2.842170943040401e-14,0.0,306.5455245232738,300.0,0.0,33.0,0.0,83.0,0.0,350.0,350.0,1.0,0.16,135.0,56.165,18.0,60.83500000000001,2.842170943040401e-14,0.0,0.0,12.26182098093095,371.098453112549,0.0,12.26182098093095,0.9786474634283012,1.0218184150775793,12.0,0.0,306.5455245232738,300.0,6.545524523273798,7.632783294297951e-17,0.0,1.0,0.9786474634283012
202,,202,1,2024-09-20T16:00:00,centralized_coordinate_search_reference,H04,3,3,0,0.45,7.676421365741855,0.04527566743543794,0.0,0.0,191.91053414354639,191.91053414354639,0.0,44.0,44.0,78.94736842105263,0.0,0.95,226.85790256459902,250.0,0.907431610258396,0.16,86.35974036459588,36.51726441033584,11.514632048612782,38.327843905647256,13.24013956682249,13.24013956682249,4.184380232588157,16.5,0.18416386009022195,3.0777851502568696,371.098453112549,0.0,0.0,191.91053414354639,191.91053414354639,0.0,44.0,44.0,78.94736842105263,0.0,226.85790256459902,250.0,0.907431610258396,0.16,86.35974036459588,36.51726441033584,11.514632048612782,38.327843905647256,0.0,0.0,0.0,7.676421365741855,371.098453112549,0.0,7.676421365741855,1.0,0.9595526707177319,7.676421365741855,0.0,191.91053414354639,191.91053414354639,0.0,0.0,0.0,1.0,1.0
202,,202,1,2024-09-20T16:00:00,centralized_coordinate_search_reference,H05,4,4,0,0.45,5.051820412707781,0.04527566743543794,0.0,0.0,126.29551031769452,126.29551031769452,0.0,82.5,82.5,131.57894736842107,0.0,0.95,175.3744576861156,500.0,0.3507489153722312,0.16,56.832979642962535,28.472413229778496,7.577730619061672,20.782835794122366,15.549063215017503,15.549063215017503,6.344191684753173,16.5,0.18416386009022195,3.0777851502568696,371.098453112549,1.4210854715202004e-14,0.0,126.29551031769452,126.29551031769452,0.0,82.5,82.5,131.57894736842107,0.0,175.3744576861156,500.0,0.3507489153722312,0.16,56.832979642962535,28.472413229778496,7.577730619061672,20.782835794122366,1.4210854715202004e-14,0.0,0.0,5.051820412707781,371.098453112549,0.0,5.051820412707781,1.0,0.3157387757942363,5.051820412707781,0.0,126.29551031769452,126.29551031769452,0.0,0.0,0.0,1.0,1.0
202,,202,1,2024-09-20T16:00:00,centralized_coordinate_search_reference,H06,5,5,0,0.45,7.6582168942991125,0.04527566743543794,0.0,0.0,191.4554223574778,191.4554223574778,0.0,110.0,110.0,126.31578947368422,0.0,0.95,207.77121183116202,700.0,0.29681601690166004,0.16,86.15494006086502,33.79339389298592,11.487325341448669,40.87422082643043,13.317908294398809,13.317908294398809,4.618044087917267,16.5,0.18416386009022195,3.0777851502568696,371.098453112549,0.0,0.0,191.4554223574778,191.4554223574778,0.0,110.0,110.0,126.31578947368422,0.0,207.77121183116202,700.0,0.29681601690166004,0.16,86.15494006086502,33.79339389298592,11.487325341448669,40.87422082643043,0.0,0.0,0.0,7.6582168942991125,371.098453112549,0.0,7.6582168942991125,1.0,0.47863855589369453,7.6582168942991125,0.0,191.4554223574778,191.4554223574778,0.0,0.0,0.0,1.0,1.0
202,,202,1,2024-09-20T16:00:00,centralized_coordinate_search_reference,H07,6,6,0,0.45,13.180406443065124,0.04527566743543794,5.902032215325623,0.0,329.5101610766281,300.0,0.0,27.5,27.5,77.5,0.0,0.7954166666666667,350.0,350.0,1.0,0.16,135.0,56.1375,18.0,60.8625,10.164814492903282,10.164814492903282,1.3078753622469699,16.5,0.18416386009022195,3.0777851502568696,371.098453112549,0.0,0.0,329.5101610766281,300.0,0.0,27.5,27.5,77.5,0.0,350.0,350.0,1.0,0.16,135.0,56.1375,18.0,60.8625,0.0,0.0,0.0,13.180406443065124,371.098453112549,0.0,13.180406443065124,0.9104423336136045,1.0983672035887604,12.0,0.0,329.5101610766281,300.0,29.510161076628094,8.326672684688674e-17,0.0,1.0,0.9104423336136045
202,,202,1,2024-09-20T16:00:00,centralized_coordinate_search_reference,H08,7,7,0,0.45,13.555194500143063,0.04527566743543794,0.0,0.0,338.8798625035766,338.8798625035766,0.0,99.0,99.0,131.57894736842107,0.0,0.95,371.4588098719977,500.0,0.7429176197439954,0.16,152.49593812660947,59.92840957951963,20.332791750214597,72.23473679687524,9.890213613143395,9.890213613143395,1.3090734557406114,16.5,0.18416386009022195,3.0777851502568696,371.098453112549,1.4210854715202004e-14,0.0,338.8798625035766,338.8798625035766,0.0,99.0,99.0,131.57894736842107,0.0,371.4588098719977,500.0,0.7429176197439954,0.16,152.49593812660947,59.92840957951963,20.332791750214597,72.23473679687524,1.4210854715202004e-14,0.0,0.0,13.555194500143063,371.098453112549,0.0,13.555194500143063,1.0,0.8471996562589414,13.555194500143063,0.0,338.8798625035766,338.8798625035766,0.0,0.0,0.0,1.0,1.0
202,,202,1,2024-09-20T17:00:00,centralized_coordinate_search_reference,H01,0,0,1,0.45,0.19303678240635253,0.07518254690939993,0.0,0.0,4.825919560158813,104.48209777783802,0.0,28.0,28.0,0.0,0.0,0.95,76.48209777783802,250.0,0.30592839111135206,0.22,47.01694400002711,16.966061511124366,6.268925866670283,23.78195662223246,9.639508756329237,9.639508756329237,1.4384606483343285,16.5,0.26664404930487173,2.1863029662415134,383.9830581018766,0.0,0.0,4.825919560158813,104.48209777783802,0.0,28.0,28.0,0.0,0.0,76.48209777783802,250.0,0.30592839111135206,0.22,47.01694400002711,16.966061511124366,6.268925866670283,23.78195662223246,0.0,0.0,0.0,0.19303678240635253,383.9830581018766,3.98624712870717,4.179283911113522,1.0,0.5224104888891903,4.179283911113522,99.65617821767921,104.48209777783802,104.48209777783802,0.0,0.0,0.0,1.0,1.0
202,,202,1,2024-09-20T17:00:00,centralized_coordinate_search_reference,H02,1,1,1,0.45,0.14149025926546052,0.07518254690939993,0.0,0.0,3.5372564816365126,109.41430840872735,0.0,21.0,21.0,11.736842105263195,0.0,0.95,100.15115051399054,250.0,0.40060460205596216,0.22,49.23643878392731,22.13825311307792,6.564858504523642,20.53332716632575,9.743277825734216,9.743277825734216,1.3695400242279696,16.5,0.26664404930487173,2.1863029662415134,383.9830581018766,0.0,0.0,3.5372564816365126,109.41430840872735,0.0,21.0,21.0,11.736842105263195,0.0,100.15115051399054,250.0,0.40060460205596216,0.22,49.23643878392731,22.13825311307792,6.564858504523642,20.53332716632575,0.0,0.0,0.0,0.14149025926546052,383.9830581018766,4.235082077083634,4.376572336349095,1.0,0.5470715420436368,4.376572336349095,105.87705192709083,109.41430840872735,109.41430840872735,0.0,0.0,0.0,1.0,1.0
202,,202,1,2024-09-20T17:00:00,centralized_coordinate_search_reference,H03,2,2,1,0.45,19.328655738992147,0.07518254690939993,37.95238359961549,22.952383599615487,483.21639347480374,300.0,0.0,21.0,21.0,27.52631578947366,0.0,0.95,306.52631578947364,350.0,0.8757894736842105,0.22,135.0,67.5407894736842,18.0,49.4592105263158,10.602780469270085,10.602780469270085,2.085664621305609,16.5,0.26664404930487173,2.1863029662415134,383.9830581018766,0.0,0.0,483.21639347480374,300.0,0.0,21.0,21.0,27.52631578947366,0.0,306.52631578947364,350.0,0.8757894736842105,0.22,135.0,67.5407894736842,18.0,49.4592105263158,0.0,0.3825397266602581,0.0,19.328655738992147,383.9830581018766,0.26182098093095174,19.5904767199231,0.6125425211218191,1.6325397266602584,12.0,6.545524523273798,489.76191799807754,300.0,189.76191799807754,-1.1102230246251565e-16,0.0,1.0,0.6125425211218191
202,,202,1,2024-09-20T17:00:00,centralized_coordinate_search_reference,H04,3,3,1,0.45,13.691840188833025,0.07518254690939993,42.688801416247685,27.688801416247685,342.2960047208255,199.99999999999991,0.0,28.0,28.0,0.0,0.0,0.95,171.99999999999991,250.0,0.6879999999999996,0.22,89.99999999999996,37.97999999999998,11.999999999999998,40.019999999999975,13.840766192431477,13.840766192431477,5.099140439964717,16.5,0.26664404930487173,2.1863029662415134,383.9830581018766,0.0,0.0,342.2960047208255,199.99999999999991,0.0,28.0,28.0,0.0,0.0,171.99999999999991,250.0,0.6879999999999996,0.22,89.99999999999996,37.97999999999998,11.999999999999998,40.019999999999975,0.0,0.4614800236041281,0.0,13.691840188833025,383.9830581018766,0.0,13.691840188833025,0.5842896126208621,1.711480023604128,7.999999999999999,0.0,342.2960047208255,199.99999999999991,142.2960047208256,0.0,0.0,1.0,0.5842896126208621
202,,202,1,2024-09-20T17:00:00,centralized_coordinate_search_reference,H05,4,4,1,0.45,8.5516029842778,0.07518254690939993,0.0,0.0,213.79007460694498,213.79007460694498,0.0,52.5,52.5,0.0,0.0,0.95,161.29007460694498,500.0,0.32258014921388994,0.22,96.20553357312525,35.7463164135279,12.8274044764167,47.631812683180655,16.506510799556352,16.506510799556352,7.67810740374707,16.5,0.26664404930487173,2.1863029662415134,383.9830581018766,0.0,0.0,213.79007460694498,213.79007460694498,0.0,52.5,52.5,0.0,0.0,161.29007460694498,500.0,0.32258014921388994,0.22,96.20553357312525,35.7463164135279,12.8274044764167,47.631812683180655,0.0,0.0,0.0,8.5516029842778,383.9830581018766,0.0,8.5516029842778,1.0,0.5344751865173625,8.5516029842778,0.0,213.79007460694498,213.79007460694498,0.0,0.0,0.0,1.0,1.0
202,,202,1,2024-09-20T17:00:00,centralized_coordinate_search_reference,H06,5,5,1,0.45,16.153295663443988,0.07518254690939993,0.5748587379149539,0.0,403.8323915860997,400.0,0.0,70.0,70.0,0.0,0.0,0.95,330.0,700.0,0.4714285714285714,0.22,180.0,72.94999999999999,24.0,83.05000000000001,12.868065317219896,12.868065317219896,4.526873660907929,16.5,0.26664404930487173,2.1863029662415134,383.9830581018766,0.0,0.0,403.8323915860997,400.0,0.0,70.0,70.0,0.0,0.0,330.0,700.0,0.4714285714285714,0.22,180.0,72.94999999999999,24.0,83.05000000000001,0.0,0.0,0.0,16.153295663443988,383.9830581018766,0.0,16.153295663443988,0.9905099450515905,1.0095809789652492,16.0,0.0,403.8323915860997,400.0,3.832391586099675,0.0,0.0,1.0,0.9905099450515905
202,,202,1,2024-09-20T17:00:00,centralized_coordinate_search_reference,H07,6,6,1,0.45,9.393411154119,0.07518254690939993,0.0,0.0,234.83527885297502,264.3454399296031,0.0,17.5,17.5,48.81578947368421,0.0,0.95,295.66122940328734,350.0,0.8447463697236781,0.22,118.95544796832141,65.13297046872322,15.860726395776187,37.96175110382201,10.416415910105442,10.416415910105442,1.885722686892369,16.5,0.26664404930487173,2.1863029662415134,383.9830581018766,0.0,0.0,234.83527885297502,264.3454399296031,0.0,17.5,17.5,48.81578947368421,0.0,295.66122940328734,350.0,0.8447463697236781,0.22,118.95544796832141,65.13297046872322,15.860726395776187,37.96175110382201,0.0,0.0,0.0,9.393411154119,383.9830581018766,1.1804064430651247,10.573817597184124,1.0,0.8811514664320104,10.573817597184124,29.510161076628094,264.3454399296031,264.3454399296031,0.0,0.0,0.0,1.0,1.0
202,,202,1,2024-09-20T17:00:00,centralized_coordinate_search_reference,H08,7,7,1,0.45,28.54271885946652,0.07518254690939993,47.035195722999454,32.035195722999454,713.5679714866629,399.99999999999994,0.0,63.0,63.0,0.0,0.0,0.95,336.99999999999994,500.0,0.6739999999999999,0.22,179.99999999999997,74.45499999999998,24.0,81.54499999999999,9.4927966007629,9.4927966007629,1.225946729053429,16.5,0.26664404930487173,2.1863029662415134,383.9830581018766,0.0,0.0,713.5679714866629,399.99999999999994,0.0,63.0,63.0,0.0,0.0,336.99999999999994,500.0,0.6739999999999999,0.22,179.99999999999997,74.45499999999998,24.0,81.54499999999999,0.0,0.5339199287166576,0.0,28.54271885946652,383.9830581018766,0.0,28.54271885946652,0.560563276357025,1.7839199287166576,16.0,0.0,713.5679714866629,399.99999999999994,313.567971486663,0.0,0.0,1.0,0.560563276357025
202,,202,1,2024-09-20T18:00:00,centralized_coordinate_search_reference,H01,0,0,2,0.45,17.739435568646165,0.07304347515594575,73.04576676484623,58.045766764846235,443.4858892161541,199.99999999999997,0.0,12.8,12.8,0.0,0.0,0.95,187.19999999999996,250.0,0.7487999999999998,0.3,89.99999999999999,56.22399999999999,12.0,21.775999999999996,9.984591500828689,9.984591500828689,1.6181441329208102,16.5,0.2607747325473557,-0.6775892255338264,199.19757190458463,0.0,0.0,443.4858892161541,199.99999999999997,0.0,12.8,12.8,0.0,0.0,187.19999999999996,250.0,0.7487999999999998,0.3,89.99999999999999,56.22399999999999,12.0,21.775999999999996,0.0,0.9674294460807705,0.0,17.739435568646165,199.19757190458463,0.0,17.739435568646165,0.4509726348982445,2.2174294460807706,8.0,0.0,443.4858892161541,199.99999999999997,243.4858892161541,0.0,0.0,1.0,0.4509726348982445
202,,202,1,2024-09-20T18:00:00,centralized_coordinate_search_reference,H02,1,1,2,0.45,18.132782744611497,0.07304347515594575,75.99587058458623,60.99587058458623,453.3195686152874,199.99999999999997,0.0,9.6,9.6,0.0,0.0,0.95,190.39999999999998,250.0,0.7615999999999999,0.3,89.99999999999999,57.16799999999999,12.0,20.831999999999994,9.955309371475154,9.955309371475154,1.4287184583425978,16.5,0.2607747325473557,-0.6775892255338264,199.19757190458463,0.0,0.0,453.3195686152874,199.99999999999997,0.0,9.6,9.6,0.0,0.0,190.39999999999998,250.0,0.7615999999999999,0.3,89.99999999999999,57.16799999999999,12.0,20.831999999999994,0.0,1.016597843076437,0.0,18.132782744611497,199.19757190458463,0.0,18.132782744611497,0.4411898665899669,2.266597843076437,8.0,0.0,453.3195686152874,199.99999999999997,253.3195686152874,0.0,0.0,1.0,0.4411898665899669
202,,202,1,2024-09-20T18:00:00,centralized_coordinate_search_reference,H03,2,2,2,0.45,0.03320991209348001,0.07304347515594575,0.0,0.0,0.8302478023370004,190.59216580041453,0.0,9.6,9.6,0.0,0.0,0.95,180.99216580041454,350.0,0.5171204737154701,0.3,85.76647461018655,54.345649740124365,11.435529948024866,19.98529492203732,10.453016685829315,10.453016685829315,1.794501102524119,16.5,0.2607747325473557,-0.6775892255338264,199.19757190458463,0.0,0.0,0.8302478023370004,190.59216580041453,0.0,9.6,9.6,0.0,0.0,180.99216580041454,350.0,0.5171204737154701,0.3,85.76647461018655,54.345649740124365,11.435529948024866,19.98529492203732,0.0,0.0,0.0,0.03320991209348001,199.19757190458463,7.590476719923098,7.623686632016578,1.0,0.6353072193347148,7.623686632016578,189.76191799807754,190.59216580041453,190.59216580041453,0.0,0.0,0.0,1.0,1.0
202,,202,1,2024-09-20T18:00:00,centralized_coordinate_search_reference,H04,3,3,2,0.45,0.008982506614791917,0.07304347515594575,0.0,0.0,0.2245626653697979,142.5205673861954,0.0,12.8,12.8,0.0,0.0,0.95,129.7205673861954,250.0,0.5188822695447816,0.3,64.13425532378794,38.98017021585862,8.551234043171725,16.602851064757594,13.475513745643006,13.475513745643006,4.612367980151988,16.5,0.2607747325473557,-0.6775892255338264,199.19757190458463,0.0,0.0,0.2245626653697979,142.5205673861954,0.0,12.8,12.8,0.0,0.0,129.7205673861954,250.0,0.5188822695447816,0.3,64.13425532378794,38.98017021585862,8.551234043171725,16.602851064757594,0.0,0.0,0.0,0.008982506614791917,199.19757190458463,5.691840188833025,5.700822695447816,1.0,0.712602836930977,5.700822695447816,142.2960047208256,142.5205673861954,142.5205673861954,0.0,0.0,0.0,1.0,1.0
202,,202,1,2024-09-20T18:00:00,centralized_coordinate_search_reference,H05,4,4,2,0.45,6.285773432445209,0.07304347515594575,0.0,0.0,157.14433581113025,157.14433581113025,0.0,24.0,24.0,0.0,0.0,0.95,133.14433581113025,500.0,0.2662886716222605,0.3,70.71495111500862,40.06330074333907,9.428660148667813,21.222990223001734,16.31506251009911,16.31506251009911,7.350794632587319,16.5,0.2607747325473557,-0.6775892255338264,199.19757190458463,0.0,0.0,157.14433581113025,157.14433581113025,0.0,24.0,24.0,0.0,0.0,133.14433581113025,500.0,0.2662886716222605,0.3,70.71495111500862,40.06330074333907,9.428660148667813,21.222990223001734,0.0,0.0,0.0,6.285773432445209,199.19757190458463,0.0,6.285773432445209,1.0,0.3928608395278256,6.285773432445209,0.0,157.14433581113025,157.14433581113025,0.0,0.0,0.0,1.0,1.0
202,,202,1,2024-09-20T18:00:00,centralized_coordinate_search_reference,H06,5,5,2,0.45,10.176744092468198,0.07304347515594575,0.0,0.0,254.418602311705,258.2509938978047,0.0,32.0,32.0,0.0,0.0,0.95,226.25099389780468,700.0,0.3232157055682924,0.3,116.21294725401211,68.0352981693414,15.495059633868278,32.682589450802425,13.04579443841627,13.04579443841627,4.528264337257339,16.5,0.2607747325473557,-0.6775892255338264,199.19757190458463,0.0,0.0,254.418602311705,258.2509938978047,0.0,32.0,32.0,0.0,0.0,226.25099389780468,700.0,0.3232157055682924,0.3,116.21294725401211,68.0352981693414,15.495059633868278,32.682589450802425,0.0,0.0,0.0,10.176744092468198,199.19757190458463,0.1532956634439877,10.330039755912185,1.0,0.6456274847445116,10.330039755912185,3.832391586099675,258.2509938978047,258.2509938978047,0.0,0.0,0.0,1.0,1.0
202,,202,1,2024-09-20T18:00:00,centralized_coordinate_search_reference,H07,6,6,2,0.45,17.88732197591023,0.07304347515594575,29.43660987955115,14.436609879551149,447.1830493977557,300.0,0.0,8.0,8.0,0.0,0.0,0.95,292.0,350.0,0.8342857142857143,0.3,135.0,87.64,18.0,29.36,10.326252408811243,10.326252408811243,1.6452517532134272,16.5,0.2607747325473557,-0.6775892255338264,199.19757190458463,0.0,0.0,447.1830493977557,300.0,0.0,8.0,8.0,0.0,0.0,292.0,350.0,0.8342857142857143,0.3,135.0,87.64,18.0,29.36,0.0,0.2406101646591858,0.0,17.88732197591023,199.19757190458463,0.0,17.88732197591023,0.670866215533047,1.4906101646591858,12.0,0.0,447.1830493977557,300.0,147.18304939775572,1.1102230246251565e-16,0.0,1.0,0.670866215533047
202,,202,1,2024-09-20T18:00:00,centralized_coordinate_search_reference,H08,7,7,2,0.45,0.00832391563818518,0.07304347515594575,0.0,0.0,0.20809789095462947,313.7760693776176,0.0,28.8,28.8,0.0,0.0,0.95,284.9760693776176,500.0,0.5699521387552352,0.3,141.19923121992792,85.63682081328528,18.82656416265706,36.73584624398558,9.71407190518804,9.71407190518804,1.2804380826646244,16.5,0.2607747325473557,-0.6775892255338264,199.19757190458463,0.0,0.0,0.20809789095462947,313.7760693776176,0.0,28.8,28.8,0.0,0.0,284.9760693776176,500.0,0.5699521387552352,0.3,141.19923121992792,85.63682081328528,18.82656416265706,36.73584624398558,0.0,0.0,0.0,0.00832391563818518,199.19757190458463,12.542718859466522,12.551042775104706,1.0,0.7844401734440442,12.551042775104706,313.567971486663,313.7760693776176,313.7760693776176,0.0,0.0,0.0,1.0,1.0
202,,202,1,2024-09-20T19:00:00,centralized_coordinate_search_reference,H01,0,0,3,0.45,7.937577980723504e-05,0.07942284851654914,13.046362083194795,0.0,0.001984394495180876,200.0,0.0,3.2,3.2,0.0,0.0,0.95,196.8,250.0,0.7872,0.34,90.0,66.92800000000001,12.0,11.071999999999989,9.68884242004732,9.68884242004732,1.4076902009081014,16.5,0.2771545853946621,0.9422380729355537,96.21629476153419,0.0,0.0,0.001984394495180876,200.0,0.0,3.2,3.2,0.0,0.0,196.8,250.0,0.7872,0.34,90.0,66.92800000000001,12.0,11.071999999999989,0.0,0.0,0.0,7.937577980723504e-05,96.21629476153419,9.739435568646165,9.739514944425972,0.8213961419689063,1.2174393680532465,8.0,243.4858892161541,243.48787361064927,200.0,43.487873610649274,1.1102230246251565e-16,0.0,1.0,0.8213961419689063
202,,202,1,2024-09-20T19:00:00,centralized_coordinate_search_reference,H02,1,1,3,0.45,4.9753253757698905e-05,0.07942284851654914,15.996243733989408,0.9962437339894081,0.0012438313439424725,200.00000000000003,0.0,2.4,2.4,0.0,0.0,0.95,197.60000000000002,250.0,0.7904000000000001,0.34,90.00000000000001,67.19600000000001,12.0,10.804000000000002,9.650487412127484,9.650487412127484,1.2124268239769678,16.5,0.2771545853946621,0.9422380729355537,96.21629476153419,0.0,0.0,0.0012438313439424725,200.00000000000003,0.0,2.4,2.4,0.0,0.0,197.60000000000002,250.0,0.7904000000000001,0.34,90.00000000000001,67.19600000000001,12.0,10.804000000000002,0.0,0.016604062233156802,0.0,4.9753253757698905e-05,96.21629476153419,10.132782744611497,10.132832497865254,0.7895127055229039,1.2666040622331567,8.0,253.3195686152874,253.32081244663135,200.00000000000003,53.32081244663132,1.1102230246251565e-16,0.0,1.0,0.7895127055229039
202,,202,1,2024-09-20T19:00:00,centralized_coordinate_search_reference,H03,2,2,3,0.45,12.4061675569649,0.07942284851654914,2.030837784824504,0.0,310.1541889241225,299.99999999999994,0.0,2.4,2.4,0.0,0.0,0.95,297.59999999999997,350.0,0.8502857142857142,0.34,134.99999999999997,101.196,18.0,15.803999999999974,10.542874365570718,10.542874365570718,1.9686631862524169,16.5,0.2771545853946621,0.9422380729355537,96.21629476153419,0.0,0.0,310.1541889241225,299.99999999999994,0.0,2.4,2.4,0.0,0.0,297.59999999999997,350.0,0.8502857142857142,0.34,134.99999999999997,101.196,18.0,15.803999999999974,0.0,0.0,0.0,12.4061675569649,96.21629476153419,0.0,12.4061675569649,0.9672608357818869,1.0338472964137417,12.0,0.0,310.1541889241225,299.99999999999994,10.154188924122536,0.0,0.0,1.0,0.9672608357818869
202,,202,1,2024-09-20T19:00:00,centralized_coordinate_search_reference,H04,3,3,3,0.45,7.002786115491766,0.07942284851654914,0.0,0.0,175.06965288729413,175.06965288729413,0.0,3.2,3.2,0.0,0.0,0.95,171.86965288729414,250.0,0.6874786115491766,0.34,78.78134379928235,58.45168198168001,10.504179173237649,9.825482644364694,13.846286451176091,13.846286451176091,5.042093576129971,16.5,0.2771545853946621,0.9422380729355537,96.21629476153419,0.0,0.0,175.06965288729413,175.06965288729413,0.0,3.2,3.2,0.0,0.0,171.86965288729414,250.0,0.6874786115491766,0.34,78.78134379928235,58.45168198168001,10.504179173237649,9.825482644364694,0.0,0.0,0.0,7.002786115491766,96.21629476153419,0.0,7.002786115491766,1.0,0.8753482644364707,7.002786115491766,0.0,175.06965288729413,175.06965288729413,0.0,0.0,0.0,1.0,1.0
202,,202,1,2024-09-20T19:00:00,centralized_coordinate_search_reference,H05,4,4,3,0.45,4.31201623149601,0.07942284851654914,0.0,0.0,107.80040578740025,107.80040578740025,0.0,6.0,6.0,0.0,0.0,0.95,101.80040578740025,500.0,0.2036008115748005,0.34,48.51018260433011,34.64213796771609,6.468024347244015,7.400020289370008,16.599724573531923,16.599724573531923,7.702202842029336,16.5,0.2771545853946621,0.9422380729355537,96.21629476153419,0.0,0.0,107.80040578740025,107.80040578740025,0.0,6.0,6.0,0.0,0.0,101.80040578740025,500.0,0.2036008115748005,0.34,48.51018260433011,34.64213796771609,6.468024347244015,7.400020289370008,0.0,0.0,0.0,4.31201623149601,96.21629476153419,0.0,4.31201623149601,1.0,0.2695010144685006,4.31201623149601,0.0,107.80040578740025,107.80040578740025,0.0,0.0,0.0,1.0,1.0
202,,202,1,2024-09-20T19:00:00,centralized_coordinate_search_reference,H06,5,5,3,0.45,8.060811734114992,0.07942284851654914,0.0,0.0,201.52029335287477,201.52029335287477,0.0,8.0,8.0,0.0,0.0,0.95,193.52029335287477,700.0,0.27645756193267823,0.34,90.68413200879365,65.83689973997744,12.091217601172488,12.756014667643726,13.023703912274566,13.023703912274566,4.584053893867751,16.5,0.2771545853946621,0.9422380729355537,96.21629476153419,0.0,0.0,201.52029335287477,201.52029335287477,0.0,8.0,8.0,0.0,0.0,193.52029335287477,700.0,0.27645756193267823,0.34,90.68413200879365,65.83689973997744,12.091217601172488,12.756014667643726,0.0,0.0,0.0,8.060811734114992,96.21629476153419,0.0,8.060811734114992,1.0,0.503800733382187,8.060811734114992,0.0,201.52029335287477,201.52029335287477,0.0,0.0,0.0,1.0,1.0
202,,202,1,2024-09-20T19:00:00,centralized_coordinate_search_reference,H07,6,6,3,0.45,0.09888540266538161,0.07942284851654914,0.0,0.0,2.4721350666345403,149.65518446439026,0.0,2.0,2.0,0.0,0.0,0.95,147.65518446439026,350.0,0.4218719556125436,0.34,67.34483300897561,50.21276271789269,8.979311067863417,8.152759223219508,10.418199828091508,10.418199828091508,1.8287348580143523,16.5,0.2771545853946621,0.9422380729355537,96.21629476153419,0.0,0.0,2.4721350666345403,149.65518446439026,0.0,2.0,2.0,0.0,0.0,147.65518446439026,350.0,0.4218719556125436,0.34,67.34483300897561,50.21276271789269,8.979311067863417,8.152759223219508,0.0,0.0,0.0,0.09888540266538161,96.21629476153419,5.88732197591023,5.986207378575612,1.0,0.498850614881301,5.986207378575612,147.18304939775572,149.65518446439026,149.65518446439026,0.0,0.0,0.0,1.0,1.0
202,,202,1,2024-09-20T19:00:00,centralized_coordinate_search_reference,H08,7,7,3,0.45,14.392014349549044,0.07942284851654914,0.0,0.0,359.80035873872606,359.80035873872606,0.0,7.2,7.2,0.0,0.0,0.95,352.6003587387261,500.0,0.7052007174774522,0.34,161.91016143242672,119.92012197116688,21.588021524323565,20.402017936936275,9.580674490710638,9.580674490710638,1.2398464808795417,16.5,0.2771545853946621,0.9422380729355537,96.21629476153419,0.0,0.0,359.80035873872606,359.80035873872606,0.0,7.2,7.2,0.0,0.0,352.6003587387261,500.0,0.7052007174774522,0.34,161.91016143242672,119.92012197116688,21.588021524323565,20.402017936936275,0.0,0.0,0.0,14.392014349549044,96.21629476153419,0.0,14.392014349549044,1.0,0.8995008968468152,14.392014349549044,0.0,359.80035873872606,359.80035873872606,0.0,0.0,0.0,1.0,1.0
202,,202,1,2024-09-20T20:00:00,centralized_coordinate_search_reference,H01,0,0,4,0.45,0.9018714507981169,0.06456559237502559,0.0,0.0,22.54678626995293,66.0346598806022,0.0,0.0,0.0,0.0,0.0,0.95,66.0346598806022,250.0,0.26413863952240885,0.27,29.715596946270992,17.829358167762596,3.9620795928361345,7.924159185672261,9.706526235558712,9.706526235558712,1.4135774005972295,16.5,0.23921470569616454,1.1213658453919755,112.13658453919754,0.0,0.0,22.54678626995293,66.0346598806022,0.0,0.0,0.0,0.0,0.0,66.0346598806022,250.0,0.26413863952240885,0.27,29.715596946270992,17.829358167762596,3.9620795928361345,7.924159185672261,0.0,0.0,0.0,0.9018714507981169,112.13658453919754,1.7395149444259728,2.6413863952240897,1.0,0.3301732994030112,2.6413863952240897,43.487873610649274,66.0346598806022,66.0346598806022,0.0,0.0,0.0,1.0,1.0
202,,202,1,2024-09-20T20:00:00,centralized_coordinate_search_reference,H02,1,1,4,0.45,0.5653668891227998,0.06456559237502559,0.0,0.0,14.134172228069993,67.45498467470131,0.0,0.0,0.0,0.0,0.0,0.95,67.45498467470131,250.0,0.2698199386988052,0.27,30.35474310361559,18.212845862169353,4.047299080482081,8.094598160964157,9.670613042610356,9.670613042610356,1.220755019198699,16.5,0.23921470569616454,1.1213658453919755,112.13658453919754,0.0,0.0,14.134172228069993,67.45498467470131,0.0,0.0,0.0,0.0,0.0,67.45498467470131,250.0,0.2698199386988052,0.27,30.35474310361559,18.212845862169353,4.047299080482081,8.094598160964157,0.0,0.0,0.0,0.5653668891227998,112.13658453919754,2.1328324978652544,2.6981993869880543,1.0,0.3372749233735068,2.6981993869880543,53.32081244663132,67.45498467470131,67.45498467470131,0.0,0.0,0.0,1.0,1.0
202,,202,1,2024-09-20T20:00:00,centralized_coordinate_search_reference,H03,2,2,4,0.45,5.050145375724274,0.06456559237502559,0.0,0.0,126.25363439310684,136.40782331722937,0.0,0.0,0.0,0.0,0.0,0.95,136.40782331722937,350.0,0.38973663804922676,0.27,61.38352049275322,36.83011229565194,8.184469399033762,16.36893879806752,10.57949695568772,10.57949695568772,1.9754764878962292,16.5,0.23921470569616454,1.1213658453919755,112.13658453919754,0.0,0.0,126.25363439310684,136.40782331722937,0.0,0.0,0.0,0.0,0.0,136.40782331722937,350.0,0.38973663804922676,0.27,61.38352049275322,36.83011229565194,8.184469399033762,16.36893879806752,0.0,0.0,0.0,5.050145375724274,112.13658453919754,0.4061675569649008,5.456312932689174,1.0,0.4546927443907645,5.456312932689174,10.154188924122536,136.40782331722937,136.40782331722937,0.0,0.0,0.0,1.0,1.0
202,,202,1,2024-09-20T20:00:00,centralized_coordinate_search_reference,H04,3,3,4,0.45,4.014253509263314,0.06456559237502559,0.0,0.0,100.35633773158285,100.35633773158285,0.0,0.0,0.0,0.0,0.0,0.95,100.35633773158285,250.0,0.4014253509263314,0.27,45.16035197921229,27.096211187527373,6.021380263894971,12.042760527789941,13.839630973809257,13.839630973809257,4.973300674810703,16.5,0.23921470569616454,1.1213658453919755,112.13658453919754,0.0,0.0,100.35633773158285,100.35633773158285,0.0,0.0,0.0,0.0,0.0,100.35633773158285,250.0,0.4014253509263314,0.27,45.16035197921229,27.096211187527373,6.021380263894971,12.042760527789941,0.0,0.0,0.0,4.014253509263314,112.13658453919754,0.0,4.014253509263314,1.0,0.5017816886579143,4.014253509263314,0.0,100.35633773158285,100.35633773158285,0.0,0.0,0.0,1.0,1.0
202,,202,1,2024-09-20T20:00:00,centralized_coordinate_search_reference,H05,4,4,4,0.45,2.5224704024044105,0.06456559237502559,0.0,0.0,63.06176006011026,63.06176006011026,0.0,0.0,0.0,0.0,0.0,0.95,63.06176006011026,500.0,0.12612352012022052,0.27,28.37779202704962,17.026675216229773,3.7837056036066157,7.5674112072132305,16.440311075332218,16.440311075332218,7.464292842337216,16.5,0.23921470569616454,1.1213658453919755,112.13658453919754,0.0,0.0,63.06176006011026,63.06176006011026,0.0,0.0,0.0,0.0,0.0,63.06176006011026,500.0,0.12612352012022052,0.27,28.37779202704962,17.026675216229773,3.7837056036066157,7.5674112072132305,0.0,0.0,0.0,2.5224704024044105,112.13658453919754,0.0,2.5224704024044105,1.0,0.15765440015027565,2.5224704024044105,0.0,63.06176006011026,63.06176006011026,0.0,0.0,0.0,1.0,1.0
202,,202,1,2024-09-20T20:00:00,centralized_coordinate_search_reference,H06,5,5,4,0.45,4.55730632487996,0.06456559237502559,0.0,0.0,113.932658121999,113.932658121999,0.0,0.0,0.0,0.0,0.0,0.95,113.932658121999,700.0,0.16276094017428427,0.27,51.26969615489955,30.761817692939733,6.83595948731994,13.671918974639876,13.088491055100201,13.088491055100201,4.611867989615424,16.5,0.23921470569616454,1.1213658453919755,112.13658453919754,0.0,0.0,113.932658121999,113.932658121999,0.0,0.0,0.0,0.0,0.0,113.932658121999,700.0,0.16276094017428427,0.27,51.26969615489955,30.761817692939733,6.83595948731994,13.671918974639876,0.0,0.0,0.0,4.55730632487996,112.13658453919754,0.0,4.55730632487996,1.0,0.2848316453049975,4.55730632487996,0.0,113.932658121999,113.932658121999,0.0,0.0,0.0,1.0,1.0
202,,202,1,2024-09-20T20:00:00,centralized_coordinate_search_reference,H07,6,6,4,0.45,7.311283464727189,0.06456559237502559,0.0,0.0,182.7820866181797,182.7820866181797,0.0,0.0,0.0,0.0,0.0,0.95,182.7820866181797,350.0,0.5222345331947992,0.27,82.25193897818087,49.351163386908524,10.966925197090783,21.93385039418157,10.397199683421908,10.397199683421908,1.7665929818879889,16.5,0.23921470569616454,1.1213658453919755,112.13658453919754,0.0,0.0,182.7820866181797,182.7820866181797,0.0,0.0,0.0,0.0,0.0,182.7820866181797,350.0,0.5222345331947992,0.27,82.25193897818087,49.351163386908524,10.966925197090783,21.93385039418157,0.0,0.0,0.0,7.311283464727189,112.13658453919754,0.0,7.311283464727189,1.0,0.6092736220605991,7.311283464727189,0.0,182.7820866181797,182.7820866181797,0.0,0.0,0.0,1.0,1.0
202,,202,1,2024-09-20T20:00:00,centralized_coordinate_search_reference,H08,7,7,4,0.45,8.177649096889658,0.06456559237502559,0.0,0.0,204.44122742224147,204.44122742224147,0.0,0.0,0.0,0.0,0.0,0.95,204.44122742224147,500.0,0.40888245484448293,0.27,91.99855234000866,55.1991314040052,12.266473645334486,24.53294729066897,9.610430555544186,9.610430555544186,1.251052601123607,16.5,0.23921470569616454,1.1213658453919755,112.13658453919754,0.0,0.0,204.44122742224147,204.44122742224147,0.0,0.0,0.0,0.0,0.0,204.44122742224147,500.0,0.40888245484448293,0.27,91.99855234000866,55.1991314040052,12.266473645334486,24.53294729066897,0.0,0.0,0.0,8.177649096889658,112.13658453919754,0.0,8.177649096889658,1.0,0.5111030685556036,8.177649096889658,0.0,204.44122742224147,204.44122742224147,0.0,0.0,0.0,1.0,1.0
202,,202,1,2024-09-20T21:00:00,centralized_coordinate_search_reference,H01,0,0,5,0.45,4.365712680060657,0.04448069373976857,0.0,0.0,109.14281700151643,109.14281700151643,0.0,0.0,0.0,0.0,100.0,0.42368421052631583,9.142817001516434,250.0,0.036571268006065735,0.2,49.11426765068239,4.8285634003032865,6.548569020090985,37.73713523028812,9.864978316876206,9.864978316876206,1.543406219471731,16.5,0.18173174720712232,2.543843547247538,254.38435472475376,1.4210854715202004e-14,0.0,109.14281700151643,109.14281700151643,0.0,0.0,0.0,0.0,100.0,9.142817001516434,250.0,0.036571268006065735,0.2,49.11426765068239,4.8285634003032865,6.548569020090985,37.73713523028812,1.4210854715202004e-14,0.0,0.0,4.365712680060657,254.38435472475376,0.0,4.365712680060657,1.0,0.5457140850075821,4.365712680060657,0.0,109.14281700151643,109.14281700151643,0.0,0.0,0.0,1.0,1.0
202,,202,1,2024-09-20T21:00:00,centralized_coordinate_search_reference,H02,1,1,5,0.45,4.482724488294334,0.04448069373976857,0.0,0.0,112.06811220735835,112.06811220735835,0.0,0.0,0.0,0.0,100.0,0.42368421052631583,12.068112207358354,250.0,0.04827244882943341,0.2,50.43065049331126,5.413622441471671,6.724086732441501,38.29294131939809,9.801956453012131,9.801956453012131,1.3312736897204487,16.5,0.18173174720712232,2.543843547247538,254.38435472475376,1.4210854715202004e-14,0.0,112.06811220735835,112.06811220735835,0.0,0.0,0.0,0.0,100.0,12.068112207358354,250.0,0.04827244882943341,0.2,50.43065049331126,5.413622441471671,6.724086732441501,38.29294131939809,1.4210854715202004e-14,0.0,0.0,4.482724488294334,254.38435472475376,0.0,4.482724488294334,1.0,0.5603405610367918,4.482724488294334,0.0,112.06811220735835,112.06811220735835,0.0,0.0,0.0,1.0,1.0
202,,202,1,2024-09-20T21:00:00,centralized_coordinate_search_reference,H03,2,2,5,0.45,4.204481583001069,0.04448069373976857,0.0,0.0,105.11203957502676,105.11203957502676,0.0,0.0,0.0,0.0,105.11203957502676,0.5811858260525378,0.0,350.0,0.0,0.2,47.30041780876204,3.1533611872508027,6.306722374501604,37.840334247009636,10.449005449759161,10.449005449759161,1.8131512434022747,16.5,0.18173174720712232,2.543843547247538,254.38435472475376,2.842170943040401e-14,0.0,105.11203957502676,105.11203957502676,0.0,0.0,0.0,0.0,105.11203957502676,0.0,350.0,0.0,0.2,47.30041780876204,3.1533611872508027,6.306722374501604,37.840334247009636,2.842170943040401e-14,0.0,0.0,4.204481583001069,254.38435472475376,0.0,4.204481583001069,1.0,0.3503734652500891,4.204481583001069,0.0,105.11203957502676,105.11203957502676,0.0,0.0,0.0,1.0,1.0
202,,202,1,2024-09-20T21:00:00,centralized_coordinate_search_reference,H04,3,3,5,0.45,2.432120448766289,0.04448069373976857,0.0,0.0,60.80301121915723,60.80301121915723,0.0,0.0,0.0,0.0,60.80301121915723,0.6939873211824958,0.0,250.0,0.0,0.2,27.36135504862075,1.8240903365747168,3.648180673149433,21.889084038896602,13.588872516487255,13.588872516487255,4.684453778934837,16.5,0.18173174720712232,2.543843547247538,254.38435472475376,0.0,0.0,60.80301121915723,60.80301121915723,0.0,0.0,0.0,0.0,60.80301121915723,0.0,250.0,0.0,0.2,27.36135504862075,1.8240903365747168,3.648180673149433,21.889084038896602,0.0,0.0,0.0,2.432120448766289,254.38435472475376,0.0,2.432120448766289,1.0,0.3040150560957861,2.432120448766289,0.0,60.80301121915723,60.80301121915723,0.0,0.0,0.0,1.0,1.0
202,,202,1,2024-09-20T21:00:00,centralized_coordinate_search_reference,H05,4,4,5,0.45,1.5150282995193378,0.04448069373976857,0.0,0.0,37.87570748798345,37.87570748798345,0.0,0.0,0.0,0.0,37.87570748798345,0.8702616684463507,0.0,500.0,0.0,0.2,17.04406836959255,1.1362712246395035,2.2725424492790065,13.63525469567404,16.272985288316953,16.272985288316953,7.244222869154261,16.5,0.18173174720712232,2.543843547247538,254.38435472475376,1.4210854715202004e-14,0.0,37.87570748798345,37.87570748798345,0.0,0.0,0.0,0.0,37.87570748798345,0.0,500.0,0.0,0.2,17.04406836959255,1.1362712246395035,2.2725424492790065,13.63525469567404,1.4210854715202004e-14,0.0,0.0,1.5150282995193378,254.38435472475376,0.0,1.5150282995193378,1.0,0.09468926871995861,1.5150282995193378,0.0,37.87570748798345,37.87570748798345,0.0,0.0,0.0,1.0,1.0
202,,202,1,2024-09-20T21:00:00,centralized_coordinate_search_reference,H06,5,5,5,0.45,2.5960630085530427,0.04448069373976857,0.0,0.0,64.90157521382608,64.90157521382608,0.0,0.0,0.0,0.0,64.90157521382608,0.8361375873441648,0.0,700.0,0.0,0.2,29.205708846221736,1.9470472564147823,3.894094512829564,23.36456707697739,13.241698225691076,13.241698225691076,4.708876069987988,16.5,0.18173174720712232,2.543843547247538,254.38435472475376,1.4210854715202004e-14,0.0,64.90157521382608,64.90157521382608,0.0,0.0,0.0,0.0,64.90157521382608,0.0,700.0,0.0,0.2,29.205708846221736,1.9470472564147823,3.894094512829564,23.36456707697739,1.4210854715202004e-14,0.0,0.0,2.5960630085530427,254.38435472475376,0.0,2.5960630085530427,1.0,0.16225393803456517,2.5960630085530427,0.0,64.90157521382608,64.90157521382608,0.0,0.0,0.0,1.0,1.0
202,,202,1,2024-09-20T21:00:00,centralized_coordinate_search_reference,H07,6,6,5,0.45,4.360826171691084,0.04448069373976857,0.0,0.0,109.0206542922771,109.0206542922771,0.0,0.0,0.0,0.0,109.0206542922771,0.5674713884481506,0.0,350.0,0.0,0.2,49.0592944315247,3.270619628768313,6.541239257536626,39.24743554521976,10.266868710366857,10.266868710366857,1.5955307472535427,16.5,0.18173174720712232,2.543843547247538,254.38435472475376,1.4210854715202004e-14,0.0,109.0206542922771,109.0206542922771,0.0,0.0,0.0,0.0,109.0206542922771,0.0,350.0,0.0,0.2,49.0592944315247,3.270619628768313,6.541239257536626,39.24743554521976,1.4210854715202004e-14,0.0,0.0,4.360826171691084,254.38435472475376,0.0,4.360826171691084,1.0,0.36340218097425697,4.360826171691084,0.0,109.0206542922771,109.0206542922771,0.0,0.0,0.0,1.0,1.0
202,,202,1,2024-09-20T21:00:00,centralized_coordinate_search_reference,H08,7,7,5,0.45,4.708622507921125,0.04448069373976857,0.0,0.0,117.71556269802811,117.71556269802811,0.0,0.0,0.0,0.0,117.71556269802811,0.7021777627409934,0.0,500.0,0.0,0.2,52.97200321411265,3.531466880940843,7.062933761881688,42.37760257129012,9.692438291191834,9.692438291191834,1.2932355955498966,16.5,0.18173174720712232,2.543843547247538,254.38435472475376,0.0,0.0,117.71556269802811,117.71556269802811,0.0,0.0,0.0,0.0,117.71556269802811,0.0,500.0,0.0,0.2,52.97200321411265,3.531466880940843,7.062933761881688,42.37760257129012,0.0,0.0,0.0,4.708622507921125,254.38435472475376,0.0,4.708622507921125,1.0,0.2942889067450703,4.708622507921125,0.0,117.71556269802811,117.71556269802811,0.0,0.0,0.0,1.0,1.0
303,,303,2,2024-09-20T16:00:00,centralized_coordinate_search_reference,H01,0,0,0,0.45,11.98624712870717,0.04527566743543794,29.896853465303774,14.896853465303774,299.6561782176792,200.0,0.0,44.0,44.0,84.21052631578947,0.0,0.95,240.21052631578948,250.0,0.9608421052631579,0.16,90.0,38.653684210526315,12.0,39.346315789473685,10.289385279540998,10.289385279540998,1.8088700379889642,16.5,0.18416386009022195,3.0777851502568696,371.098453112549,0.0,0.0,299.6561782176792,200.0,0.0,44.0,44.0,84.21052631578947,0.0,240.21052631578948,250.0,0.9608421052631579,0.16,90.0,38.653684210526315,12.0,39.346315789473685,0.0,0.24828089108839624,0.0,11.98624712870717,371.098453112549,0.0,11.98624712870717,0.6674315917314877,1.4982808910883962,8.0,0.0,299.6561782176792,200.0,99.65617821767921,0.0,0.0,1.0,0.6674315917314877
303,,303,2,2024-09-20T16:00:00,centralized_coordinate_search_reference,H02,1,1,0,0.45,12.235082077083634,0.04527566743543794,31.763115578127255,16.763115578127255,305.87705192709086,200.00000000000003,0.0,33.0,33.0,82.99999999999997,0.0,0.8942499999999999,250.0,250.0,1.0,0.16,90.00000000000001,40.165,12.0,37.835000000000015,10.263145803347566,10.263145803347566,1.6436684341973367,16.5,0.18416386009022195,3.0777851502568696,371.098453112549,0.0,0.0,305.87705192709086,200.00000000000003,0.0,33.0,33.0,82.99999999999997,0.0,250.0,250.0,1.0,0.16,90.00000000000001,40.165,12.0,37.835000000000015,0.0,0.27938525963545424,0.0,12.235082077083634,371.098453112549,0.0,12.235082077083634,0.6538574853522264,1.5293852596354542,8.0,0.0,305.87705192709086,200.00000000000003,105.87705192709083,0.0,0.0,1.0,0.6538574853522264
303,,303,2,2024-09-20T16:00:00,centralized_coordinate_search_reference,H03,2,2,0,0.45,12.26182098093095,0.04527566743543794,1.3091049046547587,0.0,306.5455245232738,300.0,0.0,33.0,0.0,83.0,0.0,0.8628333333333335,350.0,350.0,1.0,0.16,135.0,56.165,18.0,60.83500000000001,10.54377777257144,10.54377777257144,1.7553453596136455,16.5,0.18416386009022195,3.0777851502568696,371.098453112549,2.842170943040401e-14,0.0,306.5455245232738,300.0,0.0,33.0,0.0,83.0,0.0,350.0,350.0,1.0,0.16,135.0,56.165,18.0,60.83500000000001,2.842170943040401e-14,0.0,0.0,12.26182098093095,371.098453112549,0.0,12.26182098093095,0.9786474634283012,1.0218184150775793,12.0,0.0,306.5455245232738,300.0,6.545524523273798,7.632783294297951e-17,0.0,1.0,0.9786474634283012
303,,303,2,2024-09-20T16:00:00,centralized_coordinate_search_reference,H04,3,3,0,0.45,7.676421365741855,0.04527566743543794,0.0,0.0,191.91053414354639,191.91053414354639,0.0,44.0,44.0,78.94736842105263,0.0,0.95,226.85790256459902,250.0,0.907431610258396,0.16,86.35974036459588,36.51726441033584,11.514632048612782,38.327843905647256,13.24013956682249,13.24013956682249,4.184380232588157,16.5,0.18416386009022195,3.0777851502568696,371.098453112549,0.0,0.0,191.91053414354639,191.91053414354639,0.0,44.0,44.0,78.94736842105263,0.0,226.85790256459902,250.0,0.907431610258396,0.16,86.35974036459588,36.51726441033584,11.514632048612782,38.327843905647256,0.0,0.0,0.0,7.676421365741855,371.098453112549,0.0,7.676421365741855,1.0,0.9595526707177319,7.676421365741855,0.0,191.91053414354639,191.91053414354639,0.0,0.0,0.0,1.0,1.0
303,,303,2,2024-09-20T16:00:00,centralized_coordinate_search_reference,H05,4,4,0,0.45,5.051820412707781,0.04527566743543794,0.0,0.0,126.29551031769452,126.29551031769452,0.0,82.5,82.5,131.57894736842107,0.0,0.95,175.3744576861156,500.0,0.3507489153722312,0.16,56.832979642962535,28.472413229778496,7.577730619061672,20.782835794122366,15.549063215017503,15.549063215017503,6.344191684753173,16.5,0.18416386009022195,3.0777851502568696,371.098453112549,1.4210854715202004e-14,0.0,126.29551031769452,126.29551031769452,0.0,82.5,82.5,131.57894736842107,0.0,175.3744576861156,500.0,0.3507489153722312,0.16,56.832979642962535,28.472413229778496,7.577730619061672,20.782835794122366,1.4210854715202004e-14,0.0,0.0,5.051820412707781,371.098453112549,0.0,5.051820412707781,1.0,0.3157387757942363,5.051820412707781,0.0,126.29551031769452,126.29551031769452,0.0,0.0,0.0,1.0,1.0
303,,303,2,2024-09-20T16:00:00,centralized_coordinate_search_reference,H06,5,5,0,0.45,7.6582168942991125,0.04527566743543794,0.0,0.0,191.4554223574778,191.4554223574778,0.0,110.0,110.0,126.31578947368422,0.0,0.95,207.77121183116202,700.0,0.29681601690166004,0.16,86.15494006086502,33.79339389298592,11.487325341448669,40.87422082643043,13.317908294398809,13.317908294398809,4.618044087917267,16.5,0.18416386009022195,3.0777851502568696,371.098453112549,0.0,0.0,191.4554223574778,191.4554223574778,0.0,110.0,110.0,126.31578947368422,0.0,207.77121183116202,700.0,0.29681601690166004,0.16,86.15494006086502,33.79339389298592,11.487325341448669,40.87422082643043,0.0,0.0,0.0,7.6582168942991125,371.098453112549,0.0,7.6582168942991125,1.0,0.47863855589369453,7.6582168942991125,0.0,191.4554223574778,191.4554223574778,0.0,0.0,0.0,1.0,1.0
303,,303,2,2024-09-20T16:00:00,centralized_coordinate_search_reference,H07,6,6,0,0.45,13.180406443065124,0.04527566743543794,5.902032215325623,0.0,329.5101610766281,300.0,0.0,27.5,27.5,77.5,0.0,0.7954166666666667,350.0,350.0,1.0,0.16,135.0,56.1375,18.0,60.8625,10.164814492903282,10.164814492903282,1.3078753622469699,16.5,0.18416386009022195,3.0777851502568696,371.098453112549,0.0,0.0,329.5101610766281,300.0,0.0,27.5,27.5,77.5,0.0,350.0,350.0,1.0,0.16,135.0,56.1375,18.0,60.8625,0.0,0.0,0.0,13.180406443065124,371.098453112549,0.0,13.180406443065124,0.9104423336136045,1.0983672035887604,12.0,0.0,329.5101610766281,300.0,29.510161076628094,8.326672684688674e-17,0.0,1.0,0.9104423336136045
303,,303,2,2024-09-20T16:00:00,centralized_coordinate_search_reference,H08,7,7,0,0.45,13.555194500143063,0.04527566743543794,0.0,0.0,338.8798625035766,338.8798625035766,0.0,99.0,99.0,131.57894736842107,0.0,0.95,371.4588098719977,500.0,0.7429176197439954,0.16,152.49593812660947,59.92840957951963,20.332791750214597,72.23473679687524,9.890213613143395,9.890213613143395,1.3090734557406114,16.5,0.18416386009022195,3.0777851502568696,371.098453112549,1.4210854715202004e-14,0.0,338.8798625035766,338.8798625035766,0.0,99.0,99.0,131.57894736842107,0.0,371.4588098719977,500.0,0.7429176197439954,0.16,152.49593812660947,59.92840957951963,20.332791750214597,72.23473679687524,1.4210854715202004e-14,0.0,0.0,13.555194500143063,371.098453112549,0.0,13.555194500143063,1.0,0.8471996562589414,13.555194500143063,0.0,338.8798625035766,338.8798625035766,0.0,0.0,0.0,1.0,1.0
303,,303,2,2024-09-20T17:00:00,centralized_coordinate_search_reference,H01,0,0,1,0.45,0.19303678240635253,0.07518254690939993,0.0,0.0,4.825919560158813,104.48209777783802,0.0,28.0,28.0,0.0,0.0,0.95,76.48209777783802,250.0,0.30592839111135206,0.22,47.01694400002711,16.966061511124366,6.268925866670283,23.78195662223246,9.639508756329237,9.639508756329237,1.4384606483343285,16.5,0.26664404930487173,2.1863029662415134,383.9830581018766,0.0,0.0,4.825919560158813,104.48209777783802,0.0,28.0,28.0,0.0,0.0,76.48209777783802,250.0,0.30592839111135206,0.22,47.01694400002711,16.966061511124366,6.268925866670283,23.78195662223246,0.0,0.0,0.0,0.19303678240635253,383.9830581018766,3.98624712870717,4.179283911113522,1.0,0.5224104888891903,4.179283911113522,99.65617821767921,104.48209777783802,104.48209777783802,0.0,0.0,0.0,1.0,1.0
303,,303,2,2024-09-20T17:00:00,centralized_coordinate_search_reference,H02,1,1,1,0.45,0.14149025926546052,0.07518254690939993,0.0,0.0,3.5372564816365126,109.41430840872735,0.0,21.0,21.0,11.736842105263195,0.0,0.95,100.15115051399054,250.0,0.40060460205596216,0.22,49.23643878392731,22.13825311307792,6.564858504523642,20.53332716632575,9.743277825734216,9.743277825734216,1.3695400242279696,16.5,0.26664404930487173,2.1863029662415134,383.9830581018766,0.0,0.0,3.5372564816365126,109.41430840872735,0.0,21.0,21.0,11.736842105263195,0.0,100.15115051399054,250.0,0.40060460205596216,0.22,49.23643878392731,22.13825311307792,6.564858504523642,20.53332716632575,0.0,0.0,0.0,0.14149025926546052,383.9830581018766,4.235082077083634,4.376572336349095,1.0,0.5470715420436368,4.376572336349095,105.87705192709083,109.41430840872735,109.41430840872735,0.0,0.0,0.0,1.0,1.0
303,,303,2,2024-09-20T17:00:00,centralized_coordinate_search_reference,H03,2,2,1,0.45,19.328655738992147,0.07518254690939993,37.95238359961549,22.952383599615487,483.21639347480374,300.0,0.0,21.0,21.0,27.52631578947366,0.0,0.95,306.52631578947364,350.0,0.8757894736842105,0.22,135.0,67.5407894736842,18.0,49.4592105263158,10.602780469270085,10.602780469270085,2.085664621305609,16.5,0.26664404930487173,2.1863029662415134,383.9830581018766,0.0,0.0,483.21639347480374,300.0,0.0,21.0,21.0,27.52631578947366,0.0,306.52631578947364,350.0,0.8757894736842105,0.22,135.0,67.5407894736842,18.0,49.4592105263158,0.0,0.3825397266602581,0.0,19.328655738992147,383.9830581018766,0.26182098093095174,19.5904767199231,0.6125425211218191,1.6325397266602584,12.0,6.545524523273798,489.76191799807754,300.0,189.76191799807754,-1.1102230246251565e-16,0.0,1.0,0.6125425211218191
303,,303,2,2024-09-20T17:00:00,centralized_coordinate_search_reference,H04,3,3,1,0.45,13.691840188833025,0.07518254690939993,42.688801416247685,27.688801416247685,342.2960047208255,199.99999999999991,0.0,28.0,28.0,0.0,0.0,0.95,171.99999999999991,250.0,0.6879999999999996,0.22,89.99999999999996,37.97999999999998,11.999999999999998,40.019999999999975,13.840766192431477,13.840766192431477,5.099140439964717,16.5,0.26664404930487173,2.1863029662415134,383.9830581018766,0.0,0.0,342.2960047208255,199.99999999999991,0.0,28.0,28.0,0.0,0.0,171.99999999999991,250.0,0.6879999999999996,0.22,89.99999999999996,37.97999999999998,11.999999999999998,40.019999999999975,0.0,0.4614800236041281,0.0,13.691840188833025,383.9830581018766,0.0,13.691840188833025,0.5842896126208621,1.711480023604128,7.999999999999999,0.0,342.2960047208255,199.99999999999991,142.2960047208256,0.0,0.0,1.0,0.5842896126208621
303,,303,2,2024-09-20T17:00:00,centralized_coordinate_search_reference,H05,4,4,1,0.45,8.5516029842778,0.07518254690939993,0.0,0.0,213.79007460694498,213.79007460694498,0.0,52.5,52.5,0.0,0.0,0.95,161.29007460694498,500.0,0.32258014921388994,0.22,96.20553357312525,35.7463164135279,12.8274044764167,47.631812683180655,16.506510799556352,16.506510799556352,7.67810740374707,16.5,0.26664404930487173,2.1863029662415134,383.9830581018766,0.0,0.0,213.79007460694498,213.79007460694498,0.0,52.5,52.5,0.0,0.0,161.29007460694498,500.0,0.32258014921388994,0.22,96.20553357312525,35.7463164135279,12.8274044764167,47.631812683180655,0.0,0.0,0.0,8.5516029842778,383.9830581018766,0.0,8.5516029842778,1.0,0.5344751865173625,8.5516029842778,0.0,213.79007460694498,213.79007460694498,0.0,0.0,0.0,1.0,1.0
303,,303,2,2024-09-20T17:00:00,centralized_coordinate_search_reference,H06,5,5,1,0.45,16.153295663443988,0.07518254690939993,0.5748587379149539,0.0,403.8323915860997,400.0,0.0,70.0,70.0,0.0,0.0,0.95,330.0,700.0,0.4714285714285714,0.22,180.0,72.94999999999999,24.0,83.05000000000001,12.868065317219896,12.868065317219896,4.526873660907929,16.5,0.26664404930487173,2.1863029662415134,383.9830581018766,0.0,0.0,403.8323915860997,400.0,0.0,70.0,70.0,0.0,0.0,330.0,700.0,0.4714285714285714,0.22,180.0,72.94999999999999,24.0,83.05000000000001,0.0,0.0,0.0,16.153295663443988,383.9830581018766,0.0,16.153295663443988,0.9905099450515905,1.0095809789652492,16.0,0.0,403.8323915860997,400.0,3.832391586099675,0.0,0.0,1.0,0.9905099450515905
303,,303,2,2024-09-20T17:00:00,centralized_coordinate_search_reference,H07,6,6,1,0.45,9.393411154119,0.07518254690939993,0.0,0.0,234.83527885297502,264.3454399296031,0.0,17.5,17.5,48.81578947368421,0.0,0.95,295.66122940328734,350.0,0.8447463697236781,0.22,118.95544796832141,65.13297046872322,15.860726395776187,37.96175110382201,10.416415910105442,10.416415910105442,1.885722686892369,16.5,0.26664404930487173,2.1863029662415134,383.9830581018766,0.0,0.0,234.83527885297502,264.3454399296031,0.0,17.5,17.5,48.81578947368421,0.0,295.66122940328734,350.0,0.8447463697236781,0.22,118.95544796832141,65.13297046872322,15.860726395776187,37.96175110382201,0.0,0.0,0.0,9.393411154119,383.9830581018766,1.1804064430651247,10.573817597184124,1.0,0.8811514664320104,10.573817597184124,29.510161076628094,264.3454399296031,264.3454399296031,0.0,0.0,0.0,1.0,1.0
303,,303,2,2024-09-20T17:00:00,centralized_coordinate_search_reference,H08,7,7,1,0.45,28.54271885946652,0.07518254690939993,47.035195722999454,32.035195722999454,713.5679714866629,399.99999999999994,0.0,63.0,63.0,0.0,0.0,0.95,336.99999999999994,500.0,0.6739999999999999,0.22,179.99999999999997,74.45499999999998,24.0,81.54499999999999,9.4927966007629,9.4927966007629,1.225946729053429,16.5,0.26664404930487173,2.1863029662415134,383.9830581018766,0.0,0.0,713.5679714866629,399.99999999999994,0.0,63.0,63.0,0.0,0.0,336.99999999999994,500.0,0.6739999999999999,0.22,179.99999999999997,74.45499999999998,24.0,81.54499999999999,0.0,0.5339199287166576,0.0,28.54271885946652,383.9830581018766,0.0,28.54271885946652,0.560563276357025,1.7839199287166576,16.0,0.0,713.5679714866629,399.99999999999994,313.567971486663,0.0,0.0,1.0,0.560563276357025
303,,303,2,2024-09-20T18:00:00,centralized_coordinate_search_reference,H01,0,0,2,0.45,17.739435568646165,0.07304347515594575,73.04576676484623,58.045766764846235,443.4858892161541,199.99999999999997,0.0,12.8,12.8,0.0,0.0,0.95,187.19999999999996,250.0,0.7487999999999998,0.3,89.99999999999999,56.22399999999999,12.0,21.775999999999996,9.984591500828689,9.984591500828689,1.6181441329208102,16.5,0.2607747325473557,-0.6775892255338264,199.19757190458463,0.0,0.0,443.4858892161541,199.99999999999997,0.0,12.8,12.8,0.0,0.0,187.19999999999996,250.0,0.7487999999999998,0.3,89.99999999999999,56.22399999999999,12.0,21.775999999999996,0.0,0.9674294460807705,0.0,17.739435568646165,199.19757190458463,0.0,17.739435568646165,0.4509726348982445,2.2174294460807706,8.0,0.0,443.4858892161541,199.99999999999997,243.4858892161541,0.0,0.0,1.0,0.4509726348982445
303,,303,2,2024-09-20T18:00:00,centralized_coordinate_search_reference,H02,1,1,2,0.45,18.132782744611497,0.07304347515594575,75.99587058458623,60.99587058458623,453.3195686152874,199.99999999999997,0.0,9.6,9.6,0.0,0.0,0.95,190.39999999999998,250.0,0.7615999999999999,0.3,89.99999999999999,57.16799999999999,12.0,20.831999999999994,9.955309371475154,9.955309371475154,1.4287184583425978,16.5,0.2607747325473557,-0.6775892255338264,199.19757190458463,0.0,0.0,453.3195686152874,199.99999999999997,0.0,9.6,9.6,0.0,0.0,190.39999999999998,250.0,0.7615999999999999,0.3,89.99999999999999,57.16799999999999,12.0,20.831999999999994,0.0,1.016597843076437,0.0,18.132782744611497,199.19757190458463,0.0,18.132782744611497,0.4411898665899669,2.266597843076437,8.0,0.0,453.3195686152874,199.99999999999997,253.3195686152874,0.0,0.0,1.0,0.4411898665899669
303,,303,2,2024-09-20T18:00:00,centralized_coordinate_search_reference,H03,2,2,2,0.45,0.03320991209348001,0.07304347515594575,0.0,0.0,0.8302478023370004,190.59216580041453,0.0,9.6,9.6,0.0,0.0,0.95,180.99216580041454,350.0,0.5171204737154701,0.3,85.76647461018655,54.345649740124365,11.435529948024866,19.98529492203732,10.453016685829315,10.453016685829315,1.794501102524119,16.5,0.2607747325473557,-0.6775892255338264,199.19757190458463,0.0,0.0,0.8302478023370004,190.59216580041453,0.0,9.6,9.6,0.0,0.0,180.99216580041454,350.0,0.5171204737154701,0.3,85.76647461018655,54.345649740124365,11.435529948024866,19.98529492203732,0.0,0.0,0.0,0.03320991209348001,199.19757190458463,7.590476719923098,7.623686632016578,1.0,0.6353072193347148,7.623686632016578,189.76191799807754,190.59216580041453,190.59216580041453,0.0,0.0,0.0,1.0,1.0
303,,303,2,2024-09-20T18:00:00,centralized_coordinate_search_reference,H04,3,3,2,0.45,0.008982506614791917,0.07304347515594575,0.0,0.0,0.2245626653697979,142.5205673861954,0.0,12.8,12.8,0.0,0.0,0.95,129.7205673861954,250.0,0.5188822695447816,0.3,64.13425532378794,38.98017021585862,8.551234043171725,16.602851064757594,13.475513745643006,13.475513745643006,4.612367980151988,16.5,0.2607747325473557,-0.6775892255338264,199.19757190458463,0.0,0.0,0.2245626653697979,142.5205673861954,0.0,12.8,12.8,0.0,0.0,129.7205673861954,250.0,0.5188822695447816,0.3,64.13425532378794,38.98017021585862,8.551234043171725,16.602851064757594,0.0,0.0,0.0,0.008982506614791917,199.19757190458463,5.691840188833025,5.700822695447816,1.0,0.712602836930977,5.700822695447816,142.2960047208256,142.5205673861954,142.5205673861954,0.0,0.0,0.0,1.0,1.0
303,,303,2,2024-09-20T18:00:00,centralized_coordinate_search_reference,H05,4,4,2,0.45,6.285773432445209,0.07304347515594575,0.0,0.0,157.14433581113025,157.14433581113025,0.0,24.0,24.0,0.0,0.0,0.95,133.14433581113025,500.0,0.2662886716222605,0.3,70.71495111500862,40.06330074333907,9.428660148667813,21.222990223001734,16.31506251009911,16.31506251009911,7.350794632587319,16.5,0.2607747325473557,-0.6775892255338264,199.19757190458463,0.0,0.0,157.14433581113025,157.14433581113025,0.0,24.0,24.0,0.0,0.0,133.14433581113025,500.0,0.2662886716222605,0.3,70.71495111500862,40.06330074333907,9.428660148667813,21.222990223001734,0.0,0.0,0.0,6.285773432445209,199.19757190458463,0.0,6.285773432445209,1.0,0.3928608395278256,6.285773432445209,0.0,157.14433581113025,157.14433581113025,0.0,0.0,0.0,1.0,1.0
303,,303,2,2024-09-20T18:00:00,centralized_coordinate_search_reference,H06,5,5,2,0.45,10.176744092468198,0.07304347515594575,0.0,0.0,254.418602311705,258.2509938978047,0.0,32.0,32.0,0.0,0.0,0.95,226.25099389780468,700.0,0.3232157055682924,0.3,116.21294725401211,68.0352981693414,15.495059633868278,32.682589450802425,13.04579443841627,13.04579443841627,4.528264337257339,16.5,0.2607747325473557,-0.6775892255338264,199.19757190458463,0.0,0.0,254.418602311705,258.2509938978047,0.0,32.0,32.0,0.0,0.0,226.25099389780468,700.0,0.3232157055682924,0.3,116.21294725401211,68.0352981693414,15.495059633868278,32.682589450802425,0.0,0.0,0.0,10.176744092468198,199.19757190458463,0.1532956634439877,10.330039755912185,1.0,0.6456274847445116,10.330039755912185,3.832391586099675,258.2509938978047,258.2509938978047,0.0,0.0,0.0,1.0,1.0
303,,303,2,2024-09-20T18:00:00,centralized_coordinate_search_reference,H07,6,6,2,0.45,17.88732197591023,0.07304347515594575,29.43660987955115,14.436609879551149,447.1830493977557,300.0,0.0,8.0,8.0,0.0,0.0,0.95,292.0,350.0,0.8342857142857143,0.3,135.0,87.64,18.0,29.36,10.326252408811243,10.326252408811243,1.6452517532134272,16.5,0.2607747325473557,-0.6775892255338264,199.19757190458463,0.0,0.0,447.1830493977557,300.0,0.0,8.0,8.0,0.0,0.0,292.0,350.0,0.8342857142857143,0.3,135.0,87.64,18.0,29.36,0.0,0.2406101646591858,0.0,17.88732197591023,199.19757190458463,0.0,17.88732197591023,0.670866215533047,1.4906101646591858,12.0,0.0,447.1830493977557,300.0,147.18304939775572,1.1102230246251565e-16,0.0,1.0,0.670866215533047
303,,303,2,2024-09-20T18:00:00,centralized_coordinate_search_reference,H08,7,7,2,0.45,0.00832391563818518,0.07304347515594575,0.0,0.0,0.20809789095462947,313.7760693776176,0.0,28.8,28.8,0.0,0.0,0.95,284.9760693776176,500.0,0.5699521387552352,0.3,141.19923121992792,85.63682081328528,18.82656416265706,36.73584624398558,9.71407190518804,9.71407190518804,1.2804380826646244,16.5,0.2607747325473557,-0.6775892255338264,199.19757190458463,0.0,0.0,0.20809789095462947,313.7760693776176,0.0,28.8,28.8,0.0,0.0,284.9760693776176,500.0,0.5699521387552352,0.3,141.19923121992792,85.63682081328528,18.82656416265706,36.73584624398558,0.0,0.0,0.0,0.00832391563818518,199.19757190458463,12.542718859466522,12.551042775104706,1.0,0.7844401734440442,12.551042775104706,313.567971486663,313.7760693776176,313.7760693776176,0.0,0.0,0.0,1.0,1.0
303,,303,2,2024-09-20T19:00:00,centralized_coordinate_search_reference,H01,0,0,3,0.45,7.937577980723504e-05,0.07942284851654914,13.046362083194795,0.0,0.001984394495180876,200.0,0.0,3.2,3.2,0.0,0.0,0.95,196.8,250.0,0.7872,0.34,90.0,66.92800000000001,12.0,11.071999999999989,9.68884242004732,9.68884242004732,1.4076902009081014,16.5,0.2771545853946621,0.9422380729355537,96.21629476153419,0.0,0.0,0.001984394495180876,200.0,0.0,3.2,3.2,0.0,0.0,196.8,250.0,0.7872,0.34,90.0,66.92800000000001,12.0,11.071999999999989,0.0,0.0,0.0,7.937577980723504e-05,96.21629476153419,9.739435568646165,9.739514944425972,0.8213961419689063,1.2174393680532465,8.0,243.4858892161541,243.48787361064927,200.0,43.487873610649274,1.1102230246251565e-16,0.0,1.0,0.8213961419689063
303,,303,2,2024-09-20T19:00:00,centralized_coordinate_search_reference,H02,1,1,3,0.45,4.9753253757698905e-05,0.07942284851654914,15.996243733989408,0.9962437339894081,0.0012438313439424725,200.00000000000003,0.0,2.4,2.4,0.0,0.0,0.95,197.60000000000002,250.0,0.7904000000000001,0.34,90.00000000000001,67.19600000000001,12.0,10.804000000000002,9.650487412127484,9.650487412127484,1.2124268239769678,16.5,0.2771545853946621,0.9422380729355537,96.21629476153419,0.0,0.0,0.0012438313439424725,200.00000000000003,0.0,2.4,2.4,0.0,0.0,197.60000000000002,250.0,0.7904000000000001,0.34,90.00000000000001,67.19600000000001,12.0,10.804000000000002,0.0,0.016604062233156802,0.0,4.9753253757698905e-05,96.21629476153419,10.132782744611497,10.132832497865254,0.7895127055229039,1.2666040622331567,8.0,253.3195686152874,253.32081244663135,200.00000000000003,53.32081244663132,1.1102230246251565e-16,0.0,1.0,0.7895127055229039
303,,303,2,2024-09-20T19:00:00,centralized_coordinate_search_reference,H03,2,2,3,0.45,12.4061675569649,0.07942284851654914,2.030837784824504,0.0,310.1541889241225,299.99999999999994,0.0,2.4,2.4,0.0,0.0,0.95,297.59999999999997,350.0,0.8502857142857142,0.34,134.99999999999997,101.196,18.0,15.803999999999974,10.542874365570718,10.542874365570718,1.9686631862524169,16.5,0.2771545853946621,0.9422380729355537,96.21629476153419,0.0,0.0,310.1541889241225,299.99999999999994,0.0,2.4,2.4,0.0,0.0,297.59999999999997,350.0,0.8502857142857142,0.34,134.99999999999997,101.196,18.0,15.803999999999974,0.0,0.0,0.0,12.4061675569649,96.21629476153419,0.0,12.4061675569649,0.9672608357818869,1.0338472964137417,12.0,0.0,310.1541889241225,299.99999999999994,10.154188924122536,0.0,0.0,1.0,0.9672608357818869
303,,303,2,2024-09-20T19:00:00,centralized_coordinate_search_reference,H04,3,3,3,0.45,7.002786115491766,0.07942284851654914,0.0,0.0,175.06965288729413,175.06965288729413,0.0,3.2,3.2,0.0,0.0,0.95,171.86965288729414,250.0,0.6874786115491766,0.34,78.78134379928235,58.45168198168001,10.504179173237649,9.825482644364694,13.846286451176091,13.846286451176091,5.042093576129971,16.5,0.2771545853946621,0.9422380729355537,96.21629476153419,0.0,0.0,175.06965288729413,175.06965288729413,0.0,3.2,3.2,0.0,0.0,171.86965288729414,250.0,0.6874786115491766,0.34,78.78134379928235,58.45168198168001,10.504179173237649,9.825482644364694,0.0,0.0,0.0,7.002786115491766,96.21629476153419,0.0,7.002786115491766,1.0,0.8753482644364707,7.002786115491766,0.0,175.06965288729413,175.06965288729413,0.0,0.0,0.0,1.0,1.0
303,,303,2,2024-09-20T19:00:00,centralized_coordinate_search_reference,H05,4,4,3,0.45,4.31201623149601,0.07942284851654914,0.0,0.0,107.80040578740025,107.80040578740025,0.0,6.0,6.0,0.0,0.0,0.95,101.80040578740025,500.0,0.2036008115748005,0.34,48.51018260433011,34.64213796771609,6.468024347244015,7.400020289370008,16.599724573531923,16.599724573531923,7.702202842029336,16.5,0.2771545853946621,0.9422380729355537,96.21629476153419,0.0,0.0,107.80040578740025,107.80040578740025,0.0,6.0,6.0,0.0,0.0,101.80040578740025,500.0,0.2036008115748005,0.34,48.51018260433011,34.64213796771609,6.468024347244015,7.400020289370008,0.0,0.0,0.0,4.31201623149601,96.21629476153419,0.0,4.31201623149601,1.0,0.2695010144685006,4.31201623149601,0.0,107.80040578740025,107.80040578740025,0.0,0.0,0.0,1.0,1.0
303,,303,2,2024-09-20T19:00:00,centralized_coordinate_search_reference,H06,5,5,3,0.45,8.060811734114992,0.07942284851654914,0.0,0.0,201.52029335287477,201.52029335287477,0.0,8.0,8.0,0.0,0.0,0.95,193.52029335287477,700.0,0.27645756193267823,0.34,90.68413200879365,65.83689973997744,12.091217601172488,12.756014667643726,13.023703912274566,13.023703912274566,4.584053893867751,16.5,0.2771545853946621,0.9422380729355537,96.21629476153419,0.0,0.0,201.52029335287477,201.52029335287477,0.0,8.0,8.0,0.0,0.0,193.52029335287477,700.0,0.27645756193267823,0.34,90.68413200879365,65.83689973997744,12.091217601172488,12.756014667643726,0.0,0.0,0.0,8.060811734114992,96.21629476153419,0.0,8.060811734114992,1.0,0.503800733382187,8.060811734114992,0.0,201.52029335287477,201.52029335287477,0.0,0.0,0.0,1.0,1.0
303,,303,2,2024-09-20T19:00:00,centralized_coordinate_search_reference,H07,6,6,3,0.45,0.09888540266538161,0.07942284851654914,0.0,0.0,2.4721350666345403,149.65518446439026,0.0,2.0,2.0,0.0,0.0,0.95,147.65518446439026,350.0,0.4218719556125436,0.34,67.34483300897561,50.21276271789269,8.979311067863417,8.152759223219508,10.418199828091508,10.418199828091508,1.8287348580143523,16.5,0.2771545853946621,0.9422380729355537,96.21629476153419,0.0,0.0,2.4721350666345403,149.65518446439026,0.0,2.0,2.0,0.0,0.0,147.65518446439026,350.0,0.4218719556125436,0.34,67.34483300897561,50.21276271789269,8.979311067863417,8.152759223219508,0.0,0.0,0.0,0.09888540266538161,96.21629476153419,5.88732197591023,5.986207378575612,1.0,0.498850614881301,5.986207378575612,147.18304939775572,149.65518446439026,149.65518446439026,0.0,0.0,0.0,1.0,1.0
303,,303,2,2024-09-20T19:00:00,centralized_coordinate_search_reference,H08,7,7,3,0.45,14.392014349549044,0.07942284851654914,0.0,0.0,359.80035873872606,359.80035873872606,0.0,7.2,7.2,0.0,0.0,0.95,352.6003587387261,500.0,0.7052007174774522,0.34,161.91016143242672,119.92012197116688,21.588021524323565,20.402017936936275,9.580674490710638,9.580674490710638,1.2398464808795417,16.5,0.2771545853946621,0.9422380729355537,96.21629476153419,0.0,0.0,359.80035873872606,359.80035873872606,0.0,7.2,7.2,0.0,0.0,352.6003587387261,500.0,0.7052007174774522,0.34,161.91016143242672,119.92012197116688,21.588021524323565,20.402017936936275,0.0,0.0,0.0,14.392014349549044,96.21629476153419,0.0,14.392014349549044,1.0,0.8995008968468152,14.392014349549044,0.0,359.80035873872606,359.80035873872606,0.0,0.0,0.0,1.0,1.0
303,,303,2,2024-09-20T20:00:00,centralized_coordinate_search_reference,H01,0,0,4,0.45,0.9018714507981169,0.06456559237502559,0.0,0.0,22.54678626995293,66.0346598806022,0.0,0.0,0.0,0.0,0.0,0.95,66.0346598806022,250.0,0.26413863952240885,0.27,29.715596946270992,17.829358167762596,3.9620795928361345,7.924159185672261,9.706526235558712,9.706526235558712,1.4135774005972295,16.5,0.23921470569616454,1.1213658453919755,112.13658453919754,0.0,0.0,22.54678626995293,66.0346598806022,0.0,0.0,0.0,0.0,0.0,66.0346598806022,250.0,0.26413863952240885,0.27,29.715596946270992,17.829358167762596,3.9620795928361345,7.924159185672261,0.0,0.0,0.0,0.9018714507981169,112.13658453919754,1.7395149444259728,2.6413863952240897,1.0,0.3301732994030112,2.6413863952240897,43.487873610649274,66.0346598806022,66.0346598806022,0.0,0.0,0.0,1.0,1.0
303,,303,2,2024-09-20T20:00:00,centralized_coordinate_search_reference,H02,1,1,4,0.45,0.5653668891227998,0.06456559237502559,0.0,0.0,14.134172228069993,67.45498467470131,0.0,0.0,0.0,0.0,0.0,0.95,67.45498467470131,250.0,0.2698199386988052,0.27,30.35474310361559,18.212845862169353,4.047299080482081,8.094598160964157,9.670613042610356,9.670613042610356,1.220755019198699,16.5,0.23921470569616454,1.1213658453919755,112.13658453919754,0.0,0.0,14.134172228069993,67.45498467470131,0.0,0.0,0.0,0.0,0.0,67.45498467470131,250.0,0.2698199386988052,0.27,30.35474310361559,18.212845862169353,4.047299080482081,8.094598160964157,0.0,0.0,0.0,0.5653668891227998,112.13658453919754,2.1328324978652544,2.6981993869880543,1.0,0.3372749233735068,2.6981993869880543,53.32081244663132,67.45498467470131,67.45498467470131,0.0,0.0,0.0,1.0,1.0
303,,303,2,2024-09-20T20:00:00,centralized_coordinate_search_reference,H03,2,2,4,0.45,5.050145375724274,0.06456559237502559,0.0,0.0,126.25363439310684,136.40782331722937,0.0,0.0,0.0,0.0,0.0,0.95,136.40782331722937,350.0,0.38973663804922676,0.27,61.38352049275322,36.83011229565194,8.184469399033762,16.36893879806752,10.57949695568772,10.57949695568772,1.9754764878962292,16.5,0.23921470569616454,1.1213658453919755,112.13658453919754,0.0,0.0,126.25363439310684,136.40782331722937,0.0,0.0,0.0,0.0,0.0,136.40782331722937,350.0,0.38973663804922676,0.27,61.38352049275322,36.83011229565194,8.184469399033762,16.36893879806752,0.0,0.0,0.0,5.050145375724274,112.13658453919754,0.4061675569649008,5.456312932689174,1.0,0.4546927443907645,5.456312932689174,10.154188924122536,136.40782331722937,136.40782331722937,0.0,0.0,0.0,1.0,1.0
303,,303,2,2024-09-20T20:00:00,centralized_coordinate_search_reference,H04,3,3,4,0.45,4.014253509263314,0.06456559237502559,0.0,0.0,100.35633773158285,100.35633773158285,0.0,0.0,0.0,0.0,0.0,0.95,100.35633773158285,250.0,0.4014253509263314,0.27,45.16035197921229,27.096211187527373,6.021380263894971,12.042760527789941,13.839630973809257,13.839630973809257,4.973300674810703,16.5,0.23921470569616454,1.1213658453919755,112.13658453919754,0.0,0.0,100.35633773158285,100.35633773158285,0.0,0.0,0.0,0.0,0.0,100.35633773158285,250.0,0.4014253509263314,0.27,45.16035197921229,27.096211187527373,6.021380263894971,12.042760527789941,0.0,0.0,0.0,4.014253509263314,112.13658453919754,0.0,4.014253509263314,1.0,0.5017816886579143,4.014253509263314,0.0,100.35633773158285,100.35633773158285,0.0,0.0,0.0,1.0,1.0
303,,303,2,2024-09-20T20:00:00,centralized_coordinate_search_reference,H05,4,4,4,0.45,2.5224704024044105,0.06456559237502559,0.0,0.0,63.06176006011026,63.06176006011026,0.0,0.0,0.0,0.0,0.0,0.95,63.06176006011026,500.0,0.12612352012022052,0.27,28.37779202704962,17.026675216229773,3.7837056036066157,7.5674112072132305,16.440311075332218,16.440311075332218,7.464292842337216,16.5,0.23921470569616454,1.1213658453919755,112.13658453919754,0.0,0.0,63.06176006011026,63.06176006011026,0.0,0.0,0.0,0.0,0.0,63.06176006011026,500.0,0.12612352012022052,0.27,28.37779202704962,17.026675216229773,3.7837056036066157,7.5674112072132305,0.0,0.0,0.0,2.5224704024044105,112.13658453919754,0.0,2.5224704024044105,1.0,0.15765440015027565,2.5224704024044105,0.0,63.06176006011026,63.06176006011026,0.0,0.0,0.0,1.0,1.0
303,,303,2,2024-09-20T20:00:00,centralized_coordinate_search_reference,H06,5,5,4,0.45,4.55730632487996,0.06456559237502559,0.0,0.0,113.932658121999,113.932658121999,0.0,0.0,0.0,0.0,0.0,0.95,113.932658121999,700.0,0.16276094017428427,0.27,51.26969615489955,30.761817692939733,6.83595948731994,13.671918974639876,13.088491055100201,13.088491055100201,4.611867989615424,16.5,0.23921470569616454,1.1213658453919755,112.13658453919754,0.0,0.0,113.932658121999,113.932658121999,0.0,0.0,0.0,0.0,0.0,113.932658121999,700.0,0.16276094017428427,0.27,51.26969615489955,30.761817692939733,6.83595948731994,13.671918974639876,0.0,0.0,0.0,4.55730632487996,112.13658453919754,0.0,4.55730632487996,1.0,0.2848316453049975,4.55730632487996,0.0,113.932658121999,113.932658121999,0.0,0.0,0.0,1.0,1.0
303,,303,2,2024-09-20T20:00:00,centralized_coordinate_search_reference,H07,6,6,4,0.45,7.311283464727189,0.06456559237502559,0.0,0.0,182.7820866181797,182.7820866181797,0.0,0.0,0.0,0.0,0.0,0.95,182.7820866181797,350.0,0.5222345331947992,0.27,82.25193897818087,49.351163386908524,10.966925197090783,21.93385039418157,10.397199683421908,10.397199683421908,1.7665929818879889,16.5,0.23921470569616454,1.1213658453919755,112.13658453919754,0.0,0.0,182.7820866181797,182.7820866181797,0.0,0.0,0.0,0.0,0.0,182.7820866181797,350.0,0.5222345331947992,0.27,82.25193897818087,49.351163386908524,10.966925197090783,21.93385039418157,0.0,0.0,0.0,7.311283464727189,112.13658453919754,0.0,7.311283464727189,1.0,0.6092736220605991,7.311283464727189,0.0,182.7820866181797,182.7820866181797,0.0,0.0,0.0,1.0,1.0
303,,303,2,2024-09-20T20:00:00,centralized_coordinate_search_reference,H08,7,7,4,0.45,8.177649096889658,0.06456559237502559,0.0,0.0,204.44122742224147,204.44122742224147,0.0,0.0,0.0,0.0,0.0,0.95,204.44122742224147,500.0,0.40888245484448293,0.27,91.99855234000866,55.1991314040052,12.266473645334486,24.53294729066897,9.610430555544186,9.610430555544186,1.251052601123607,16.5,0.23921470569616454,1.1213658453919755,112.13658453919754,0.0,0.0,204.44122742224147,204.44122742224147,0.0,0.0,0.0,0.0,0.0,204.44122742224147,500.0,0.40888245484448293,0.27,91.99855234000866,55.1991314040052,12.266473645334486,24.53294729066897,0.0,0.0,0.0,8.177649096889658,112.13658453919754,0.0,8.177649096889658,1.0,0.5111030685556036,8.177649096889658,0.0,204.44122742224147,204.44122742224147,0.0,0.0,0.0,1.0,1.0
303,,303,2,2024-09-20T21:00:00,centralized_coordinate_search_reference,H01,0,0,5,0.45,4.365712680060657,0.04448069373976857,0.0,0.0,109.14281700151643,109.14281700151643,0.0,0.0,0.0,0.0,100.0,0.42368421052631583,9.142817001516434,250.0,0.036571268006065735,0.2,49.11426765068239,4.8285634003032865,6.548569020090985,37.73713523028812,9.864978316876206,9.864978316876206,1.543406219471731,16.5,0.18173174720712232,2.543843547247538,254.38435472475376,1.4210854715202004e-14,0.0,109.14281700151643,109.14281700151643,0.0,0.0,0.0,0.0,100.0,9.142817001516434,250.0,0.036571268006065735,0.2,49.11426765068239,4.8285634003032865,6.548569020090985,37.73713523028812,1.4210854715202004e-14,0.0,0.0,4.365712680060657,254.38435472475376,0.0,4.365712680060657,1.0,0.5457140850075821,4.365712680060657,0.0,109.14281700151643,109.14281700151643,0.0,0.0,0.0,1.0,1.0
303,,303,2,2024-09-20T21:00:00,centralized_coordinate_search_reference,H02,1,1,5,0.45,4.482724488294334,0.04448069373976857,0.0,0.0,112.06811220735835,112.06811220735835,0.0,0.0,0.0,0.0,100.0,0.42368421052631583,12.068112207358354,250.0,0.04827244882943341,0.2,50.43065049331126,5.413622441471671,6.724086732441501,38.29294131939809,9.801956453012131,9.801956453012131,1.3312736897204487,16.5,0.18173174720712232,2.543843547247538,254.38435472475376,1.4210854715202004e-14,0.0,112.06811220735835,112.06811220735835,0.0,0.0,0.0,0.0,100.0,12.068112207358354,250.0,0.04827244882943341,0.2,50.43065049331126,5.413622441471671,6.724086732441501,38.29294131939809,1.4210854715202004e-14,0.0,0.0,4.482724488294334,254.38435472475376,0.0,4.482724488294334,1.0,0.5603405610367918,4.482724488294334,0.0,112.06811220735835,112.06811220735835,0.0,0.0,0.0,1.0,1.0
303,,303,2,2024-09-20T21:00:00,centralized_coordinate_search_reference,H03,2,2,5,0.45,4.204481583001069,0.04448069373976857,0.0,0.0,105.11203957502676,105.11203957502676,0.0,0.0,0.0,0.0,105.11203957502676,0.5811858260525378,0.0,350.0,0.0,0.2,47.30041780876204,3.1533611872508027,6.306722374501604,37.840334247009636,10.449005449759161,10.449005449759161,1.8131512434022747,16.5,0.18173174720712232,2.543843547247538,254.38435472475376,2.842170943040401e-14,0.0,105.11203957502676,105.11203957502676,0.0,0.0,0.0,0.0,105.11203957502676,0.0,350.0,0.0,0.2,47.30041780876204,3.1533611872508027,6.306722374501604,37.840334247009636,2.842170943040401e-14,0.0,0.0,4.204481583001069,254.38435472475376,0.0,4.204481583001069,1.0,0.3503734652500891,4.204481583001069,0.0,105.11203957502676,105.11203957502676,0.0,0.0,0.0,1.0,1.0
303,,303,2,2024-09-20T21:00:00,centralized_coordinate_search_reference,H04,3,3,5,0.45,2.432120448766289,0.04448069373976857,0.0,0.0,60.80301121915723,60.80301121915723,0.0,0.0,0.0,0.0,60.80301121915723,0.6939873211824958,0.0,250.0,0.0,0.2,27.36135504862075,1.8240903365747168,3.648180673149433,21.889084038896602,13.588872516487255,13.588872516487255,4.684453778934837,16.5,0.18173174720712232,2.543843547247538,254.38435472475376,0.0,0.0,60.80301121915723,60.80301121915723,0.0,0.0,0.0,0.0,60.80301121915723,0.0,250.0,0.0,0.2,27.36135504862075,1.8240903365747168,3.648180673149433,21.889084038896602,0.0,0.0,0.0,2.432120448766289,254.38435472475376,0.0,2.432120448766289,1.0,0.3040150560957861,2.432120448766289,0.0,60.80301121915723,60.80301121915723,0.0,0.0,0.0,1.0,1.0
303,,303,2,2024-09-20T21:00:00,centralized_coordinate_search_reference,H05,4,4,5,0.45,1.5150282995193378,0.04448069373976857,0.0,0.0,37.87570748798345,37.87570748798345,0.0,0.0,0.0,0.0,37.87570748798345,0.8702616684463507,0.0,500.0,0.0,0.2,17.04406836959255,1.1362712246395035,2.2725424492790065,13.63525469567404,16.272985288316953,16.272985288316953,7.244222869154261,16.5,0.18173174720712232,2.543843547247538,254.38435472475376,1.4210854715202004e-14,0.0,37.87570748798345,37.87570748798345,0.0,0.0,0.0,0.0,37.87570748798345,0.0,500.0,0.0,0.2,17.04406836959255,1.1362712246395035,2.2725424492790065,13.63525469567404,1.4210854715202004e-14,0.0,0.0,1.5150282995193378,254.38435472475376,0.0,1.5150282995193378,1.0,0.09468926871995861,1.5150282995193378,0.0,37.87570748798345,37.87570748798345,0.0,0.0,0.0,1.0,1.0
303,,303,2,2024-09-20T21:00:00,centralized_coordinate_search_reference,H06,5,5,5,0.45,2.5960630085530427,0.04448069373976857,0.0,0.0,64.90157521382608,64.90157521382608,0.0,0.0,0.0,0.0,64.90157521382608,0.8361375873441648,0.0,700.0,0.0,0.2,29.205708846221736,1.9470472564147823,3.894094512829564,23.36456707697739,13.241698225691076,13.241698225691076,4.708876069987988,16.5,0.18173174720712232,2.543843547247538,254.38435472475376,1.4210854715202004e-14,0.0,64.90157521382608,64.90157521382608,0.0,0.0,0.0,0.0,64.90157521382608,0.0,700.0,0.0,0.2,29.205708846221736,1.9470472564147823,3.894094512829564,23.36456707697739,1.4210854715202004e-14,0.0,0.0,2.5960630085530427,254.38435472475376,0.0,2.5960630085530427,1.0,0.16225393803456517,2.5960630085530427,0.0,64.90157521382608,64.90157521382608,0.0,0.0,0.0,1.0,1.0
303,,303,2,2024-09-20T21:00:00,centralized_coordinate_search_reference,H07,6,6,5,0.45,4.360826171691084,0.04448069373976857,0.0,0.0,109.0206542922771,109.0206542922771,0.0,0.0,0.0,0.0,109.0206542922771,0.5674713884481506,0.0,350.0,0.0,0.2,49.0592944315247,3.270619628768313,6.541239257536626,39.24743554521976,10.266868710366857,10.266868710366857,1.5955307472535427,16.5,0.18173174720712232,2.543843547247538,254.38435472475376,1.4210854715202004e-14,0.0,109.0206542922771,109.0206542922771,0.0,0.0,0.0,0.0,109.0206542922771,0.0,350.0,0.0,0.2,49.0592944315247,3.270619628768313,6.541239257536626,39.24743554521976,1.4210854715202004e-14,0.0,0.0,4.360826171691084,254.38435472475376,0.0,4.360826171691084,1.0,0.36340218097425697,4.360826171691084,0.0,109.0206542922771,109.0206542922771,0.0,0.0,0.0,1.0,1.0
303,,303,2,2024-09-20T21:00:00,centralized_coordinate_search_reference,H08,7,7,5,0.45,4.708622507921125,0.04448069373976857,0.0,0.0,117.71556269802811,117.71556269802811,0.0,0.0,0.0,0.0,117.71556269802811,0.7021777627409934,0.0,500.0,0.0,0.2,52.97200321411265,3.531466880940843,7.062933761881688,42.37760257129012,9.692438291191834,9.692438291191834,1.2932355955498966,16.5,0.18173174720712232,2.543843547247538,254.38435472475376,0.0,0.0,117.71556269802811,117.71556269802811,0.0,0.0,0.0,0.0,117.71556269802811,0.0,500.0,0.0,0.2,52.97200321411265,3.531466880940843,7.062933761881688,42.37760257129012,0.0,0.0,0.0,4.708622507921125,254.38435472475376,0.0,4.708622507921125,1.0,0.2942889067450703,4.708622507921125,0.0,117.71556269802811,117.71556269802811,0.0,0.0,0.0,1.0,1.0
